"Parts Number","Production Status","Successor Model",Series,"Min. Category Temperature[deg.C]","Max. Category Temperature[deg.C]","Rated Voltage[Vdc]",Capacitance[μF],"Capacitance Tolerance Code","Dimensions ⌀D[mm]","Dimensions L[mm]","Dimensions T[mm]","Rated Ripple Current1[mArms]","Rated Ripple Current1(temp.)[deg.C]","Rated Ripple Current1(freq.)","Rated Ripple Current2[mArms]","Rated Ripple Current2(temp.)[deg.C]","Rated Ripple Current2(freq.)",ESR1[mOhm],ESR1(temp.)[deg.C],ESR1(freq.),ESR2[mOhm],ESR2(temp.)[deg.C],ESR2(freq.),Impedance1[Ohm],Impedance1(temp.)[deg.C],Impedance1(freq.),Impedance2[Ohm],Impedance2(temp.)[deg.C],Impedance2(freq.),"Dissipation Factor","Dissipation Factor(temp.)[deg.C]","Dissipation Factor(freq.)[Hz]","Leakage Current(1min.)[μA]","Leakage Current(2min.)[μA]","Leakage Current(3min.)[μA]","Leakage Current(5min.)[μA]","Leakage Current(temp.)[deg.C]",Endurance1(temp.)[deg.C],Endurance1[hrs.],Endurance1(load),Endurance2(temp.)[deg.C],Endurance2[hrs.],Endurance2(load),"Reference weight[g]",MOQ[pcs],"Temperature Characteristics, Case Code (inch/mm)",RoHS,AEC-Q200,URL(ja),URL(en),URL(zh),"Catalog PDF(ja)","Catalog PDF(en)","Catalog PDF(zh)"
EMHU250JRA471MJA5G,"In Production",,MHU,-40,125,25,470,M,10,10.5,,800,125,100kHz,,,,150,20,100kHz,2000,-40,100kHz,,,,,,,0.16,20,120,,117,,,20,125,5000,DC,,,,1.58,500,,Compliant,Compliant,https://www.chemi-con.co.jp/products/detail-condenser.php?part_number=EMHU250JRA471MJA5G,https://www.chemi-con.co.jp/en/products/detail-condenser.php?part_number=EMHU250JRA471MJA5G,https://www.chemi-con.co.jp/cn/products/detail-condenser.php?part_number=EMHU250JRA471MJA5G,https://www.chemi-con.co.jp/products/relatedfiles/capacitor/catalog/MHURA-j.PDF,https://www.chemi-con.co.jp/products/relatedfiles/capacitor/catalog/MHURA-e.PDF,https://www.chemi-con.co.jp/products/relatedfiles/capacitor/catalog/MHURA-c.PDF
EMHU250JRA561MJA5G,"In Production",,MHU,-40,125,25,560,M,10,10.5,,800,125,100kHz,,,,150,20,100kHz,2000,-40,100kHz,,,,,,,0.16,20,120,,140,,,20,125,5000,DC,,,,1.58,500,,Compliant,Compliant,https://www.chemi-con.co.jp/products/detail-condenser.php?part_number=EMHU250JRA561MJA5G,https://www.chemi-con.co.jp/en/products/detail-condenser.php?part_number=EMHU250JRA561MJA5G,https://www.chemi-con.co.jp/cn/products/detail-condenser.php?part_number=EMHU250JRA561MJA5G,https://www.chemi-con.co.jp/products/relatedfiles/capacitor/catalog/MHURA-j.PDF,https://www.chemi-con.co.jp/products/relatedfiles/capacitor/catalog/MHURA-e.PDF,https://www.chemi-con.co.jp/products/relatedfiles/capacitor/catalog/MHURA-c.PDF
EMHU350JRA331MJA5G,"In Production",,MHU,-40,125,35,330,M,10,10.5,,800,125,100kHz,,,,150,20,100kHz,2000,-40,100kHz,,,,,,,0.14,20,120,,115,,,20,125,5000,DC,,,,1.58,500,,Compliant,Compliant,https://www.chemi-con.co.jp/products/detail-condenser.php?part_number=EMHU350JRA331MJA5G,https://www.chemi-con.co.jp/en/products/detail-condenser.php?part_number=EMHU350JRA331MJA5G,https://www.chemi-con.co.jp/cn/products/detail-condenser.php?part_number=EMHU350JRA331MJA5G,https://www.chemi-con.co.jp/products/relatedfiles/capacitor/catalog/MHURA-j.PDF,https://www.chemi-con.co.jp/products/relatedfiles/capacitor/catalog/MHURA-e.PDF,https://www.chemi-con.co.jp/products/relatedfiles/capacitor/catalog/MHURA-c.PDF
EMHU350JRA471MJA5G,"In Production",,MHU,-40,125,35,470,M,10,10.5,,800,125,100kHz,,,,150,20,100kHz,2000,-40,100kHz,,,,,,,0.14,20,120,,164,,,20,125,5000,DC,,,,1.58,500,,Compliant,Compliant,https://www.chemi-con.co.jp/products/detail-condenser.php?part_number=EMHU350JRA471MJA5G,https://www.chemi-con.co.jp/en/products/detail-condenser.php?part_number=EMHU350JRA471MJA5G,https://www.chemi-con.co.jp/cn/products/detail-condenser.php?part_number=EMHU350JRA471MJA5G,https://www.chemi-con.co.jp/products/relatedfiles/capacitor/catalog/MHURA-j.PDF,https://www.chemi-con.co.jp/products/relatedfiles/capacitor/catalog/MHURA-e.PDF,https://www.chemi-con.co.jp/products/relatedfiles/capacitor/catalog/MHURA-c.PDF
EMZT160ARA471MF80G,"In Production",,MZT,-55,105,16,470,M,6.3,7.7,,600,105,100kHz,,,,160,20,100kHz,,,,,,,,,,0.16,20,120,,75.2,,,20,105,2000,DC,,,,0.53,900,,Compliant,Compliant,https://www.chemi-con.co.jp/products/detail-condenser.php?part_number=EMZT160ARA471MF80G,https://www.chemi-con.co.jp/en/products/detail-condenser.php?part_number=EMZT160ARA471MF80G,https://www.chemi-con.co.jp/cn/products/detail-condenser.php?part_number=EMZT160ARA471MF80G,https://www.chemi-con.co.jp/products/relatedfiles/capacitor/catalog/MZTRA-j.PDF,https://www.chemi-con.co.jp/products/relatedfiles/capacitor/catalog/MZTRA-e.PDF,https://www.chemi-con.co.jp/products/relatedfiles/capacitor/catalog/MZTRA-c.PDF
EMZT160ARA821MHA0G,"In Production",,MZT,-55,105,16,820,M,8,10,,850,105,100kHz,,,,80,20,100kHz,,,,,,,,,,0.16,20,120,,131,,,20,105,2000,DC,,,,0.96,500,,Compliant,Compliant,https://www.chemi-con.co.jp/products/detail-condenser.php?part_number=EMZT160ARA821MHA0G,https://www.chemi-con.co.jp/en/products/detail-condenser.php?part_number=EMZT160ARA821MHA0G,https://www.chemi-con.co.jp/cn/products/detail-condenser.php?part_number=EMZT160ARA821MHA0G,https://www.chemi-con.co.jp/products/relatedfiles/capacitor/catalog/MZTRA-j.PDF,https://www.chemi-con.co.jp/products/relatedfiles/capacitor/catalog/MZTRA-e.PDF,https://www.chemi-con.co.jp/products/relatedfiles/capacitor/catalog/MZTRA-c.PDF
EMZT160ARA152MJA0G,"In Production",,MZT,-55,105,16,1500,M,10,10,,1190,105,100kHz,,,,60,20,100kHz,,,,,,,,,,0.16,20,120,,240,,,20,105,2000,DC,,,,1.43,500,,Compliant,Compliant,https://www.chemi-con.co.jp/products/detail-condenser.php?part_number=EMZT160ARA152MJA0G,https://www.chemi-con.co.jp/en/products/detail-condenser.php?part_number=EMZT160ARA152MJA0G,https://www.chemi-con.co.jp/cn/products/detail-condenser.php?part_number=EMZT160ARA152MJA0G,https://www.chemi-con.co.jp/products/relatedfiles/capacitor/catalog/MZTRA-j.PDF,https://www.chemi-con.co.jp/products/relatedfiles/capacitor/catalog/MZTRA-e.PDF,https://www.chemi-con.co.jp/products/relatedfiles/capacitor/catalog/MZTRA-c.PDF
EMZT250ARA331MF80G,"In Production",,MZT,-55,105,25,330,M,6.3,7.7,,600,105,100kHz,,,,160,20,100kHz,,,,,,,,,,0.14,20,120,,82.5,,,20,105,2000,DC,,,,0.53,900,,Compliant,Compliant,https://www.chemi-con.co.jp/products/detail-condenser.php?part_number=EMZT250ARA331MF80G,https://www.chemi-con.co.jp/en/products/detail-condenser.php?part_number=EMZT250ARA331MF80G,https://www.chemi-con.co.jp/cn/products/detail-condenser.php?part_number=EMZT250ARA331MF80G,https://www.chemi-con.co.jp/products/relatedfiles/capacitor/catalog/MZTRA-j.PDF,https://www.chemi-con.co.jp/products/relatedfiles/capacitor/catalog/MZTRA-e.PDF,https://www.chemi-con.co.jp/products/relatedfiles/capacitor/catalog/MZTRA-c.PDF
EMZT250ARA681MHA0G,"In Production",,MZT,-55,105,25,680,M,8,10,,850,105,100kHz,,,,80,20,100kHz,,,,,,,,,,0.14,20,120,,170,,,20,105,2000,DC,,,,0.96,500,,Compliant,Compliant,https://www.chemi-con.co.jp/products/detail-condenser.php?part_number=EMZT250ARA681MHA0G,https://www.chemi-con.co.jp/en/products/detail-condenser.php?part_number=EMZT250ARA681MHA0G,https://www.chemi-con.co.jp/cn/products/detail-condenser.php?part_number=EMZT250ARA681MHA0G,https://www.chemi-con.co.jp/products/relatedfiles/capacitor/catalog/MZTRA-j.PDF,https://www.chemi-con.co.jp/products/relatedfiles/capacitor/catalog/MZTRA-e.PDF,https://www.chemi-con.co.jp/products/relatedfiles/capacitor/catalog/MZTRA-c.PDF
EMZT250ARA122MJA0G,"In Production",,MZT,-55,105,25,1200,M,10,10,,1190,105,100kHz,,,,60,20,100kHz,,,,,,,,,,0.14,20,120,,300,,,20,105,2000,DC,,,,1.43,500,,Compliant,Compliant,https://www.chemi-con.co.jp/products/detail-condenser.php?part_number=EMZT250ARA122MJA0G,https://www.chemi-con.co.jp/en/products/detail-condenser.php?part_number=EMZT250ARA122MJA0G,https://www.chemi-con.co.jp/cn/products/detail-condenser.php?part_number=EMZT250ARA122MJA0G,https://www.chemi-con.co.jp/products/relatedfiles/capacitor/catalog/MZTRA-j.PDF,https://www.chemi-con.co.jp/products/relatedfiles/capacitor/catalog/MZTRA-e.PDF,https://www.chemi-con.co.jp/products/relatedfiles/capacitor/catalog/MZTRA-c.PDF
EMZT350ARA221MF80G,"In Production",,MZT,-55,105,35,220,M,6.3,7.7,,600,105,100kHz,,,,160,20,100kHz,,,,,,,,,,0.12,20,120,,77,,,20,105,2000,DC,,,,0.53,900,,Compliant,Compliant,https://www.chemi-con.co.jp/products/detail-condenser.php?part_number=EMZT350ARA221MF80G,https://www.chemi-con.co.jp/en/products/detail-condenser.php?part_number=EMZT350ARA221MF80G,https://www.chemi-con.co.jp/cn/products/detail-condenser.php?part_number=EMZT350ARA221MF80G,https://www.chemi-con.co.jp/products/relatedfiles/capacitor/catalog/MZTRA-j.PDF,https://www.chemi-con.co.jp/products/relatedfiles/capacitor/catalog/MZTRA-e.PDF,https://www.chemi-con.co.jp/products/relatedfiles/capacitor/catalog/MZTRA-c.PDF
EMZT350ARA511MHA0G,"In Production",,MZT,-55,105,35,510,M,8,10,,850,105,100kHz,,,,80,20,100kHz,,,,,,,,,,0.12,20,120,,178,,,20,105,2000,DC,,,,0.96,500,,Compliant,Compliant,https://www.chemi-con.co.jp/products/detail-condenser.php?part_number=EMZT350ARA511MHA0G,https://www.chemi-con.co.jp/en/products/detail-condenser.php?part_number=EMZT350ARA511MHA0G,https://www.chemi-con.co.jp/cn/products/detail-condenser.php?part_number=EMZT350ARA511MHA0G,https://www.chemi-con.co.jp/products/relatedfiles/capacitor/catalog/MZTRA-j.PDF,https://www.chemi-con.co.jp/products/relatedfiles/capacitor/catalog/MZTRA-e.PDF,https://www.chemi-con.co.jp/products/relatedfiles/capacitor/catalog/MZTRA-c.PDF
EMZT350ARA821MJA0G,"In Production",,MZT,-55,105,35,820,M,10,10,,1190,105,100kHz,,,,60,20,100kHz,,,,,,,,,,0.12,20,120,,287,,,20,105,2000,DC,,,,1.43,500,,Compliant,Compliant,https://www.chemi-con.co.jp/products/detail-condenser.php?part_number=EMZT350ARA821MJA0G,https://www.chemi-con.co.jp/en/products/detail-condenser.php?part_number=EMZT350ARA821MJA0G,https://www.chemi-con.co.jp/cn/products/detail-condenser.php?part_number=EMZT350ARA821MJA0G,https://www.chemi-con.co.jp/products/relatedfiles/capacitor/catalog/MZTRA-j.PDF,https://www.chemi-con.co.jp/products/relatedfiles/capacitor/catalog/MZTRA-e.PDF,https://www.chemi-con.co.jp/products/relatedfiles/capacitor/catalog/MZTRA-c.PDF
EMZL6R3ARA471MHA0G,"In Production",,MZL,-55,105,6.3,470,M,8,10,,600,105,100kHz,,,,160,20,100kHz,,,,,,,,,,0.26,20,120,,29.6,,,20,105,5000,DC,,,,0.96,500,,Compliant,Compliant,https://www.chemi-con.co.jp/products/detail-condenser.php?part_number=EMZL6R3ARA471MHA0G,https://www.chemi-con.co.jp/en/products/detail-condenser.php?part_number=EMZL6R3ARA471MHA0G,https://www.chemi-con.co.jp/cn/products/detail-condenser.php?part_number=EMZL6R3ARA471MHA0G,https://www.chemi-con.co.jp/products/relatedfiles/capacitor/catalog/MZLRA-j.PDF,https://www.chemi-con.co.jp/products/relatedfiles/capacitor/catalog/MZLRA-e.PDF,https://www.chemi-con.co.jp/products/relatedfiles/capacitor/catalog/MZLRA-c.PDF
EMZL6R3ARA102MHA0G,"In Production",,MZL,-55,105,6.3,1000,M,8,10,,600,105,100kHz,,,,160,20,100kHz,,,,,,,,,,0.26,20,120,,63,,,20,105,5000,DC,,,,0.96,500,,Compliant,Compliant,https://www.chemi-con.co.jp/products/detail-condenser.php?part_number=EMZL6R3ARA102MHA0G,https://www.chemi-con.co.jp/en/products/detail-condenser.php?part_number=EMZL6R3ARA102MHA0G,https://www.chemi-con.co.jp/cn/products/detail-condenser.php?part_number=EMZL6R3ARA102MHA0G,https://www.chemi-con.co.jp/products/relatedfiles/capacitor/catalog/MZLRA-j.PDF,https://www.chemi-con.co.jp/products/relatedfiles/capacitor/catalog/MZLRA-e.PDF,https://www.chemi-con.co.jp/products/relatedfiles/capacitor/catalog/MZLRA-c.PDF
EMZL6R3ARA152MJA0G,"In Production",,MZL,-55,105,6.3,1500,M,10,10,,850,105,100kHz,,,,80,20,100kHz,,,,,,,,,,0.26,20,120,,94.5,,,20,105,5000,DC,,,,1.43,500,,Compliant,Compliant,https://www.chemi-con.co.jp/products/detail-condenser.php?part_number=EMZL6R3ARA152MJA0G,https://www.chemi-con.co.jp/en/products/detail-condenser.php?part_number=EMZL6R3ARA152MJA0G,https://www.chemi-con.co.jp/cn/products/detail-condenser.php?part_number=EMZL6R3ARA152MJA0G,https://www.chemi-con.co.jp/products/relatedfiles/capacitor/catalog/MZLRA-j.PDF,https://www.chemi-con.co.jp/products/relatedfiles/capacitor/catalog/MZLRA-e.PDF,https://www.chemi-con.co.jp/products/relatedfiles/capacitor/catalog/MZLRA-c.PDF
EMZL100ARA331MHA0G,"In Production",,MZL,-55,105,10,330,M,8,10,,600,105,100kHz,,,,160,20,100kHz,,,,,,,,,,0.19,20,120,,33,,,20,105,5000,DC,,,,0.96,500,,Compliant,Compliant,https://www.chemi-con.co.jp/products/detail-condenser.php?part_number=EMZL100ARA331MHA0G,https://www.chemi-con.co.jp/en/products/detail-condenser.php?part_number=EMZL100ARA331MHA0G,https://www.chemi-con.co.jp/cn/products/detail-condenser.php?part_number=EMZL100ARA331MHA0G,https://www.chemi-con.co.jp/products/relatedfiles/capacitor/catalog/MZLRA-j.PDF,https://www.chemi-con.co.jp/products/relatedfiles/capacitor/catalog/MZLRA-e.PDF,https://www.chemi-con.co.jp/products/relatedfiles/capacitor/catalog/MZLRA-c.PDF
EMZL100ARA471MHA0G,"In Production",,MZL,-55,105,10,470,M,8,10,,600,105,100kHz,,,,160,20,100kHz,,,,,,,,,,0.19,20,120,,47,,,20,105,5000,DC,,,,0.96,500,,Compliant,Compliant,https://www.chemi-con.co.jp/products/detail-condenser.php?part_number=EMZL100ARA471MHA0G,https://www.chemi-con.co.jp/en/products/detail-condenser.php?part_number=EMZL100ARA471MHA0G,https://www.chemi-con.co.jp/cn/products/detail-condenser.php?part_number=EMZL100ARA471MHA0G,https://www.chemi-con.co.jp/products/relatedfiles/capacitor/catalog/MZLRA-j.PDF,https://www.chemi-con.co.jp/products/relatedfiles/capacitor/catalog/MZLRA-e.PDF,https://www.chemi-con.co.jp/products/relatedfiles/capacitor/catalog/MZLRA-c.PDF
EMZL100ARA681MHA0G,"In Production",,MZL,-55,105,10,680,M,8,10,,600,105,100kHz,,,,160,20,100kHz,,,,,,,,,,0.19,20,120,,68,,,20,105,5000,DC,,,,0.96,500,,Compliant,Compliant,https://www.chemi-con.co.jp/products/detail-condenser.php?part_number=EMZL100ARA681MHA0G,https://www.chemi-con.co.jp/en/products/detail-condenser.php?part_number=EMZL100ARA681MHA0G,https://www.chemi-con.co.jp/cn/products/detail-condenser.php?part_number=EMZL100ARA681MHA0G,https://www.chemi-con.co.jp/products/relatedfiles/capacitor/catalog/MZLRA-j.PDF,https://www.chemi-con.co.jp/products/relatedfiles/capacitor/catalog/MZLRA-e.PDF,https://www.chemi-con.co.jp/products/relatedfiles/capacitor/catalog/MZLRA-c.PDF
EMZL100ARA102MJA0G,"In Production",,MZL,-55,105,10,1000,M,10,10,,850,105,100kHz,,,,80,20,100kHz,,,,,,,,,,0.19,20,120,,100,,,20,105,5000,DC,,,,1.43,500,,Compliant,Compliant,https://www.chemi-con.co.jp/products/detail-condenser.php?part_number=EMZL100ARA102MJA0G,https://www.chemi-con.co.jp/en/products/detail-condenser.php?part_number=EMZL100ARA102MJA0G,https://www.chemi-con.co.jp/cn/products/detail-condenser.php?part_number=EMZL100ARA102MJA0G,https://www.chemi-con.co.jp/products/relatedfiles/capacitor/catalog/MZLRA-j.PDF,https://www.chemi-con.co.jp/products/relatedfiles/capacitor/catalog/MZLRA-e.PDF,https://www.chemi-con.co.jp/products/relatedfiles/capacitor/catalog/MZLRA-c.PDF
EMZL160ARA331MHA0G,"In Production",,MZL,-55,105,16,330,M,8,10,,600,105,100kHz,,,,160,20,100kHz,,,,,,,,,,0.16,20,120,,52.8,,,20,105,5000,DC,,,,0.96,500,,Compliant,Compliant,https://www.chemi-con.co.jp/products/detail-condenser.php?part_number=EMZL160ARA331MHA0G,https://www.chemi-con.co.jp/en/products/detail-condenser.php?part_number=EMZL160ARA331MHA0G,https://www.chemi-con.co.jp/cn/products/detail-condenser.php?part_number=EMZL160ARA331MHA0G,https://www.chemi-con.co.jp/products/relatedfiles/capacitor/catalog/MZLRA-j.PDF,https://www.chemi-con.co.jp/products/relatedfiles/capacitor/catalog/MZLRA-e.PDF,https://www.chemi-con.co.jp/products/relatedfiles/capacitor/catalog/MZLRA-c.PDF
EMZL160ARA471MHA0G,"In Production",,MZL,-55,105,16,470,M,8,10,,600,105,100kHz,,,,160,20,100kHz,,,,,,,,,,0.16,20,120,,75.2,,,20,105,5000,DC,,,,0.96,500,,Compliant,Compliant,https://www.chemi-con.co.jp/products/detail-condenser.php?part_number=EMZL160ARA471MHA0G,https://www.chemi-con.co.jp/en/products/detail-condenser.php?part_number=EMZL160ARA471MHA0G,https://www.chemi-con.co.jp/cn/products/detail-condenser.php?part_number=EMZL160ARA471MHA0G,https://www.chemi-con.co.jp/products/relatedfiles/capacitor/catalog/MZLRA-j.PDF,https://www.chemi-con.co.jp/products/relatedfiles/capacitor/catalog/MZLRA-e.PDF,https://www.chemi-con.co.jp/products/relatedfiles/capacitor/catalog/MZLRA-c.PDF
EMZL160ARA681MJA0G,"In Production",,MZL,-55,105,16,680,M,10,10,,850,105,100kHz,,,,80,20,100kHz,,,,,,,,,,0.16,20,120,,108,,,20,105,5000,DC,,,,1.43,500,,Compliant,Compliant,https://www.chemi-con.co.jp/products/detail-condenser.php?part_number=EMZL160ARA681MJA0G,https://www.chemi-con.co.jp/en/products/detail-condenser.php?part_number=EMZL160ARA681MJA0G,https://www.chemi-con.co.jp/cn/products/detail-condenser.php?part_number=EMZL160ARA681MJA0G,https://www.chemi-con.co.jp/products/relatedfiles/capacitor/catalog/MZLRA-j.PDF,https://www.chemi-con.co.jp/products/relatedfiles/capacitor/catalog/MZLRA-e.PDF,https://www.chemi-con.co.jp/products/relatedfiles/capacitor/catalog/MZLRA-c.PDF
EMZL160ARA821MHA0G,"In Production",,MZL,-55,105,16,820,M,8,10,,850,105,100kHz,,,,80,20,100kHz,,,,,,,,,,0.16,20,120,,131,,,20,105,5000,DC,,,,0.96,500,,Compliant,Compliant,https://www.chemi-con.co.jp/products/detail-condenser.php?part_number=EMZL160ARA821MHA0G,https://www.chemi-con.co.jp/en/products/detail-condenser.php?part_number=EMZL160ARA821MHA0G,https://www.chemi-con.co.jp/cn/products/detail-condenser.php?part_number=EMZL160ARA821MHA0G,https://www.chemi-con.co.jp/products/relatedfiles/capacitor/catalog/MZLRA-j.PDF,https://www.chemi-con.co.jp/products/relatedfiles/capacitor/catalog/MZLRA-e.PDF,https://www.chemi-con.co.jp/products/relatedfiles/capacitor/catalog/MZLRA-c.PDF
EMZL160ARA132MJA0G,"In Production",,MZL,-55,105,16,1300,M,10,10,,1190,105,100kHz,,,,60,20,100kHz,,,,,,,,,,0.16,20,120,,208,,,20,105,5000,DC,,,,1.43,500,,Compliant,Compliant,https://www.chemi-con.co.jp/products/detail-condenser.php?part_number=EMZL160ARA132MJA0G,https://www.chemi-con.co.jp/en/products/detail-condenser.php?part_number=EMZL160ARA132MJA0G,https://www.chemi-con.co.jp/cn/products/detail-condenser.php?part_number=EMZL160ARA132MJA0G,https://www.chemi-con.co.jp/products/relatedfiles/capacitor/catalog/MZLRA-j.PDF,https://www.chemi-con.co.jp/products/relatedfiles/capacitor/catalog/MZLRA-e.PDF,https://www.chemi-con.co.jp/products/relatedfiles/capacitor/catalog/MZLRA-c.PDF
EMZL250ARA221MHA0G,"In Production",,MZL,-55,105,25,220,M,8,10,,600,105,100kHz,,,,160,20,100kHz,,,,,,,,,,0.14,20,120,,55,,,20,105,5000,DC,,,,0.96,500,,Compliant,Compliant,https://www.chemi-con.co.jp/products/detail-condenser.php?part_number=EMZL250ARA221MHA0G,https://www.chemi-con.co.jp/en/products/detail-condenser.php?part_number=EMZL250ARA221MHA0G,https://www.chemi-con.co.jp/cn/products/detail-condenser.php?part_number=EMZL250ARA221MHA0G,https://www.chemi-con.co.jp/products/relatedfiles/capacitor/catalog/MZLRA-j.PDF,https://www.chemi-con.co.jp/products/relatedfiles/capacitor/catalog/MZLRA-e.PDF,https://www.chemi-con.co.jp/products/relatedfiles/capacitor/catalog/MZLRA-c.PDF
EMZL250ARA331MHA0G,"In Production",,MZL,-55,105,25,330,M,8,10,,600,105,100kHz,,,,160,20,100kHz,,,,,,,,,,0.14,20,120,,82.5,,,20,105,5000,DC,,,,0.96,500,,Compliant,Compliant,https://www.chemi-con.co.jp/products/detail-condenser.php?part_number=EMZL250ARA331MHA0G,https://www.chemi-con.co.jp/en/products/detail-condenser.php?part_number=EMZL250ARA331MHA0G,https://www.chemi-con.co.jp/cn/products/detail-condenser.php?part_number=EMZL250ARA331MHA0G,https://www.chemi-con.co.jp/products/relatedfiles/capacitor/catalog/MZLRA-j.PDF,https://www.chemi-con.co.jp/products/relatedfiles/capacitor/catalog/MZLRA-e.PDF,https://www.chemi-con.co.jp/products/relatedfiles/capacitor/catalog/MZLRA-c.PDF
EMZL250ARA471MHA0G,"In Production",,MZL,-55,105,25,470,M,8,10,,850,105,100kHz,,,,80,20,100kHz,,,,,,,,,,0.14,20,120,,117,,,20,105,5000,DC,,,,0.96,500,,Compliant,Compliant,https://www.chemi-con.co.jp/products/detail-condenser.php?part_number=EMZL250ARA471MHA0G,https://www.chemi-con.co.jp/en/products/detail-condenser.php?part_number=EMZL250ARA471MHA0G,https://www.chemi-con.co.jp/cn/products/detail-condenser.php?part_number=EMZL250ARA471MHA0G,https://www.chemi-con.co.jp/products/relatedfiles/capacitor/catalog/MZLRA-j.PDF,https://www.chemi-con.co.jp/products/relatedfiles/capacitor/catalog/MZLRA-e.PDF,https://www.chemi-con.co.jp/products/relatedfiles/capacitor/catalog/MZLRA-c.PDF
EMZL250ARA471MJA0G,"In Production",,MZL,-55,105,25,470,M,10,10,,850,105,100kHz,,,,80,20,100kHz,,,,,,,,,,0.14,20,120,,117,,,20,105,5000,DC,,,,1.43,500,,Compliant,Compliant,https://www.chemi-con.co.jp/products/detail-condenser.php?part_number=EMZL250ARA471MJA0G,https://www.chemi-con.co.jp/en/products/detail-condenser.php?part_number=EMZL250ARA471MJA0G,https://www.chemi-con.co.jp/cn/products/detail-condenser.php?part_number=EMZL250ARA471MJA0G,https://www.chemi-con.co.jp/products/relatedfiles/capacitor/catalog/MZLRA-j.PDF,https://www.chemi-con.co.jp/products/relatedfiles/capacitor/catalog/MZLRA-e.PDF,https://www.chemi-con.co.jp/products/relatedfiles/capacitor/catalog/MZLRA-c.PDF
EMZL250ARA561MHA0G,"In Production",,MZL,-55,105,25,560,M,8,10,,850,105,100kHz,,,,80,20,100kHz,,,,,,,,,,0.14,20,120,,140,,,20,105,5000,DC,,,,0.96,500,,Compliant,Compliant,https://www.chemi-con.co.jp/products/detail-condenser.php?part_number=EMZL250ARA561MHA0G,https://www.chemi-con.co.jp/en/products/detail-condenser.php?part_number=EMZL250ARA561MHA0G,https://www.chemi-con.co.jp/cn/products/detail-condenser.php?part_number=EMZL250ARA561MHA0G,https://www.chemi-con.co.jp/products/relatedfiles/capacitor/catalog/MZLRA-j.PDF,https://www.chemi-con.co.jp/products/relatedfiles/capacitor/catalog/MZLRA-e.PDF,https://www.chemi-con.co.jp/products/relatedfiles/capacitor/catalog/MZLRA-c.PDF
EMZL250ARA821MJA0G,"In Production",,MZL,-55,105,25,820,M,10,10,,1190,105,100kHz,,,,60,20,100kHz,,,,,,,,,,0.14,20,120,,205,,,20,105,5000,DC,,,,1.43,500,,Compliant,Compliant,https://www.chemi-con.co.jp/products/detail-condenser.php?part_number=EMZL250ARA821MJA0G,https://www.chemi-con.co.jp/en/products/detail-condenser.php?part_number=EMZL250ARA821MJA0G,https://www.chemi-con.co.jp/cn/products/detail-condenser.php?part_number=EMZL250ARA821MJA0G,https://www.chemi-con.co.jp/products/relatedfiles/capacitor/catalog/MZLRA-j.PDF,https://www.chemi-con.co.jp/products/relatedfiles/capacitor/catalog/MZLRA-e.PDF,https://www.chemi-con.co.jp/products/relatedfiles/capacitor/catalog/MZLRA-c.PDF
EMZL250ARA102MJA0G,"In Production",,MZL,-55,105,25,1000,M,10,10,,1190,105,100kHz,,,,60,20,100kHz,,,,,,,,,,0.14,20,120,,250,,,20,105,5000,DC,,,,1.43,500,,Compliant,Compliant,https://www.chemi-con.co.jp/products/detail-condenser.php?part_number=EMZL250ARA102MJA0G,https://www.chemi-con.co.jp/en/products/detail-condenser.php?part_number=EMZL250ARA102MJA0G,https://www.chemi-con.co.jp/cn/products/detail-condenser.php?part_number=EMZL250ARA102MJA0G,https://www.chemi-con.co.jp/products/relatedfiles/capacitor/catalog/MZLRA-j.PDF,https://www.chemi-con.co.jp/products/relatedfiles/capacitor/catalog/MZLRA-e.PDF,https://www.chemi-con.co.jp/products/relatedfiles/capacitor/catalog/MZLRA-c.PDF
EMZL350ARA101MHA0G,"In Production",,MZL,-55,105,35,100,M,8,10,,600,105,100kHz,,,,160,20,100kHz,,,,,,,,,,0.12,20,120,,35,,,20,105,5000,DC,,,,0.96,500,,Compliant,Compliant,https://www.chemi-con.co.jp/products/detail-condenser.php?part_number=EMZL350ARA101MHA0G,https://www.chemi-con.co.jp/en/products/detail-condenser.php?part_number=EMZL350ARA101MHA0G,https://www.chemi-con.co.jp/cn/products/detail-condenser.php?part_number=EMZL350ARA101MHA0G,https://www.chemi-con.co.jp/products/relatedfiles/capacitor/catalog/MZLRA-j.PDF,https://www.chemi-con.co.jp/products/relatedfiles/capacitor/catalog/MZLRA-e.PDF,https://www.chemi-con.co.jp/products/relatedfiles/capacitor/catalog/MZLRA-c.PDF
EMZL350ARA221MHA0G,"In Production",,MZL,-55,105,35,220,M,8,10,,600,105,100kHz,,,,160,20,100kHz,,,,,,,,,,0.12,20,120,,77,,,20,105,5000,DC,,,,0.96,500,,Compliant,Compliant,https://www.chemi-con.co.jp/products/detail-condenser.php?part_number=EMZL350ARA221MHA0G,https://www.chemi-con.co.jp/en/products/detail-condenser.php?part_number=EMZL350ARA221MHA0G,https://www.chemi-con.co.jp/cn/products/detail-condenser.php?part_number=EMZL350ARA221MHA0G,https://www.chemi-con.co.jp/products/relatedfiles/capacitor/catalog/MZLRA-j.PDF,https://www.chemi-con.co.jp/products/relatedfiles/capacitor/catalog/MZLRA-e.PDF,https://www.chemi-con.co.jp/products/relatedfiles/capacitor/catalog/MZLRA-c.PDF
EMZL350ARA331MHA0G,"In Production",,MZL,-55,105,35,330,M,8,10,,850,105,100kHz,,,,80,20,100kHz,,,,,,,,,,0.12,20,120,,115,,,20,105,5000,DC,,,,0.96,500,,Compliant,Compliant,https://www.chemi-con.co.jp/products/detail-condenser.php?part_number=EMZL350ARA331MHA0G,https://www.chemi-con.co.jp/en/products/detail-condenser.php?part_number=EMZL350ARA331MHA0G,https://www.chemi-con.co.jp/cn/products/detail-condenser.php?part_number=EMZL350ARA331MHA0G,https://www.chemi-con.co.jp/products/relatedfiles/capacitor/catalog/MZLRA-j.PDF,https://www.chemi-con.co.jp/products/relatedfiles/capacitor/catalog/MZLRA-e.PDF,https://www.chemi-con.co.jp/products/relatedfiles/capacitor/catalog/MZLRA-c.PDF
EMZL350ARA331MJA0G,"In Production",,MZL,-55,105,35,330,M,10,10,,850,105,100kHz,,,,80,20,100kHz,,,,,,,,,,0.12,20,120,,115,,,20,105,5000,DC,,,,1.43,500,,Compliant,Compliant,https://www.chemi-con.co.jp/products/detail-condenser.php?part_number=EMZL350ARA331MJA0G,https://www.chemi-con.co.jp/en/products/detail-condenser.php?part_number=EMZL350ARA331MJA0G,https://www.chemi-con.co.jp/cn/products/detail-condenser.php?part_number=EMZL350ARA331MJA0G,https://www.chemi-con.co.jp/products/relatedfiles/capacitor/catalog/MZLRA-j.PDF,https://www.chemi-con.co.jp/products/relatedfiles/capacitor/catalog/MZLRA-e.PDF,https://www.chemi-con.co.jp/products/relatedfiles/capacitor/catalog/MZLRA-c.PDF
EMZL350ARA471MHA0G,"In Production",,MZL,-55,105,35,470,M,8,10,,850,105,100kHz,,,,80,20,100kHz,,,,,,,,,,0.12,20,120,,164,,,20,105,5000,DC,,,,0.96,500,,Compliant,Compliant,https://www.chemi-con.co.jp/products/detail-condenser.php?part_number=EMZL350ARA471MHA0G,https://www.chemi-con.co.jp/en/products/detail-condenser.php?part_number=EMZL350ARA471MHA0G,https://www.chemi-con.co.jp/cn/products/detail-condenser.php?part_number=EMZL350ARA471MHA0G,https://www.chemi-con.co.jp/products/relatedfiles/capacitor/catalog/MZLRA-j.PDF,https://www.chemi-con.co.jp/products/relatedfiles/capacitor/catalog/MZLRA-e.PDF,https://www.chemi-con.co.jp/products/relatedfiles/capacitor/catalog/MZLRA-c.PDF
EMZL350ARA561MJA0G,"In Production",,MZL,-55,105,35,560,M,10,10,,1190,105,100kHz,,,,60,20,100kHz,,,,,,,,,,0.12,20,120,,196,,,20,105,5000,DC,,,,1.43,500,,Compliant,Compliant,https://www.chemi-con.co.jp/products/detail-condenser.php?part_number=EMZL350ARA561MJA0G,https://www.chemi-con.co.jp/en/products/detail-condenser.php?part_number=EMZL350ARA561MJA0G,https://www.chemi-con.co.jp/cn/products/detail-condenser.php?part_number=EMZL350ARA561MJA0G,https://www.chemi-con.co.jp/products/relatedfiles/capacitor/catalog/MZLRA-j.PDF,https://www.chemi-con.co.jp/products/relatedfiles/capacitor/catalog/MZLRA-e.PDF,https://www.chemi-con.co.jp/products/relatedfiles/capacitor/catalog/MZLRA-c.PDF
EMZL350ARA681MJA0G,"In Production",,MZL,-55,105,35,680,M,10,10,,1190,105,100kHz,,,,60,20,100kHz,,,,,,,,,,0.12,20,120,,238,,,20,105,5000,DC,,,,1.43,500,,Compliant,Compliant,https://www.chemi-con.co.jp/products/detail-condenser.php?part_number=EMZL350ARA681MJA0G,https://www.chemi-con.co.jp/en/products/detail-condenser.php?part_number=EMZL350ARA681MJA0G,https://www.chemi-con.co.jp/cn/products/detail-condenser.php?part_number=EMZL350ARA681MJA0G,https://www.chemi-con.co.jp/products/relatedfiles/capacitor/catalog/MZLRA-j.PDF,https://www.chemi-con.co.jp/products/relatedfiles/capacitor/catalog/MZLRA-e.PDF,https://www.chemi-con.co.jp/products/relatedfiles/capacitor/catalog/MZLRA-c.PDF
EMZL500ARA101MHA0G,"In Production",,MZL,-55,105,50,100,M,8,10,,350,105,100kHz,,,,340,20,100kHz,,,,,,,,,,0.1,20,120,,50,,,20,105,5000,DC,,,,0.96,500,,Compliant,Compliant,https://www.chemi-con.co.jp/products/detail-condenser.php?part_number=EMZL500ARA101MHA0G,https://www.chemi-con.co.jp/en/products/detail-condenser.php?part_number=EMZL500ARA101MHA0G,https://www.chemi-con.co.jp/cn/products/detail-condenser.php?part_number=EMZL500ARA101MHA0G,https://www.chemi-con.co.jp/products/relatedfiles/capacitor/catalog/MZLRA-j.PDF,https://www.chemi-con.co.jp/products/relatedfiles/capacitor/catalog/MZLRA-e.PDF,https://www.chemi-con.co.jp/products/relatedfiles/capacitor/catalog/MZLRA-c.PDF
EMZL500ARA221MJA0G,"In Production",,MZL,-55,105,50,220,M,10,10,,670,105,100kHz,,,,180,20,100kHz,,,,,,,,,,0.1,20,120,,110,,,20,105,5000,DC,,,,1.43,500,,Compliant,Compliant,https://www.chemi-con.co.jp/products/detail-condenser.php?part_number=EMZL500ARA221MJA0G,https://www.chemi-con.co.jp/en/products/detail-condenser.php?part_number=EMZL500ARA221MJA0G,https://www.chemi-con.co.jp/cn/products/detail-condenser.php?part_number=EMZL500ARA221MJA0G,https://www.chemi-con.co.jp/products/relatedfiles/capacitor/catalog/MZLRA-j.PDF,https://www.chemi-con.co.jp/products/relatedfiles/capacitor/catalog/MZLRA-e.PDF,https://www.chemi-con.co.jp/products/relatedfiles/capacitor/catalog/MZLRA-c.PDF
EMHS160ARA681MHA0G,"In Production",,MHS,-40,125,16,680,M,8,10,,620,125,100kHz,,,,190,20,100kHz,2600,-40,100kHz,,,,,,,0.2,20,120,,108,,,20,125,2000,DC,,,,0.96,500,,Compliant,Compliant,https://www.chemi-con.co.jp/products/detail-condenser.php?part_number=EMHS160ARA681MHA0G,https://www.chemi-con.co.jp/en/products/detail-condenser.php?part_number=EMHS160ARA681MHA0G,https://www.chemi-con.co.jp/cn/products/detail-condenser.php?part_number=EMHS160ARA681MHA0G,https://www.chemi-con.co.jp/products/relatedfiles/capacitor/catalog/MHSRA-j.PDF,https://www.chemi-con.co.jp/products/relatedfiles/capacitor/catalog/MHSRA-e.PDF,https://www.chemi-con.co.jp/products/relatedfiles/capacitor/catalog/MHSRA-c.PDF
EMHS160ARA102MJA0G,"In Production",,MHS,-40,125,16,1000,M,10,10,,780,125,100kHz,,,,130,20,100kHz,1700,-40,100kHz,,,,,,,0.2,20,120,,160,,,20,125,2000,DC,,,,1.43,500,,Compliant,Compliant,https://www.chemi-con.co.jp/products/detail-condenser.php?part_number=EMHS160ARA102MJA0G,https://www.chemi-con.co.jp/en/products/detail-condenser.php?part_number=EMHS160ARA102MJA0G,https://www.chemi-con.co.jp/cn/products/detail-condenser.php?part_number=EMHS160ARA102MJA0G,https://www.chemi-con.co.jp/products/relatedfiles/capacitor/catalog/MHSRA-j.PDF,https://www.chemi-con.co.jp/products/relatedfiles/capacitor/catalog/MHSRA-e.PDF,https://www.chemi-con.co.jp/products/relatedfiles/capacitor/catalog/MHSRA-c.PDF
EMHS160ARA152MKE0S,"In Production",,MHS,-40,125,16,1500,M,12.5,13.5,,1060,125,100kHz,,,,87,20,100kHz,1100,-40,100kHz,,,,,,,0.18,20,120,,720,,,20,125,5000,DC,,,,2.9,250,,Compliant,Compliant,https://www.chemi-con.co.jp/products/detail-condenser.php?part_number=EMHS160ARA152MKE0S,https://www.chemi-con.co.jp/en/products/detail-condenser.php?part_number=EMHS160ARA152MKE0S,https://www.chemi-con.co.jp/cn/products/detail-condenser.php?part_number=EMHS160ARA152MKE0S,https://www.chemi-con.co.jp/products/relatedfiles/capacitor/catalog/MHSRA-j.PDF,https://www.chemi-con.co.jp/products/relatedfiles/capacitor/catalog/MHSRA-e.PDF,https://www.chemi-con.co.jp/products/relatedfiles/capacitor/catalog/MHSRA-c.PDF
EMHS160ARA202MKG5S,"In Production",,MHS,-40,125,16,2000,M,12.5,16,,1160,125,100kHz,,,,70,20,100kHz,840,-40,100kHz,,,,,,,0.2,20,120,,960,,,20,125,5000,DC,,,,3.3,200,,Compliant,Compliant,https://www.chemi-con.co.jp/products/detail-condenser.php?part_number=EMHS160ARA202MKG5S,https://www.chemi-con.co.jp/en/products/detail-condenser.php?part_number=EMHS160ARA202MKG5S,https://www.chemi-con.co.jp/cn/products/detail-condenser.php?part_number=EMHS160ARA202MKG5S,https://www.chemi-con.co.jp/products/relatedfiles/capacitor/catalog/MHSRA-j.PDF,https://www.chemi-con.co.jp/products/relatedfiles/capacitor/catalog/MHSRA-e.PDF,https://www.chemi-con.co.jp/products/relatedfiles/capacitor/catalog/MHSRA-c.PDF
EMHS160ARA272MLH0S,"In Production",,MHS,-40,125,16,2700,M,16,16.5,,1900,125,100kHz,,,,57,20,100kHz,590,-40,100kHz,,,,,,,0.2,20,120,,1290,,,20,125,5000,DC,,,,6.7,175,,Compliant,Compliant,https://www.chemi-con.co.jp/products/detail-condenser.php?part_number=EMHS160ARA272MLH0S,https://www.chemi-con.co.jp/en/products/detail-condenser.php?part_number=EMHS160ARA272MLH0S,https://www.chemi-con.co.jp/cn/products/detail-condenser.php?part_number=EMHS160ARA272MLH0S,https://www.chemi-con.co.jp/products/relatedfiles/capacitor/catalog/MHSRA-j.PDF,https://www.chemi-con.co.jp/products/relatedfiles/capacitor/catalog/MHSRA-e.PDF,https://www.chemi-con.co.jp/products/relatedfiles/capacitor/catalog/MHSRA-c.PDF
EMHS160ARA362MMH0S,"In Production",,MHS,-40,125,16,3600,M,18,16.5,,2000,125,100kHz,,,,55,20,100kHz,440,-40,100kHz,,,,,,,0.22,20,120,,1720,,,20,125,5000,DC,,,,8.7,150,,Compliant,Compliant,https://www.chemi-con.co.jp/products/detail-condenser.php?part_number=EMHS160ARA362MMH0S,https://www.chemi-con.co.jp/en/products/detail-condenser.php?part_number=EMHS160ARA362MMH0S,https://www.chemi-con.co.jp/cn/products/detail-condenser.php?part_number=EMHS160ARA362MMH0S,https://www.chemi-con.co.jp/products/relatedfiles/capacitor/catalog/MHSRA-j.PDF,https://www.chemi-con.co.jp/products/relatedfiles/capacitor/catalog/MHSRA-e.PDF,https://www.chemi-con.co.jp/products/relatedfiles/capacitor/catalog/MHSRA-c.PDF
EMHS160ARA472MLN0S,"In Production",,MHS,-40,125,16,4700,M,16,21.5,,2520,125,100kHz,,,,37,20,100kHz,390,-40,100kHz,,,,,,,0.24,20,120,,2250,,,20,125,5000,DC,,,,7.9,125,,Compliant,Compliant,https://www.chemi-con.co.jp/products/detail-condenser.php?part_number=EMHS160ARA472MLN0S,https://www.chemi-con.co.jp/en/products/detail-condenser.php?part_number=EMHS160ARA472MLN0S,https://www.chemi-con.co.jp/cn/products/detail-condenser.php?part_number=EMHS160ARA472MLN0S,https://www.chemi-con.co.jp/products/relatedfiles/capacitor/catalog/MHSRA-j.PDF,https://www.chemi-con.co.jp/products/relatedfiles/capacitor/catalog/MHSRA-e.PDF,https://www.chemi-con.co.jp/products/relatedfiles/capacitor/catalog/MHSRA-c.PDF
EMHS160ARA622MMN0S,"In Production",,MHS,-40,125,16,6200,M,18,21.5,,2570,125,100kHz,,,,36,20,100kHz,280,-40,100kHz,,,,,,,0.28,20,120,,2970,,,20,125,5000,DC,,,,10.2,100,,Compliant,Compliant,https://www.chemi-con.co.jp/products/detail-condenser.php?part_number=EMHS160ARA622MMN0S,https://www.chemi-con.co.jp/en/products/detail-condenser.php?part_number=EMHS160ARA622MMN0S,https://www.chemi-con.co.jp/cn/products/detail-condenser.php?part_number=EMHS160ARA622MMN0S,https://www.chemi-con.co.jp/products/relatedfiles/capacitor/catalog/MHSRA-j.PDF,https://www.chemi-con.co.jp/products/relatedfiles/capacitor/catalog/MHSRA-e.PDF,https://www.chemi-con.co.jp/products/relatedfiles/capacitor/catalog/MHSRA-c.PDF
EMHS250ARA471MHA0G,"In Production",,MHS,-40,125,25,470,M,8,10,,620,125,100kHz,,,,190,20,100kHz,2600,-40,100kHz,,,,,,,0.16,20,120,,117,,,20,125,2000,DC,,,,0.96,500,,Compliant,Compliant,https://www.chemi-con.co.jp/products/detail-condenser.php?part_number=EMHS250ARA471MHA0G,https://www.chemi-con.co.jp/en/products/detail-condenser.php?part_number=EMHS250ARA471MHA0G,https://www.chemi-con.co.jp/cn/products/detail-condenser.php?part_number=EMHS250ARA471MHA0G,https://www.chemi-con.co.jp/products/relatedfiles/capacitor/catalog/MHSRA-j.PDF,https://www.chemi-con.co.jp/products/relatedfiles/capacitor/catalog/MHSRA-e.PDF,https://www.chemi-con.co.jp/products/relatedfiles/capacitor/catalog/MHSRA-c.PDF
EMHS250ARA681MJA0G,"In Production",,MHS,-40,125,25,680,M,10,10,,780,125,100kHz,,,,130,20,100kHz,1700,-40,100kHz,,,,,,,0.16,20,120,,170,,,20,125,2000,DC,,,,1.43,500,,Compliant,Compliant,https://www.chemi-con.co.jp/products/detail-condenser.php?part_number=EMHS250ARA681MJA0G,https://www.chemi-con.co.jp/en/products/detail-condenser.php?part_number=EMHS250ARA681MJA0G,https://www.chemi-con.co.jp/cn/products/detail-condenser.php?part_number=EMHS250ARA681MJA0G,https://www.chemi-con.co.jp/products/relatedfiles/capacitor/catalog/MHSRA-j.PDF,https://www.chemi-con.co.jp/products/relatedfiles/capacitor/catalog/MHSRA-e.PDF,https://www.chemi-con.co.jp/products/relatedfiles/capacitor/catalog/MHSRA-c.PDF
EMHS250ARA102MKE0S,"In Production",,MHS,-40,125,25,1000,M,12.5,13.5,,1060,125,100kHz,,,,87,20,100kHz,1100,-40,100kHz,,,,,,,0.14,20,120,,750,,,20,125,5000,DC,,,,2.9,250,,Compliant,Compliant,https://www.chemi-con.co.jp/products/detail-condenser.php?part_number=EMHS250ARA102MKE0S,https://www.chemi-con.co.jp/en/products/detail-condenser.php?part_number=EMHS250ARA102MKE0S,https://www.chemi-con.co.jp/cn/products/detail-condenser.php?part_number=EMHS250ARA102MKE0S,https://www.chemi-con.co.jp/products/relatedfiles/capacitor/catalog/MHSRA-j.PDF,https://www.chemi-con.co.jp/products/relatedfiles/capacitor/catalog/MHSRA-e.PDF,https://www.chemi-con.co.jp/products/relatedfiles/capacitor/catalog/MHSRA-c.PDF
EMHS250ARA132MKG5S,"In Production",,MHS,-40,125,25,1300,M,12.5,16,,1160,125,100kHz,,,,70,20,100kHz,840,-40,100kHz,,,,,,,0.14,20,120,,975,,,20,125,5000,DC,,,,3.3,200,,Compliant,Compliant,https://www.chemi-con.co.jp/products/detail-condenser.php?part_number=EMHS250ARA132MKG5S,https://www.chemi-con.co.jp/en/products/detail-condenser.php?part_number=EMHS250ARA132MKG5S,https://www.chemi-con.co.jp/cn/products/detail-condenser.php?part_number=EMHS250ARA132MKG5S,https://www.chemi-con.co.jp/products/relatedfiles/capacitor/catalog/MHSRA-j.PDF,https://www.chemi-con.co.jp/products/relatedfiles/capacitor/catalog/MHSRA-e.PDF,https://www.chemi-con.co.jp/products/relatedfiles/capacitor/catalog/MHSRA-c.PDF
EMHS250ARA182MLH0S,"In Production",,MHS,-40,125,25,1800,M,16,16.5,,1900,125,100kHz,,,,57,20,100kHz,590,-40,100kHz,,,,,,,0.14,20,120,,1350,,,20,125,5000,DC,,,,6.7,175,,Compliant,Compliant,https://www.chemi-con.co.jp/products/detail-condenser.php?part_number=EMHS250ARA182MLH0S,https://www.chemi-con.co.jp/en/products/detail-condenser.php?part_number=EMHS250ARA182MLH0S,https://www.chemi-con.co.jp/cn/products/detail-condenser.php?part_number=EMHS250ARA182MLH0S,https://www.chemi-con.co.jp/products/relatedfiles/capacitor/catalog/MHSRA-j.PDF,https://www.chemi-con.co.jp/products/relatedfiles/capacitor/catalog/MHSRA-e.PDF,https://www.chemi-con.co.jp/products/relatedfiles/capacitor/catalog/MHSRA-c.PDF
EMHS250ARA242MMH0S,"In Production",,MHS,-40,125,25,2400,M,18,16.5,,2000,125,100kHz,,,,55,20,100kHz,440,-40,100kHz,,,,,,,0.16,20,120,,1800,,,20,125,5000,DC,,,,8.7,150,,Compliant,Compliant,https://www.chemi-con.co.jp/products/detail-condenser.php?part_number=EMHS250ARA242MMH0S,https://www.chemi-con.co.jp/en/products/detail-condenser.php?part_number=EMHS250ARA242MMH0S,https://www.chemi-con.co.jp/cn/products/detail-condenser.php?part_number=EMHS250ARA242MMH0S,https://www.chemi-con.co.jp/products/relatedfiles/capacitor/catalog/MHSRA-j.PDF,https://www.chemi-con.co.jp/products/relatedfiles/capacitor/catalog/MHSRA-e.PDF,https://www.chemi-con.co.jp/products/relatedfiles/capacitor/catalog/MHSRA-c.PDF
EMHS250ARA332MLN0S,"In Production",,MHS,-40,125,25,3300,M,16,21.5,,2520,125,100kHz,,,,37,20,100kHz,390,-40,100kHz,,,,,,,0.18,20,120,,2470,,,20,125,5000,DC,,,,7.9,125,,Compliant,Compliant,https://www.chemi-con.co.jp/products/detail-condenser.php?part_number=EMHS250ARA332MLN0S,https://www.chemi-con.co.jp/en/products/detail-condenser.php?part_number=EMHS250ARA332MLN0S,https://www.chemi-con.co.jp/cn/products/detail-condenser.php?part_number=EMHS250ARA332MLN0S,https://www.chemi-con.co.jp/products/relatedfiles/capacitor/catalog/MHSRA-j.PDF,https://www.chemi-con.co.jp/products/relatedfiles/capacitor/catalog/MHSRA-e.PDF,https://www.chemi-con.co.jp/products/relatedfiles/capacitor/catalog/MHSRA-c.PDF
EMHS250ARA432MMN0S,"In Production",,MHS,-40,125,25,4300,M,18,21.5,,2570,125,100kHz,,,,36,20,100kHz,280,-40,100kHz,,,,,,,0.2,20,120,,3220,,,20,125,5000,DC,,,,10.2,100,,Compliant,Compliant,https://www.chemi-con.co.jp/products/detail-condenser.php?part_number=EMHS250ARA432MMN0S,https://www.chemi-con.co.jp/en/products/detail-condenser.php?part_number=EMHS250ARA432MMN0S,https://www.chemi-con.co.jp/cn/products/detail-condenser.php?part_number=EMHS250ARA432MMN0S,https://www.chemi-con.co.jp/products/relatedfiles/capacitor/catalog/MHSRA-j.PDF,https://www.chemi-con.co.jp/products/relatedfiles/capacitor/catalog/MHSRA-e.PDF,https://www.chemi-con.co.jp/products/relatedfiles/capacitor/catalog/MHSRA-c.PDF
EMHS350ARA221MHA0G,"In Production",,MHS,-40,125,35,220,M,8,10,,620,125,100kHz,,,,190,20,100kHz,2600,-40,100kHz,,,,,,,0.14,20,120,,77,,,20,125,2000,DC,,,,0.96,500,,Compliant,Compliant,https://www.chemi-con.co.jp/products/detail-condenser.php?part_number=EMHS350ARA221MHA0G,https://www.chemi-con.co.jp/en/products/detail-condenser.php?part_number=EMHS350ARA221MHA0G,https://www.chemi-con.co.jp/cn/products/detail-condenser.php?part_number=EMHS350ARA221MHA0G,https://www.chemi-con.co.jp/products/relatedfiles/capacitor/catalog/MHSRA-j.PDF,https://www.chemi-con.co.jp/products/relatedfiles/capacitor/catalog/MHSRA-e.PDF,https://www.chemi-con.co.jp/products/relatedfiles/capacitor/catalog/MHSRA-c.PDF
EMHS350ARA271MHA0G,"In Production",,MHS,-40,125,35,270,M,8,10,,620,125,100kHz,,,,190,20,100kHz,2600,-40,100kHz,,,,,,,0.14,20,120,,94.5,,,20,125,2000,DC,,,,0.96,500,,Compliant,Compliant,https://www.chemi-con.co.jp/products/detail-condenser.php?part_number=EMHS350ARA271MHA0G,https://www.chemi-con.co.jp/en/products/detail-condenser.php?part_number=EMHS350ARA271MHA0G,https://www.chemi-con.co.jp/cn/products/detail-condenser.php?part_number=EMHS350ARA271MHA0G,https://www.chemi-con.co.jp/products/relatedfiles/capacitor/catalog/MHSRA-j.PDF,https://www.chemi-con.co.jp/products/relatedfiles/capacitor/catalog/MHSRA-e.PDF,https://www.chemi-con.co.jp/products/relatedfiles/capacitor/catalog/MHSRA-c.PDF
EMHS350ARA471MJA0G,"In Production",,MHS,-40,125,35,470,M,10,10,,780,125,100kHz,,,,130,20,100kHz,1700,-40,100kHz,,,,,,,0.14,20,120,,164,,,20,125,2000,DC,,,,1.43,500,,Compliant,Compliant,https://www.chemi-con.co.jp/products/detail-condenser.php?part_number=EMHS350ARA471MJA0G,https://www.chemi-con.co.jp/en/products/detail-condenser.php?part_number=EMHS350ARA471MJA0G,https://www.chemi-con.co.jp/cn/products/detail-condenser.php?part_number=EMHS350ARA471MJA0G,https://www.chemi-con.co.jp/products/relatedfiles/capacitor/catalog/MHSRA-j.PDF,https://www.chemi-con.co.jp/products/relatedfiles/capacitor/catalog/MHSRA-e.PDF,https://www.chemi-con.co.jp/products/relatedfiles/capacitor/catalog/MHSRA-c.PDF
EMHS350ARA681MKE0S,"In Production",,MHS,-40,125,35,680,M,12.5,13.5,,1060,125,100kHz,,,,87,20,100kHz,1100,-40,100kHz,,,,,,,0.14,20,120,,714,,,20,125,5000,DC,,,,2.9,250,,Compliant,Compliant,https://www.chemi-con.co.jp/products/detail-condenser.php?part_number=EMHS350ARA681MKE0S,https://www.chemi-con.co.jp/en/products/detail-condenser.php?part_number=EMHS350ARA681MKE0S,https://www.chemi-con.co.jp/cn/products/detail-condenser.php?part_number=EMHS350ARA681MKE0S,https://www.chemi-con.co.jp/products/relatedfiles/capacitor/catalog/MHSRA-j.PDF,https://www.chemi-con.co.jp/products/relatedfiles/capacitor/catalog/MHSRA-e.PDF,https://www.chemi-con.co.jp/products/relatedfiles/capacitor/catalog/MHSRA-c.PDF
EMHS350ARA821MKG5S,"In Production",,MHS,-40,125,35,820,M,12.5,16,,1160,125,100kHz,,,,70,20,100kHz,840,-40,100kHz,,,,,,,0.14,20,120,,861,,,20,125,5000,DC,,,,3.3,200,,Compliant,Compliant,https://www.chemi-con.co.jp/products/detail-condenser.php?part_number=EMHS350ARA821MKG5S,https://www.chemi-con.co.jp/en/products/detail-condenser.php?part_number=EMHS350ARA821MKG5S,https://www.chemi-con.co.jp/cn/products/detail-condenser.php?part_number=EMHS350ARA821MKG5S,https://www.chemi-con.co.jp/products/relatedfiles/capacitor/catalog/MHSRA-j.PDF,https://www.chemi-con.co.jp/products/relatedfiles/capacitor/catalog/MHSRA-e.PDF,https://www.chemi-con.co.jp/products/relatedfiles/capacitor/catalog/MHSRA-c.PDF
EMHS350ARA122MLH0S,"In Production",,MHS,-40,125,35,1200,M,16,16.5,,1900,125,100kHz,,,,57,20,100kHz,590,-40,100kHz,,,,,,,0.14,20,120,,1260,,,20,125,5000,DC,,,,6.7,175,,Compliant,Compliant,https://www.chemi-con.co.jp/products/detail-condenser.php?part_number=EMHS350ARA122MLH0S,https://www.chemi-con.co.jp/en/products/detail-condenser.php?part_number=EMHS350ARA122MLH0S,https://www.chemi-con.co.jp/cn/products/detail-condenser.php?part_number=EMHS350ARA122MLH0S,https://www.chemi-con.co.jp/products/relatedfiles/capacitor/catalog/MHSRA-j.PDF,https://www.chemi-con.co.jp/products/relatedfiles/capacitor/catalog/MHSRA-e.PDF,https://www.chemi-con.co.jp/products/relatedfiles/capacitor/catalog/MHSRA-c.PDF
EMHS350ARA152MMH0S,"In Production",,MHS,-40,125,35,1500,M,18,16.5,,2000,125,100kHz,,,,55,20,100kHz,440,-40,100kHz,,,,,,,0.14,20,120,,1570,,,20,125,5000,DC,,,,8.7,150,,Compliant,Compliant,https://www.chemi-con.co.jp/products/detail-condenser.php?part_number=EMHS350ARA152MMH0S,https://www.chemi-con.co.jp/en/products/detail-condenser.php?part_number=EMHS350ARA152MMH0S,https://www.chemi-con.co.jp/cn/products/detail-condenser.php?part_number=EMHS350ARA152MMH0S,https://www.chemi-con.co.jp/products/relatedfiles/capacitor/catalog/MHSRA-j.PDF,https://www.chemi-con.co.jp/products/relatedfiles/capacitor/catalog/MHSRA-e.PDF,https://www.chemi-con.co.jp/products/relatedfiles/capacitor/catalog/MHSRA-c.PDF
EMHS350ARA202MLN0S,"In Production",,MHS,-40,125,35,2000,M,16,21.5,,2520,125,100kHz,,,,37,20,100kHz,390,-40,100kHz,,,,,,,0.16,20,120,,2100,,,20,125,5000,DC,,,,7.9,125,,Compliant,Compliant,https://www.chemi-con.co.jp/products/detail-condenser.php?part_number=EMHS350ARA202MLN0S,https://www.chemi-con.co.jp/en/products/detail-condenser.php?part_number=EMHS350ARA202MLN0S,https://www.chemi-con.co.jp/cn/products/detail-condenser.php?part_number=EMHS350ARA202MLN0S,https://www.chemi-con.co.jp/products/relatedfiles/capacitor/catalog/MHSRA-j.PDF,https://www.chemi-con.co.jp/products/relatedfiles/capacitor/catalog/MHSRA-e.PDF,https://www.chemi-con.co.jp/products/relatedfiles/capacitor/catalog/MHSRA-c.PDF
EMHS350ARA242MMN0S,"In Production",,MHS,-40,125,35,2400,M,18,21.5,,2570,125,100kHz,,,,36,20,100kHz,280,-40,100kHz,,,,,,,0.16,20,120,,2520,,,20,125,5000,DC,,,,10.2,100,,Compliant,Compliant,https://www.chemi-con.co.jp/products/detail-condenser.php?part_number=EMHS350ARA242MMN0S,https://www.chemi-con.co.jp/en/products/detail-condenser.php?part_number=EMHS350ARA242MMN0S,https://www.chemi-con.co.jp/cn/products/detail-condenser.php?part_number=EMHS350ARA242MMN0S,https://www.chemi-con.co.jp/products/relatedfiles/capacitor/catalog/MHSRA-j.PDF,https://www.chemi-con.co.jp/products/relatedfiles/capacitor/catalog/MHSRA-e.PDF,https://www.chemi-con.co.jp/products/relatedfiles/capacitor/catalog/MHSRA-c.PDF
EMHS500ARA101MHA0G,"In Production",,MHS,-40,125,50,100,M,8,10,,440,125,100kHz,,,,650,20,100kHz,8100,-40,100kHz,,,,,,,0.14,20,120,,50,,,20,125,2000,DC,,,,0.96,500,,Compliant,Compliant,https://www.chemi-con.co.jp/products/detail-condenser.php?part_number=EMHS500ARA101MHA0G,https://www.chemi-con.co.jp/en/products/detail-condenser.php?part_number=EMHS500ARA101MHA0G,https://www.chemi-con.co.jp/cn/products/detail-condenser.php?part_number=EMHS500ARA101MHA0G,https://www.chemi-con.co.jp/products/relatedfiles/capacitor/catalog/MHSRA-j.PDF,https://www.chemi-con.co.jp/products/relatedfiles/capacitor/catalog/MHSRA-e.PDF,https://www.chemi-con.co.jp/products/relatedfiles/capacitor/catalog/MHSRA-c.PDF
EMHS500ARA151MJA0G,"In Production",,MHS,-40,125,50,150,M,10,10,,600,125,100kHz,,,,450,20,100kHz,4600,-40,100kHz,,,,,,,0.14,20,120,,75,,,20,125,2000,DC,,,,1.43,500,,Compliant,Compliant,https://www.chemi-con.co.jp/products/detail-condenser.php?part_number=EMHS500ARA151MJA0G,https://www.chemi-con.co.jp/en/products/detail-condenser.php?part_number=EMHS500ARA151MJA0G,https://www.chemi-con.co.jp/cn/products/detail-condenser.php?part_number=EMHS500ARA151MJA0G,https://www.chemi-con.co.jp/products/relatedfiles/capacitor/catalog/MHSRA-j.PDF,https://www.chemi-con.co.jp/products/relatedfiles/capacitor/catalog/MHSRA-e.PDF,https://www.chemi-con.co.jp/products/relatedfiles/capacitor/catalog/MHSRA-c.PDF
EMHS500ARA181MJA0G,"In Production",,MHS,-40,125,50,180,M,10,10,,600,125,100kHz,,,,450,20,100kHz,4600,-40,100kHz,,,,,,,0.14,20,120,,90,,,20,125,2000,DC,,,,1.43,500,,Compliant,Compliant,https://www.chemi-con.co.jp/products/detail-condenser.php?part_number=EMHS500ARA181MJA0G,https://www.chemi-con.co.jp/en/products/detail-condenser.php?part_number=EMHS500ARA181MJA0G,https://www.chemi-con.co.jp/cn/products/detail-condenser.php?part_number=EMHS500ARA181MJA0G,https://www.chemi-con.co.jp/products/relatedfiles/capacitor/catalog/MHSRA-j.PDF,https://www.chemi-con.co.jp/products/relatedfiles/capacitor/catalog/MHSRA-e.PDF,https://www.chemi-con.co.jp/products/relatedfiles/capacitor/catalog/MHSRA-c.PDF
EMHS500ARA361MKE0S,"In Production",,MHS,-40,125,50,360,M,12.5,13.5,,880,125,100kHz,,,,160,20,100kHz,2000,-40,100kHz,,,,,,,0.14,20,120,,540,,,20,125,5000,DC,,,,2.9,250,,Compliant,Compliant,https://www.chemi-con.co.jp/products/detail-condenser.php?part_number=EMHS500ARA361MKE0S,https://www.chemi-con.co.jp/en/products/detail-condenser.php?part_number=EMHS500ARA361MKE0S,https://www.chemi-con.co.jp/cn/products/detail-condenser.php?part_number=EMHS500ARA361MKE0S,https://www.chemi-con.co.jp/products/relatedfiles/capacitor/catalog/MHSRA-j.PDF,https://www.chemi-con.co.jp/products/relatedfiles/capacitor/catalog/MHSRA-e.PDF,https://www.chemi-con.co.jp/products/relatedfiles/capacitor/catalog/MHSRA-c.PDF
EMHS500ARA471MKG5S,"In Production",,MHS,-40,125,50,470,M,12.5,16,,970,125,100kHz,,,,120,20,100kHz,1500,-40,100kHz,,,,,,,0.14,20,120,,705,,,20,125,5000,DC,,,,3.3,200,,Compliant,Compliant,https://www.chemi-con.co.jp/products/detail-condenser.php?part_number=EMHS500ARA471MKG5S,https://www.chemi-con.co.jp/en/products/detail-condenser.php?part_number=EMHS500ARA471MKG5S,https://www.chemi-con.co.jp/cn/products/detail-condenser.php?part_number=EMHS500ARA471MKG5S,https://www.chemi-con.co.jp/products/relatedfiles/capacitor/catalog/MHSRA-j.PDF,https://www.chemi-con.co.jp/products/relatedfiles/capacitor/catalog/MHSRA-e.PDF,https://www.chemi-con.co.jp/products/relatedfiles/capacitor/catalog/MHSRA-c.PDF
EMHS500ARA561MLH0S,"In Production",,MHS,-40,125,50,560,M,16,16.5,,1640,125,100kHz,,,,88,20,100kHz,940,-40,100kHz,,,,,,,0.14,20,120,,840,,,20,125,5000,DC,,,,6.7,175,,Compliant,Compliant,https://www.chemi-con.co.jp/products/detail-condenser.php?part_number=EMHS500ARA561MLH0S,https://www.chemi-con.co.jp/en/products/detail-condenser.php?part_number=EMHS500ARA561MLH0S,https://www.chemi-con.co.jp/cn/products/detail-condenser.php?part_number=EMHS500ARA561MLH0S,https://www.chemi-con.co.jp/products/relatedfiles/capacitor/catalog/MHSRA-j.PDF,https://www.chemi-con.co.jp/products/relatedfiles/capacitor/catalog/MHSRA-e.PDF,https://www.chemi-con.co.jp/products/relatedfiles/capacitor/catalog/MHSRA-c.PDF
EMHS500ARA751MMH0S,"In Production",,MHS,-40,125,50,750,M,18,16.5,,1720,125,100kHz,,,,85,20,100kHz,780,-40,100kHz,,,,,,,0.14,20,120,,1120,,,20,125,5000,DC,,,,8.7,150,,Compliant,Compliant,https://www.chemi-con.co.jp/products/detail-condenser.php?part_number=EMHS500ARA751MMH0S,https://www.chemi-con.co.jp/en/products/detail-condenser.php?part_number=EMHS500ARA751MMH0S,https://www.chemi-con.co.jp/cn/products/detail-condenser.php?part_number=EMHS500ARA751MMH0S,https://www.chemi-con.co.jp/products/relatedfiles/capacitor/catalog/MHSRA-j.PDF,https://www.chemi-con.co.jp/products/relatedfiles/capacitor/catalog/MHSRA-e.PDF,https://www.chemi-con.co.jp/products/relatedfiles/capacitor/catalog/MHSRA-c.PDF
EMHS500ARA102MLN0S,"In Production",,MHS,-40,125,50,1000,M,16,21.5,,2230,125,100kHz,,,,56,20,100kHz,610,-40,100kHz,,,,,,,0.14,20,120,,1500,,,20,125,5000,DC,,,,7.9,125,,Compliant,Compliant,https://www.chemi-con.co.jp/products/detail-condenser.php?part_number=EMHS500ARA102MLN0S,https://www.chemi-con.co.jp/en/products/detail-condenser.php?part_number=EMHS500ARA102MLN0S,https://www.chemi-con.co.jp/cn/products/detail-condenser.php?part_number=EMHS500ARA102MLN0S,https://www.chemi-con.co.jp/products/relatedfiles/capacitor/catalog/MHSRA-j.PDF,https://www.chemi-con.co.jp/products/relatedfiles/capacitor/catalog/MHSRA-e.PDF,https://www.chemi-con.co.jp/products/relatedfiles/capacitor/catalog/MHSRA-c.PDF
EMHS500ARA132MMN0S,"In Production",,MHS,-40,125,50,1300,M,18,21.5,,2300,125,100kHz,,,,53,20,100kHz,450,-40,100kHz,,,,,,,0.14,20,120,,1950,,,20,125,5000,DC,,,,10.2,100,,Compliant,Compliant,https://www.chemi-con.co.jp/products/detail-condenser.php?part_number=EMHS500ARA132MMN0S,https://www.chemi-con.co.jp/en/products/detail-condenser.php?part_number=EMHS500ARA132MMN0S,https://www.chemi-con.co.jp/cn/products/detail-condenser.php?part_number=EMHS500ARA132MMN0S,https://www.chemi-con.co.jp/products/relatedfiles/capacitor/catalog/MHSRA-j.PDF,https://www.chemi-con.co.jp/products/relatedfiles/capacitor/catalog/MHSRA-e.PDF,https://www.chemi-con.co.jp/products/relatedfiles/capacitor/catalog/MHSRA-c.PDF
EMHS630ARA680MHA0G,"In Production",,MHS,-40,125,63,68,M,8,10,,440,125,100kHz,,,,650,20,100kHz,8100,-40,100kHz,,,,,,,0.14,20,120,,42.8,,,20,125,2000,DC,,,,0.96,500,,Compliant,Compliant,https://www.chemi-con.co.jp/products/detail-condenser.php?part_number=EMHS630ARA680MHA0G,https://www.chemi-con.co.jp/en/products/detail-condenser.php?part_number=EMHS630ARA680MHA0G,https://www.chemi-con.co.jp/cn/products/detail-condenser.php?part_number=EMHS630ARA680MHA0G,https://www.chemi-con.co.jp/products/relatedfiles/capacitor/catalog/MHSRA-j.PDF,https://www.chemi-con.co.jp/products/relatedfiles/capacitor/catalog/MHSRA-e.PDF,https://www.chemi-con.co.jp/products/relatedfiles/capacitor/catalog/MHSRA-c.PDF
EMHS630ARA820MHA0G,"In Production",,MHS,-40,125,63,82,M,8,10,,440,125,100kHz,,,,650,20,100kHz,8100,-40,100kHz,,,,,,,0.14,20,120,,51.6,,,20,125,2000,DC,,,,0.96,500,,Compliant,Compliant,https://www.chemi-con.co.jp/products/detail-condenser.php?part_number=EMHS630ARA820MHA0G,https://www.chemi-con.co.jp/en/products/detail-condenser.php?part_number=EMHS630ARA820MHA0G,https://www.chemi-con.co.jp/cn/products/detail-condenser.php?part_number=EMHS630ARA820MHA0G,https://www.chemi-con.co.jp/products/relatedfiles/capacitor/catalog/MHSRA-j.PDF,https://www.chemi-con.co.jp/products/relatedfiles/capacitor/catalog/MHSRA-e.PDF,https://www.chemi-con.co.jp/products/relatedfiles/capacitor/catalog/MHSRA-c.PDF
EMHS630ARA101MJA0G,"In Production",,MHS,-40,125,63,100,M,10,10,,600,125,100kHz,,,,450,20,100kHz,4600,-40,100kHz,,,,,,,0.14,20,120,,63,,,20,125,2000,DC,,,,1.43,500,,Compliant,Compliant,https://www.chemi-con.co.jp/products/detail-condenser.php?part_number=EMHS630ARA101MJA0G,https://www.chemi-con.co.jp/en/products/detail-condenser.php?part_number=EMHS630ARA101MJA0G,https://www.chemi-con.co.jp/cn/products/detail-condenser.php?part_number=EMHS630ARA101MJA0G,https://www.chemi-con.co.jp/products/relatedfiles/capacitor/catalog/MHSRA-j.PDF,https://www.chemi-con.co.jp/products/relatedfiles/capacitor/catalog/MHSRA-e.PDF,https://www.chemi-con.co.jp/products/relatedfiles/capacitor/catalog/MHSRA-c.PDF
EMHS630ARA121MJA0G,"In Production",,MHS,-40,125,63,120,M,10,10,,600,125,100kHz,,,,450,20,100kHz,4600,-40,100kHz,,,,,,,0.14,20,120,,75.6,,,20,125,2000,DC,,,,1.43,500,,Compliant,Compliant,https://www.chemi-con.co.jp/products/detail-condenser.php?part_number=EMHS630ARA121MJA0G,https://www.chemi-con.co.jp/en/products/detail-condenser.php?part_number=EMHS630ARA121MJA0G,https://www.chemi-con.co.jp/cn/products/detail-condenser.php?part_number=EMHS630ARA121MJA0G,https://www.chemi-con.co.jp/products/relatedfiles/capacitor/catalog/MHSRA-j.PDF,https://www.chemi-con.co.jp/products/relatedfiles/capacitor/catalog/MHSRA-e.PDF,https://www.chemi-con.co.jp/products/relatedfiles/capacitor/catalog/MHSRA-c.PDF
EMHS630ARA241MKE0S,"In Production",,MHS,-40,125,63,240,M,12.5,13.5,,920,125,100kHz,,,,170,20,100kHz,2500,-40,100kHz,,,,,,,0.14,20,120,,453,,,20,125,5000,DC,,,,2.9,250,,Compliant,Compliant,https://www.chemi-con.co.jp/products/detail-condenser.php?part_number=EMHS630ARA241MKE0S,https://www.chemi-con.co.jp/en/products/detail-condenser.php?part_number=EMHS630ARA241MKE0S,https://www.chemi-con.co.jp/cn/products/detail-condenser.php?part_number=EMHS630ARA241MKE0S,https://www.chemi-con.co.jp/products/relatedfiles/capacitor/catalog/MHSRA-j.PDF,https://www.chemi-con.co.jp/products/relatedfiles/capacitor/catalog/MHSRA-e.PDF,https://www.chemi-con.co.jp/products/relatedfiles/capacitor/catalog/MHSRA-c.PDF
EMHS630ARA331MKG5S,"In Production",,MHS,-40,125,63,330,M,12.5,16,,1030,125,100kHz,,,,130,20,100kHz,1800,-40,100kHz,,,,,,,0.14,20,120,,623,,,20,125,5000,DC,,,,3.3,200,,Compliant,Compliant,https://www.chemi-con.co.jp/products/detail-condenser.php?part_number=EMHS630ARA331MKG5S,https://www.chemi-con.co.jp/en/products/detail-condenser.php?part_number=EMHS630ARA331MKG5S,https://www.chemi-con.co.jp/cn/products/detail-condenser.php?part_number=EMHS630ARA331MKG5S,https://www.chemi-con.co.jp/products/relatedfiles/capacitor/catalog/MHSRA-j.PDF,https://www.chemi-con.co.jp/products/relatedfiles/capacitor/catalog/MHSRA-e.PDF,https://www.chemi-con.co.jp/products/relatedfiles/capacitor/catalog/MHSRA-c.PDF
EMHS630ARA431MLH0S,"In Production",,MHS,-40,125,63,430,M,16,16.5,,1640,125,100kHz,,,,98,20,100kHz,1300,-40,100kHz,,,,,,,0.14,20,120,,812,,,20,125,5000,DC,,,,6.7,175,,Compliant,Compliant,https://www.chemi-con.co.jp/products/detail-condenser.php?part_number=EMHS630ARA431MLH0S,https://www.chemi-con.co.jp/en/products/detail-condenser.php?part_number=EMHS630ARA431MLH0S,https://www.chemi-con.co.jp/cn/products/detail-condenser.php?part_number=EMHS630ARA431MLH0S,https://www.chemi-con.co.jp/products/relatedfiles/capacitor/catalog/MHSRA-j.PDF,https://www.chemi-con.co.jp/products/relatedfiles/capacitor/catalog/MHSRA-e.PDF,https://www.chemi-con.co.jp/products/relatedfiles/capacitor/catalog/MHSRA-c.PDF
EMHS630ARA561MMH0S,"In Production",,MHS,-40,125,63,560,M,18,16.5,,1720,125,100kHz,,,,91,20,100kHz,980,-40,100kHz,,,,,,,0.14,20,120,,1050,,,20,125,5000,DC,,,,8.7,150,,Compliant,Compliant,https://www.chemi-con.co.jp/products/detail-condenser.php?part_number=EMHS630ARA561MMH0S,https://www.chemi-con.co.jp/en/products/detail-condenser.php?part_number=EMHS630ARA561MMH0S,https://www.chemi-con.co.jp/cn/products/detail-condenser.php?part_number=EMHS630ARA561MMH0S,https://www.chemi-con.co.jp/products/relatedfiles/capacitor/catalog/MHSRA-j.PDF,https://www.chemi-con.co.jp/products/relatedfiles/capacitor/catalog/MHSRA-e.PDF,https://www.chemi-con.co.jp/products/relatedfiles/capacitor/catalog/MHSRA-c.PDF
EMHS630ARA681MLN0S,"In Production",,MHS,-40,125,63,680,M,16,21.5,,2230,125,100kHz,,,,63,20,100kHz,800,-40,100kHz,,,,,,,0.14,20,120,,1280,,,20,125,5000,DC,,,,7.9,125,,Compliant,Compliant,https://www.chemi-con.co.jp/products/detail-condenser.php?part_number=EMHS630ARA681MLN0S,https://www.chemi-con.co.jp/en/products/detail-condenser.php?part_number=EMHS630ARA681MLN0S,https://www.chemi-con.co.jp/cn/products/detail-condenser.php?part_number=EMHS630ARA681MLN0S,https://www.chemi-con.co.jp/products/relatedfiles/capacitor/catalog/MHSRA-j.PDF,https://www.chemi-con.co.jp/products/relatedfiles/capacitor/catalog/MHSRA-e.PDF,https://www.chemi-con.co.jp/products/relatedfiles/capacitor/catalog/MHSRA-c.PDF
EMHS630ARA911MMN0S,"In Production",,MHS,-40,125,63,910,M,18,21.5,,2300,125,100kHz,,,,59,20,100kHz,590,-40,100kHz,,,,,,,0.14,20,120,,1710,,,20,125,5000,DC,,,,10.2,100,,Compliant,Compliant,https://www.chemi-con.co.jp/products/detail-condenser.php?part_number=EMHS630ARA911MMN0S,https://www.chemi-con.co.jp/en/products/detail-condenser.php?part_number=EMHS630ARA911MMN0S,https://www.chemi-con.co.jp/cn/products/detail-condenser.php?part_number=EMHS630ARA911MMN0S,https://www.chemi-con.co.jp/products/relatedfiles/capacitor/catalog/MHSRA-j.PDF,https://www.chemi-con.co.jp/products/relatedfiles/capacitor/catalog/MHSRA-e.PDF,https://www.chemi-con.co.jp/products/relatedfiles/capacitor/catalog/MHSRA-c.PDF
EMHS630ARA102MMN0S,"In Production",,MHS,-40,125,63,1000,M,18,21.5,,2300,125,100kHz,,,,59,20,100kHz,590,-40,100kHz,,,,,,,0.14,20,120,,1890,,,20,125,5000,DC,,,,10.2,100,,Compliant,Compliant,https://www.chemi-con.co.jp/products/detail-condenser.php?part_number=EMHS630ARA102MMN0S,https://www.chemi-con.co.jp/en/products/detail-condenser.php?part_number=EMHS630ARA102MMN0S,https://www.chemi-con.co.jp/cn/products/detail-condenser.php?part_number=EMHS630ARA102MMN0S,https://www.chemi-con.co.jp/products/relatedfiles/capacitor/catalog/MHSRA-j.PDF,https://www.chemi-con.co.jp/products/relatedfiles/capacitor/catalog/MHSRA-e.PDF,https://www.chemi-con.co.jp/products/relatedfiles/capacitor/catalog/MHSRA-c.PDF
EMHS630ARA112MMN0S,"In Production",,MHS,-40,125,63,1100,M,18,21.5,,2300,125,100kHz,,,,59,20,100kHz,590,-40,100kHz,,,,,,,0.14,20,120,,2070,,,20,125,5000,DC,,,,10.2,100,,Compliant,Compliant,https://www.chemi-con.co.jp/products/detail-condenser.php?part_number=EMHS630ARA112MMN0S,https://www.chemi-con.co.jp/en/products/detail-condenser.php?part_number=EMHS630ARA112MMN0S,https://www.chemi-con.co.jp/cn/products/detail-condenser.php?part_number=EMHS630ARA112MMN0S,https://www.chemi-con.co.jp/products/relatedfiles/capacitor/catalog/MHSRA-j.PDF,https://www.chemi-con.co.jp/products/relatedfiles/capacitor/catalog/MHSRA-e.PDF,https://www.chemi-con.co.jp/products/relatedfiles/capacitor/catalog/MHSRA-c.PDF
EMHS630ARA132MMN0S,"In Production",,MHS,-40,125,63,1300,M,18,21.5,,2300,125,100kHz,,,,59,20,100kHz,590,-40,100kHz,,,,,,,0.14,20,120,,2450,,,20,125,5000,DC,,,,10.2,100,,Compliant,Compliant,https://www.chemi-con.co.jp/products/detail-condenser.php?part_number=EMHS630ARA132MMN0S,https://www.chemi-con.co.jp/en/products/detail-condenser.php?part_number=EMHS630ARA132MMN0S,https://www.chemi-con.co.jp/cn/products/detail-condenser.php?part_number=EMHS630ARA132MMN0S,https://www.chemi-con.co.jp/products/relatedfiles/capacitor/catalog/MHSRA-j.PDF,https://www.chemi-con.co.jp/products/relatedfiles/capacitor/catalog/MHSRA-e.PDF,https://www.chemi-con.co.jp/products/relatedfiles/capacitor/catalog/MHSRA-c.PDF
EMHS800ARA470MHA0G,"In Production",,MHS,-40,125,80,47,M,8,10,,440,125,100kHz,,,,650,20,100kHz,8100,-40,100kHz,,,,,,,0.12,20,120,,37.6,,,20,125,2000,DC,,,,0.96,500,,Compliant,Compliant,https://www.chemi-con.co.jp/products/detail-condenser.php?part_number=EMHS800ARA470MHA0G,https://www.chemi-con.co.jp/en/products/detail-condenser.php?part_number=EMHS800ARA470MHA0G,https://www.chemi-con.co.jp/cn/products/detail-condenser.php?part_number=EMHS800ARA470MHA0G,https://www.chemi-con.co.jp/products/relatedfiles/capacitor/catalog/MHSRA-j.PDF,https://www.chemi-con.co.jp/products/relatedfiles/capacitor/catalog/MHSRA-e.PDF,https://www.chemi-con.co.jp/products/relatedfiles/capacitor/catalog/MHSRA-c.PDF
EMHS800ARA680MJA0G,"In Production",,MHS,-40,125,80,68,M,10,10,,600,125,100kHz,,,,450,20,100kHz,4600,-40,100kHz,,,,,,,0.12,20,120,,54.4,,,20,125,2000,DC,,,,1.43,500,,Compliant,Compliant,https://www.chemi-con.co.jp/products/detail-condenser.php?part_number=EMHS800ARA680MJA0G,https://www.chemi-con.co.jp/en/products/detail-condenser.php?part_number=EMHS800ARA680MJA0G,https://www.chemi-con.co.jp/cn/products/detail-condenser.php?part_number=EMHS800ARA680MJA0G,https://www.chemi-con.co.jp/products/relatedfiles/capacitor/catalog/MHSRA-j.PDF,https://www.chemi-con.co.jp/products/relatedfiles/capacitor/catalog/MHSRA-e.PDF,https://www.chemi-con.co.jp/products/relatedfiles/capacitor/catalog/MHSRA-c.PDF
EMHS800ARA820MJA0G,"In Production",,MHS,-40,125,80,82,M,10,10,,600,125,100kHz,,,,450,20,100kHz,4600,-40,100kHz,,,,,,,0.12,20,120,,65.6,,,20,125,2000,DC,,,,1.43,500,,Compliant,Compliant,https://www.chemi-con.co.jp/products/detail-condenser.php?part_number=EMHS800ARA820MJA0G,https://www.chemi-con.co.jp/en/products/detail-condenser.php?part_number=EMHS800ARA820MJA0G,https://www.chemi-con.co.jp/cn/products/detail-condenser.php?part_number=EMHS800ARA820MJA0G,https://www.chemi-con.co.jp/products/relatedfiles/capacitor/catalog/MHSRA-j.PDF,https://www.chemi-con.co.jp/products/relatedfiles/capacitor/catalog/MHSRA-e.PDF,https://www.chemi-con.co.jp/products/relatedfiles/capacitor/catalog/MHSRA-c.PDF
EMHS800ARA181MKE0S,"In Production",,MHS,-40,125,80,180,M,12.5,13.5,,920,125,100kHz,,,,170,20,100kHz,2500,-40,100kHz,,,,,,,0.12,20,120,,432,,,20,125,5000,DC,,,,2.9,250,,Compliant,Compliant,https://www.chemi-con.co.jp/products/detail-condenser.php?part_number=EMHS800ARA181MKE0S,https://www.chemi-con.co.jp/en/products/detail-condenser.php?part_number=EMHS800ARA181MKE0S,https://www.chemi-con.co.jp/cn/products/detail-condenser.php?part_number=EMHS800ARA181MKE0S,https://www.chemi-con.co.jp/products/relatedfiles/capacitor/catalog/MHSRA-j.PDF,https://www.chemi-con.co.jp/products/relatedfiles/capacitor/catalog/MHSRA-e.PDF,https://www.chemi-con.co.jp/products/relatedfiles/capacitor/catalog/MHSRA-c.PDF
EMHS800ARA241MKG5S,"In Production",,MHS,-40,125,80,240,M,12.5,16,,1030,125,100kHz,,,,130,20,100kHz,1800,-40,100kHz,,,,,,,0.12,20,120,,576,,,20,125,5000,DC,,,,3.3,200,,Compliant,Compliant,https://www.chemi-con.co.jp/products/detail-condenser.php?part_number=EMHS800ARA241MKG5S,https://www.chemi-con.co.jp/en/products/detail-condenser.php?part_number=EMHS800ARA241MKG5S,https://www.chemi-con.co.jp/cn/products/detail-condenser.php?part_number=EMHS800ARA241MKG5S,https://www.chemi-con.co.jp/products/relatedfiles/capacitor/catalog/MHSRA-j.PDF,https://www.chemi-con.co.jp/products/relatedfiles/capacitor/catalog/MHSRA-e.PDF,https://www.chemi-con.co.jp/products/relatedfiles/capacitor/catalog/MHSRA-c.PDF
EMHS800ARA271MLH0S,"In Production",,MHS,-40,125,80,270,M,16,16.5,,1640,125,100kHz,,,,98,20,100kHz,1300,-40,100kHz,,,,,,,0.12,20,120,,648,,,20,125,5000,DC,,,,6.7,175,,Compliant,Compliant,https://www.chemi-con.co.jp/products/detail-condenser.php?part_number=EMHS800ARA271MLH0S,https://www.chemi-con.co.jp/en/products/detail-condenser.php?part_number=EMHS800ARA271MLH0S,https://www.chemi-con.co.jp/cn/products/detail-condenser.php?part_number=EMHS800ARA271MLH0S,https://www.chemi-con.co.jp/products/relatedfiles/capacitor/catalog/MHSRA-j.PDF,https://www.chemi-con.co.jp/products/relatedfiles/capacitor/catalog/MHSRA-e.PDF,https://www.chemi-con.co.jp/products/relatedfiles/capacitor/catalog/MHSRA-c.PDF
EMHS800ARA361MMH0S,"In Production",,MHS,-40,125,80,360,M,18,16.5,,1720,125,100kHz,,,,91,20,100kHz,980,-40,100kHz,,,,,,,0.12,20,120,,864,,,20,125,5000,DC,,,,8.7,150,,Compliant,Compliant,https://www.chemi-con.co.jp/products/detail-condenser.php?part_number=EMHS800ARA361MMH0S,https://www.chemi-con.co.jp/en/products/detail-condenser.php?part_number=EMHS800ARA361MMH0S,https://www.chemi-con.co.jp/cn/products/detail-condenser.php?part_number=EMHS800ARA361MMH0S,https://www.chemi-con.co.jp/products/relatedfiles/capacitor/catalog/MHSRA-j.PDF,https://www.chemi-con.co.jp/products/relatedfiles/capacitor/catalog/MHSRA-e.PDF,https://www.chemi-con.co.jp/products/relatedfiles/capacitor/catalog/MHSRA-c.PDF
EMHS800ARA431MLN0S,"In Production",,MHS,-40,125,80,430,M,16,21.5,,2230,125,100kHz,,,,63,20,100kHz,800,-40,100kHz,,,,,,,0.12,20,120,,1030,,,20,125,5000,DC,,,,7.9,125,,Compliant,Compliant,https://www.chemi-con.co.jp/products/detail-condenser.php?part_number=EMHS800ARA431MLN0S,https://www.chemi-con.co.jp/en/products/detail-condenser.php?part_number=EMHS800ARA431MLN0S,https://www.chemi-con.co.jp/cn/products/detail-condenser.php?part_number=EMHS800ARA431MLN0S,https://www.chemi-con.co.jp/products/relatedfiles/capacitor/catalog/MHSRA-j.PDF,https://www.chemi-con.co.jp/products/relatedfiles/capacitor/catalog/MHSRA-e.PDF,https://www.chemi-con.co.jp/products/relatedfiles/capacitor/catalog/MHSRA-c.PDF
EMHS800ARA561MMN0S,"In Production",,MHS,-40,125,80,560,M,18,21.5,,2300,125,100kHz,,,,59,20,100kHz,590,-40,100kHz,,,,,,,0.12,20,120,,1340,,,20,125,5000,DC,,,,10.2,100,,Compliant,Compliant,https://www.chemi-con.co.jp/products/detail-condenser.php?part_number=EMHS800ARA561MMN0S,https://www.chemi-con.co.jp/en/products/detail-condenser.php?part_number=EMHS800ARA561MMN0S,https://www.chemi-con.co.jp/cn/products/detail-condenser.php?part_number=EMHS800ARA561MMN0S,https://www.chemi-con.co.jp/products/relatedfiles/capacitor/catalog/MHSRA-j.PDF,https://www.chemi-con.co.jp/products/relatedfiles/capacitor/catalog/MHSRA-e.PDF,https://www.chemi-con.co.jp/products/relatedfiles/capacitor/catalog/MHSRA-c.PDF
EMHS101ARA111MKE0S,"In Production",,MHS,-40,125,100,110,M,12.5,13.5,,920,125,100kHz,,,,170,20,100kHz,2500,-40,100kHz,,,,,,,0.1,20,120,,330,,,20,125,5000,DC,,,,2.9,250,,Compliant,Compliant,https://www.chemi-con.co.jp/products/detail-condenser.php?part_number=EMHS101ARA111MKE0S,https://www.chemi-con.co.jp/en/products/detail-condenser.php?part_number=EMHS101ARA111MKE0S,https://www.chemi-con.co.jp/cn/products/detail-condenser.php?part_number=EMHS101ARA111MKE0S,https://www.chemi-con.co.jp/products/relatedfiles/capacitor/catalog/MHSRA-j.PDF,https://www.chemi-con.co.jp/products/relatedfiles/capacitor/catalog/MHSRA-e.PDF,https://www.chemi-con.co.jp/products/relatedfiles/capacitor/catalog/MHSRA-c.PDF
EMHS101ARA151MKG5S,"In Production",,MHS,-40,125,100,150,M,12.5,16,,1030,125,100kHz,,,,130,20,100kHz,1800,-40,100kHz,,,,,,,0.1,20,120,,450,,,20,125,5000,DC,,,,3.3,200,,Compliant,Compliant,https://www.chemi-con.co.jp/products/detail-condenser.php?part_number=EMHS101ARA151MKG5S,https://www.chemi-con.co.jp/en/products/detail-condenser.php?part_number=EMHS101ARA151MKG5S,https://www.chemi-con.co.jp/cn/products/detail-condenser.php?part_number=EMHS101ARA151MKG5S,https://www.chemi-con.co.jp/products/relatedfiles/capacitor/catalog/MHSRA-j.PDF,https://www.chemi-con.co.jp/products/relatedfiles/capacitor/catalog/MHSRA-e.PDF,https://www.chemi-con.co.jp/products/relatedfiles/capacitor/catalog/MHSRA-c.PDF
EMHS101ARA161MLH0S,"In Production",,MHS,-40,125,100,160,M,16,16.5,,1640,125,100kHz,,,,98,20,100kHz,1300,-40,100kHz,,,,,,,0.1,20,120,,480,,,20,125,5000,DC,,,,6.7,175,,Compliant,Compliant,https://www.chemi-con.co.jp/products/detail-condenser.php?part_number=EMHS101ARA161MLH0S,https://www.chemi-con.co.jp/en/products/detail-condenser.php?part_number=EMHS101ARA161MLH0S,https://www.chemi-con.co.jp/cn/products/detail-condenser.php?part_number=EMHS101ARA161MLH0S,https://www.chemi-con.co.jp/products/relatedfiles/capacitor/catalog/MHSRA-j.PDF,https://www.chemi-con.co.jp/products/relatedfiles/capacitor/catalog/MHSRA-e.PDF,https://www.chemi-con.co.jp/products/relatedfiles/capacitor/catalog/MHSRA-c.PDF
EMHS101ARA201MMH0S,"In Production",,MHS,-40,125,100,200,M,18,16.5,,1720,125,100kHz,,,,91,20,100kHz,980,-40,100kHz,,,,,,,0.1,20,120,,600,,,20,125,5000,DC,,,,8.7,150,,Compliant,Compliant,https://www.chemi-con.co.jp/products/detail-condenser.php?part_number=EMHS101ARA201MMH0S,https://www.chemi-con.co.jp/en/products/detail-condenser.php?part_number=EMHS101ARA201MMH0S,https://www.chemi-con.co.jp/cn/products/detail-condenser.php?part_number=EMHS101ARA201MMH0S,https://www.chemi-con.co.jp/products/relatedfiles/capacitor/catalog/MHSRA-j.PDF,https://www.chemi-con.co.jp/products/relatedfiles/capacitor/catalog/MHSRA-e.PDF,https://www.chemi-con.co.jp/products/relatedfiles/capacitor/catalog/MHSRA-c.PDF
EMHS101ARA241MLN0S,"In Production",,MHS,-40,125,100,240,M,16,21.5,,2230,125,100kHz,,,,63,20,100kHz,800,-40,100kHz,,,,,,,0.1,20,120,,720,,,20,125,5000,DC,,,,7.9,125,,Compliant,Compliant,https://www.chemi-con.co.jp/products/detail-condenser.php?part_number=EMHS101ARA241MLN0S,https://www.chemi-con.co.jp/en/products/detail-condenser.php?part_number=EMHS101ARA241MLN0S,https://www.chemi-con.co.jp/cn/products/detail-condenser.php?part_number=EMHS101ARA241MLN0S,https://www.chemi-con.co.jp/products/relatedfiles/capacitor/catalog/MHSRA-j.PDF,https://www.chemi-con.co.jp/products/relatedfiles/capacitor/catalog/MHSRA-e.PDF,https://www.chemi-con.co.jp/products/relatedfiles/capacitor/catalog/MHSRA-c.PDF
EMHS101ARA331MMN0S,"In Production",,MHS,-40,125,100,330,M,18,21.5,,2300,125,100kHz,,,,59,20,100kHz,590,-40,100kHz,,,,,,,0.1,20,120,,990,,,20,125,5000,DC,,,,10.2,100,,Compliant,Compliant,https://www.chemi-con.co.jp/products/detail-condenser.php?part_number=EMHS101ARA331MMN0S,https://www.chemi-con.co.jp/en/products/detail-condenser.php?part_number=EMHS101ARA331MMN0S,https://www.chemi-con.co.jp/cn/products/detail-condenser.php?part_number=EMHS101ARA331MMN0S,https://www.chemi-con.co.jp/products/relatedfiles/capacitor/catalog/MHSRA-j.PDF,https://www.chemi-con.co.jp/products/relatedfiles/capacitor/catalog/MHSRA-e.PDF,https://www.chemi-con.co.jp/products/relatedfiles/capacitor/catalog/MHSRA-c.PDF
EMXB250ARA561MKE0S,"In Production",,MXB,-40,150,25,560,M,12.5,13.5,,860,150,100kHz,,,,140,20,100kHz,2100,-40,100kHz,,,,,,,0.16,20,120,,420,,,20,150,1000,DC,,,,2.9,250,,Compliant,Compliant,https://www.chemi-con.co.jp/products/detail-condenser.php?part_number=EMXB250ARA561MKE0S,https://www.chemi-con.co.jp/en/products/detail-condenser.php?part_number=EMXB250ARA561MKE0S,https://www.chemi-con.co.jp/cn/products/detail-condenser.php?part_number=EMXB250ARA561MKE0S,https://www.chemi-con.co.jp/products/relatedfiles/capacitor/catalog/MXBRA-j.PDF,https://www.chemi-con.co.jp/products/relatedfiles/capacitor/catalog/MXBRA-e.PDF,https://www.chemi-con.co.jp/products/relatedfiles/capacitor/catalog/MXBRA-c.PDF
EMXB250ARA751MKG5S,"In Production",,MXB,-40,150,25,750,M,12.5,16,,1000,150,100kHz,,,,110,20,100kHz,1500,-40,100kHz,,,,,,,0.16,20,120,,562,,,20,150,1000,DC,,,,3.3,200,,Compliant,Compliant,https://www.chemi-con.co.jp/products/detail-condenser.php?part_number=EMXB250ARA751MKG5S,https://www.chemi-con.co.jp/en/products/detail-condenser.php?part_number=EMXB250ARA751MKG5S,https://www.chemi-con.co.jp/cn/products/detail-condenser.php?part_number=EMXB250ARA751MKG5S,https://www.chemi-con.co.jp/products/relatedfiles/capacitor/catalog/MXBRA-j.PDF,https://www.chemi-con.co.jp/products/relatedfiles/capacitor/catalog/MXBRA-e.PDF,https://www.chemi-con.co.jp/products/relatedfiles/capacitor/catalog/MXBRA-c.PDF
EMXB250ARA102MLH0S,"In Production",,MXB,-40,150,25,1000,M,16,16.5,,1120,150,100kHz,,,,100,20,100kHz,1500,-40,100kHz,,,,,,,0.16,20,120,,750,,,20,150,1000,DC,,,,6.7,175,,Compliant,Compliant,https://www.chemi-con.co.jp/products/detail-condenser.php?part_number=EMXB250ARA102MLH0S,https://www.chemi-con.co.jp/en/products/detail-condenser.php?part_number=EMXB250ARA102MLH0S,https://www.chemi-con.co.jp/cn/products/detail-condenser.php?part_number=EMXB250ARA102MLH0S,https://www.chemi-con.co.jp/products/relatedfiles/capacitor/catalog/MXBRA-j.PDF,https://www.chemi-con.co.jp/products/relatedfiles/capacitor/catalog/MXBRA-e.PDF,https://www.chemi-con.co.jp/products/relatedfiles/capacitor/catalog/MXBRA-c.PDF
EMXB250ARA152MMH0S,"In Production",,MXB,-40,150,25,1500,M,18,16.5,,1210,150,100kHz,,,,100,20,100kHz,1500,-40,100kHz,,,,,,,0.16,20,120,,1120,,,20,150,1000,DC,,,,8.7,150,,Compliant,Compliant,https://www.chemi-con.co.jp/products/detail-condenser.php?part_number=EMXB250ARA152MMH0S,https://www.chemi-con.co.jp/en/products/detail-condenser.php?part_number=EMXB250ARA152MMH0S,https://www.chemi-con.co.jp/cn/products/detail-condenser.php?part_number=EMXB250ARA152MMH0S,https://www.chemi-con.co.jp/products/relatedfiles/capacitor/catalog/MXBRA-j.PDF,https://www.chemi-con.co.jp/products/relatedfiles/capacitor/catalog/MXBRA-e.PDF,https://www.chemi-con.co.jp/products/relatedfiles/capacitor/catalog/MXBRA-c.PDF
EMXB250ARA182MLN0S,"In Production",,MXB,-40,150,25,1800,M,16,21.5,,1460,150,100kHz,,,,58,20,100kHz,870,-40,100kHz,,,,,,,0.16,20,120,,1350,,,20,150,1000,DC,,,,7.9,125,,Compliant,Compliant,https://www.chemi-con.co.jp/products/detail-condenser.php?part_number=EMXB250ARA182MLN0S,https://www.chemi-con.co.jp/en/products/detail-condenser.php?part_number=EMXB250ARA182MLN0S,https://www.chemi-con.co.jp/cn/products/detail-condenser.php?part_number=EMXB250ARA182MLN0S,https://www.chemi-con.co.jp/products/relatedfiles/capacitor/catalog/MXBRA-j.PDF,https://www.chemi-con.co.jp/products/relatedfiles/capacitor/catalog/MXBRA-e.PDF,https://www.chemi-con.co.jp/products/relatedfiles/capacitor/catalog/MXBRA-c.PDF
EMXB250ARA242MMN0S,"In Production",,MXB,-40,150,25,2400,M,18,21.5,,1560,150,100kHz,,,,58,20,100kHz,870,-40,100kHz,,,,,,,0.18,20,120,,1800,,,20,150,1000,DC,,,,10.2,100,,Compliant,Compliant,https://www.chemi-con.co.jp/products/detail-condenser.php?part_number=EMXB250ARA242MMN0S,https://www.chemi-con.co.jp/en/products/detail-condenser.php?part_number=EMXB250ARA242MMN0S,https://www.chemi-con.co.jp/cn/products/detail-condenser.php?part_number=EMXB250ARA242MMN0S,https://www.chemi-con.co.jp/products/relatedfiles/capacitor/catalog/MXBRA-j.PDF,https://www.chemi-con.co.jp/products/relatedfiles/capacitor/catalog/MXBRA-e.PDF,https://www.chemi-con.co.jp/products/relatedfiles/capacitor/catalog/MXBRA-c.PDF
EMXB350ARA331MKE0S,"In Production",,MXB,-40,150,35,330,M,12.5,13.5,,670,150,100kHz,,,,270,20,100kHz,8100,-40,100kHz,,,,,,,0.14,20,120,,346,,,20,150,1000,DC,,,,2.9,250,,Compliant,Compliant,https://www.chemi-con.co.jp/products/detail-condenser.php?part_number=EMXB350ARA331MKE0S,https://www.chemi-con.co.jp/en/products/detail-condenser.php?part_number=EMXB350ARA331MKE0S,https://www.chemi-con.co.jp/cn/products/detail-condenser.php?part_number=EMXB350ARA331MKE0S,https://www.chemi-con.co.jp/products/relatedfiles/capacitor/catalog/MXBRA-j.PDF,https://www.chemi-con.co.jp/products/relatedfiles/capacitor/catalog/MXBRA-e.PDF,https://www.chemi-con.co.jp/products/relatedfiles/capacitor/catalog/MXBRA-c.PDF
EMXB350ARA391MKG5S,"In Production",,MXB,-40,150,35,390,M,12.5,16,,800,150,100kHz,,,,210,20,100kHz,6300,-40,100kHz,,,,,,,0.14,20,120,,409,,,20,150,1000,DC,,,,3.3,200,,Compliant,Compliant,https://www.chemi-con.co.jp/products/detail-condenser.php?part_number=EMXB350ARA391MKG5S,https://www.chemi-con.co.jp/en/products/detail-condenser.php?part_number=EMXB350ARA391MKG5S,https://www.chemi-con.co.jp/cn/products/detail-condenser.php?part_number=EMXB350ARA391MKG5S,https://www.chemi-con.co.jp/products/relatedfiles/capacitor/catalog/MXBRA-j.PDF,https://www.chemi-con.co.jp/products/relatedfiles/capacitor/catalog/MXBRA-e.PDF,https://www.chemi-con.co.jp/products/relatedfiles/capacitor/catalog/MXBRA-c.PDF
EMXB350ARA561MLH0S,"In Production",,MXB,-40,150,35,560,M,16,16.5,,920,150,100kHz,,,,160,20,100kHz,4800,-40,100kHz,,,,,,,0.14,20,120,,588,,,20,150,1000,DC,,,,6.7,175,,Compliant,Compliant,https://www.chemi-con.co.jp/products/detail-condenser.php?part_number=EMXB350ARA561MLH0S,https://www.chemi-con.co.jp/en/products/detail-condenser.php?part_number=EMXB350ARA561MLH0S,https://www.chemi-con.co.jp/cn/products/detail-condenser.php?part_number=EMXB350ARA561MLH0S,https://www.chemi-con.co.jp/products/relatedfiles/capacitor/catalog/MXBRA-j.PDF,https://www.chemi-con.co.jp/products/relatedfiles/capacitor/catalog/MXBRA-e.PDF,https://www.chemi-con.co.jp/products/relatedfiles/capacitor/catalog/MXBRA-c.PDF
EMXB350ARA751MMH0S,"In Production",,MXB,-40,150,35,750,M,18,16.5,,1000,150,100kHz,,,,130,20,100kHz,3900,-40,100kHz,,,,,,,0.14,20,120,,787,,,20,150,1000,DC,,,,8.7,150,,Compliant,Compliant,https://www.chemi-con.co.jp/products/detail-condenser.php?part_number=EMXB350ARA751MMH0S,https://www.chemi-con.co.jp/en/products/detail-condenser.php?part_number=EMXB350ARA751MMH0S,https://www.chemi-con.co.jp/cn/products/detail-condenser.php?part_number=EMXB350ARA751MMH0S,https://www.chemi-con.co.jp/products/relatedfiles/capacitor/catalog/MXBRA-j.PDF,https://www.chemi-con.co.jp/products/relatedfiles/capacitor/catalog/MXBRA-e.PDF,https://www.chemi-con.co.jp/products/relatedfiles/capacitor/catalog/MXBRA-c.PDF
EMXB350ARA911MLN0S,"In Production",,MXB,-40,150,35,910,M,16,21.5,,1260,150,100kHz,,,,100,20,100kHz,3000,-40,100kHz,,,,,,,0.14,20,120,,955,,,20,150,1000,DC,,,,7.9,125,,Compliant,Compliant,https://www.chemi-con.co.jp/products/detail-condenser.php?part_number=EMXB350ARA911MLN0S,https://www.chemi-con.co.jp/en/products/detail-condenser.php?part_number=EMXB350ARA911MLN0S,https://www.chemi-con.co.jp/cn/products/detail-condenser.php?part_number=EMXB350ARA911MLN0S,https://www.chemi-con.co.jp/products/relatedfiles/capacitor/catalog/MXBRA-j.PDF,https://www.chemi-con.co.jp/products/relatedfiles/capacitor/catalog/MXBRA-e.PDF,https://www.chemi-con.co.jp/products/relatedfiles/capacitor/catalog/MXBRA-c.PDF
EMXB350ARA122MMN0S,"In Production",,MXB,-40,150,35,1200,M,18,21.5,,1320,150,100kHz,,,,84,20,100kHz,1700,-40,100kHz,,,,,,,0.14,20,120,,1260,,,20,150,1000,DC,,,,10.2,100,,Compliant,Compliant,https://www.chemi-con.co.jp/products/detail-condenser.php?part_number=EMXB350ARA122MMN0S,https://www.chemi-con.co.jp/en/products/detail-condenser.php?part_number=EMXB350ARA122MMN0S,https://www.chemi-con.co.jp/cn/products/detail-condenser.php?part_number=EMXB350ARA122MMN0S,https://www.chemi-con.co.jp/products/relatedfiles/capacitor/catalog/MXBRA-j.PDF,https://www.chemi-con.co.jp/products/relatedfiles/capacitor/catalog/MXBRA-e.PDF,https://www.chemi-con.co.jp/products/relatedfiles/capacitor/catalog/MXBRA-c.PDF
EMHL100ARA101MF61G,"In Production",,MHL,-40,125,10,100,M,6.3,5.8,,110,125,100kHz,,,,1200,20,100kHz,22000,-40,100kHz,,,,,,,0.24,20,120,,10,,,20,125,2000,DC,,,,0.4,1000,,Compliant,Compliant,https://www.chemi-con.co.jp/products/detail-condenser.php?part_number=EMHL100ARA101MF61G,https://www.chemi-con.co.jp/en/products/detail-condenser.php?part_number=EMHL100ARA101MF61G,https://www.chemi-con.co.jp/cn/products/detail-condenser.php?part_number=EMHL100ARA101MF61G,https://www.chemi-con.co.jp/products/relatedfiles/capacitor/catalog/MHLRA-j.PDF,https://www.chemi-con.co.jp/products/relatedfiles/capacitor/catalog/MHLRA-e.PDF,https://www.chemi-con.co.jp/products/relatedfiles/capacitor/catalog/MHLRA-c.PDF
EMHL100ARA221MF80G,"In Production",,MHL,-40,125,10,220,M,6.3,7.7,,220,125,100kHz,,,,600,20,100kHz,12000,-40,100kHz,,,,,,,0.24,20,120,,22,,,20,125,2000,DC,,,,0.53,900,,Compliant,Compliant,https://www.chemi-con.co.jp/products/detail-condenser.php?part_number=EMHL100ARA221MF80G,https://www.chemi-con.co.jp/en/products/detail-condenser.php?part_number=EMHL100ARA221MF80G,https://www.chemi-con.co.jp/cn/products/detail-condenser.php?part_number=EMHL100ARA221MF80G,https://www.chemi-con.co.jp/products/relatedfiles/capacitor/catalog/MHLRA-j.PDF,https://www.chemi-con.co.jp/products/relatedfiles/capacitor/catalog/MHLRA-e.PDF,https://www.chemi-con.co.jp/products/relatedfiles/capacitor/catalog/MHLRA-c.PDF
EMHL100ARA331MHA0G,"In Production",,MHL,-40,125,10,330,M,8,10,,296,125,100kHz,,,,300,20,100kHz,5500,-40,100kHz,,,,,,,0.24,20,120,,33,,,20,125,4000,DC,,,,0.96,500,,Compliant,Compliant,https://www.chemi-con.co.jp/products/detail-condenser.php?part_number=EMHL100ARA331MHA0G,https://www.chemi-con.co.jp/en/products/detail-condenser.php?part_number=EMHL100ARA331MHA0G,https://www.chemi-con.co.jp/cn/products/detail-condenser.php?part_number=EMHL100ARA331MHA0G,https://www.chemi-con.co.jp/products/relatedfiles/capacitor/catalog/MHLRA-j.PDF,https://www.chemi-con.co.jp/products/relatedfiles/capacitor/catalog/MHLRA-e.PDF,https://www.chemi-con.co.jp/products/relatedfiles/capacitor/catalog/MHLRA-c.PDF
EMHL100ARA471MHA0G,"In Production",,MHL,-40,125,10,470,M,8,10,,296,125,100kHz,,,,300,20,100kHz,5500,-40,100kHz,,,,,,,0.24,20,120,,47,,,20,125,4000,DC,,,,0.96,500,,Compliant,Compliant,https://www.chemi-con.co.jp/products/detail-condenser.php?part_number=EMHL100ARA471MHA0G,https://www.chemi-con.co.jp/en/products/detail-condenser.php?part_number=EMHL100ARA471MHA0G,https://www.chemi-con.co.jp/cn/products/detail-condenser.php?part_number=EMHL100ARA471MHA0G,https://www.chemi-con.co.jp/products/relatedfiles/capacitor/catalog/MHLRA-j.PDF,https://www.chemi-con.co.jp/products/relatedfiles/capacitor/catalog/MHLRA-e.PDF,https://www.chemi-con.co.jp/products/relatedfiles/capacitor/catalog/MHLRA-c.PDF
EMHL100ARA681MJA0G,"In Production",,MHL,-40,125,10,680,M,10,10,,440,125,100kHz,,,,200,20,100kHz,3600,-40,100kHz,,,,,,,0.24,20,120,,68,,,20,125,4000,DC,,,,1.43,500,,Compliant,Compliant,https://www.chemi-con.co.jp/products/detail-condenser.php?part_number=EMHL100ARA681MJA0G,https://www.chemi-con.co.jp/en/products/detail-condenser.php?part_number=EMHL100ARA681MJA0G,https://www.chemi-con.co.jp/cn/products/detail-condenser.php?part_number=EMHL100ARA681MJA0G,https://www.chemi-con.co.jp/products/relatedfiles/capacitor/catalog/MHLRA-j.PDF,https://www.chemi-con.co.jp/products/relatedfiles/capacitor/catalog/MHLRA-e.PDF,https://www.chemi-con.co.jp/products/relatedfiles/capacitor/catalog/MHLRA-c.PDF
EMHL160ARA470MF61G,"In Production",,MHL,-40,125,16,47,M,6.3,5.8,,110,125,100kHz,,,,1200,20,100kHz,22000,-40,100kHz,,,,,,,0.2,20,120,,7.5,,,20,125,2000,DC,,,,0.4,1000,,Compliant,Compliant,https://www.chemi-con.co.jp/products/detail-condenser.php?part_number=EMHL160ARA470MF61G,https://www.chemi-con.co.jp/en/products/detail-condenser.php?part_number=EMHL160ARA470MF61G,https://www.chemi-con.co.jp/cn/products/detail-condenser.php?part_number=EMHL160ARA470MF61G,https://www.chemi-con.co.jp/products/relatedfiles/capacitor/catalog/MHLRA-j.PDF,https://www.chemi-con.co.jp/products/relatedfiles/capacitor/catalog/MHLRA-e.PDF,https://www.chemi-con.co.jp/products/relatedfiles/capacitor/catalog/MHLRA-c.PDF
EMHL160ARA101MF61G,"In Production",,MHL,-40,125,16,100,M,6.3,5.8,,110,125,100kHz,,,,1200,20,100kHz,22000,-40,100kHz,,,,,,,0.2,20,120,,16,,,20,125,2000,DC,,,,0.4,1000,,Compliant,Compliant,https://www.chemi-con.co.jp/products/detail-condenser.php?part_number=EMHL160ARA101MF61G,https://www.chemi-con.co.jp/en/products/detail-condenser.php?part_number=EMHL160ARA101MF61G,https://www.chemi-con.co.jp/cn/products/detail-condenser.php?part_number=EMHL160ARA101MF61G,https://www.chemi-con.co.jp/products/relatedfiles/capacitor/catalog/MHLRA-j.PDF,https://www.chemi-con.co.jp/products/relatedfiles/capacitor/catalog/MHLRA-e.PDF,https://www.chemi-con.co.jp/products/relatedfiles/capacitor/catalog/MHLRA-c.PDF
EMHL160ARA221MF80G,"In Production",,MHL,-40,125,16,220,M,6.3,7.7,,220,125,100kHz,,,,600,20,100kHz,12000,-40,100kHz,,,,,,,0.2,20,120,,35.2,,,20,125,2000,DC,,,,0.53,900,,Compliant,Compliant,https://www.chemi-con.co.jp/products/detail-condenser.php?part_number=EMHL160ARA221MF80G,https://www.chemi-con.co.jp/en/products/detail-condenser.php?part_number=EMHL160ARA221MF80G,https://www.chemi-con.co.jp/cn/products/detail-condenser.php?part_number=EMHL160ARA221MF80G,https://www.chemi-con.co.jp/products/relatedfiles/capacitor/catalog/MHLRA-j.PDF,https://www.chemi-con.co.jp/products/relatedfiles/capacitor/catalog/MHLRA-e.PDF,https://www.chemi-con.co.jp/products/relatedfiles/capacitor/catalog/MHLRA-c.PDF
EMHL160ARA331MHA0G,"In Production",,MHL,-40,125,16,330,M,8,10,,296,125,100kHz,,,,300,20,100kHz,5500,-40,100kHz,,,,,,,0.2,20,120,,52.8,,,20,125,4000,DC,,,,0.96,500,,Compliant,Compliant,https://www.chemi-con.co.jp/products/detail-condenser.php?part_number=EMHL160ARA331MHA0G,https://www.chemi-con.co.jp/en/products/detail-condenser.php?part_number=EMHL160ARA331MHA0G,https://www.chemi-con.co.jp/cn/products/detail-condenser.php?part_number=EMHL160ARA331MHA0G,https://www.chemi-con.co.jp/products/relatedfiles/capacitor/catalog/MHLRA-j.PDF,https://www.chemi-con.co.jp/products/relatedfiles/capacitor/catalog/MHLRA-e.PDF,https://www.chemi-con.co.jp/products/relatedfiles/capacitor/catalog/MHLRA-c.PDF
EMHL160ARA471MJA0G,"In Production",,MHL,-40,125,16,470,M,10,10,,440,125,100kHz,,,,200,20,100kHz,3600,-40,100kHz,,,,,,,0.2,20,120,,75.2,,,20,125,4000,DC,,,,1.43,500,,Compliant,Compliant,https://www.chemi-con.co.jp/products/detail-condenser.php?part_number=EMHL160ARA471MJA0G,https://www.chemi-con.co.jp/en/products/detail-condenser.php?part_number=EMHL160ARA471MJA0G,https://www.chemi-con.co.jp/cn/products/detail-condenser.php?part_number=EMHL160ARA471MJA0G,https://www.chemi-con.co.jp/products/relatedfiles/capacitor/catalog/MHLRA-j.PDF,https://www.chemi-con.co.jp/products/relatedfiles/capacitor/catalog/MHLRA-e.PDF,https://www.chemi-con.co.jp/products/relatedfiles/capacitor/catalog/MHLRA-c.PDF
EMHL160ARA681MJA0G,"In Production",,MHL,-40,125,16,680,M,10,10,,440,125,100kHz,,,,200,20,100kHz,3600,-40,100kHz,,,,,,,0.2,20,120,,108,,,20,125,4000,DC,,,,1.43,500,,Compliant,Compliant,https://www.chemi-con.co.jp/products/detail-condenser.php?part_number=EMHL160ARA681MJA0G,https://www.chemi-con.co.jp/en/products/detail-condenser.php?part_number=EMHL160ARA681MJA0G,https://www.chemi-con.co.jp/cn/products/detail-condenser.php?part_number=EMHL160ARA681MJA0G,https://www.chemi-con.co.jp/products/relatedfiles/capacitor/catalog/MHLRA-j.PDF,https://www.chemi-con.co.jp/products/relatedfiles/capacitor/catalog/MHLRA-e.PDF,https://www.chemi-con.co.jp/products/relatedfiles/capacitor/catalog/MHLRA-c.PDF
EMHL250ARA470MF61G,"In Production",,MHL,-40,125,25,47,M,6.3,5.8,,110,125,100kHz,,,,1200,20,100kHz,22000,-40,100kHz,,,,,,,0.16,20,120,,11.7,,,20,125,2000,DC,,,,0.4,1000,,Compliant,Compliant,https://www.chemi-con.co.jp/products/detail-condenser.php?part_number=EMHL250ARA470MF61G,https://www.chemi-con.co.jp/en/products/detail-condenser.php?part_number=EMHL250ARA470MF61G,https://www.chemi-con.co.jp/cn/products/detail-condenser.php?part_number=EMHL250ARA470MF61G,https://www.chemi-con.co.jp/products/relatedfiles/capacitor/catalog/MHLRA-j.PDF,https://www.chemi-con.co.jp/products/relatedfiles/capacitor/catalog/MHLRA-e.PDF,https://www.chemi-con.co.jp/products/relatedfiles/capacitor/catalog/MHLRA-c.PDF
EMHL250ARA101MF80G,"In Production",,MHL,-40,125,25,100,M,6.3,7.7,,220,125,100kHz,,,,600,20,100kHz,12000,-40,100kHz,,,,,,,0.16,20,120,,25,,,20,125,2000,DC,,,,0.53,900,,Compliant,Compliant,https://www.chemi-con.co.jp/products/detail-condenser.php?part_number=EMHL250ARA101MF80G,https://www.chemi-con.co.jp/en/products/detail-condenser.php?part_number=EMHL250ARA101MF80G,https://www.chemi-con.co.jp/cn/products/detail-condenser.php?part_number=EMHL250ARA101MF80G,https://www.chemi-con.co.jp/products/relatedfiles/capacitor/catalog/MHLRA-j.PDF,https://www.chemi-con.co.jp/products/relatedfiles/capacitor/catalog/MHLRA-e.PDF,https://www.chemi-con.co.jp/products/relatedfiles/capacitor/catalog/MHLRA-c.PDF
EMHL250ARA221MHA0G,"In Production",,MHL,-40,125,25,220,M,8,10,,296,125,100kHz,,,,300,20,100kHz,5500,-40,100kHz,,,,,,,0.16,20,120,,55,,,20,125,4000,DC,,,,0.96,500,,Compliant,Compliant,https://www.chemi-con.co.jp/products/detail-condenser.php?part_number=EMHL250ARA221MHA0G,https://www.chemi-con.co.jp/en/products/detail-condenser.php?part_number=EMHL250ARA221MHA0G,https://www.chemi-con.co.jp/cn/products/detail-condenser.php?part_number=EMHL250ARA221MHA0G,https://www.chemi-con.co.jp/products/relatedfiles/capacitor/catalog/MHLRA-j.PDF,https://www.chemi-con.co.jp/products/relatedfiles/capacitor/catalog/MHLRA-e.PDF,https://www.chemi-con.co.jp/products/relatedfiles/capacitor/catalog/MHLRA-c.PDF
EMHL250ARA331MJA0G,"In Production",,MHL,-40,125,25,330,M,10,10,,440,125,100kHz,,,,200,20,100kHz,3600,-40,100kHz,,,,,,,0.16,20,120,,82.5,,,20,125,4000,DC,,,,1.43,500,,Compliant,Compliant,https://www.chemi-con.co.jp/products/detail-condenser.php?part_number=EMHL250ARA331MJA0G,https://www.chemi-con.co.jp/en/products/detail-condenser.php?part_number=EMHL250ARA331MJA0G,https://www.chemi-con.co.jp/cn/products/detail-condenser.php?part_number=EMHL250ARA331MJA0G,https://www.chemi-con.co.jp/products/relatedfiles/capacitor/catalog/MHLRA-j.PDF,https://www.chemi-con.co.jp/products/relatedfiles/capacitor/catalog/MHLRA-e.PDF,https://www.chemi-con.co.jp/products/relatedfiles/capacitor/catalog/MHLRA-c.PDF
EMHL350ARA470MF61G,"In Production",,MHL,-40,125,35,47,M,6.3,5.8,,110,125,100kHz,,,,1200,20,100kHz,22000,-40,100kHz,,,,,,,0.14,20,120,,16.4,,,20,125,2000,DC,,,,0.4,1000,,Compliant,Compliant,https://www.chemi-con.co.jp/products/detail-condenser.php?part_number=EMHL350ARA470MF61G,https://www.chemi-con.co.jp/en/products/detail-condenser.php?part_number=EMHL350ARA470MF61G,https://www.chemi-con.co.jp/cn/products/detail-condenser.php?part_number=EMHL350ARA470MF61G,https://www.chemi-con.co.jp/products/relatedfiles/capacitor/catalog/MHLRA-j.PDF,https://www.chemi-con.co.jp/products/relatedfiles/capacitor/catalog/MHLRA-e.PDF,https://www.chemi-con.co.jp/products/relatedfiles/capacitor/catalog/MHLRA-c.PDF
EMHL350ARA101MF80G,"In Production",,MHL,-40,125,35,100,M,6.3,7.7,,220,125,100kHz,,,,600,20,100kHz,12000,-40,100kHz,,,,,,,0.14,20,120,,35,,,20,125,2000,DC,,,,0.53,900,,Compliant,Compliant,https://www.chemi-con.co.jp/products/detail-condenser.php?part_number=EMHL350ARA101MF80G,https://www.chemi-con.co.jp/en/products/detail-condenser.php?part_number=EMHL350ARA101MF80G,https://www.chemi-con.co.jp/cn/products/detail-condenser.php?part_number=EMHL350ARA101MF80G,https://www.chemi-con.co.jp/products/relatedfiles/capacitor/catalog/MHLRA-j.PDF,https://www.chemi-con.co.jp/products/relatedfiles/capacitor/catalog/MHLRA-e.PDF,https://www.chemi-con.co.jp/products/relatedfiles/capacitor/catalog/MHLRA-c.PDF
EMHL350ARA221MHA0G,"In Production",,MHL,-40,125,35,220,M,8,10,,296,125,100kHz,,,,300,20,100kHz,5500,-40,100kHz,,,,,,,0.14,20,120,,77,,,20,125,4000,DC,,,,0.96,500,,Compliant,Compliant,https://www.chemi-con.co.jp/products/detail-condenser.php?part_number=EMHL350ARA221MHA0G,https://www.chemi-con.co.jp/en/products/detail-condenser.php?part_number=EMHL350ARA221MHA0G,https://www.chemi-con.co.jp/cn/products/detail-condenser.php?part_number=EMHL350ARA221MHA0G,https://www.chemi-con.co.jp/products/relatedfiles/capacitor/catalog/MHLRA-j.PDF,https://www.chemi-con.co.jp/products/relatedfiles/capacitor/catalog/MHLRA-e.PDF,https://www.chemi-con.co.jp/products/relatedfiles/capacitor/catalog/MHLRA-c.PDF
EMHL350ARA331MJA0G,"In Production",,MHL,-40,125,35,330,M,10,10,,440,125,100kHz,,,,200,20,100kHz,3600,-40,100kHz,,,,,,,0.14,20,120,,115,,,20,125,4000,DC,,,,1.43,500,,Compliant,Compliant,https://www.chemi-con.co.jp/products/detail-condenser.php?part_number=EMHL350ARA331MJA0G,https://www.chemi-con.co.jp/en/products/detail-condenser.php?part_number=EMHL350ARA331MJA0G,https://www.chemi-con.co.jp/cn/products/detail-condenser.php?part_number=EMHL350ARA331MJA0G,https://www.chemi-con.co.jp/products/relatedfiles/capacitor/catalog/MHLRA-j.PDF,https://www.chemi-con.co.jp/products/relatedfiles/capacitor/catalog/MHLRA-e.PDF,https://www.chemi-con.co.jp/products/relatedfiles/capacitor/catalog/MHLRA-c.PDF
EMHB100ARA331MHA0G,"In Production",,MHB,-40,125,10,330,M,8,10,,240,125,"100k to 400kHz",,,,300,20,"100k to 400kHz",3000,-40,"100k to 400kHz",,,,,,,0.24,20,120,,33,,,20,125,2000,DC,,,,0.96,500,,Compliant,Compliant,https://www.chemi-con.co.jp/products/detail-condenser.php?part_number=EMHB100ARA331MHA0G,https://www.chemi-con.co.jp/en/products/detail-condenser.php?part_number=EMHB100ARA331MHA0G,https://www.chemi-con.co.jp/cn/products/detail-condenser.php?part_number=EMHB100ARA331MHA0G,https://www.chemi-con.co.jp/products/relatedfiles/capacitor/catalog/MHBRA-j.PDF,https://www.chemi-con.co.jp/products/relatedfiles/capacitor/catalog/MHBRA-e.PDF,https://www.chemi-con.co.jp/products/relatedfiles/capacitor/catalog/MHBRA-c.PDF
EMHB100ARA471MJA0G,"In Production",,MHB,-40,125,10,470,M,10,10,,330,125,"100k to 400kHz",,,,200,20,"100k to 400kHz",2000,-40,"100k to 400kHz",,,,,,,0.24,20,120,,47,,,20,125,2000,DC,,,,1.43,500,,Compliant,Compliant,https://www.chemi-con.co.jp/products/detail-condenser.php?part_number=EMHB100ARA471MJA0G,https://www.chemi-con.co.jp/en/products/detail-condenser.php?part_number=EMHB100ARA471MJA0G,https://www.chemi-con.co.jp/cn/products/detail-condenser.php?part_number=EMHB100ARA471MJA0G,https://www.chemi-con.co.jp/products/relatedfiles/capacitor/catalog/MHBRA-j.PDF,https://www.chemi-con.co.jp/products/relatedfiles/capacitor/catalog/MHBRA-e.PDF,https://www.chemi-con.co.jp/products/relatedfiles/capacitor/catalog/MHBRA-c.PDF
EMHB160ARA101MHA0G,"In Production",,MHB,-40,125,16,100,M,8,10,,240,125,"100k to 400kHz",,,,300,20,"100k to 400kHz",3000,-40,"100k to 400kHz",,,,,,,0.2,20,120,,16,,,20,125,2000,DC,,,,0.96,500,,Compliant,Compliant,https://www.chemi-con.co.jp/products/detail-condenser.php?part_number=EMHB160ARA101MHA0G,https://www.chemi-con.co.jp/en/products/detail-condenser.php?part_number=EMHB160ARA101MHA0G,https://www.chemi-con.co.jp/cn/products/detail-condenser.php?part_number=EMHB160ARA101MHA0G,https://www.chemi-con.co.jp/products/relatedfiles/capacitor/catalog/MHBRA-j.PDF,https://www.chemi-con.co.jp/products/relatedfiles/capacitor/catalog/MHBRA-e.PDF,https://www.chemi-con.co.jp/products/relatedfiles/capacitor/catalog/MHBRA-c.PDF
EMHB160ARA221MHA0G,"In Production",,MHB,-40,125,16,220,M,8,10,,240,125,"100k to 400kHz",,,,300,20,"100k to 400kHz",3000,-40,"100k to 400kHz",,,,,,,0.2,20,120,,35.2,,,20,125,2000,DC,,,,0.96,500,,Compliant,Compliant,https://www.chemi-con.co.jp/products/detail-condenser.php?part_number=EMHB160ARA221MHA0G,https://www.chemi-con.co.jp/en/products/detail-condenser.php?part_number=EMHB160ARA221MHA0G,https://www.chemi-con.co.jp/cn/products/detail-condenser.php?part_number=EMHB160ARA221MHA0G,https://www.chemi-con.co.jp/products/relatedfiles/capacitor/catalog/MHBRA-j.PDF,https://www.chemi-con.co.jp/products/relatedfiles/capacitor/catalog/MHBRA-e.PDF,https://www.chemi-con.co.jp/products/relatedfiles/capacitor/catalog/MHBRA-c.PDF
EMHB250ARA101MHA0G,"In Production",,MHB,-40,125,25,100,M,8,10,,240,125,"100k to 400kHz",,,,300,20,"100k to 400kHz",3000,-40,"100k to 400kHz",,,,,,,0.16,20,120,,25,,,20,125,2000,DC,,,,0.96,500,,Compliant,Compliant,https://www.chemi-con.co.jp/products/detail-condenser.php?part_number=EMHB250ARA101MHA0G,https://www.chemi-con.co.jp/en/products/detail-condenser.php?part_number=EMHB250ARA101MHA0G,https://www.chemi-con.co.jp/cn/products/detail-condenser.php?part_number=EMHB250ARA101MHA0G,https://www.chemi-con.co.jp/products/relatedfiles/capacitor/catalog/MHBRA-j.PDF,https://www.chemi-con.co.jp/products/relatedfiles/capacitor/catalog/MHBRA-e.PDF,https://www.chemi-con.co.jp/products/relatedfiles/capacitor/catalog/MHBRA-c.PDF
EMHB250ARA221MHA0G,"In Production",,MHB,-40,125,25,220,M,8,10,,240,125,"100k to 400kHz",,,,300,20,"100k to 400kHz",3000,-40,"100k to 400kHz",,,,,,,0.16,20,120,,55,,,20,125,2000,DC,,,,0.96,500,,Compliant,Compliant,https://www.chemi-con.co.jp/products/detail-condenser.php?part_number=EMHB250ARA221MHA0G,https://www.chemi-con.co.jp/en/products/detail-condenser.php?part_number=EMHB250ARA221MHA0G,https://www.chemi-con.co.jp/cn/products/detail-condenser.php?part_number=EMHB250ARA221MHA0G,https://www.chemi-con.co.jp/products/relatedfiles/capacitor/catalog/MHBRA-j.PDF,https://www.chemi-con.co.jp/products/relatedfiles/capacitor/catalog/MHBRA-e.PDF,https://www.chemi-con.co.jp/products/relatedfiles/capacitor/catalog/MHBRA-c.PDF
EMHB250ARA331MJA0G,"In Production",,MHB,-40,125,25,330,M,10,10,,330,125,"100k to 400kHz",,,,200,20,"100k to 400kHz",2000,-40,"100k to 400kHz",,,,,,,0.16,20,120,,82.5,,,20,125,2000,DC,,,,1.43,500,,Compliant,Compliant,https://www.chemi-con.co.jp/products/detail-condenser.php?part_number=EMHB250ARA331MJA0G,https://www.chemi-con.co.jp/en/products/detail-condenser.php?part_number=EMHB250ARA331MJA0G,https://www.chemi-con.co.jp/cn/products/detail-condenser.php?part_number=EMHB250ARA331MJA0G,https://www.chemi-con.co.jp/products/relatedfiles/capacitor/catalog/MHBRA-j.PDF,https://www.chemi-con.co.jp/products/relatedfiles/capacitor/catalog/MHBRA-e.PDF,https://www.chemi-con.co.jp/products/relatedfiles/capacitor/catalog/MHBRA-c.PDF
EMHB250ARA821MKE0S,"In Production",,MHB,-40,125,25,820,M,12.5,13.5,,1320,125,"100k to 400kHz",,,,60,20,"100k to 400kHz",300,-40,"100k to 400kHz",,,,,,,0.14,20,120,,615,,,20,125,1500,DC+Ripple,,,,2.9,250,,Compliant,Compliant,https://www.chemi-con.co.jp/products/detail-condenser.php?part_number=EMHB250ARA821MKE0S,https://www.chemi-con.co.jp/en/products/detail-condenser.php?part_number=EMHB250ARA821MKE0S,https://www.chemi-con.co.jp/cn/products/detail-condenser.php?part_number=EMHB250ARA821MKE0S,https://www.chemi-con.co.jp/products/relatedfiles/capacitor/catalog/MHBRA-j.PDF,https://www.chemi-con.co.jp/products/relatedfiles/capacitor/catalog/MHBRA-e.PDF,https://www.chemi-con.co.jp/products/relatedfiles/capacitor/catalog/MHBRA-c.PDF
EMHB250ARA112MKG5S,"In Production",,MHB,-40,125,25,1100,M,12.5,16,,1470,125,"100k to 400kHz",,,,56,20,"100k to 400kHz",280,-40,"100k to 400kHz",,,,,,,0.14,20,120,,825,,,20,125,1500,DC+Ripple,,,,3.3,200,,Compliant,Compliant,https://www.chemi-con.co.jp/products/detail-condenser.php?part_number=EMHB250ARA112MKG5S,https://www.chemi-con.co.jp/en/products/detail-condenser.php?part_number=EMHB250ARA112MKG5S,https://www.chemi-con.co.jp/cn/products/detail-condenser.php?part_number=EMHB250ARA112MKG5S,https://www.chemi-con.co.jp/products/relatedfiles/capacitor/catalog/MHBRA-j.PDF,https://www.chemi-con.co.jp/products/relatedfiles/capacitor/catalog/MHBRA-e.PDF,https://www.chemi-con.co.jp/products/relatedfiles/capacitor/catalog/MHBRA-c.PDF
EMHB250ATR152MKN0S,"In Production",,MHB,-40,125,25,1500,M,12.5,21.5,,1620,125,"100k to 400kHz",,,,44,20,"100k to 400kHz",220,-40,"100k to 400kHz",,,,,,,0.14,20,120,,1120,,,20,125,3000,DC+Ripple,,,,4.1,150,,Compliant,Compliant,https://www.chemi-con.co.jp/products/detail-condenser.php?part_number=EMHB250ATR152MKN0S,https://www.chemi-con.co.jp/en/products/detail-condenser.php?part_number=EMHB250ATR152MKN0S,https://www.chemi-con.co.jp/cn/products/detail-condenser.php?part_number=EMHB250ATR152MKN0S,https://www.chemi-con.co.jp/products/relatedfiles/capacitor/catalog/MHBTR-j.PDF,https://www.chemi-con.co.jp/products/relatedfiles/capacitor/catalog/MHBTR-e.PDF,https://www.chemi-con.co.jp/products/relatedfiles/capacitor/catalog/MHBTR-c.PDF
EMHB250ARA162MLH0S,"In Production",,MHB,-40,125,25,1600,M,16,16.5,,1820,125,"100k to 400kHz",,,,47,20,"100k to 400kHz",240,-40,"100k to 400kHz",,,,,,,0.14,20,120,,1200,,,20,125,2000,DC+Ripple,,,,6.7,175,,Compliant,Compliant,https://www.chemi-con.co.jp/products/detail-condenser.php?part_number=EMHB250ARA162MLH0S,https://www.chemi-con.co.jp/en/products/detail-condenser.php?part_number=EMHB250ARA162MLH0S,https://www.chemi-con.co.jp/cn/products/detail-condenser.php?part_number=EMHB250ARA162MLH0S,https://www.chemi-con.co.jp/products/relatedfiles/capacitor/catalog/MHBRA-j.PDF,https://www.chemi-con.co.jp/products/relatedfiles/capacitor/catalog/MHBRA-e.PDF,https://www.chemi-con.co.jp/products/relatedfiles/capacitor/catalog/MHBRA-c.PDF
EMHB250ARA222MMH0S,"In Production",,MHB,-40,125,25,2200,M,18,16.5,,2000,125,"100k to 400kHz",,,,45,20,"100k to 400kHz",230,-40,"100k to 400kHz",,,,,,,0.16,20,120,,1650,,,20,125,2000,DC+Ripple,,,,8.7,150,,Compliant,Compliant,https://www.chemi-con.co.jp/products/detail-condenser.php?part_number=EMHB250ARA222MMH0S,https://www.chemi-con.co.jp/en/products/detail-condenser.php?part_number=EMHB250ARA222MMH0S,https://www.chemi-con.co.jp/cn/products/detail-condenser.php?part_number=EMHB250ARA222MMH0S,https://www.chemi-con.co.jp/products/relatedfiles/capacitor/catalog/MHBRA-j.PDF,https://www.chemi-con.co.jp/products/relatedfiles/capacitor/catalog/MHBRA-e.PDF,https://www.chemi-con.co.jp/products/relatedfiles/capacitor/catalog/MHBRA-c.PDF
EMHB250ARA272MLN0S,"In Production",,MHB,-40,125,25,2700,M,16,21.5,,2280,125,"100k to 400kHz",,,,34,20,"100k to 400kHz",170,-40,"100k to 400kHz",,,,,,,0.16,20,120,,2020,,,20,125,3000,DC+Ripple,,,,7.9,125,,Compliant,Compliant,https://www.chemi-con.co.jp/products/detail-condenser.php?part_number=EMHB250ARA272MLN0S,https://www.chemi-con.co.jp/en/products/detail-condenser.php?part_number=EMHB250ARA272MLN0S,https://www.chemi-con.co.jp/cn/products/detail-condenser.php?part_number=EMHB250ARA272MLN0S,https://www.chemi-con.co.jp/products/relatedfiles/capacitor/catalog/MHBRA-j.PDF,https://www.chemi-con.co.jp/products/relatedfiles/capacitor/catalog/MHBRA-e.PDF,https://www.chemi-con.co.jp/products/relatedfiles/capacitor/catalog/MHBRA-c.PDF
EMHB250ARA332MMN0S,"In Production",,MHB,-40,125,25,3300,M,18,21.5,,2490,125,"100k to 400kHz",,,,32,20,"100k to 400kHz",160,-40,"100k to 400kHz",,,,,,,0.18,20,120,,2470,,,20,125,3000,DC+Ripple,,,,10.2,100,,Compliant,Compliant,https://www.chemi-con.co.jp/products/detail-condenser.php?part_number=EMHB250ARA332MMN0S,https://www.chemi-con.co.jp/en/products/detail-condenser.php?part_number=EMHB250ARA332MMN0S,https://www.chemi-con.co.jp/cn/products/detail-condenser.php?part_number=EMHB250ARA332MMN0S,https://www.chemi-con.co.jp/products/relatedfiles/capacitor/catalog/MHBRA-j.PDF,https://www.chemi-con.co.jp/products/relatedfiles/capacitor/catalog/MHBRA-e.PDF,https://www.chemi-con.co.jp/products/relatedfiles/capacitor/catalog/MHBRA-c.PDF
EMHB350ARA470MHA0G,"In Production",,MHB,-40,125,35,47,M,8,10,,240,125,"100k to 400kHz",,,,300,20,"100k to 400kHz",3000,-40,"100k to 400kHz",,,,,,,0.14,20,120,,16.4,,,20,125,2000,DC,,,,0.96,500,,Compliant,Compliant,https://www.chemi-con.co.jp/products/detail-condenser.php?part_number=EMHB350ARA470MHA0G,https://www.chemi-con.co.jp/en/products/detail-condenser.php?part_number=EMHB350ARA470MHA0G,https://www.chemi-con.co.jp/cn/products/detail-condenser.php?part_number=EMHB350ARA470MHA0G,https://www.chemi-con.co.jp/products/relatedfiles/capacitor/catalog/MHBRA-j.PDF,https://www.chemi-con.co.jp/products/relatedfiles/capacitor/catalog/MHBRA-e.PDF,https://www.chemi-con.co.jp/products/relatedfiles/capacitor/catalog/MHBRA-c.PDF
EMHB350ARA101MHA0G,"In Production",,MHB,-40,125,35,100,M,8,10,,240,125,"100k to 400kHz",,,,300,20,"100k to 400kHz",3000,-40,"100k to 400kHz",,,,,,,0.14,20,120,,35,,,20,125,2000,DC,,,,0.96,500,,Compliant,Compliant,https://www.chemi-con.co.jp/products/detail-condenser.php?part_number=EMHB350ARA101MHA0G,https://www.chemi-con.co.jp/en/products/detail-condenser.php?part_number=EMHB350ARA101MHA0G,https://www.chemi-con.co.jp/cn/products/detail-condenser.php?part_number=EMHB350ARA101MHA0G,https://www.chemi-con.co.jp/products/relatedfiles/capacitor/catalog/MHBRA-j.PDF,https://www.chemi-con.co.jp/products/relatedfiles/capacitor/catalog/MHBRA-e.PDF,https://www.chemi-con.co.jp/products/relatedfiles/capacitor/catalog/MHBRA-c.PDF
EMHB350ARA101MJA0G,"In Production",,MHB,-40,125,35,100,M,10,10,,330,125,"100k to 400kHz",,,,200,20,"100k to 400kHz",2000,-40,"100k to 400kHz",,,,,,,0.14,20,120,,35,,,20,125,2000,DC,,,,1.43,500,,Compliant,Compliant,https://www.chemi-con.co.jp/products/detail-condenser.php?part_number=EMHB350ARA101MJA0G,https://www.chemi-con.co.jp/en/products/detail-condenser.php?part_number=EMHB350ARA101MJA0G,https://www.chemi-con.co.jp/cn/products/detail-condenser.php?part_number=EMHB350ARA101MJA0G,https://www.chemi-con.co.jp/products/relatedfiles/capacitor/catalog/MHBRA-j.PDF,https://www.chemi-con.co.jp/products/relatedfiles/capacitor/catalog/MHBRA-e.PDF,https://www.chemi-con.co.jp/products/relatedfiles/capacitor/catalog/MHBRA-c.PDF
EMHB350ARA221MJA0G,"In Production",,MHB,-40,125,35,220,M,10,10,,330,125,"100k to 400kHz",,,,200,20,"100k to 400kHz",2000,-40,"100k to 400kHz",,,,,,,0.14,20,120,,77,,,20,125,2000,DC,,,,1.43,500,,Compliant,Compliant,https://www.chemi-con.co.jp/products/detail-condenser.php?part_number=EMHB350ARA221MJA0G,https://www.chemi-con.co.jp/en/products/detail-condenser.php?part_number=EMHB350ARA221MJA0G,https://www.chemi-con.co.jp/cn/products/detail-condenser.php?part_number=EMHB350ARA221MJA0G,https://www.chemi-con.co.jp/products/relatedfiles/capacitor/catalog/MHBRA-j.PDF,https://www.chemi-con.co.jp/products/relatedfiles/capacitor/catalog/MHBRA-e.PDF,https://www.chemi-con.co.jp/products/relatedfiles/capacitor/catalog/MHBRA-c.PDF
EMHB350ARA561MKE0S,"In Production",,MHB,-40,125,35,560,M,12.5,13.5,,1320,125,"100k to 400kHz",,,,60,20,"100k to 400kHz",300,-40,"100k to 400kHz",,,,,,,0.12,20,120,,588,,,20,125,1500,DC+Ripple,,,,2.9,250,,Compliant,Compliant,https://www.chemi-con.co.jp/products/detail-condenser.php?part_number=EMHB350ARA561MKE0S,https://www.chemi-con.co.jp/en/products/detail-condenser.php?part_number=EMHB350ARA561MKE0S,https://www.chemi-con.co.jp/cn/products/detail-condenser.php?part_number=EMHB350ARA561MKE0S,https://www.chemi-con.co.jp/products/relatedfiles/capacitor/catalog/MHBRA-j.PDF,https://www.chemi-con.co.jp/products/relatedfiles/capacitor/catalog/MHBRA-e.PDF,https://www.chemi-con.co.jp/products/relatedfiles/capacitor/catalog/MHBRA-c.PDF
EMHB350ARA681MKG5S,"In Production",,MHB,-40,125,35,680,M,12.5,16,,1470,125,"100k to 400kHz",,,,56,20,"100k to 400kHz",280,-40,"100k to 400kHz",,,,,,,0.12,20,120,,714,,,20,125,1500,DC+Ripple,,,,3.3,200,,Compliant,Compliant,https://www.chemi-con.co.jp/products/detail-condenser.php?part_number=EMHB350ARA681MKG5S,https://www.chemi-con.co.jp/en/products/detail-condenser.php?part_number=EMHB350ARA681MKG5S,https://www.chemi-con.co.jp/cn/products/detail-condenser.php?part_number=EMHB350ARA681MKG5S,https://www.chemi-con.co.jp/products/relatedfiles/capacitor/catalog/MHBRA-j.PDF,https://www.chemi-con.co.jp/products/relatedfiles/capacitor/catalog/MHBRA-e.PDF,https://www.chemi-con.co.jp/products/relatedfiles/capacitor/catalog/MHBRA-c.PDF
EMHB350ATR911MKN0S,"In Production",,MHB,-40,125,35,910,M,12.5,21.5,,1620,125,"100k to 400kHz",,,,44,20,"100k to 400kHz",220,-40,"100k to 400kHz",,,,,,,0.12,20,120,,955,,,20,125,3000,DC+Ripple,,,,4.1,150,,Compliant,Compliant,https://www.chemi-con.co.jp/products/detail-condenser.php?part_number=EMHB350ATR911MKN0S,https://www.chemi-con.co.jp/en/products/detail-condenser.php?part_number=EMHB350ATR911MKN0S,https://www.chemi-con.co.jp/cn/products/detail-condenser.php?part_number=EMHB350ATR911MKN0S,https://www.chemi-con.co.jp/products/relatedfiles/capacitor/catalog/MHBTR-j.PDF,https://www.chemi-con.co.jp/products/relatedfiles/capacitor/catalog/MHBTR-e.PDF,https://www.chemi-con.co.jp/products/relatedfiles/capacitor/catalog/MHBTR-c.PDF
EMHB350ARA102MLH0S,"In Production",,MHB,-40,125,35,1000,M,16,16.5,,1820,125,"100k to 400kHz",,,,47,20,"100k to 400kHz",240,-40,"100k to 400kHz",,,,,,,0.12,20,120,,1050,,,20,125,2000,DC+Ripple,,,,6.7,175,,Compliant,Compliant,https://www.chemi-con.co.jp/products/detail-condenser.php?part_number=EMHB350ARA102MLH0S,https://www.chemi-con.co.jp/en/products/detail-condenser.php?part_number=EMHB350ARA102MLH0S,https://www.chemi-con.co.jp/cn/products/detail-condenser.php?part_number=EMHB350ARA102MLH0S,https://www.chemi-con.co.jp/products/relatedfiles/capacitor/catalog/MHBRA-j.PDF,https://www.chemi-con.co.jp/products/relatedfiles/capacitor/catalog/MHBRA-e.PDF,https://www.chemi-con.co.jp/products/relatedfiles/capacitor/catalog/MHBRA-c.PDF
EMHB350ARA132MMH0S,"In Production",,MHB,-40,125,35,1300,M,18,16.5,,2000,125,"100k to 400kHz",,,,45,20,"100k to 400kHz",230,-40,"100k to 400kHz",,,,,,,0.12,20,120,,1360,,,20,125,2000,DC+Ripple,,,,8.7,150,,Compliant,Compliant,https://www.chemi-con.co.jp/products/detail-condenser.php?part_number=EMHB350ARA132MMH0S,https://www.chemi-con.co.jp/en/products/detail-condenser.php?part_number=EMHB350ARA132MMH0S,https://www.chemi-con.co.jp/cn/products/detail-condenser.php?part_number=EMHB350ARA132MMH0S,https://www.chemi-con.co.jp/products/relatedfiles/capacitor/catalog/MHBRA-j.PDF,https://www.chemi-con.co.jp/products/relatedfiles/capacitor/catalog/MHBRA-e.PDF,https://www.chemi-con.co.jp/products/relatedfiles/capacitor/catalog/MHBRA-c.PDF
EMHB350ARA162MLN0S,"In Production",,MHB,-40,125,35,1600,M,16,21.5,,2280,125,"100k to 400kHz",,,,34,20,"100k to 400kHz",170,-40,"100k to 400kHz",,,,,,,0.12,20,120,,1680,,,20,125,3000,DC+Ripple,,,,7.9,125,,Compliant,Compliant,https://www.chemi-con.co.jp/products/detail-condenser.php?part_number=EMHB350ARA162MLN0S,https://www.chemi-con.co.jp/en/products/detail-condenser.php?part_number=EMHB350ARA162MLN0S,https://www.chemi-con.co.jp/cn/products/detail-condenser.php?part_number=EMHB350ARA162MLN0S,https://www.chemi-con.co.jp/products/relatedfiles/capacitor/catalog/MHBRA-j.PDF,https://www.chemi-con.co.jp/products/relatedfiles/capacitor/catalog/MHBRA-e.PDF,https://www.chemi-con.co.jp/products/relatedfiles/capacitor/catalog/MHBRA-c.PDF
EMHB350ARA222MMN0S,"In Production",,MHB,-40,125,35,2200,M,18,21.5,,2490,125,"100k to 400kHz",,,,32,20,"100k to 400kHz",160,-40,"100k to 400kHz",,,,,,,0.14,20,120,,2310,,,20,125,3000,DC+Ripple,,,,10.2,100,,Compliant,Compliant,https://www.chemi-con.co.jp/products/detail-condenser.php?part_number=EMHB350ARA222MMN0S,https://www.chemi-con.co.jp/en/products/detail-condenser.php?part_number=EMHB350ARA222MMN0S,https://www.chemi-con.co.jp/cn/products/detail-condenser.php?part_number=EMHB350ARA222MMN0S,https://www.chemi-con.co.jp/products/relatedfiles/capacitor/catalog/MHBRA-j.PDF,https://www.chemi-con.co.jp/products/relatedfiles/capacitor/catalog/MHBRA-e.PDF,https://www.chemi-con.co.jp/products/relatedfiles/capacitor/catalog/MHBRA-c.PDF
EMHB500ARA271MKE0S,"In Production",,MHB,-40,125,50,270,M,12.5,13.5,,980,125,"100k to 400kHz",,,,110,20,"100k to 400kHz",550,-40,"100k to 400kHz",,,,,,,0.1,20,120,,405,,,20,125,1500,DC+Ripple,,,,2.9,250,,Compliant,Compliant,https://www.chemi-con.co.jp/products/detail-condenser.php?part_number=EMHB500ARA271MKE0S,https://www.chemi-con.co.jp/en/products/detail-condenser.php?part_number=EMHB500ARA271MKE0S,https://www.chemi-con.co.jp/cn/products/detail-condenser.php?part_number=EMHB500ARA271MKE0S,https://www.chemi-con.co.jp/products/relatedfiles/capacitor/catalog/MHBRA-j.PDF,https://www.chemi-con.co.jp/products/relatedfiles/capacitor/catalog/MHBRA-e.PDF,https://www.chemi-con.co.jp/products/relatedfiles/capacitor/catalog/MHBRA-c.PDF
EMHB500ARA361MKG5S,"In Production",,MHB,-40,125,50,360,M,12.5,16,,1090,125,"100k to 400kHz",,,,100,20,"100k to 400kHz",500,-40,"100k to 400kHz",,,,,,,0.1,20,120,,540,,,20,125,1500,DC+Ripple,,,,3.3,200,,Compliant,Compliant,https://www.chemi-con.co.jp/products/detail-condenser.php?part_number=EMHB500ARA361MKG5S,https://www.chemi-con.co.jp/en/products/detail-condenser.php?part_number=EMHB500ARA361MKG5S,https://www.chemi-con.co.jp/cn/products/detail-condenser.php?part_number=EMHB500ARA361MKG5S,https://www.chemi-con.co.jp/products/relatedfiles/capacitor/catalog/MHBRA-j.PDF,https://www.chemi-con.co.jp/products/relatedfiles/capacitor/catalog/MHBRA-e.PDF,https://www.chemi-con.co.jp/products/relatedfiles/capacitor/catalog/MHBRA-c.PDF
EMHB500ATR471MKN0S,"In Production",,MHB,-40,125,50,470,M,12.5,21.5,,1200,125,"100k to 400kHz",,,,76,20,"100k to 400kHz",380,-40,"100k to 400kHz",,,,,,,0.1,20,120,,705,,,20,125,3000,DC+Ripple,,,,4.1,150,,Compliant,Compliant,https://www.chemi-con.co.jp/products/detail-condenser.php?part_number=EMHB500ATR471MKN0S,https://www.chemi-con.co.jp/en/products/detail-condenser.php?part_number=EMHB500ATR471MKN0S,https://www.chemi-con.co.jp/cn/products/detail-condenser.php?part_number=EMHB500ATR471MKN0S,https://www.chemi-con.co.jp/products/relatedfiles/capacitor/catalog/MHBTR-j.PDF,https://www.chemi-con.co.jp/products/relatedfiles/capacitor/catalog/MHBTR-e.PDF,https://www.chemi-con.co.jp/products/relatedfiles/capacitor/catalog/MHBTR-c.PDF
EMHB500ARA511MLH0S,"In Production",,MHB,-40,125,50,510,M,16,16.5,,1320,125,"100k to 400kHz",,,,87,20,"100k to 400kHz",440,-40,"100k to 400kHz",,,,,,,0.1,20,120,,765,,,20,125,2000,DC+Ripple,,,,6.7,175,,Compliant,Compliant,https://www.chemi-con.co.jp/products/detail-condenser.php?part_number=EMHB500ARA511MLH0S,https://www.chemi-con.co.jp/en/products/detail-condenser.php?part_number=EMHB500ARA511MLH0S,https://www.chemi-con.co.jp/cn/products/detail-condenser.php?part_number=EMHB500ARA511MLH0S,https://www.chemi-con.co.jp/products/relatedfiles/capacitor/catalog/MHBRA-j.PDF,https://www.chemi-con.co.jp/products/relatedfiles/capacitor/catalog/MHBRA-e.PDF,https://www.chemi-con.co.jp/products/relatedfiles/capacitor/catalog/MHBRA-c.PDF
EMHB500ARA681MMH0S,"In Production",,MHB,-40,125,50,680,M,18,16.5,,1420,125,"100k to 400kHz",,,,87,20,"100k to 400kHz",440,-40,"100k to 400kHz",,,,,,,0.1,20,120,,1020,,,20,125,2000,DC+Ripple,,,,8.7,150,,Compliant,Compliant,https://www.chemi-con.co.jp/products/detail-condenser.php?part_number=EMHB500ARA681MMH0S,https://www.chemi-con.co.jp/en/products/detail-condenser.php?part_number=EMHB500ARA681MMH0S,https://www.chemi-con.co.jp/cn/products/detail-condenser.php?part_number=EMHB500ARA681MMH0S,https://www.chemi-con.co.jp/products/relatedfiles/capacitor/catalog/MHBRA-j.PDF,https://www.chemi-con.co.jp/products/relatedfiles/capacitor/catalog/MHBRA-e.PDF,https://www.chemi-con.co.jp/products/relatedfiles/capacitor/catalog/MHBRA-c.PDF
EMHB500ARA821MLN0S,"In Production",,MHB,-40,125,50,820,M,16,21.5,,2040,125,"100k to 400kHz",,,,50,20,"100k to 400kHz",250,-40,"100k to 400kHz",,,,,,,0.1,20,120,,1230,,,20,125,3000,DC+Ripple,,,,7.9,125,,Compliant,Compliant,https://www.chemi-con.co.jp/products/detail-condenser.php?part_number=EMHB500ARA821MLN0S,https://www.chemi-con.co.jp/en/products/detail-condenser.php?part_number=EMHB500ARA821MLN0S,https://www.chemi-con.co.jp/cn/products/detail-condenser.php?part_number=EMHB500ARA821MLN0S,https://www.chemi-con.co.jp/products/relatedfiles/capacitor/catalog/MHBRA-j.PDF,https://www.chemi-con.co.jp/products/relatedfiles/capacitor/catalog/MHBRA-e.PDF,https://www.chemi-con.co.jp/products/relatedfiles/capacitor/catalog/MHBRA-c.PDF
EMHB500ARA112MMN0S,"In Production",,MHB,-40,125,50,1100,M,18,21.5,,2240,125,"100k to 400kHz",,,,50,20,"100k to 400kHz",250,-40,"100k to 400kHz",,,,,,,0.1,20,120,,1650,,,20,125,3000,DC+Ripple,,,,10.2,100,,Compliant,Compliant,https://www.chemi-con.co.jp/products/detail-condenser.php?part_number=EMHB500ARA112MMN0S,https://www.chemi-con.co.jp/en/products/detail-condenser.php?part_number=EMHB500ARA112MMN0S,https://www.chemi-con.co.jp/cn/products/detail-condenser.php?part_number=EMHB500ARA112MMN0S,https://www.chemi-con.co.jp/products/relatedfiles/capacitor/catalog/MHBRA-j.PDF,https://www.chemi-con.co.jp/products/relatedfiles/capacitor/catalog/MHBRA-e.PDF,https://www.chemi-con.co.jp/products/relatedfiles/capacitor/catalog/MHBRA-c.PDF
EMHB630ARA201MKE0S,"In Production",,MHB,-40,125,63,200,M,12.5,13.5,,540,125,"100k to 400kHz",,,,220,20,"100k to 400kHz",1540,-40,"100k to 400kHz",,,,,,,0.1,20,120,,378,,,20,125,1500,DC+Ripple,,,,2.9,250,,Compliant,Compliant,https://www.chemi-con.co.jp/products/detail-condenser.php?part_number=EMHB630ARA201MKE0S,https://www.chemi-con.co.jp/en/products/detail-condenser.php?part_number=EMHB630ARA201MKE0S,https://www.chemi-con.co.jp/cn/products/detail-condenser.php?part_number=EMHB630ARA201MKE0S,https://www.chemi-con.co.jp/products/relatedfiles/capacitor/catalog/MHBRA-j.PDF,https://www.chemi-con.co.jp/products/relatedfiles/capacitor/catalog/MHBRA-e.PDF,https://www.chemi-con.co.jp/products/relatedfiles/capacitor/catalog/MHBRA-c.PDF
EMHB630ARA271MKG5S,"In Production",,MHB,-40,125,63,270,M,12.5,16,,650,125,"100k to 400kHz",,,,170,20,"100k to 400kHz",1190,-40,"100k to 400kHz",,,,,,,0.1,20,120,,510,,,20,125,1500,DC+Ripple,,,,3.3,200,,Compliant,Compliant,https://www.chemi-con.co.jp/products/detail-condenser.php?part_number=EMHB630ARA271MKG5S,https://www.chemi-con.co.jp/en/products/detail-condenser.php?part_number=EMHB630ARA271MKG5S,https://www.chemi-con.co.jp/cn/products/detail-condenser.php?part_number=EMHB630ARA271MKG5S,https://www.chemi-con.co.jp/products/relatedfiles/capacitor/catalog/MHBRA-j.PDF,https://www.chemi-con.co.jp/products/relatedfiles/capacitor/catalog/MHBRA-e.PDF,https://www.chemi-con.co.jp/products/relatedfiles/capacitor/catalog/MHBRA-c.PDF
EMHB630ATR331MKN0S,"In Production",,MHB,-40,125,63,330,M,12.5,21.5,,830,125,"100k to 400kHz",,,,130,20,"100k to 400kHz",940,-40,"100k to 400kHz",,,,,,,0.1,20,120,,623,,,20,125,3000,DC+Ripple,,,,4.1,150,,Compliant,Compliant,https://www.chemi-con.co.jp/products/detail-condenser.php?part_number=EMHB630ATR331MKN0S,https://www.chemi-con.co.jp/en/products/detail-condenser.php?part_number=EMHB630ATR331MKN0S,https://www.chemi-con.co.jp/cn/products/detail-condenser.php?part_number=EMHB630ATR331MKN0S,https://www.chemi-con.co.jp/products/relatedfiles/capacitor/catalog/MHBTR-j.PDF,https://www.chemi-con.co.jp/products/relatedfiles/capacitor/catalog/MHBTR-e.PDF,https://www.chemi-con.co.jp/products/relatedfiles/capacitor/catalog/MHBTR-c.PDF
EMHB630ARA361MLH0S,"In Production",,MHB,-40,125,63,360,M,16,16.5,,780,125,"100k to 400kHz",,,,150,20,"100k to 400kHz",1050,-40,"100k to 400kHz",,,,,,,0.1,20,120,,680,,,20,125,2000,DC+Ripple,,,,6.7,175,,Compliant,Compliant,https://www.chemi-con.co.jp/products/detail-condenser.php?part_number=EMHB630ARA361MLH0S,https://www.chemi-con.co.jp/en/products/detail-condenser.php?part_number=EMHB630ARA361MLH0S,https://www.chemi-con.co.jp/cn/products/detail-condenser.php?part_number=EMHB630ARA361MLH0S,https://www.chemi-con.co.jp/products/relatedfiles/capacitor/catalog/MHBRA-j.PDF,https://www.chemi-con.co.jp/products/relatedfiles/capacitor/catalog/MHBRA-e.PDF,https://www.chemi-con.co.jp/products/relatedfiles/capacitor/catalog/MHBRA-c.PDF
EMHB630ARA471MMH0S,"In Production",,MHB,-40,125,63,470,M,18,16.5,,940,125,"100k to 400kHz",,,,120,20,"100k to 400kHz",840,-40,"100k to 400kHz",,,,,,,0.1,20,120,,888,,,20,125,2000,DC+Ripple,,,,8.7,150,,Compliant,Compliant,https://www.chemi-con.co.jp/products/detail-condenser.php?part_number=EMHB630ARA471MMH0S,https://www.chemi-con.co.jp/en/products/detail-condenser.php?part_number=EMHB630ARA471MMH0S,https://www.chemi-con.co.jp/cn/products/detail-condenser.php?part_number=EMHB630ARA471MMH0S,https://www.chemi-con.co.jp/products/relatedfiles/capacitor/catalog/MHBRA-j.PDF,https://www.chemi-con.co.jp/products/relatedfiles/capacitor/catalog/MHBRA-e.PDF,https://www.chemi-con.co.jp/products/relatedfiles/capacitor/catalog/MHBRA-c.PDF
EMHB630ARA561MLN0S,"In Production",,MHB,-40,125,63,560,M,16,21.5,,1790,125,"100k to 400kHz",,,,85,20,"100k to 400kHz",580,-40,"100k to 400kHz",,,,,,,0.1,20,120,,1050,,,20,125,3000,DC+Ripple,,,,7.9,125,,Compliant,Compliant,https://www.chemi-con.co.jp/products/detail-condenser.php?part_number=EMHB630ARA561MLN0S,https://www.chemi-con.co.jp/en/products/detail-condenser.php?part_number=EMHB630ARA561MLN0S,https://www.chemi-con.co.jp/cn/products/detail-condenser.php?part_number=EMHB630ARA561MLN0S,https://www.chemi-con.co.jp/products/relatedfiles/capacitor/catalog/MHBRA-j.PDF,https://www.chemi-con.co.jp/products/relatedfiles/capacitor/catalog/MHBRA-e.PDF,https://www.chemi-con.co.jp/products/relatedfiles/capacitor/catalog/MHBRA-c.PDF
EMHB630ARA751MMN0S,"In Production",,MHB,-40,125,63,750,M,18,21.5,,1910,125,"100k to 400kHz",,,,70,20,"100k to 400kHz",490,-40,"100k to 400kHz",,,,,,,0.1,20,120,,1410,,,20,125,3000,DC+Ripple,,,,10.2,100,,Compliant,Compliant,https://www.chemi-con.co.jp/products/detail-condenser.php?part_number=EMHB630ARA751MMN0S,https://www.chemi-con.co.jp/en/products/detail-condenser.php?part_number=EMHB630ARA751MMN0S,https://www.chemi-con.co.jp/cn/products/detail-condenser.php?part_number=EMHB630ARA751MMN0S,https://www.chemi-con.co.jp/products/relatedfiles/capacitor/catalog/MHBRA-j.PDF,https://www.chemi-con.co.jp/products/relatedfiles/capacitor/catalog/MHBRA-e.PDF,https://www.chemi-con.co.jp/products/relatedfiles/capacitor/catalog/MHBRA-c.PDF
EMHB800ARA131MKE0S,"In Production",,MHB,-40,125,80,130,M,12.5,13.5,,540,125,"100k to 400kHz",,,,220,20,"100k to 400kHz",1540,-40,"100k to 400kHz",,,,,,,0.08,20,120,,312,,,20,125,1500,DC+Ripple,,,,2.9,250,,Compliant,Compliant,https://www.chemi-con.co.jp/products/detail-condenser.php?part_number=EMHB800ARA131MKE0S,https://www.chemi-con.co.jp/en/products/detail-condenser.php?part_number=EMHB800ARA131MKE0S,https://www.chemi-con.co.jp/cn/products/detail-condenser.php?part_number=EMHB800ARA131MKE0S,https://www.chemi-con.co.jp/products/relatedfiles/capacitor/catalog/MHBRA-j.PDF,https://www.chemi-con.co.jp/products/relatedfiles/capacitor/catalog/MHBRA-e.PDF,https://www.chemi-con.co.jp/products/relatedfiles/capacitor/catalog/MHBRA-c.PDF
EMHB800ARA161MKG5S,"In Production",,MHB,-40,125,80,160,M,12.5,16,,650,125,"100k to 400kHz",,,,170,20,"100k to 400kHz",1190,-40,"100k to 400kHz",,,,,,,0.08,20,120,,384,,,20,125,1500,DC+Ripple,,,,3.3,200,,Compliant,Compliant,https://www.chemi-con.co.jp/products/detail-condenser.php?part_number=EMHB800ARA161MKG5S,https://www.chemi-con.co.jp/en/products/detail-condenser.php?part_number=EMHB800ARA161MKG5S,https://www.chemi-con.co.jp/cn/products/detail-condenser.php?part_number=EMHB800ARA161MKG5S,https://www.chemi-con.co.jp/products/relatedfiles/capacitor/catalog/MHBRA-j.PDF,https://www.chemi-con.co.jp/products/relatedfiles/capacitor/catalog/MHBRA-e.PDF,https://www.chemi-con.co.jp/products/relatedfiles/capacitor/catalog/MHBRA-c.PDF
EMHB800ATR221MKN0S,"In Production",,MHB,-40,125,80,220,M,12.5,21.5,,830,125,"100k to 400kHz",,,,130,20,"100k to 400kHz",940,-40,"100k to 400kHz",,,,,,,0.08,20,120,,528,,,20,125,3000,DC+Ripple,,,,4.1,150,,Compliant,Compliant,https://www.chemi-con.co.jp/products/detail-condenser.php?part_number=EMHB800ATR221MKN0S,https://www.chemi-con.co.jp/en/products/detail-condenser.php?part_number=EMHB800ATR221MKN0S,https://www.chemi-con.co.jp/cn/products/detail-condenser.php?part_number=EMHB800ATR221MKN0S,https://www.chemi-con.co.jp/products/relatedfiles/capacitor/catalog/MHBTR-j.PDF,https://www.chemi-con.co.jp/products/relatedfiles/capacitor/catalog/MHBTR-e.PDF,https://www.chemi-con.co.jp/products/relatedfiles/capacitor/catalog/MHBTR-c.PDF
EMHB800ARA241MLH0S,"In Production",,MHB,-40,125,80,240,M,16,16.5,,780,125,"100k to 400kHz",,,,150,20,"100k to 400kHz",1050,-40,"100k to 400kHz",,,,,,,0.08,20,120,,576,,,20,125,2000,DC+Ripple,,,,6.7,175,,Compliant,Compliant,https://www.chemi-con.co.jp/products/detail-condenser.php?part_number=EMHB800ARA241MLH0S,https://www.chemi-con.co.jp/en/products/detail-condenser.php?part_number=EMHB800ARA241MLH0S,https://www.chemi-con.co.jp/cn/products/detail-condenser.php?part_number=EMHB800ARA241MLH0S,https://www.chemi-con.co.jp/products/relatedfiles/capacitor/catalog/MHBRA-j.PDF,https://www.chemi-con.co.jp/products/relatedfiles/capacitor/catalog/MHBRA-e.PDF,https://www.chemi-con.co.jp/products/relatedfiles/capacitor/catalog/MHBRA-c.PDF
EMHB800ARA331MMH0S,"In Production",,MHB,-40,125,80,330,M,18,16.5,,940,125,"100k to 400kHz",,,,120,20,"100k to 400kHz",840,-40,"100k to 400kHz",,,,,,,0.08,20,120,,792,,,20,125,2000,DC+Ripple,,,,8.7,150,,Compliant,Compliant,https://www.chemi-con.co.jp/products/detail-condenser.php?part_number=EMHB800ARA331MMH0S,https://www.chemi-con.co.jp/en/products/detail-condenser.php?part_number=EMHB800ARA331MMH0S,https://www.chemi-con.co.jp/cn/products/detail-condenser.php?part_number=EMHB800ARA331MMH0S,https://www.chemi-con.co.jp/products/relatedfiles/capacitor/catalog/MHBRA-j.PDF,https://www.chemi-con.co.jp/products/relatedfiles/capacitor/catalog/MHBRA-e.PDF,https://www.chemi-con.co.jp/products/relatedfiles/capacitor/catalog/MHBRA-c.PDF
EMHB800ARA391MLN0S,"In Production",,MHB,-40,125,80,390,M,16,21.5,,1790,125,"100k to 400kHz",,,,85,20,"100k to 400kHz",580,-40,"100k to 400kHz",,,,,,,0.08,20,120,,936,,,20,125,3000,DC+Ripple,,,,7.9,125,,Compliant,Compliant,https://www.chemi-con.co.jp/products/detail-condenser.php?part_number=EMHB800ARA391MLN0S,https://www.chemi-con.co.jp/en/products/detail-condenser.php?part_number=EMHB800ARA391MLN0S,https://www.chemi-con.co.jp/cn/products/detail-condenser.php?part_number=EMHB800ARA391MLN0S,https://www.chemi-con.co.jp/products/relatedfiles/capacitor/catalog/MHBRA-j.PDF,https://www.chemi-con.co.jp/products/relatedfiles/capacitor/catalog/MHBRA-e.PDF,https://www.chemi-con.co.jp/products/relatedfiles/capacitor/catalog/MHBRA-c.PDF
EMHB800ARA511MMN0S,"In Production",,MHB,-40,125,80,510,M,18,21.5,,1910,125,"100k to 400kHz",,,,70,20,"100k to 400kHz",490,-40,"100k to 400kHz",,,,,,,0.08,20,120,,1220,,,20,125,3000,DC+Ripple,,,,10.2,100,,Compliant,Compliant,https://www.chemi-con.co.jp/products/detail-condenser.php?part_number=EMHB800ARA511MMN0S,https://www.chemi-con.co.jp/en/products/detail-condenser.php?part_number=EMHB800ARA511MMN0S,https://www.chemi-con.co.jp/cn/products/detail-condenser.php?part_number=EMHB800ARA511MMN0S,https://www.chemi-con.co.jp/products/relatedfiles/capacitor/catalog/MHBRA-j.PDF,https://www.chemi-con.co.jp/products/relatedfiles/capacitor/catalog/MHBRA-e.PDF,https://www.chemi-con.co.jp/products/relatedfiles/capacitor/catalog/MHBRA-c.PDF
EMHB101ARA750MKE0S,"In Production",,MHB,-40,125,100,75,M,12.5,13.5,,480,125,"100k to 400kHz",,,,280,20,"100k to 400kHz",2240,-40,"100k to 400kHz",,,,,,,0.08,20,120,,225,,,20,125,1500,DC+Ripple,,,,2.9,250,,Compliant,Compliant,https://www.chemi-con.co.jp/products/detail-condenser.php?part_number=EMHB101ARA750MKE0S,https://www.chemi-con.co.jp/en/products/detail-condenser.php?part_number=EMHB101ARA750MKE0S,https://www.chemi-con.co.jp/cn/products/detail-condenser.php?part_number=EMHB101ARA750MKE0S,https://www.chemi-con.co.jp/products/relatedfiles/capacitor/catalog/MHBRA-j.PDF,https://www.chemi-con.co.jp/products/relatedfiles/capacitor/catalog/MHBRA-e.PDF,https://www.chemi-con.co.jp/products/relatedfiles/capacitor/catalog/MHBRA-c.PDF
EMHB101ARA101MKG5S,"In Production",,MHB,-40,125,100,100,M,12.5,16,,580,125,"100k to 400kHz",,,,210,20,"100k to 400kHz",1680,-40,"100k to 400kHz",,,,,,,0.08,20,120,,300,,,20,125,1500,DC+Ripple,,,,3.3,200,,Compliant,Compliant,https://www.chemi-con.co.jp/products/detail-condenser.php?part_number=EMHB101ARA101MKG5S,https://www.chemi-con.co.jp/en/products/detail-condenser.php?part_number=EMHB101ARA101MKG5S,https://www.chemi-con.co.jp/cn/products/detail-condenser.php?part_number=EMHB101ARA101MKG5S,https://www.chemi-con.co.jp/products/relatedfiles/capacitor/catalog/MHBRA-j.PDF,https://www.chemi-con.co.jp/products/relatedfiles/capacitor/catalog/MHBRA-e.PDF,https://www.chemi-con.co.jp/products/relatedfiles/capacitor/catalog/MHBRA-c.PDF
EMHB101ATR131MKN0S,"In Production",,MHB,-40,125,100,130,M,12.5,21.5,,740,125,"100k to 400kHz",,,,170,20,"100k to 400kHz",1320,-40,"100k to 400kHz",,,,,,,0.08,20,120,,390,,,20,125,3000,DC+Ripple,,,,4.1,150,,Compliant,Compliant,https://www.chemi-con.co.jp/products/detail-condenser.php?part_number=EMHB101ATR131MKN0S,https://www.chemi-con.co.jp/en/products/detail-condenser.php?part_number=EMHB101ATR131MKN0S,https://www.chemi-con.co.jp/cn/products/detail-condenser.php?part_number=EMHB101ATR131MKN0S,https://www.chemi-con.co.jp/products/relatedfiles/capacitor/catalog/MHBTR-j.PDF,https://www.chemi-con.co.jp/products/relatedfiles/capacitor/catalog/MHBTR-e.PDF,https://www.chemi-con.co.jp/products/relatedfiles/capacitor/catalog/MHBTR-c.PDF
EMHB101ARA131MLH0S,"In Production",,MHB,-40,125,100,130,M,16,16.5,,720,125,"100k to 400kHz",,,,180,20,"100k to 400kHz",1440,-40,"100k to 400kHz",,,,,,,0.08,20,120,,390,,,20,125,2000,DC+Ripple,,,,6.7,175,,Compliant,Compliant,https://www.chemi-con.co.jp/products/detail-condenser.php?part_number=EMHB101ARA131MLH0S,https://www.chemi-con.co.jp/en/products/detail-condenser.php?part_number=EMHB101ARA131MLH0S,https://www.chemi-con.co.jp/cn/products/detail-condenser.php?part_number=EMHB101ARA131MLH0S,https://www.chemi-con.co.jp/products/relatedfiles/capacitor/catalog/MHBRA-j.PDF,https://www.chemi-con.co.jp/products/relatedfiles/capacitor/catalog/MHBRA-e.PDF,https://www.chemi-con.co.jp/products/relatedfiles/capacitor/catalog/MHBRA-c.PDF
EMHB101ARA181MMH0S,"In Production",,MHB,-40,125,100,180,M,18,16.5,,840,125,"100k to 400kHz",,,,150,20,"100k to 400kHz",1200,-40,"100k to 400kHz",,,,,,,0.08,20,120,,540,,,20,125,2000,DC+Ripple,,,,8.7,150,,Compliant,Compliant,https://www.chemi-con.co.jp/products/detail-condenser.php?part_number=EMHB101ARA181MMH0S,https://www.chemi-con.co.jp/en/products/detail-condenser.php?part_number=EMHB101ARA181MMH0S,https://www.chemi-con.co.jp/cn/products/detail-condenser.php?part_number=EMHB101ARA181MMH0S,https://www.chemi-con.co.jp/products/relatedfiles/capacitor/catalog/MHBRA-j.PDF,https://www.chemi-con.co.jp/products/relatedfiles/capacitor/catalog/MHBRA-e.PDF,https://www.chemi-con.co.jp/products/relatedfiles/capacitor/catalog/MHBRA-c.PDF
EMHB101ARA221MLN0S,"In Production",,MHB,-40,125,100,220,M,16,21.5,,1580,125,"100k to 400kHz",,,,110,20,"100k to 400kHz",880,-40,"100k to 400kHz",,,,,,,0.08,20,120,,660,,,20,125,3000,DC+Ripple,,,,7.9,125,,Compliant,Compliant,https://www.chemi-con.co.jp/products/detail-condenser.php?part_number=EMHB101ARA221MLN0S,https://www.chemi-con.co.jp/en/products/detail-condenser.php?part_number=EMHB101ARA221MLN0S,https://www.chemi-con.co.jp/cn/products/detail-condenser.php?part_number=EMHB101ARA221MLN0S,https://www.chemi-con.co.jp/products/relatedfiles/capacitor/catalog/MHBRA-j.PDF,https://www.chemi-con.co.jp/products/relatedfiles/capacitor/catalog/MHBRA-e.PDF,https://www.chemi-con.co.jp/products/relatedfiles/capacitor/catalog/MHBRA-c.PDF
EMHB101ARA301MMN0S,"In Production",,MHB,-40,125,100,300,M,18,21.5,,1690,125,"100k to 400kHz",,,,91,20,"100k to 400kHz",730,-40,"100k to 400kHz",,,,,,,0.08,20,120,,900,,,20,125,3000,DC+Ripple,,,,10.2,100,,Compliant,Compliant,https://www.chemi-con.co.jp/products/detail-condenser.php?part_number=EMHB101ARA301MMN0S,https://www.chemi-con.co.jp/en/products/detail-condenser.php?part_number=EMHB101ARA301MMN0S,https://www.chemi-con.co.jp/cn/products/detail-condenser.php?part_number=EMHB101ARA301MMN0S,https://www.chemi-con.co.jp/products/relatedfiles/capacitor/catalog/MHBRA-j.PDF,https://www.chemi-con.co.jp/products/relatedfiles/capacitor/catalog/MHBRA-e.PDF,https://www.chemi-con.co.jp/products/relatedfiles/capacitor/catalog/MHBRA-c.PDF
EMZA6R3ARA470ME61G,"In Production",,MZA,-55,105,6.3,47,M,5,5.8,,160,105,100kHz,,,,,,,,,,0.7,20,100kHz,,,,0.26,20,120,,3,,,20,105,2000,DC,,,,0.26,1000,,Compliant,Compliant,https://www.chemi-con.co.jp/products/detail-condenser.php?part_number=EMZA6R3ARA470ME61G,https://www.chemi-con.co.jp/en/products/detail-condenser.php?part_number=EMZA6R3ARA470ME61G,https://www.chemi-con.co.jp/cn/products/detail-condenser.php?part_number=EMZA6R3ARA470ME61G,https://www.chemi-con.co.jp/products/relatedfiles/capacitor/catalog/MZARA-j.PDF,https://www.chemi-con.co.jp/products/relatedfiles/capacitor/catalog/MZARA-e.PDF,https://www.chemi-con.co.jp/products/relatedfiles/capacitor/catalog/MZARA-c.PDF
EMZA6R3ARA101ME61G,"In Production",,MZA,-55,105,6.3,100,M,5,5.8,,160,105,100kHz,,,,,,,,,,0.7,20,100kHz,,,,0.26,20,120,,6.3,,,20,105,2000,DC,,,,0.26,1000,,Compliant,Compliant,https://www.chemi-con.co.jp/products/detail-condenser.php?part_number=EMZA6R3ARA101ME61G,https://www.chemi-con.co.jp/en/products/detail-condenser.php?part_number=EMZA6R3ARA101ME61G,https://www.chemi-con.co.jp/cn/products/detail-condenser.php?part_number=EMZA6R3ARA101ME61G,https://www.chemi-con.co.jp/products/relatedfiles/capacitor/catalog/MZARA-j.PDF,https://www.chemi-con.co.jp/products/relatedfiles/capacitor/catalog/MZARA-e.PDF,https://www.chemi-con.co.jp/products/relatedfiles/capacitor/catalog/MZARA-c.PDF
EMZA6R3ARA101MF61G,"In Production",,MZA,-55,105,6.3,100,M,6.3,5.8,,240,105,100kHz,,,,,,,,,,0.36,20,100kHz,,,,0.26,20,120,,6.3,,,20,105,2000,DC,,,,0.4,1000,,Compliant,Compliant,https://www.chemi-con.co.jp/products/detail-condenser.php?part_number=EMZA6R3ARA101MF61G,https://www.chemi-con.co.jp/en/products/detail-condenser.php?part_number=EMZA6R3ARA101MF61G,https://www.chemi-con.co.jp/cn/products/detail-condenser.php?part_number=EMZA6R3ARA101MF61G,https://www.chemi-con.co.jp/products/relatedfiles/capacitor/catalog/MZARA-j.PDF,https://www.chemi-con.co.jp/products/relatedfiles/capacitor/catalog/MZARA-e.PDF,https://www.chemi-con.co.jp/products/relatedfiles/capacitor/catalog/MZARA-c.PDF
EMZA6R3ARA221MF61G,"In Production",,MZA,-55,105,6.3,220,M,6.3,5.8,,240,105,100kHz,,,,,,,,,,0.36,20,100kHz,,,,0.26,20,120,,13.8,,,20,105,2000,DC,,,,0.4,1000,,Compliant,Compliant,https://www.chemi-con.co.jp/products/detail-condenser.php?part_number=EMZA6R3ARA221MF61G,https://www.chemi-con.co.jp/en/products/detail-condenser.php?part_number=EMZA6R3ARA221MF61G,https://www.chemi-con.co.jp/cn/products/detail-condenser.php?part_number=EMZA6R3ARA221MF61G,https://www.chemi-con.co.jp/products/relatedfiles/capacitor/catalog/MZARA-j.PDF,https://www.chemi-con.co.jp/products/relatedfiles/capacitor/catalog/MZARA-e.PDF,https://www.chemi-con.co.jp/products/relatedfiles/capacitor/catalog/MZARA-c.PDF
EMZA6R3ARA331MF80G,"In Production",,MZA,-55,105,6.3,330,M,6.3,7.7,,280,105,100kHz,,,,,,,,,,0.34,20,100kHz,,,,0.26,20,120,,20.7,,,20,105,2000,DC,,,,0.53,900,,Compliant,Compliant,https://www.chemi-con.co.jp/products/detail-condenser.php?part_number=EMZA6R3ARA331MF80G,https://www.chemi-con.co.jp/en/products/detail-condenser.php?part_number=EMZA6R3ARA331MF80G,https://www.chemi-con.co.jp/cn/products/detail-condenser.php?part_number=EMZA6R3ARA331MF80G,https://www.chemi-con.co.jp/products/relatedfiles/capacitor/catalog/MZARA-j.PDF,https://www.chemi-con.co.jp/products/relatedfiles/capacitor/catalog/MZARA-e.PDF,https://www.chemi-con.co.jp/products/relatedfiles/capacitor/catalog/MZARA-c.PDF
EMZA6R3ARA471MHA0G,"In Production",,MZA,-55,105,6.3,470,M,8,10,,600,105,100kHz,,,,,,,,,,0.16,20,100kHz,,,,0.26,20,120,,29.6,,,20,105,2000,DC,,,,0.96,500,,Compliant,Compliant,https://www.chemi-con.co.jp/products/detail-condenser.php?part_number=EMZA6R3ARA471MHA0G,https://www.chemi-con.co.jp/en/products/detail-condenser.php?part_number=EMZA6R3ARA471MHA0G,https://www.chemi-con.co.jp/cn/products/detail-condenser.php?part_number=EMZA6R3ARA471MHA0G,https://www.chemi-con.co.jp/products/relatedfiles/capacitor/catalog/MZARA-j.PDF,https://www.chemi-con.co.jp/products/relatedfiles/capacitor/catalog/MZARA-e.PDF,https://www.chemi-con.co.jp/products/relatedfiles/capacitor/catalog/MZARA-c.PDF
EMZA6R3ARA102MHA0G,"In Production",,MZA,-55,105,6.3,1000,M,8,10,,600,105,100kHz,,,,,,,,,,0.16,20,100kHz,,,,0.26,20,120,,63,,,20,105,2000,DC,,,,0.96,500,,Compliant,Compliant,https://www.chemi-con.co.jp/products/detail-condenser.php?part_number=EMZA6R3ARA102MHA0G,https://www.chemi-con.co.jp/en/products/detail-condenser.php?part_number=EMZA6R3ARA102MHA0G,https://www.chemi-con.co.jp/cn/products/detail-condenser.php?part_number=EMZA6R3ARA102MHA0G,https://www.chemi-con.co.jp/products/relatedfiles/capacitor/catalog/MZARA-j.PDF,https://www.chemi-con.co.jp/products/relatedfiles/capacitor/catalog/MZARA-e.PDF,https://www.chemi-con.co.jp/products/relatedfiles/capacitor/catalog/MZARA-c.PDF
EMZA6R3ARA152MJA0G,"In Production",,MZA,-55,105,6.3,1500,M,10,10,,850,105,100kHz,,,,,,,,,,0.08,20,100kHz,,,,0.26,20,120,,94.5,,,20,105,2000,DC,,,,1.43,500,,Compliant,Compliant,https://www.chemi-con.co.jp/products/detail-condenser.php?part_number=EMZA6R3ARA152MJA0G,https://www.chemi-con.co.jp/en/products/detail-condenser.php?part_number=EMZA6R3ARA152MJA0G,https://www.chemi-con.co.jp/cn/products/detail-condenser.php?part_number=EMZA6R3ARA152MJA0G,https://www.chemi-con.co.jp/products/relatedfiles/capacitor/catalog/MZARA-j.PDF,https://www.chemi-con.co.jp/products/relatedfiles/capacitor/catalog/MZARA-e.PDF,https://www.chemi-con.co.jp/products/relatedfiles/capacitor/catalog/MZARA-c.PDF
EMZA100ARA330ME61G,"In Production",,MZA,-55,105,10,33,M,5,5.8,,160,105,100kHz,,,,,,,,,,0.7,20,100kHz,,,,0.19,20,120,,3.3,,,20,105,2000,DC,,,,0.26,1000,,Compliant,Compliant,https://www.chemi-con.co.jp/products/detail-condenser.php?part_number=EMZA100ARA330ME61G,https://www.chemi-con.co.jp/en/products/detail-condenser.php?part_number=EMZA100ARA330ME61G,https://www.chemi-con.co.jp/cn/products/detail-condenser.php?part_number=EMZA100ARA330ME61G,https://www.chemi-con.co.jp/products/relatedfiles/capacitor/catalog/MZARA-j.PDF,https://www.chemi-con.co.jp/products/relatedfiles/capacitor/catalog/MZARA-e.PDF,https://www.chemi-con.co.jp/products/relatedfiles/capacitor/catalog/MZARA-c.PDF
EMZA100ARA221MF80G,"In Production",,MZA,-55,105,10,220,M,6.3,7.7,,280,105,100kHz,,,,,,,,,,0.34,20,100kHz,,,,0.19,20,120,,22,,,20,105,2000,DC,,,,0.53,900,,Compliant,Compliant,https://www.chemi-con.co.jp/products/detail-condenser.php?part_number=EMZA100ARA221MF80G,https://www.chemi-con.co.jp/en/products/detail-condenser.php?part_number=EMZA100ARA221MF80G,https://www.chemi-con.co.jp/cn/products/detail-condenser.php?part_number=EMZA100ARA221MF80G,https://www.chemi-con.co.jp/products/relatedfiles/capacitor/catalog/MZARA-j.PDF,https://www.chemi-con.co.jp/products/relatedfiles/capacitor/catalog/MZARA-e.PDF,https://www.chemi-con.co.jp/products/relatedfiles/capacitor/catalog/MZARA-c.PDF
EMZA100ARA331MHA0G,"In Production",,MZA,-55,105,10,330,M,8,10,,600,105,100kHz,,,,,,,,,,0.16,20,100kHz,,,,0.19,20,120,,33,,,20,105,2000,DC,,,,0.96,500,,Compliant,Compliant,https://www.chemi-con.co.jp/products/detail-condenser.php?part_number=EMZA100ARA331MHA0G,https://www.chemi-con.co.jp/en/products/detail-condenser.php?part_number=EMZA100ARA331MHA0G,https://www.chemi-con.co.jp/cn/products/detail-condenser.php?part_number=EMZA100ARA331MHA0G,https://www.chemi-con.co.jp/products/relatedfiles/capacitor/catalog/MZARA-j.PDF,https://www.chemi-con.co.jp/products/relatedfiles/capacitor/catalog/MZARA-e.PDF,https://www.chemi-con.co.jp/products/relatedfiles/capacitor/catalog/MZARA-c.PDF
EMZA100ARA471MHA0G,"In Production",,MZA,-55,105,10,470,M,8,10,,600,105,100kHz,,,,,,,,,,0.16,20,100kHz,,,,0.19,20,120,,47,,,20,105,2000,DC,,,,0.96,500,,Compliant,Compliant,https://www.chemi-con.co.jp/products/detail-condenser.php?part_number=EMZA100ARA471MHA0G,https://www.chemi-con.co.jp/en/products/detail-condenser.php?part_number=EMZA100ARA471MHA0G,https://www.chemi-con.co.jp/cn/products/detail-condenser.php?part_number=EMZA100ARA471MHA0G,https://www.chemi-con.co.jp/products/relatedfiles/capacitor/catalog/MZARA-j.PDF,https://www.chemi-con.co.jp/products/relatedfiles/capacitor/catalog/MZARA-e.PDF,https://www.chemi-con.co.jp/products/relatedfiles/capacitor/catalog/MZARA-c.PDF
EMZA100ARA681MHA0G,"In Production",,MZA,-55,105,10,680,M,8,10,,600,105,100kHz,,,,,,,,,,0.16,20,100kHz,,,,0.19,20,120,,68,,,20,105,2000,DC,,,,0.96,500,,Compliant,Compliant,https://www.chemi-con.co.jp/products/detail-condenser.php?part_number=EMZA100ARA681MHA0G,https://www.chemi-con.co.jp/en/products/detail-condenser.php?part_number=EMZA100ARA681MHA0G,https://www.chemi-con.co.jp/cn/products/detail-condenser.php?part_number=EMZA100ARA681MHA0G,https://www.chemi-con.co.jp/products/relatedfiles/capacitor/catalog/MZARA-j.PDF,https://www.chemi-con.co.jp/products/relatedfiles/capacitor/catalog/MZARA-e.PDF,https://www.chemi-con.co.jp/products/relatedfiles/capacitor/catalog/MZARA-c.PDF
EMZA100ARA102MJA0G,"In Production",,MZA,-55,105,10,1000,M,10,10,,850,105,100kHz,,,,,,,,,,0.08,20,100kHz,,,,0.19,20,120,,100,,,20,105,2000,DC,,,,1.43,500,,Compliant,Compliant,https://www.chemi-con.co.jp/products/detail-condenser.php?part_number=EMZA100ARA102MJA0G,https://www.chemi-con.co.jp/en/products/detail-condenser.php?part_number=EMZA100ARA102MJA0G,https://www.chemi-con.co.jp/cn/products/detail-condenser.php?part_number=EMZA100ARA102MJA0G,https://www.chemi-con.co.jp/products/relatedfiles/capacitor/catalog/MZARA-j.PDF,https://www.chemi-con.co.jp/products/relatedfiles/capacitor/catalog/MZARA-e.PDF,https://www.chemi-con.co.jp/products/relatedfiles/capacitor/catalog/MZARA-c.PDF
EMZA160ARA220ME61G,"In Production",,MZA,-55,105,16,22,M,5,5.8,,160,105,100kHz,,,,,,,,,,0.7,20,100kHz,,,,0.16,20,120,,3.5,,,20,105,2000,DC,,,,0.26,1000,,Compliant,Compliant,https://www.chemi-con.co.jp/products/detail-condenser.php?part_number=EMZA160ARA220ME61G,https://www.chemi-con.co.jp/en/products/detail-condenser.php?part_number=EMZA160ARA220ME61G,https://www.chemi-con.co.jp/cn/products/detail-condenser.php?part_number=EMZA160ARA220ME61G,https://www.chemi-con.co.jp/products/relatedfiles/capacitor/catalog/MZARA-j.PDF,https://www.chemi-con.co.jp/products/relatedfiles/capacitor/catalog/MZARA-e.PDF,https://www.chemi-con.co.jp/products/relatedfiles/capacitor/catalog/MZARA-c.PDF
EMZA160ARA470ME61G,"In Production",,MZA,-55,105,16,47,M,5,5.8,,160,105,100kHz,,,,,,,,,,0.7,20,100kHz,,,,0.16,20,120,,7.5,,,20,105,2000,DC,,,,0.26,1000,,Compliant,Compliant,https://www.chemi-con.co.jp/products/detail-condenser.php?part_number=EMZA160ARA470ME61G,https://www.chemi-con.co.jp/en/products/detail-condenser.php?part_number=EMZA160ARA470ME61G,https://www.chemi-con.co.jp/cn/products/detail-condenser.php?part_number=EMZA160ARA470ME61G,https://www.chemi-con.co.jp/products/relatedfiles/capacitor/catalog/MZARA-j.PDF,https://www.chemi-con.co.jp/products/relatedfiles/capacitor/catalog/MZARA-e.PDF,https://www.chemi-con.co.jp/products/relatedfiles/capacitor/catalog/MZARA-c.PDF
EMZA160ARA470MF61G,"In Production",,MZA,-55,105,16,47,M,6.3,5.8,,240,105,100kHz,,,,,,,,,,0.36,20,100kHz,,,,0.16,20,120,,7.5,,,20,105,2000,DC,,,,0.4,1000,,Compliant,Compliant,https://www.chemi-con.co.jp/products/detail-condenser.php?part_number=EMZA160ARA470MF61G,https://www.chemi-con.co.jp/en/products/detail-condenser.php?part_number=EMZA160ARA470MF61G,https://www.chemi-con.co.jp/cn/products/detail-condenser.php?part_number=EMZA160ARA470MF61G,https://www.chemi-con.co.jp/products/relatedfiles/capacitor/catalog/MZARA-j.PDF,https://www.chemi-con.co.jp/products/relatedfiles/capacitor/catalog/MZARA-e.PDF,https://www.chemi-con.co.jp/products/relatedfiles/capacitor/catalog/MZARA-c.PDF
EMZA160ARA101MF61G,"In Production",,MZA,-55,105,16,100,M,6.3,5.8,,240,105,100kHz,,,,,,,,,,0.36,20,100kHz,,,,0.16,20,120,,16,,,20,105,2000,DC,,,,0.4,1000,,Compliant,Compliant,https://www.chemi-con.co.jp/products/detail-condenser.php?part_number=EMZA160ARA101MF61G,https://www.chemi-con.co.jp/en/products/detail-condenser.php?part_number=EMZA160ARA101MF61G,https://www.chemi-con.co.jp/cn/products/detail-condenser.php?part_number=EMZA160ARA101MF61G,https://www.chemi-con.co.jp/products/relatedfiles/capacitor/catalog/MZARA-j.PDF,https://www.chemi-con.co.jp/products/relatedfiles/capacitor/catalog/MZARA-e.PDF,https://www.chemi-con.co.jp/products/relatedfiles/capacitor/catalog/MZARA-c.PDF
EMZA160ARA221MF80G,"In Production",,MZA,-55,105,16,220,M,6.3,7.7,,280,105,100kHz,,,,,,,,,,0.34,20,100kHz,,,,0.16,20,120,,35.2,,,20,105,2000,DC,,,,0.53,900,,Compliant,Compliant,https://www.chemi-con.co.jp/products/detail-condenser.php?part_number=EMZA160ARA221MF80G,https://www.chemi-con.co.jp/en/products/detail-condenser.php?part_number=EMZA160ARA221MF80G,https://www.chemi-con.co.jp/cn/products/detail-condenser.php?part_number=EMZA160ARA221MF80G,https://www.chemi-con.co.jp/products/relatedfiles/capacitor/catalog/MZARA-j.PDF,https://www.chemi-con.co.jp/products/relatedfiles/capacitor/catalog/MZARA-e.PDF,https://www.chemi-con.co.jp/products/relatedfiles/capacitor/catalog/MZARA-c.PDF
EMZA160ARA331MHA0G,"In Production",,MZA,-55,105,16,330,M,8,10,,600,105,100kHz,,,,,,,,,,0.16,20,100kHz,,,,0.16,20,120,,52.8,,,20,105,2000,DC,,,,0.96,500,,Compliant,Compliant,https://www.chemi-con.co.jp/products/detail-condenser.php?part_number=EMZA160ARA331MHA0G,https://www.chemi-con.co.jp/en/products/detail-condenser.php?part_number=EMZA160ARA331MHA0G,https://www.chemi-con.co.jp/cn/products/detail-condenser.php?part_number=EMZA160ARA331MHA0G,https://www.chemi-con.co.jp/products/relatedfiles/capacitor/catalog/MZARA-j.PDF,https://www.chemi-con.co.jp/products/relatedfiles/capacitor/catalog/MZARA-e.PDF,https://www.chemi-con.co.jp/products/relatedfiles/capacitor/catalog/MZARA-c.PDF
EMZA160ARA471MHA0G,"In Production",,MZA,-55,105,16,470,M,8,10,,600,105,100kHz,,,,,,,,,,0.16,20,100kHz,,,,0.16,20,120,,75.2,,,20,105,2000,DC,,,,0.96,500,,Compliant,Compliant,https://www.chemi-con.co.jp/products/detail-condenser.php?part_number=EMZA160ARA471MHA0G,https://www.chemi-con.co.jp/en/products/detail-condenser.php?part_number=EMZA160ARA471MHA0G,https://www.chemi-con.co.jp/cn/products/detail-condenser.php?part_number=EMZA160ARA471MHA0G,https://www.chemi-con.co.jp/products/relatedfiles/capacitor/catalog/MZARA-j.PDF,https://www.chemi-con.co.jp/products/relatedfiles/capacitor/catalog/MZARA-e.PDF,https://www.chemi-con.co.jp/products/relatedfiles/capacitor/catalog/MZARA-c.PDF
EMZA160ARA681MJA0G,"In Production",,MZA,-55,105,16,680,M,10,10,,850,105,100kHz,,,,,,,,,,0.08,20,100kHz,,,,0.16,20,120,,108,,,20,105,2000,DC,,,,1.43,500,,Compliant,Compliant,https://www.chemi-con.co.jp/products/detail-condenser.php?part_number=EMZA160ARA681MJA0G,https://www.chemi-con.co.jp/en/products/detail-condenser.php?part_number=EMZA160ARA681MJA0G,https://www.chemi-con.co.jp/cn/products/detail-condenser.php?part_number=EMZA160ARA681MJA0G,https://www.chemi-con.co.jp/products/relatedfiles/capacitor/catalog/MZARA-j.PDF,https://www.chemi-con.co.jp/products/relatedfiles/capacitor/catalog/MZARA-e.PDF,https://www.chemi-con.co.jp/products/relatedfiles/capacitor/catalog/MZARA-c.PDF
EMZA250ARA220ME61G,"In Production",,MZA,-55,105,25,22,M,5,5.8,,160,105,100kHz,,,,,,,,,,0.7,20,100kHz,,,,0.14,20,120,,5.5,,,20,105,2000,DC,,,,0.26,1000,,Compliant,Compliant,https://www.chemi-con.co.jp/products/detail-condenser.php?part_number=EMZA250ARA220ME61G,https://www.chemi-con.co.jp/en/products/detail-condenser.php?part_number=EMZA250ARA220ME61G,https://www.chemi-con.co.jp/cn/products/detail-condenser.php?part_number=EMZA250ARA220ME61G,https://www.chemi-con.co.jp/products/relatedfiles/capacitor/catalog/MZARA-j.PDF,https://www.chemi-con.co.jp/products/relatedfiles/capacitor/catalog/MZARA-e.PDF,https://www.chemi-con.co.jp/products/relatedfiles/capacitor/catalog/MZARA-c.PDF
EMZA250ARA330ME61G,"In Production",,MZA,-55,105,25,33,M,5,5.8,,160,105,100kHz,,,,,,,,,,0.7,20,100kHz,,,,0.14,20,120,,8.2,,,20,105,2000,DC,,,,0.26,1000,,Compliant,Compliant,https://www.chemi-con.co.jp/products/detail-condenser.php?part_number=EMZA250ARA330ME61G,https://www.chemi-con.co.jp/en/products/detail-condenser.php?part_number=EMZA250ARA330ME61G,https://www.chemi-con.co.jp/cn/products/detail-condenser.php?part_number=EMZA250ARA330ME61G,https://www.chemi-con.co.jp/products/relatedfiles/capacitor/catalog/MZARA-j.PDF,https://www.chemi-con.co.jp/products/relatedfiles/capacitor/catalog/MZARA-e.PDF,https://www.chemi-con.co.jp/products/relatedfiles/capacitor/catalog/MZARA-c.PDF
EMZA250ARA330MF61G,"In Production",,MZA,-55,105,25,33,M,6.3,5.8,,240,105,100kHz,,,,,,,,,,0.36,20,100kHz,,,,0.14,20,120,,8.2,,,20,105,2000,DC,,,,0.4,1000,,Compliant,Compliant,https://www.chemi-con.co.jp/products/detail-condenser.php?part_number=EMZA250ARA330MF61G,https://www.chemi-con.co.jp/en/products/detail-condenser.php?part_number=EMZA250ARA330MF61G,https://www.chemi-con.co.jp/cn/products/detail-condenser.php?part_number=EMZA250ARA330MF61G,https://www.chemi-con.co.jp/products/relatedfiles/capacitor/catalog/MZARA-j.PDF,https://www.chemi-con.co.jp/products/relatedfiles/capacitor/catalog/MZARA-e.PDF,https://www.chemi-con.co.jp/products/relatedfiles/capacitor/catalog/MZARA-c.PDF
EMZA250ARA470MF61G,"In Production",,MZA,-55,105,25,47,M,6.3,5.8,,240,105,100kHz,,,,,,,,,,0.36,20,100kHz,,,,0.14,20,120,,11.7,,,20,105,2000,DC,,,,0.4,1000,,Compliant,Compliant,https://www.chemi-con.co.jp/products/detail-condenser.php?part_number=EMZA250ARA470MF61G,https://www.chemi-con.co.jp/en/products/detail-condenser.php?part_number=EMZA250ARA470MF61G,https://www.chemi-con.co.jp/cn/products/detail-condenser.php?part_number=EMZA250ARA470MF61G,https://www.chemi-con.co.jp/products/relatedfiles/capacitor/catalog/MZARA-j.PDF,https://www.chemi-con.co.jp/products/relatedfiles/capacitor/catalog/MZARA-e.PDF,https://www.chemi-con.co.jp/products/relatedfiles/capacitor/catalog/MZARA-c.PDF
EMZA250ARA101MF80G,"In Production",,MZA,-55,105,25,100,M,6.3,7.7,,280,105,100kHz,,,,,,,,,,0.34,20,100kHz,,,,0.14,20,120,,25,,,20,105,2000,DC,,,,0.53,900,,Compliant,Compliant,https://www.chemi-con.co.jp/products/detail-condenser.php?part_number=EMZA250ARA101MF80G,https://www.chemi-con.co.jp/en/products/detail-condenser.php?part_number=EMZA250ARA101MF80G,https://www.chemi-con.co.jp/cn/products/detail-condenser.php?part_number=EMZA250ARA101MF80G,https://www.chemi-con.co.jp/products/relatedfiles/capacitor/catalog/MZARA-j.PDF,https://www.chemi-con.co.jp/products/relatedfiles/capacitor/catalog/MZARA-e.PDF,https://www.chemi-con.co.jp/products/relatedfiles/capacitor/catalog/MZARA-c.PDF
EMZA250ARA221MHA0G,"In Production",,MZA,-55,105,25,220,M,8,10,,600,105,100kHz,,,,,,,,,,0.16,20,100kHz,,,,0.14,20,120,,55,,,20,105,2000,DC,,,,0.96,500,,Compliant,Compliant,https://www.chemi-con.co.jp/products/detail-condenser.php?part_number=EMZA250ARA221MHA0G,https://www.chemi-con.co.jp/en/products/detail-condenser.php?part_number=EMZA250ARA221MHA0G,https://www.chemi-con.co.jp/cn/products/detail-condenser.php?part_number=EMZA250ARA221MHA0G,https://www.chemi-con.co.jp/products/relatedfiles/capacitor/catalog/MZARA-j.PDF,https://www.chemi-con.co.jp/products/relatedfiles/capacitor/catalog/MZARA-e.PDF,https://www.chemi-con.co.jp/products/relatedfiles/capacitor/catalog/MZARA-c.PDF
EMZA250ARA331MHA0G,"In Production",,MZA,-55,105,25,330,M,8,10,,600,105,100kHz,,,,,,,,,,0.16,20,100kHz,,,,0.14,20,120,,82.5,,,20,105,2000,DC,,,,0.96,500,,Compliant,Compliant,https://www.chemi-con.co.jp/products/detail-condenser.php?part_number=EMZA250ARA331MHA0G,https://www.chemi-con.co.jp/en/products/detail-condenser.php?part_number=EMZA250ARA331MHA0G,https://www.chemi-con.co.jp/cn/products/detail-condenser.php?part_number=EMZA250ARA331MHA0G,https://www.chemi-con.co.jp/products/relatedfiles/capacitor/catalog/MZARA-j.PDF,https://www.chemi-con.co.jp/products/relatedfiles/capacitor/catalog/MZARA-e.PDF,https://www.chemi-con.co.jp/products/relatedfiles/capacitor/catalog/MZARA-c.PDF
EMZA250ARA471MJA0G,"In Production",,MZA,-55,105,25,470,M,10,10,,850,105,100kHz,,,,,,,,,,0.08,20,100kHz,,,,0.14,20,120,,117,,,20,105,2000,DC,,,,1.43,500,,Compliant,Compliant,https://www.chemi-con.co.jp/products/detail-condenser.php?part_number=EMZA250ARA471MJA0G,https://www.chemi-con.co.jp/en/products/detail-condenser.php?part_number=EMZA250ARA471MJA0G,https://www.chemi-con.co.jp/cn/products/detail-condenser.php?part_number=EMZA250ARA471MJA0G,https://www.chemi-con.co.jp/products/relatedfiles/capacitor/catalog/MZARA-j.PDF,https://www.chemi-con.co.jp/products/relatedfiles/capacitor/catalog/MZARA-e.PDF,https://www.chemi-con.co.jp/products/relatedfiles/capacitor/catalog/MZARA-c.PDF
EMZA250ARA102MKE0S,"In Production",,MZA,-55,105,25,1000,M,12.5,13.5,,1320,105,100kHz,,,,,,,,,,0.06,20,100kHz,0.3,-40,100kHz,0.16,20,120,,250,,,20,105,5000,DC,,,,2.9,250,,Compliant,Compliant,https://www.chemi-con.co.jp/products/detail-condenser.php?part_number=EMZA250ARA102MKE0S,https://www.chemi-con.co.jp/en/products/detail-condenser.php?part_number=EMZA250ARA102MKE0S,https://www.chemi-con.co.jp/cn/products/detail-condenser.php?part_number=EMZA250ARA102MKE0S,https://www.chemi-con.co.jp/products/relatedfiles/capacitor/catalog/MZARA-j.PDF,https://www.chemi-con.co.jp/products/relatedfiles/capacitor/catalog/MZARA-e.PDF,https://www.chemi-con.co.jp/products/relatedfiles/capacitor/catalog/MZARA-c.PDF
EMZA250ARA132MKG5S,"In Production",,MZA,-55,105,25,1300,M,12.5,16,,1470,105,100kHz,,,,,,,,,,0.056,20,100kHz,0.28,-40,100kHz,0.16,20,120,,325,,,20,105,5000,DC,,,,3.3,200,,Compliant,Compliant,https://www.chemi-con.co.jp/products/detail-condenser.php?part_number=EMZA250ARA132MKG5S,https://www.chemi-con.co.jp/en/products/detail-condenser.php?part_number=EMZA250ARA132MKG5S,https://www.chemi-con.co.jp/cn/products/detail-condenser.php?part_number=EMZA250ARA132MKG5S,https://www.chemi-con.co.jp/products/relatedfiles/capacitor/catalog/MZARA-j.PDF,https://www.chemi-con.co.jp/products/relatedfiles/capacitor/catalog/MZARA-e.PDF,https://www.chemi-con.co.jp/products/relatedfiles/capacitor/catalog/MZARA-c.PDF
EMZA250ARA182MLH0S,"In Production",,MZA,-55,105,25,1800,M,16,16.5,,1820,105,100kHz,,,,,,,,,,0.047,20,100kHz,0.24,-40,100kHz,0.16,20,120,,450,,,20,105,5000,DC,,,,6.7,175,,Compliant,Compliant,https://www.chemi-con.co.jp/products/detail-condenser.php?part_number=EMZA250ARA182MLH0S,https://www.chemi-con.co.jp/en/products/detail-condenser.php?part_number=EMZA250ARA182MLH0S,https://www.chemi-con.co.jp/cn/products/detail-condenser.php?part_number=EMZA250ARA182MLH0S,https://www.chemi-con.co.jp/products/relatedfiles/capacitor/catalog/MZARA-j.PDF,https://www.chemi-con.co.jp/products/relatedfiles/capacitor/catalog/MZARA-e.PDF,https://www.chemi-con.co.jp/products/relatedfiles/capacitor/catalog/MZARA-c.PDF
EMZA250ARA242MMH0S,"In Production",,MZA,-55,105,25,2400,M,18,16.5,,2060,105,100kHz,,,,,,,,,,0.045,20,100kHz,0.23,-40,100kHz,0.18,20,120,,600,,,20,105,5000,DC,,,,8.7,150,,Compliant,Compliant,https://www.chemi-con.co.jp/products/detail-condenser.php?part_number=EMZA250ARA242MMH0S,https://www.chemi-con.co.jp/en/products/detail-condenser.php?part_number=EMZA250ARA242MMH0S,https://www.chemi-con.co.jp/cn/products/detail-condenser.php?part_number=EMZA250ARA242MMH0S,https://www.chemi-con.co.jp/products/relatedfiles/capacitor/catalog/MZARA-j.PDF,https://www.chemi-con.co.jp/products/relatedfiles/capacitor/catalog/MZARA-e.PDF,https://www.chemi-con.co.jp/products/relatedfiles/capacitor/catalog/MZARA-c.PDF
EMZA250ARA302MLN0S,"In Production",,MZA,-55,105,25,3000,M,16,21.5,,2400,105,100kHz,,,,,,,,,,0.034,20,100kHz,0.17,-40,100kHz,0.2,20,120,,750,,,20,105,5000,DC,,,,7.9,125,,Compliant,Compliant,https://www.chemi-con.co.jp/products/detail-condenser.php?part_number=EMZA250ARA302MLN0S,https://www.chemi-con.co.jp/en/products/detail-condenser.php?part_number=EMZA250ARA302MLN0S,https://www.chemi-con.co.jp/cn/products/detail-condenser.php?part_number=EMZA250ARA302MLN0S,https://www.chemi-con.co.jp/products/relatedfiles/capacitor/catalog/MZARA-j.PDF,https://www.chemi-con.co.jp/products/relatedfiles/capacitor/catalog/MZARA-e.PDF,https://www.chemi-con.co.jp/products/relatedfiles/capacitor/catalog/MZARA-c.PDF
EMZA250ARA392MMN0S,"In Production",,MZA,-55,105,25,3900,M,18,21.5,,2640,105,100kHz,,,,,,,,,,0.032,20,100kHz,0.16,-40,100kHz,0.2,20,120,,975,,,20,105,5000,DC,,,,10.2,100,,Compliant,Compliant,https://www.chemi-con.co.jp/products/detail-condenser.php?part_number=EMZA250ARA392MMN0S,https://www.chemi-con.co.jp/en/products/detail-condenser.php?part_number=EMZA250ARA392MMN0S,https://www.chemi-con.co.jp/cn/products/detail-condenser.php?part_number=EMZA250ARA392MMN0S,https://www.chemi-con.co.jp/products/relatedfiles/capacitor/catalog/MZARA-j.PDF,https://www.chemi-con.co.jp/products/relatedfiles/capacitor/catalog/MZARA-e.PDF,https://www.chemi-con.co.jp/products/relatedfiles/capacitor/catalog/MZARA-c.PDF
EMZA350ARA100ME61G,"In Production",,MZA,-55,105,35,10,M,5,5.8,,160,105,100kHz,,,,,,,,,,0.7,20,100kHz,,,,0.12,20,120,,3.5,,,20,105,2000,DC,,,,0.26,1000,,Compliant,Compliant,https://www.chemi-con.co.jp/products/detail-condenser.php?part_number=EMZA350ARA100ME61G,https://www.chemi-con.co.jp/en/products/detail-condenser.php?part_number=EMZA350ARA100ME61G,https://www.chemi-con.co.jp/cn/products/detail-condenser.php?part_number=EMZA350ARA100ME61G,https://www.chemi-con.co.jp/products/relatedfiles/capacitor/catalog/MZARA-j.PDF,https://www.chemi-con.co.jp/products/relatedfiles/capacitor/catalog/MZARA-e.PDF,https://www.chemi-con.co.jp/products/relatedfiles/capacitor/catalog/MZARA-c.PDF
EMZA350ARA220ME61G,"In Production",,MZA,-55,105,35,22,M,5,5.8,,160,105,100kHz,,,,,,,,,,0.7,20,100kHz,,,,0.12,20,120,,7.7,,,20,105,2000,DC,,,,0.26,1000,,Compliant,Compliant,https://www.chemi-con.co.jp/products/detail-condenser.php?part_number=EMZA350ARA220ME61G,https://www.chemi-con.co.jp/en/products/detail-condenser.php?part_number=EMZA350ARA220ME61G,https://www.chemi-con.co.jp/cn/products/detail-condenser.php?part_number=EMZA350ARA220ME61G,https://www.chemi-con.co.jp/products/relatedfiles/capacitor/catalog/MZARA-j.PDF,https://www.chemi-con.co.jp/products/relatedfiles/capacitor/catalog/MZARA-e.PDF,https://www.chemi-con.co.jp/products/relatedfiles/capacitor/catalog/MZARA-c.PDF
EMZA350ARA330MF61G,"In Production",,MZA,-55,105,35,33,M,6.3,5.8,,240,105,100kHz,,,,,,,,,,0.36,20,100kHz,,,,0.12,20,120,,11.5,,,20,105,2000,DC,,,,0.4,1000,,Compliant,Compliant,https://www.chemi-con.co.jp/products/detail-condenser.php?part_number=EMZA350ARA330MF61G,https://www.chemi-con.co.jp/en/products/detail-condenser.php?part_number=EMZA350ARA330MF61G,https://www.chemi-con.co.jp/cn/products/detail-condenser.php?part_number=EMZA350ARA330MF61G,https://www.chemi-con.co.jp/products/relatedfiles/capacitor/catalog/MZARA-j.PDF,https://www.chemi-con.co.jp/products/relatedfiles/capacitor/catalog/MZARA-e.PDF,https://www.chemi-con.co.jp/products/relatedfiles/capacitor/catalog/MZARA-c.PDF
EMZA350ARA470MF61G,"In Production",,MZA,-55,105,35,47,M,6.3,5.8,,240,105,100kHz,,,,,,,,,,0.36,20,100kHz,,,,0.12,20,120,,16.4,,,20,105,2000,DC,,,,0.4,1000,,Compliant,Compliant,https://www.chemi-con.co.jp/products/detail-condenser.php?part_number=EMZA350ARA470MF61G,https://www.chemi-con.co.jp/en/products/detail-condenser.php?part_number=EMZA350ARA470MF61G,https://www.chemi-con.co.jp/cn/products/detail-condenser.php?part_number=EMZA350ARA470MF61G,https://www.chemi-con.co.jp/products/relatedfiles/capacitor/catalog/MZARA-j.PDF,https://www.chemi-con.co.jp/products/relatedfiles/capacitor/catalog/MZARA-e.PDF,https://www.chemi-con.co.jp/products/relatedfiles/capacitor/catalog/MZARA-c.PDF
EMZA350ARA101MF80G,"In Production",,MZA,-55,105,35,100,M,6.3,7.7,,280,105,100kHz,,,,,,,,,,0.34,20,100kHz,,,,0.12,20,120,,35,,,20,105,2000,DC,,,,0.53,900,,Compliant,Compliant,https://www.chemi-con.co.jp/products/detail-condenser.php?part_number=EMZA350ARA101MF80G,https://www.chemi-con.co.jp/en/products/detail-condenser.php?part_number=EMZA350ARA101MF80G,https://www.chemi-con.co.jp/cn/products/detail-condenser.php?part_number=EMZA350ARA101MF80G,https://www.chemi-con.co.jp/products/relatedfiles/capacitor/catalog/MZARA-j.PDF,https://www.chemi-con.co.jp/products/relatedfiles/capacitor/catalog/MZARA-e.PDF,https://www.chemi-con.co.jp/products/relatedfiles/capacitor/catalog/MZARA-c.PDF
EMZA350ARA101MHA0G,"In Production",,MZA,-55,105,35,100,M,8,10,,600,105,100kHz,,,,,,,,,,0.16,20,100kHz,,,,0.12,20,120,,35,,,20,105,2000,DC,,,,0.96,500,,Compliant,Compliant,https://www.chemi-con.co.jp/products/detail-condenser.php?part_number=EMZA350ARA101MHA0G,https://www.chemi-con.co.jp/en/products/detail-condenser.php?part_number=EMZA350ARA101MHA0G,https://www.chemi-con.co.jp/cn/products/detail-condenser.php?part_number=EMZA350ARA101MHA0G,https://www.chemi-con.co.jp/products/relatedfiles/capacitor/catalog/MZARA-j.PDF,https://www.chemi-con.co.jp/products/relatedfiles/capacitor/catalog/MZARA-e.PDF,https://www.chemi-con.co.jp/products/relatedfiles/capacitor/catalog/MZARA-c.PDF
EMZA350ARA221MHA0G,"In Production",,MZA,-55,105,35,220,M,8,10,,600,105,100kHz,,,,,,,,,,0.16,20,100kHz,,,,0.12,20,120,,77,,,20,105,2000,DC,,,,0.96,500,,Compliant,Compliant,https://www.chemi-con.co.jp/products/detail-condenser.php?part_number=EMZA350ARA221MHA0G,https://www.chemi-con.co.jp/en/products/detail-condenser.php?part_number=EMZA350ARA221MHA0G,https://www.chemi-con.co.jp/cn/products/detail-condenser.php?part_number=EMZA350ARA221MHA0G,https://www.chemi-con.co.jp/products/relatedfiles/capacitor/catalog/MZARA-j.PDF,https://www.chemi-con.co.jp/products/relatedfiles/capacitor/catalog/MZARA-e.PDF,https://www.chemi-con.co.jp/products/relatedfiles/capacitor/catalog/MZARA-c.PDF
EMZA350ARA331MJA0G,"In Production",,MZA,-55,105,35,330,M,10,10,,850,105,100kHz,,,,,,,,,,0.08,20,100kHz,,,,0.12,20,120,,115,,,20,105,2000,DC,,,,1.43,500,,Compliant,Compliant,https://www.chemi-con.co.jp/products/detail-condenser.php?part_number=EMZA350ARA331MJA0G,https://www.chemi-con.co.jp/en/products/detail-condenser.php?part_number=EMZA350ARA331MJA0G,https://www.chemi-con.co.jp/cn/products/detail-condenser.php?part_number=EMZA350ARA331MJA0G,https://www.chemi-con.co.jp/products/relatedfiles/capacitor/catalog/MZARA-j.PDF,https://www.chemi-con.co.jp/products/relatedfiles/capacitor/catalog/MZARA-e.PDF,https://www.chemi-con.co.jp/products/relatedfiles/capacitor/catalog/MZARA-c.PDF
EMZA350ARA621MKE0S,"In Production",,MZA,-55,105,35,620,M,12.5,13.5,,1320,105,100kHz,,,,,,,,,,0.06,20,100kHz,0.3,-40,100kHz,0.14,20,120,,217,,,20,105,5000,DC,,,,2.9,250,,Compliant,Compliant,https://www.chemi-con.co.jp/products/detail-condenser.php?part_number=EMZA350ARA621MKE0S,https://www.chemi-con.co.jp/en/products/detail-condenser.php?part_number=EMZA350ARA621MKE0S,https://www.chemi-con.co.jp/cn/products/detail-condenser.php?part_number=EMZA350ARA621MKE0S,https://www.chemi-con.co.jp/products/relatedfiles/capacitor/catalog/MZARA-j.PDF,https://www.chemi-con.co.jp/products/relatedfiles/capacitor/catalog/MZARA-e.PDF,https://www.chemi-con.co.jp/products/relatedfiles/capacitor/catalog/MZARA-c.PDF
EMZA350ARA821MKG5S,"In Production",,MZA,-55,105,35,820,M,12.5,16,,1470,105,100kHz,,,,,,,,,,0.056,20,100kHz,0.28,-40,100kHz,0.14,20,120,,287,,,20,105,5000,DC,,,,3.3,200,,Compliant,Compliant,https://www.chemi-con.co.jp/products/detail-condenser.php?part_number=EMZA350ARA821MKG5S,https://www.chemi-con.co.jp/en/products/detail-condenser.php?part_number=EMZA350ARA821MKG5S,https://www.chemi-con.co.jp/cn/products/detail-condenser.php?part_number=EMZA350ARA821MKG5S,https://www.chemi-con.co.jp/products/relatedfiles/capacitor/catalog/MZARA-j.PDF,https://www.chemi-con.co.jp/products/relatedfiles/capacitor/catalog/MZARA-e.PDF,https://www.chemi-con.co.jp/products/relatedfiles/capacitor/catalog/MZARA-c.PDF
EMZA350ARA122MLH0S,"In Production",,MZA,-55,105,35,1200,M,16,16.5,,1820,105,100kHz,,,,,,,,,,0.047,20,100kHz,0.24,-40,100kHz,0.14,20,120,,420,,,20,105,5000,DC,,,,6.7,175,,Compliant,Compliant,https://www.chemi-con.co.jp/products/detail-condenser.php?part_number=EMZA350ARA122MLH0S,https://www.chemi-con.co.jp/en/products/detail-condenser.php?part_number=EMZA350ARA122MLH0S,https://www.chemi-con.co.jp/cn/products/detail-condenser.php?part_number=EMZA350ARA122MLH0S,https://www.chemi-con.co.jp/products/relatedfiles/capacitor/catalog/MZARA-j.PDF,https://www.chemi-con.co.jp/products/relatedfiles/capacitor/catalog/MZARA-e.PDF,https://www.chemi-con.co.jp/products/relatedfiles/capacitor/catalog/MZARA-c.PDF
EMZA350ARA162MMH0S,"In Production",,MZA,-55,105,35,1600,M,18,16.5,,2060,105,100kHz,,,,,,,,,,0.045,20,100kHz,0.23,-40,100kHz,0.14,20,120,,560,,,20,105,5000,DC,,,,8.7,150,,Compliant,Compliant,https://www.chemi-con.co.jp/products/detail-condenser.php?part_number=EMZA350ARA162MMH0S,https://www.chemi-con.co.jp/en/products/detail-condenser.php?part_number=EMZA350ARA162MMH0S,https://www.chemi-con.co.jp/cn/products/detail-condenser.php?part_number=EMZA350ARA162MMH0S,https://www.chemi-con.co.jp/products/relatedfiles/capacitor/catalog/MZARA-j.PDF,https://www.chemi-con.co.jp/products/relatedfiles/capacitor/catalog/MZARA-e.PDF,https://www.chemi-con.co.jp/products/relatedfiles/capacitor/catalog/MZARA-c.PDF
EMZA350ARA182MLN0S,"In Production",,MZA,-55,105,35,1800,M,16,21.5,,2400,105,100kHz,,,,,,,,,,0.034,20,100kHz,0.17,-40,100kHz,0.14,20,120,,630,,,20,105,5000,DC,,,,7.9,125,,Compliant,Compliant,https://www.chemi-con.co.jp/products/detail-condenser.php?part_number=EMZA350ARA182MLN0S,https://www.chemi-con.co.jp/en/products/detail-condenser.php?part_number=EMZA350ARA182MLN0S,https://www.chemi-con.co.jp/cn/products/detail-condenser.php?part_number=EMZA350ARA182MLN0S,https://www.chemi-con.co.jp/products/relatedfiles/capacitor/catalog/MZARA-j.PDF,https://www.chemi-con.co.jp/products/relatedfiles/capacitor/catalog/MZARA-e.PDF,https://www.chemi-con.co.jp/products/relatedfiles/capacitor/catalog/MZARA-c.PDF
EMZA350ARA242MMN0S,"In Production",,MZA,-55,105,35,2400,M,18,21.5,,2640,105,100kHz,,,,,,,,,,0.032,20,100kHz,0.16,-40,100kHz,0.16,20,120,,840,,,20,105,5000,DC,,,,10.2,100,,Compliant,Compliant,https://www.chemi-con.co.jp/products/detail-condenser.php?part_number=EMZA350ARA242MMN0S,https://www.chemi-con.co.jp/en/products/detail-condenser.php?part_number=EMZA350ARA242MMN0S,https://www.chemi-con.co.jp/cn/products/detail-condenser.php?part_number=EMZA350ARA242MMN0S,https://www.chemi-con.co.jp/products/relatedfiles/capacitor/catalog/MZARA-j.PDF,https://www.chemi-con.co.jp/products/relatedfiles/capacitor/catalog/MZARA-e.PDF,https://www.chemi-con.co.jp/products/relatedfiles/capacitor/catalog/MZARA-c.PDF
EMZA500ARA100ME61G,"In Production",,MZA,-55,105,50,10,M,5,5.8,,85,105,100kHz,,,,,,,,,,1.52,20,100kHz,,,,0.1,20,120,,5,,,20,105,2000,DC,,,,0.26,1000,,Compliant,Compliant,https://www.chemi-con.co.jp/products/detail-condenser.php?part_number=EMZA500ARA100ME61G,https://www.chemi-con.co.jp/en/products/detail-condenser.php?part_number=EMZA500ARA100ME61G,https://www.chemi-con.co.jp/cn/products/detail-condenser.php?part_number=EMZA500ARA100ME61G,https://www.chemi-con.co.jp/products/relatedfiles/capacitor/catalog/MZARA-j.PDF,https://www.chemi-con.co.jp/products/relatedfiles/capacitor/catalog/MZARA-e.PDF,https://www.chemi-con.co.jp/products/relatedfiles/capacitor/catalog/MZARA-c.PDF
EMZA500ARA100MF61G,"In Production",,MZA,-55,105,50,10,M,6.3,5.8,,165,105,100kHz,,,,,,,,,,0.88,20,100kHz,,,,0.1,20,120,,5,,,20,105,2000,DC,,,,0.4,1000,,Compliant,Compliant,https://www.chemi-con.co.jp/products/detail-condenser.php?part_number=EMZA500ARA100MF61G,https://www.chemi-con.co.jp/en/products/detail-condenser.php?part_number=EMZA500ARA100MF61G,https://www.chemi-con.co.jp/cn/products/detail-condenser.php?part_number=EMZA500ARA100MF61G,https://www.chemi-con.co.jp/products/relatedfiles/capacitor/catalog/MZARA-j.PDF,https://www.chemi-con.co.jp/products/relatedfiles/capacitor/catalog/MZARA-e.PDF,https://www.chemi-con.co.jp/products/relatedfiles/capacitor/catalog/MZARA-c.PDF
EMZA500ARA220MF61G,"In Production",,MZA,-55,105,50,22,M,6.3,5.8,,165,105,100kHz,,,,,,,,,,0.88,20,100kHz,,,,0.1,20,120,,11,,,20,105,2000,DC,,,,0.4,1000,,Compliant,Compliant,https://www.chemi-con.co.jp/products/detail-condenser.php?part_number=EMZA500ARA220MF61G,https://www.chemi-con.co.jp/en/products/detail-condenser.php?part_number=EMZA500ARA220MF61G,https://www.chemi-con.co.jp/cn/products/detail-condenser.php?part_number=EMZA500ARA220MF61G,https://www.chemi-con.co.jp/products/relatedfiles/capacitor/catalog/MZARA-j.PDF,https://www.chemi-con.co.jp/products/relatedfiles/capacitor/catalog/MZARA-e.PDF,https://www.chemi-con.co.jp/products/relatedfiles/capacitor/catalog/MZARA-c.PDF
EMZA500ARA330MF80G,"In Production",,MZA,-55,105,50,33,M,6.3,7.7,,195,105,100kHz,,,,,,,,,,0.68,20,100kHz,,,,0.1,20,120,,16.5,,,20,105,2000,DC,,,,0.53,900,,Compliant,Compliant,https://www.chemi-con.co.jp/products/detail-condenser.php?part_number=EMZA500ARA330MF80G,https://www.chemi-con.co.jp/en/products/detail-condenser.php?part_number=EMZA500ARA330MF80G,https://www.chemi-con.co.jp/cn/products/detail-condenser.php?part_number=EMZA500ARA330MF80G,https://www.chemi-con.co.jp/products/relatedfiles/capacitor/catalog/MZARA-j.PDF,https://www.chemi-con.co.jp/products/relatedfiles/capacitor/catalog/MZARA-e.PDF,https://www.chemi-con.co.jp/products/relatedfiles/capacitor/catalog/MZARA-c.PDF
EMZA500ARA470MF80G,"In Production",,MZA,-55,105,50,47,M,6.3,7.7,,195,105,100kHz,,,,,,,,,,0.68,20,100kHz,,,,0.1,20,120,,23.5,,,20,105,2000,DC,,,,0.53,900,,Compliant,Compliant,https://www.chemi-con.co.jp/products/detail-condenser.php?part_number=EMZA500ARA470MF80G,https://www.chemi-con.co.jp/en/products/detail-condenser.php?part_number=EMZA500ARA470MF80G,https://www.chemi-con.co.jp/cn/products/detail-condenser.php?part_number=EMZA500ARA470MF80G,https://www.chemi-con.co.jp/products/relatedfiles/capacitor/catalog/MZARA-j.PDF,https://www.chemi-con.co.jp/products/relatedfiles/capacitor/catalog/MZARA-e.PDF,https://www.chemi-con.co.jp/products/relatedfiles/capacitor/catalog/MZARA-c.PDF
EMZA500ARA101MHA0G,"In Production",,MZA,-55,105,50,100,M,8,10,,350,105,100kHz,,,,,,,,,,0.34,20,100kHz,,,,0.1,20,120,,50,,,20,105,2000,DC,,,,0.96,500,,Compliant,Compliant,https://www.chemi-con.co.jp/products/detail-condenser.php?part_number=EMZA500ARA101MHA0G,https://www.chemi-con.co.jp/en/products/detail-condenser.php?part_number=EMZA500ARA101MHA0G,https://www.chemi-con.co.jp/cn/products/detail-condenser.php?part_number=EMZA500ARA101MHA0G,https://www.chemi-con.co.jp/products/relatedfiles/capacitor/catalog/MZARA-j.PDF,https://www.chemi-con.co.jp/products/relatedfiles/capacitor/catalog/MZARA-e.PDF,https://www.chemi-con.co.jp/products/relatedfiles/capacitor/catalog/MZARA-c.PDF
EMZA500ARA221MJA0G,"In Production",,MZA,-55,105,50,220,M,10,10,,670,105,100kHz,,,,,,,,,,0.18,20,100kHz,,,,0.1,20,120,,110,,,20,105,2000,DC,,,,1.43,500,,Compliant,Compliant,https://www.chemi-con.co.jp/products/detail-condenser.php?part_number=EMZA500ARA221MJA0G,https://www.chemi-con.co.jp/en/products/detail-condenser.php?part_number=EMZA500ARA221MJA0G,https://www.chemi-con.co.jp/cn/products/detail-condenser.php?part_number=EMZA500ARA221MJA0G,https://www.chemi-con.co.jp/products/relatedfiles/capacitor/catalog/MZARA-j.PDF,https://www.chemi-con.co.jp/products/relatedfiles/capacitor/catalog/MZARA-e.PDF,https://www.chemi-con.co.jp/products/relatedfiles/capacitor/catalog/MZARA-c.PDF
EMZA500ARA331MKE0S,"In Production",,MZA,-55,105,50,330,M,12.5,13.5,,980,105,100kHz,,,,,,,,,,0.11,20,100kHz,0.55,-40,100kHz,0.12,20,120,,165,,,20,105,5000,DC,,,,2.9,250,,Compliant,Compliant,https://www.chemi-con.co.jp/products/detail-condenser.php?part_number=EMZA500ARA331MKE0S,https://www.chemi-con.co.jp/en/products/detail-condenser.php?part_number=EMZA500ARA331MKE0S,https://www.chemi-con.co.jp/cn/products/detail-condenser.php?part_number=EMZA500ARA331MKE0S,https://www.chemi-con.co.jp/products/relatedfiles/capacitor/catalog/MZARA-j.PDF,https://www.chemi-con.co.jp/products/relatedfiles/capacitor/catalog/MZARA-e.PDF,https://www.chemi-con.co.jp/products/relatedfiles/capacitor/catalog/MZARA-c.PDF
EMZA500ARA431MKG5S,"In Production",,MZA,-55,105,50,430,M,12.5,16,,1090,105,100kHz,,,,,,,,,,0.1,20,100kHz,0.5,-40,100kHz,0.12,20,120,,215,,,20,105,5000,DC,,,,3.3,200,,Compliant,Compliant,https://www.chemi-con.co.jp/products/detail-condenser.php?part_number=EMZA500ARA431MKG5S,https://www.chemi-con.co.jp/en/products/detail-condenser.php?part_number=EMZA500ARA431MKG5S,https://www.chemi-con.co.jp/cn/products/detail-condenser.php?part_number=EMZA500ARA431MKG5S,https://www.chemi-con.co.jp/products/relatedfiles/capacitor/catalog/MZARA-j.PDF,https://www.chemi-con.co.jp/products/relatedfiles/capacitor/catalog/MZARA-e.PDF,https://www.chemi-con.co.jp/products/relatedfiles/capacitor/catalog/MZARA-c.PDF
EMZA500ARA621MLH0S,"In Production",,MZA,-55,105,50,620,M,16,16.5,,1320,105,100kHz,,,,,,,,,,0.087,20,100kHz,0.44,-40,100kHz,0.12,20,120,,310,,,20,105,5000,DC,,,,6.7,175,,Compliant,Compliant,https://www.chemi-con.co.jp/products/detail-condenser.php?part_number=EMZA500ARA621MLH0S,https://www.chemi-con.co.jp/en/products/detail-condenser.php?part_number=EMZA500ARA621MLH0S,https://www.chemi-con.co.jp/cn/products/detail-condenser.php?part_number=EMZA500ARA621MLH0S,https://www.chemi-con.co.jp/products/relatedfiles/capacitor/catalog/MZARA-j.PDF,https://www.chemi-con.co.jp/products/relatedfiles/capacitor/catalog/MZARA-e.PDF,https://www.chemi-con.co.jp/products/relatedfiles/capacitor/catalog/MZARA-c.PDF
EMZA500ARA821MMH0S,"In Production",,MZA,-55,105,50,820,M,18,16.5,,1420,105,100kHz,,,,,,,,,,0.087,20,100kHz,0.44,-40,100kHz,0.12,20,120,,410,,,20,105,5000,DC,,,,8.7,150,,Compliant,Compliant,https://www.chemi-con.co.jp/products/detail-condenser.php?part_number=EMZA500ARA821MMH0S,https://www.chemi-con.co.jp/en/products/detail-condenser.php?part_number=EMZA500ARA821MMH0S,https://www.chemi-con.co.jp/cn/products/detail-condenser.php?part_number=EMZA500ARA821MMH0S,https://www.chemi-con.co.jp/products/relatedfiles/capacitor/catalog/MZARA-j.PDF,https://www.chemi-con.co.jp/products/relatedfiles/capacitor/catalog/MZARA-e.PDF,https://www.chemi-con.co.jp/products/relatedfiles/capacitor/catalog/MZARA-c.PDF
EMZA500ARA102MLN0S,"In Production",,MZA,-55,105,50,1000,M,16,21.5,,1910,105,100kHz,,,,,,,,,,0.05,20,100kHz,0.25,-40,100kHz,0.12,20,120,,500,,,20,105,5000,DC,,,,7.9,125,,Compliant,Compliant,https://www.chemi-con.co.jp/products/detail-condenser.php?part_number=EMZA500ARA102MLN0S,https://www.chemi-con.co.jp/en/products/detail-condenser.php?part_number=EMZA500ARA102MLN0S,https://www.chemi-con.co.jp/cn/products/detail-condenser.php?part_number=EMZA500ARA102MLN0S,https://www.chemi-con.co.jp/products/relatedfiles/capacitor/catalog/MZARA-j.PDF,https://www.chemi-con.co.jp/products/relatedfiles/capacitor/catalog/MZARA-e.PDF,https://www.chemi-con.co.jp/products/relatedfiles/capacitor/catalog/MZARA-c.PDF
EMZA500ARA132MMN0S,"In Production",,MZA,-55,105,50,1300,M,18,21.5,,2180,105,100kHz,,,,,,,,,,0.05,20,100kHz,0.25,-40,100kHz,0.12,20,120,,650,,,20,105,5000,DC,,,,10.2,100,,Compliant,Compliant,https://www.chemi-con.co.jp/products/detail-condenser.php?part_number=EMZA500ARA132MMN0S,https://www.chemi-con.co.jp/en/products/detail-condenser.php?part_number=EMZA500ARA132MMN0S,https://www.chemi-con.co.jp/cn/products/detail-condenser.php?part_number=EMZA500ARA132MMN0S,https://www.chemi-con.co.jp/products/relatedfiles/capacitor/catalog/MZARA-j.PDF,https://www.chemi-con.co.jp/products/relatedfiles/capacitor/catalog/MZARA-e.PDF,https://www.chemi-con.co.jp/products/relatedfiles/capacitor/catalog/MZARA-c.PDF
EMZA630ARA4R7ME61G,"In Production",,MZA,-55,105,63,4.7,M,5,5.8,,50,105,100kHz,,,,,,,,,,4.8,20,100kHz,,,,0.08,20,120,,3,,,20,105,2000,DC,,,,0.26,1000,,Compliant,Compliant,https://www.chemi-con.co.jp/products/detail-condenser.php?part_number=EMZA630ARA4R7ME61G,https://www.chemi-con.co.jp/en/products/detail-condenser.php?part_number=EMZA630ARA4R7ME61G,https://www.chemi-con.co.jp/cn/products/detail-condenser.php?part_number=EMZA630ARA4R7ME61G,https://www.chemi-con.co.jp/products/relatedfiles/capacitor/catalog/MZARA-j.PDF,https://www.chemi-con.co.jp/products/relatedfiles/capacitor/catalog/MZARA-e.PDF,https://www.chemi-con.co.jp/products/relatedfiles/capacitor/catalog/MZARA-c.PDF
EMZA630ARA100MF61G,"In Production",,MZA,-55,105,63,10,M,6.3,5.8,,80,105,100kHz,,,,,,,,,,2.2,20,100kHz,,,,0.08,20,120,,6.3,,,20,105,2000,DC,,,,0.4,1000,,Compliant,Compliant,https://www.chemi-con.co.jp/products/detail-condenser.php?part_number=EMZA630ARA100MF61G,https://www.chemi-con.co.jp/en/products/detail-condenser.php?part_number=EMZA630ARA100MF61G,https://www.chemi-con.co.jp/cn/products/detail-condenser.php?part_number=EMZA630ARA100MF61G,https://www.chemi-con.co.jp/products/relatedfiles/capacitor/catalog/MZARA-j.PDF,https://www.chemi-con.co.jp/products/relatedfiles/capacitor/catalog/MZARA-e.PDF,https://www.chemi-con.co.jp/products/relatedfiles/capacitor/catalog/MZARA-c.PDF
EMZA630ARA220MF80G,"In Production",,MZA,-55,105,63,22,M,6.3,7.7,,120,105,100kHz,,,,,,,,,,2.1,20,100kHz,,,,0.08,20,120,,13.8,,,20,105,2000,DC,,,,0.53,900,,Compliant,Compliant,https://www.chemi-con.co.jp/products/detail-condenser.php?part_number=EMZA630ARA220MF80G,https://www.chemi-con.co.jp/en/products/detail-condenser.php?part_number=EMZA630ARA220MF80G,https://www.chemi-con.co.jp/cn/products/detail-condenser.php?part_number=EMZA630ARA220MF80G,https://www.chemi-con.co.jp/products/relatedfiles/capacitor/catalog/MZARA-j.PDF,https://www.chemi-con.co.jp/products/relatedfiles/capacitor/catalog/MZARA-e.PDF,https://www.chemi-con.co.jp/products/relatedfiles/capacitor/catalog/MZARA-c.PDF
EMZA630ARA330MHA0G,"In Production",,MZA,-55,105,63,33,M,8,10,,250,105,100kHz,,,,,,,,,,0.7,20,100kHz,,,,0.08,20,120,,20.7,,,20,105,2000,DC,,,,0.96,500,,Compliant,Compliant,https://www.chemi-con.co.jp/products/detail-condenser.php?part_number=EMZA630ARA330MHA0G,https://www.chemi-con.co.jp/en/products/detail-condenser.php?part_number=EMZA630ARA330MHA0G,https://www.chemi-con.co.jp/cn/products/detail-condenser.php?part_number=EMZA630ARA330MHA0G,https://www.chemi-con.co.jp/products/relatedfiles/capacitor/catalog/MZARA-j.PDF,https://www.chemi-con.co.jp/products/relatedfiles/capacitor/catalog/MZARA-e.PDF,https://www.chemi-con.co.jp/products/relatedfiles/capacitor/catalog/MZARA-c.PDF
EMZA630ARA470MHA0G,"In Production",,MZA,-55,105,63,47,M,8,10,,250,105,100kHz,,,,,,,,,,0.7,20,100kHz,,,,0.08,20,120,,29.6,,,20,105,2000,DC,,,,0.96,500,,Compliant,Compliant,https://www.chemi-con.co.jp/products/detail-condenser.php?part_number=EMZA630ARA470MHA0G,https://www.chemi-con.co.jp/en/products/detail-condenser.php?part_number=EMZA630ARA470MHA0G,https://www.chemi-con.co.jp/cn/products/detail-condenser.php?part_number=EMZA630ARA470MHA0G,https://www.chemi-con.co.jp/products/relatedfiles/capacitor/catalog/MZARA-j.PDF,https://www.chemi-con.co.jp/products/relatedfiles/capacitor/catalog/MZARA-e.PDF,https://www.chemi-con.co.jp/products/relatedfiles/capacitor/catalog/MZARA-c.PDF
EMZA630ARA680MHA0G,"In Production",,MZA,-55,105,63,68,M,8,10,,250,105,100kHz,,,,,,,,,,0.7,20,100kHz,,,,0.08,20,120,,42.8,,,20,105,2000,DC,,,,0.96,500,,Compliant,Compliant,https://www.chemi-con.co.jp/products/detail-condenser.php?part_number=EMZA630ARA680MHA0G,https://www.chemi-con.co.jp/en/products/detail-condenser.php?part_number=EMZA630ARA680MHA0G,https://www.chemi-con.co.jp/cn/products/detail-condenser.php?part_number=EMZA630ARA680MHA0G,https://www.chemi-con.co.jp/products/relatedfiles/capacitor/catalog/MZARA-j.PDF,https://www.chemi-con.co.jp/products/relatedfiles/capacitor/catalog/MZARA-e.PDF,https://www.chemi-con.co.jp/products/relatedfiles/capacitor/catalog/MZARA-c.PDF
EMZA630ARA101MJA0G,"In Production",,MZA,-55,105,63,100,M,10,10,,400,105,100kHz,,,,,,,,,,0.45,20,100kHz,,,,0.08,20,120,,63,,,20,105,2000,DC,,,,1.43,500,,Compliant,Compliant,https://www.chemi-con.co.jp/products/detail-condenser.php?part_number=EMZA630ARA101MJA0G,https://www.chemi-con.co.jp/en/products/detail-condenser.php?part_number=EMZA630ARA101MJA0G,https://www.chemi-con.co.jp/cn/products/detail-condenser.php?part_number=EMZA630ARA101MJA0G,https://www.chemi-con.co.jp/products/relatedfiles/capacitor/catalog/MZARA-j.PDF,https://www.chemi-con.co.jp/products/relatedfiles/capacitor/catalog/MZARA-e.PDF,https://www.chemi-con.co.jp/products/relatedfiles/capacitor/catalog/MZARA-c.PDF
EMZA630ARA241MKE0S,"In Production",,MZA,-55,105,63,240,M,12.5,13.5,,880,105,100kHz,,,,,,,,,,0.19,20,100kHz,1.54,-40,100kHz,0.12,20,120,,151,,,20,105,5000,DC,,,,2.9,250,,Compliant,Compliant,https://www.chemi-con.co.jp/products/detail-condenser.php?part_number=EMZA630ARA241MKE0S,https://www.chemi-con.co.jp/en/products/detail-condenser.php?part_number=EMZA630ARA241MKE0S,https://www.chemi-con.co.jp/cn/products/detail-condenser.php?part_number=EMZA630ARA241MKE0S,https://www.chemi-con.co.jp/products/relatedfiles/capacitor/catalog/MZARA-j.PDF,https://www.chemi-con.co.jp/products/relatedfiles/capacitor/catalog/MZARA-e.PDF,https://www.chemi-con.co.jp/products/relatedfiles/capacitor/catalog/MZARA-c.PDF
EMZA630ARA301MKG5S,"In Production",,MZA,-55,105,63,300,M,12.5,16,,1000,105,100kHz,,,,,,,,,,0.17,20,100kHz,1.19,-40,100kHz,0.12,20,120,,189,,,20,105,5000,DC,,,,3.3,200,,Compliant,Compliant,https://www.chemi-con.co.jp/products/detail-condenser.php?part_number=EMZA630ARA301MKG5S,https://www.chemi-con.co.jp/en/products/detail-condenser.php?part_number=EMZA630ARA301MKG5S,https://www.chemi-con.co.jp/cn/products/detail-condenser.php?part_number=EMZA630ARA301MKG5S,https://www.chemi-con.co.jp/products/relatedfiles/capacitor/catalog/MZARA-j.PDF,https://www.chemi-con.co.jp/products/relatedfiles/capacitor/catalog/MZARA-e.PDF,https://www.chemi-con.co.jp/products/relatedfiles/capacitor/catalog/MZARA-c.PDF
EMZA630ARA431MLH0S,"In Production",,MZA,-55,105,63,430,M,16,16.5,,1220,105,100kHz,,,,,,,,,,0.15,20,100kHz,1.05,-40,100kHz,0.12,20,120,,270,,,20,105,5000,DC,,,,6.7,175,,Compliant,Compliant,https://www.chemi-con.co.jp/products/detail-condenser.php?part_number=EMZA630ARA431MLH0S,https://www.chemi-con.co.jp/en/products/detail-condenser.php?part_number=EMZA630ARA431MLH0S,https://www.chemi-con.co.jp/cn/products/detail-condenser.php?part_number=EMZA630ARA431MLH0S,https://www.chemi-con.co.jp/products/relatedfiles/capacitor/catalog/MZARA-j.PDF,https://www.chemi-con.co.jp/products/relatedfiles/capacitor/catalog/MZARA-e.PDF,https://www.chemi-con.co.jp/products/relatedfiles/capacitor/catalog/MZARA-c.PDF
EMZA630ARA561MMH0S,"In Production",,MZA,-55,105,63,560,M,18,16.5,,1430,105,100kHz,,,,,,,,,,0.12,20,100kHz,0.84,-40,100kHz,0.12,20,120,,352,,,20,105,5000,DC,,,,8.7,150,,Compliant,Compliant,https://www.chemi-con.co.jp/products/detail-condenser.php?part_number=EMZA630ARA561MMH0S,https://www.chemi-con.co.jp/en/products/detail-condenser.php?part_number=EMZA630ARA561MMH0S,https://www.chemi-con.co.jp/cn/products/detail-condenser.php?part_number=EMZA630ARA561MMH0S,https://www.chemi-con.co.jp/products/relatedfiles/capacitor/catalog/MZARA-j.PDF,https://www.chemi-con.co.jp/products/relatedfiles/capacitor/catalog/MZARA-e.PDF,https://www.chemi-con.co.jp/products/relatedfiles/capacitor/catalog/MZARA-c.PDF
EMZA630ARA681MLN0S,"In Production",,MZA,-55,105,63,680,M,16,21.5,,1790,105,100kHz,,,,,,,,,,0.085,20,100kHz,0.58,-40,100kHz,0.12,20,120,,428,,,20,105,5000,DC,,,,7.9,125,,Compliant,Compliant,https://www.chemi-con.co.jp/products/detail-condenser.php?part_number=EMZA630ARA681MLN0S,https://www.chemi-con.co.jp/en/products/detail-condenser.php?part_number=EMZA630ARA681MLN0S,https://www.chemi-con.co.jp/cn/products/detail-condenser.php?part_number=EMZA630ARA681MLN0S,https://www.chemi-con.co.jp/products/relatedfiles/capacitor/catalog/MZARA-j.PDF,https://www.chemi-con.co.jp/products/relatedfiles/capacitor/catalog/MZARA-e.PDF,https://www.chemi-con.co.jp/products/relatedfiles/capacitor/catalog/MZARA-c.PDF
EMZA630ARA911MMN0S,"In Production",,MZA,-55,105,63,910,M,18,21.5,,1960,105,100kHz,,,,,,,,,,0.07,20,100kHz,0.49,-40,100kHz,0.12,20,120,,573,,,20,105,5000,DC,,,,10.2,100,,Compliant,Compliant,https://www.chemi-con.co.jp/products/detail-condenser.php?part_number=EMZA630ARA911MMN0S,https://www.chemi-con.co.jp/en/products/detail-condenser.php?part_number=EMZA630ARA911MMN0S,https://www.chemi-con.co.jp/cn/products/detail-condenser.php?part_number=EMZA630ARA911MMN0S,https://www.chemi-con.co.jp/products/relatedfiles/capacitor/catalog/MZARA-j.PDF,https://www.chemi-con.co.jp/products/relatedfiles/capacitor/catalog/MZARA-e.PDF,https://www.chemi-con.co.jp/products/relatedfiles/capacitor/catalog/MZARA-c.PDF
EMZA800ARA3R3ME61G,"In Production",,MZA,-55,105,80,3.3,M,5,5.8,,25,105,100kHz,,,,,,,,,,5,20,100kHz,,,,0.08,20,120,,3,,,20,105,2000,DC,,,,0.26,1000,,Compliant,Compliant,https://www.chemi-con.co.jp/products/detail-condenser.php?part_number=EMZA800ARA3R3ME61G,https://www.chemi-con.co.jp/en/products/detail-condenser.php?part_number=EMZA800ARA3R3ME61G,https://www.chemi-con.co.jp/cn/products/detail-condenser.php?part_number=EMZA800ARA3R3ME61G,https://www.chemi-con.co.jp/products/relatedfiles/capacitor/catalog/MZARA-j.PDF,https://www.chemi-con.co.jp/products/relatedfiles/capacitor/catalog/MZARA-e.PDF,https://www.chemi-con.co.jp/products/relatedfiles/capacitor/catalog/MZARA-c.PDF
EMZA800ARA4R7MF61G,"In Production",,MZA,-55,105,80,4.7,M,6.3,5.8,,40,105,100kHz,,,,,,,,,,3,20,100kHz,,,,0.08,20,120,,3.7,,,20,105,2000,DC,,,,0.4,1000,,Compliant,Compliant,https://www.chemi-con.co.jp/products/detail-condenser.php?part_number=EMZA800ARA4R7MF61G,https://www.chemi-con.co.jp/en/products/detail-condenser.php?part_number=EMZA800ARA4R7MF61G,https://www.chemi-con.co.jp/cn/products/detail-condenser.php?part_number=EMZA800ARA4R7MF61G,https://www.chemi-con.co.jp/products/relatedfiles/capacitor/catalog/MZARA-j.PDF,https://www.chemi-con.co.jp/products/relatedfiles/capacitor/catalog/MZARA-e.PDF,https://www.chemi-con.co.jp/products/relatedfiles/capacitor/catalog/MZARA-c.PDF
EMZA800ARA100MF80G,"In Production",,MZA,-55,105,80,10,M,6.3,7.7,,60,105,100kHz,,,,,,,,,,2.4,20,100kHz,,,,0.08,20,120,,8,,,20,105,2000,DC,,,,0.53,900,,Compliant,Compliant,https://www.chemi-con.co.jp/products/detail-condenser.php?part_number=EMZA800ARA100MF80G,https://www.chemi-con.co.jp/en/products/detail-condenser.php?part_number=EMZA800ARA100MF80G,https://www.chemi-con.co.jp/cn/products/detail-condenser.php?part_number=EMZA800ARA100MF80G,https://www.chemi-con.co.jp/products/relatedfiles/capacitor/catalog/MZARA-j.PDF,https://www.chemi-con.co.jp/products/relatedfiles/capacitor/catalog/MZARA-e.PDF,https://www.chemi-con.co.jp/products/relatedfiles/capacitor/catalog/MZARA-c.PDF
EMZA800ARA220MHA0G,"In Production",,MZA,-55,105,80,22,M,8,10,,130,105,100kHz,,,,,,,,,,1.3,20,100kHz,,,,0.08,20,120,,17.6,,,20,105,2000,DC,,,,0.96,500,,Compliant,Compliant,https://www.chemi-con.co.jp/products/detail-condenser.php?part_number=EMZA800ARA220MHA0G,https://www.chemi-con.co.jp/en/products/detail-condenser.php?part_number=EMZA800ARA220MHA0G,https://www.chemi-con.co.jp/cn/products/detail-condenser.php?part_number=EMZA800ARA220MHA0G,https://www.chemi-con.co.jp/products/relatedfiles/capacitor/catalog/MZARA-j.PDF,https://www.chemi-con.co.jp/products/relatedfiles/capacitor/catalog/MZARA-e.PDF,https://www.chemi-con.co.jp/products/relatedfiles/capacitor/catalog/MZARA-c.PDF
EMZA800ARA330MHA0G,"In Production",,MZA,-55,105,80,33,M,8,10,,130,105,100kHz,,,,,,,,,,1.3,20,100kHz,,,,0.08,20,120,,26.4,,,20,105,2000,DC,,,,0.96,500,,Compliant,Compliant,https://www.chemi-con.co.jp/products/detail-condenser.php?part_number=EMZA800ARA330MHA0G,https://www.chemi-con.co.jp/en/products/detail-condenser.php?part_number=EMZA800ARA330MHA0G,https://www.chemi-con.co.jp/cn/products/detail-condenser.php?part_number=EMZA800ARA330MHA0G,https://www.chemi-con.co.jp/products/relatedfiles/capacitor/catalog/MZARA-j.PDF,https://www.chemi-con.co.jp/products/relatedfiles/capacitor/catalog/MZARA-e.PDF,https://www.chemi-con.co.jp/products/relatedfiles/capacitor/catalog/MZARA-c.PDF
EMZA800ARA470MJA0G,"In Production",,MZA,-55,105,80,47,M,10,10,,200,105,100kHz,,,,,,,,,,0.7,20,100kHz,,,,0.08,20,120,,37.6,,,20,105,2000,DC,,,,1.43,500,,Compliant,Compliant,https://www.chemi-con.co.jp/products/detail-condenser.php?part_number=EMZA800ARA470MJA0G,https://www.chemi-con.co.jp/en/products/detail-condenser.php?part_number=EMZA800ARA470MJA0G,https://www.chemi-con.co.jp/cn/products/detail-condenser.php?part_number=EMZA800ARA470MJA0G,https://www.chemi-con.co.jp/products/relatedfiles/capacitor/catalog/MZARA-j.PDF,https://www.chemi-con.co.jp/products/relatedfiles/capacitor/catalog/MZARA-e.PDF,https://www.chemi-con.co.jp/products/relatedfiles/capacitor/catalog/MZARA-c.PDF
EMZA800ARA151MKE0S,"In Production",,MZA,-55,105,80,150,M,12.5,13.5,,810,105,100kHz,,,,,,,,,,0.22,20,100kHz,1.54,-40,100kHz,0.1,20,120,,120,,,20,105,5000,DC,,,,2.9,250,,Compliant,Compliant,https://www.chemi-con.co.jp/products/detail-condenser.php?part_number=EMZA800ARA151MKE0S,https://www.chemi-con.co.jp/en/products/detail-condenser.php?part_number=EMZA800ARA151MKE0S,https://www.chemi-con.co.jp/cn/products/detail-condenser.php?part_number=EMZA800ARA151MKE0S,https://www.chemi-con.co.jp/products/relatedfiles/capacitor/catalog/MZARA-j.PDF,https://www.chemi-con.co.jp/products/relatedfiles/capacitor/catalog/MZARA-e.PDF,https://www.chemi-con.co.jp/products/relatedfiles/capacitor/catalog/MZARA-c.PDF
EMZA800ARA221MKG5S,"In Production",,MZA,-55,105,80,220,M,12.5,16,,1000,105,100kHz,,,,,,,,,,0.17,20,100kHz,1.19,-40,100kHz,0.1,20,120,,176,,,20,105,5000,DC,,,,3.3,200,,Compliant,Compliant,https://www.chemi-con.co.jp/products/detail-condenser.php?part_number=EMZA800ARA221MKG5S,https://www.chemi-con.co.jp/en/products/detail-condenser.php?part_number=EMZA800ARA221MKG5S,https://www.chemi-con.co.jp/cn/products/detail-condenser.php?part_number=EMZA800ARA221MKG5S,https://www.chemi-con.co.jp/products/relatedfiles/capacitor/catalog/MZARA-j.PDF,https://www.chemi-con.co.jp/products/relatedfiles/capacitor/catalog/MZARA-e.PDF,https://www.chemi-con.co.jp/products/relatedfiles/capacitor/catalog/MZARA-c.PDF
EMZA800ARA331MLH0S,"In Production",,MZA,-55,105,80,330,M,16,16.5,,1220,105,100kHz,,,,,,,,,,0.15,20,100kHz,1.05,-40,100kHz,0.1,20,120,,264,,,20,105,5000,DC,,,,6.7,175,,Compliant,Compliant,https://www.chemi-con.co.jp/products/detail-condenser.php?part_number=EMZA800ARA331MLH0S,https://www.chemi-con.co.jp/en/products/detail-condenser.php?part_number=EMZA800ARA331MLH0S,https://www.chemi-con.co.jp/cn/products/detail-condenser.php?part_number=EMZA800ARA331MLH0S,https://www.chemi-con.co.jp/products/relatedfiles/capacitor/catalog/MZARA-j.PDF,https://www.chemi-con.co.jp/products/relatedfiles/capacitor/catalog/MZARA-e.PDF,https://www.chemi-con.co.jp/products/relatedfiles/capacitor/catalog/MZARA-c.PDF
EMZA800ARA431MMH0S,"In Production",,MZA,-55,105,80,430,M,18,16.5,,1430,105,100kHz,,,,,,,,,,0.12,20,100kHz,0.84,-40,100kHz,0.1,20,120,,344,,,20,105,5000,DC,,,,8.7,150,,Compliant,Compliant,https://www.chemi-con.co.jp/products/detail-condenser.php?part_number=EMZA800ARA431MMH0S,https://www.chemi-con.co.jp/en/products/detail-condenser.php?part_number=EMZA800ARA431MMH0S,https://www.chemi-con.co.jp/cn/products/detail-condenser.php?part_number=EMZA800ARA431MMH0S,https://www.chemi-con.co.jp/products/relatedfiles/capacitor/catalog/MZARA-j.PDF,https://www.chemi-con.co.jp/products/relatedfiles/capacitor/catalog/MZARA-e.PDF,https://www.chemi-con.co.jp/products/relatedfiles/capacitor/catalog/MZARA-c.PDF
EMZA800ARA471MLN0S,"In Production",,MZA,-55,105,80,470,M,16,21.5,,1790,105,100kHz,,,,,,,,,,0.085,20,100kHz,0.58,-40,100kHz,0.1,20,120,,376,,,20,105,5000,DC,,,,7.9,125,,Compliant,Compliant,https://www.chemi-con.co.jp/products/detail-condenser.php?part_number=EMZA800ARA471MLN0S,https://www.chemi-con.co.jp/en/products/detail-condenser.php?part_number=EMZA800ARA471MLN0S,https://www.chemi-con.co.jp/cn/products/detail-condenser.php?part_number=EMZA800ARA471MLN0S,https://www.chemi-con.co.jp/products/relatedfiles/capacitor/catalog/MZARA-j.PDF,https://www.chemi-con.co.jp/products/relatedfiles/capacitor/catalog/MZARA-e.PDF,https://www.chemi-con.co.jp/products/relatedfiles/capacitor/catalog/MZARA-c.PDF
EMZA800ARA681MMN0S,"In Production",,MZA,-55,105,80,680,M,18,21.5,,1960,105,100kHz,,,,,,,,,,0.07,20,100kHz,0.49,-40,100kHz,0.1,20,120,,544,,,20,105,5000,DC,,,,10.2,100,,Compliant,Compliant,https://www.chemi-con.co.jp/products/detail-condenser.php?part_number=EMZA800ARA681MMN0S,https://www.chemi-con.co.jp/en/products/detail-condenser.php?part_number=EMZA800ARA681MMN0S,https://www.chemi-con.co.jp/cn/products/detail-condenser.php?part_number=EMZA800ARA681MMN0S,https://www.chemi-con.co.jp/products/relatedfiles/capacitor/catalog/MZARA-j.PDF,https://www.chemi-con.co.jp/products/relatedfiles/capacitor/catalog/MZARA-e.PDF,https://www.chemi-con.co.jp/products/relatedfiles/capacitor/catalog/MZARA-c.PDF
EMZA101ARA111MKE0S,"In Production",,MZA,-55,105,100,110,M,12.5,13.5,,740,105,100kHz,,,,,,,,,,0.28,20,100kHz,2.24,-40,100kHz,0.1,20,120,,110,,,20,105,5000,DC,,,,2.9,250,,Compliant,Compliant,https://www.chemi-con.co.jp/products/detail-condenser.php?part_number=EMZA101ARA111MKE0S,https://www.chemi-con.co.jp/en/products/detail-condenser.php?part_number=EMZA101ARA111MKE0S,https://www.chemi-con.co.jp/cn/products/detail-condenser.php?part_number=EMZA101ARA111MKE0S,https://www.chemi-con.co.jp/products/relatedfiles/capacitor/catalog/MZARA-j.PDF,https://www.chemi-con.co.jp/products/relatedfiles/capacitor/catalog/MZARA-e.PDF,https://www.chemi-con.co.jp/products/relatedfiles/capacitor/catalog/MZARA-c.PDF
EMZA101ARA131MKG5S,"In Production",,MZA,-55,105,100,130,M,12.5,16,,900,105,100kHz,,,,,,,,,,0.21,20,100kHz,1.68,-40,100kHz,0.1,20,120,,130,,,20,105,5000,DC,,,,3.3,200,,Compliant,Compliant,https://www.chemi-con.co.jp/products/detail-condenser.php?part_number=EMZA101ARA131MKG5S,https://www.chemi-con.co.jp/en/products/detail-condenser.php?part_number=EMZA101ARA131MKG5S,https://www.chemi-con.co.jp/cn/products/detail-condenser.php?part_number=EMZA101ARA131MKG5S,https://www.chemi-con.co.jp/products/relatedfiles/capacitor/catalog/MZARA-j.PDF,https://www.chemi-con.co.jp/products/relatedfiles/capacitor/catalog/MZARA-e.PDF,https://www.chemi-con.co.jp/products/relatedfiles/capacitor/catalog/MZARA-c.PDF
EMZA101ARA201MLH0S,"In Production",,MZA,-55,105,100,200,M,16,16.5,,1090,105,100kHz,,,,,,,,,,0.18,20,100kHz,1.44,-40,100kHz,0.1,20,120,,200,,,20,105,5000,DC,,,,6.7,175,,Compliant,Compliant,https://www.chemi-con.co.jp/products/detail-condenser.php?part_number=EMZA101ARA201MLH0S,https://www.chemi-con.co.jp/en/products/detail-condenser.php?part_number=EMZA101ARA201MLH0S,https://www.chemi-con.co.jp/cn/products/detail-condenser.php?part_number=EMZA101ARA201MLH0S,https://www.chemi-con.co.jp/products/relatedfiles/capacitor/catalog/MZARA-j.PDF,https://www.chemi-con.co.jp/products/relatedfiles/capacitor/catalog/MZARA-e.PDF,https://www.chemi-con.co.jp/products/relatedfiles/capacitor/catalog/MZARA-c.PDF
EMZA101ARA271MMH0S,"In Production",,MZA,-55,105,100,270,M,18,16.5,,1280,105,100kHz,,,,,,,,,,0.15,20,100kHz,1.2,-40,100kHz,0.1,20,120,,270,,,20,105,5000,DC,,,,8.7,150,,Compliant,Compliant,https://www.chemi-con.co.jp/products/detail-condenser.php?part_number=EMZA101ARA271MMH0S,https://www.chemi-con.co.jp/en/products/detail-condenser.php?part_number=EMZA101ARA271MMH0S,https://www.chemi-con.co.jp/cn/products/detail-condenser.php?part_number=EMZA101ARA271MMH0S,https://www.chemi-con.co.jp/products/relatedfiles/capacitor/catalog/MZARA-j.PDF,https://www.chemi-con.co.jp/products/relatedfiles/capacitor/catalog/MZARA-e.PDF,https://www.chemi-con.co.jp/products/relatedfiles/capacitor/catalog/MZARA-c.PDF
EMZA101ARA331MLN0S,"In Production",,MZA,-55,105,100,330,M,16,21.5,,1580,105,100kHz,,,,,,,,,,0.11,20,100kHz,0.88,-40,100kHz,0.1,20,120,,330,,,20,105,5000,DC,,,,7.9,125,,Compliant,Compliant,https://www.chemi-con.co.jp/products/detail-condenser.php?part_number=EMZA101ARA331MLN0S,https://www.chemi-con.co.jp/en/products/detail-condenser.php?part_number=EMZA101ARA331MLN0S,https://www.chemi-con.co.jp/cn/products/detail-condenser.php?part_number=EMZA101ARA331MLN0S,https://www.chemi-con.co.jp/products/relatedfiles/capacitor/catalog/MZARA-j.PDF,https://www.chemi-con.co.jp/products/relatedfiles/capacitor/catalog/MZARA-e.PDF,https://www.chemi-con.co.jp/products/relatedfiles/capacitor/catalog/MZARA-c.PDF
EMZA101ARA431MMN0S,"In Production",,MZA,-55,105,100,430,M,18,21.5,,1690,105,100kHz,,,,,,,,,,0.091,20,100kHz,0.73,-40,100kHz,0.1,20,120,,430,,,20,105,5000,DC,,,,10.2,100,,Compliant,Compliant,https://www.chemi-con.co.jp/products/detail-condenser.php?part_number=EMZA101ARA431MMN0S,https://www.chemi-con.co.jp/en/products/detail-condenser.php?part_number=EMZA101ARA431MMN0S,https://www.chemi-con.co.jp/cn/products/detail-condenser.php?part_number=EMZA101ARA431MMN0S,https://www.chemi-con.co.jp/products/relatedfiles/capacitor/catalog/MZARA-j.PDF,https://www.chemi-con.co.jp/products/relatedfiles/capacitor/catalog/MZARA-e.PDF,https://www.chemi-con.co.jp/products/relatedfiles/capacitor/catalog/MZARA-c.PDF
EMZS250ARA471MHA0G,"In Production",,MZS,-55,105,25,470,M,8,10,,850,105,100kHz,,,,80,20,100kHz,,,,,,,,,,0.14,20,120,,117,,,20,105,2000,DC,,,,0.96,500,,Compliant,Compliant,https://www.chemi-con.co.jp/products/detail-condenser.php?part_number=EMZS250ARA471MHA0G,https://www.chemi-con.co.jp/en/products/detail-condenser.php?part_number=EMZS250ARA471MHA0G,https://www.chemi-con.co.jp/cn/products/detail-condenser.php?part_number=EMZS250ARA471MHA0G,https://www.chemi-con.co.jp/products/relatedfiles/capacitor/catalog/MZSRA-j.PDF,https://www.chemi-con.co.jp/products/relatedfiles/capacitor/catalog/MZSRA-e.PDF,https://www.chemi-con.co.jp/products/relatedfiles/capacitor/catalog/MZSRA-c.PDF
EMZS250ARA561MHA0G,"In Production",,MZS,-55,105,25,560,M,8,10,,850,105,100kHz,,,,80,20,100kHz,,,,,,,,,,0.14,20,120,,140,,,20,105,2000,DC,,,,0.96,500,,Compliant,Compliant,https://www.chemi-con.co.jp/products/detail-condenser.php?part_number=EMZS250ARA561MHA0G,https://www.chemi-con.co.jp/en/products/detail-condenser.php?part_number=EMZS250ARA561MHA0G,https://www.chemi-con.co.jp/cn/products/detail-condenser.php?part_number=EMZS250ARA561MHA0G,https://www.chemi-con.co.jp/products/relatedfiles/capacitor/catalog/MZSRA-j.PDF,https://www.chemi-con.co.jp/products/relatedfiles/capacitor/catalog/MZSRA-e.PDF,https://www.chemi-con.co.jp/products/relatedfiles/capacitor/catalog/MZSRA-c.PDF
EMZS250ARA821MJA0G,"In Production",,MZS,-55,105,25,820,M,10,10,,1190,105,100kHz,,,,60,20,100kHz,,,,,,,,,,0.14,20,120,,205,,,20,105,2000,DC,,,,1.43,500,,Compliant,Compliant,https://www.chemi-con.co.jp/products/detail-condenser.php?part_number=EMZS250ARA821MJA0G,https://www.chemi-con.co.jp/en/products/detail-condenser.php?part_number=EMZS250ARA821MJA0G,https://www.chemi-con.co.jp/cn/products/detail-condenser.php?part_number=EMZS250ARA821MJA0G,https://www.chemi-con.co.jp/products/relatedfiles/capacitor/catalog/MZSRA-j.PDF,https://www.chemi-con.co.jp/products/relatedfiles/capacitor/catalog/MZSRA-e.PDF,https://www.chemi-con.co.jp/products/relatedfiles/capacitor/catalog/MZSRA-c.PDF
EMZS250ARA102MJA0G,"In Production",,MZS,-55,105,25,1000,M,10,10,,1190,105,100kHz,,,,60,20,100kHz,,,,,,,,,,0.14,20,120,,250,,,20,105,2000,DC,,,,1.43,500,,Compliant,Compliant,https://www.chemi-con.co.jp/products/detail-condenser.php?part_number=EMZS250ARA102MJA0G,https://www.chemi-con.co.jp/en/products/detail-condenser.php?part_number=EMZS250ARA102MJA0G,https://www.chemi-con.co.jp/cn/products/detail-condenser.php?part_number=EMZS250ARA102MJA0G,https://www.chemi-con.co.jp/products/relatedfiles/capacitor/catalog/MZSRA-j.PDF,https://www.chemi-con.co.jp/products/relatedfiles/capacitor/catalog/MZSRA-e.PDF,https://www.chemi-con.co.jp/products/relatedfiles/capacitor/catalog/MZSRA-c.PDF
EMZS350ARA331MHA0G,"In Production",,MZS,-55,105,35,330,M,8,10,,850,105,100kHz,,,,80,20,100kHz,,,,,,,,,,0.12,20,120,,115,,,20,105,2000,DC,,,,0.96,500,,Compliant,Compliant,https://www.chemi-con.co.jp/products/detail-condenser.php?part_number=EMZS350ARA331MHA0G,https://www.chemi-con.co.jp/en/products/detail-condenser.php?part_number=EMZS350ARA331MHA0G,https://www.chemi-con.co.jp/cn/products/detail-condenser.php?part_number=EMZS350ARA331MHA0G,https://www.chemi-con.co.jp/products/relatedfiles/capacitor/catalog/MZSRA-j.PDF,https://www.chemi-con.co.jp/products/relatedfiles/capacitor/catalog/MZSRA-e.PDF,https://www.chemi-con.co.jp/products/relatedfiles/capacitor/catalog/MZSRA-c.PDF
EMZS350ARA411MHA0G,"In Production",,MZS,-55,105,35,410,M,8,10,,850,105,100kHz,,,,80,20,100kHz,,,,,,,,,,0.12,20,120,,143,,,20,105,2000,DC,,,,0.96,500,,Compliant,Compliant,https://www.chemi-con.co.jp/products/detail-condenser.php?part_number=EMZS350ARA411MHA0G,https://www.chemi-con.co.jp/en/products/detail-condenser.php?part_number=EMZS350ARA411MHA0G,https://www.chemi-con.co.jp/cn/products/detail-condenser.php?part_number=EMZS350ARA411MHA0G,https://www.chemi-con.co.jp/products/relatedfiles/capacitor/catalog/MZSRA-j.PDF,https://www.chemi-con.co.jp/products/relatedfiles/capacitor/catalog/MZSRA-e.PDF,https://www.chemi-con.co.jp/products/relatedfiles/capacitor/catalog/MZSRA-c.PDF
EMZS350ARA471MHA0G,"In Production",,MZS,-55,105,35,470,M,8,10,,850,105,100kHz,,,,80,20,100kHz,,,,,,,,,,0.12,20,120,,164,,,20,105,2000,DC,,,,0.96,500,,Compliant,Compliant,https://www.chemi-con.co.jp/products/detail-condenser.php?part_number=EMZS350ARA471MHA0G,https://www.chemi-con.co.jp/en/products/detail-condenser.php?part_number=EMZS350ARA471MHA0G,https://www.chemi-con.co.jp/cn/products/detail-condenser.php?part_number=EMZS350ARA471MHA0G,https://www.chemi-con.co.jp/products/relatedfiles/capacitor/catalog/MZSRA-j.PDF,https://www.chemi-con.co.jp/products/relatedfiles/capacitor/catalog/MZSRA-e.PDF,https://www.chemi-con.co.jp/products/relatedfiles/capacitor/catalog/MZSRA-c.PDF
EMZS350ARA561MJA0G,"In Production",,MZS,-55,105,35,560,M,10,10,,1190,105,100kHz,,,,60,20,100kHz,,,,,,,,,,0.12,20,120,,196,,,20,105,2000,DC,,,,1.43,500,,Compliant,Compliant,https://www.chemi-con.co.jp/products/detail-condenser.php?part_number=EMZS350ARA561MJA0G,https://www.chemi-con.co.jp/en/products/detail-condenser.php?part_number=EMZS350ARA561MJA0G,https://www.chemi-con.co.jp/cn/products/detail-condenser.php?part_number=EMZS350ARA561MJA0G,https://www.chemi-con.co.jp/products/relatedfiles/capacitor/catalog/MZSRA-j.PDF,https://www.chemi-con.co.jp/products/relatedfiles/capacitor/catalog/MZSRA-e.PDF,https://www.chemi-con.co.jp/products/relatedfiles/capacitor/catalog/MZSRA-c.PDF
EMZS350ARA681MJA0G,"In Production",,MZS,-55,105,35,680,M,10,10,,1190,105,100kHz,,,,60,20,100kHz,,,,,,,,,,0.12,20,120,,238,,,20,105,2000,DC,,,,1.43,500,,Compliant,Compliant,https://www.chemi-con.co.jp/products/detail-condenser.php?part_number=EMZS350ARA681MJA0G,https://www.chemi-con.co.jp/en/products/detail-condenser.php?part_number=EMZS350ARA681MJA0G,https://www.chemi-con.co.jp/cn/products/detail-condenser.php?part_number=EMZS350ARA681MJA0G,https://www.chemi-con.co.jp/products/relatedfiles/capacitor/catalog/MZSRA-j.PDF,https://www.chemi-con.co.jp/products/relatedfiles/capacitor/catalog/MZSRA-e.PDF,https://www.chemi-con.co.jp/products/relatedfiles/capacitor/catalog/MZSRA-c.PDF
EMHJ100ARA221MHA0G,"In Production",,MHJ,-40,125,10,220,M,8,10,,350,125,100kHz,,,,150,20,100kHz,3000,-40,100kHz,,,,,,,0.3,20,120,,22,,,20,125,3000,DC,,,,0.96,500,,Compliant,Compliant,https://www.chemi-con.co.jp/products/detail-condenser.php?part_number=EMHJ100ARA221MHA0G,https://www.chemi-con.co.jp/en/products/detail-condenser.php?part_number=EMHJ100ARA221MHA0G,https://www.chemi-con.co.jp/cn/products/detail-condenser.php?part_number=EMHJ100ARA221MHA0G,https://www.chemi-con.co.jp/products/relatedfiles/capacitor/catalog/MHJRA-j.PDF,https://www.chemi-con.co.jp/products/relatedfiles/capacitor/catalog/MHJRA-e.PDF,https://www.chemi-con.co.jp/products/relatedfiles/capacitor/catalog/MHJRA-c.PDF
EMHJ100ARA331MHA0G,"In Production",,MHJ,-40,125,10,330,M,8,10,,350,125,100kHz,,,,150,20,100kHz,3000,-40,100kHz,,,,,,,0.3,20,120,,33,,,20,125,3000,DC,,,,0.96,500,,Compliant,Compliant,https://www.chemi-con.co.jp/products/detail-condenser.php?part_number=EMHJ100ARA331MHA0G,https://www.chemi-con.co.jp/en/products/detail-condenser.php?part_number=EMHJ100ARA331MHA0G,https://www.chemi-con.co.jp/cn/products/detail-condenser.php?part_number=EMHJ100ARA331MHA0G,https://www.chemi-con.co.jp/products/relatedfiles/capacitor/catalog/MHJRA-j.PDF,https://www.chemi-con.co.jp/products/relatedfiles/capacitor/catalog/MHJRA-e.PDF,https://www.chemi-con.co.jp/products/relatedfiles/capacitor/catalog/MHJRA-c.PDF
EMHJ100ARA331MJA0G,"In Production",,MHJ,-40,125,10,330,M,10,10,,550,125,100kHz,,,,120,20,100kHz,2000,-40,100kHz,,,,,,,0.3,20,120,,33,,,20,125,3000,DC,,,,1.43,500,,Compliant,Compliant,https://www.chemi-con.co.jp/products/detail-condenser.php?part_number=EMHJ100ARA331MJA0G,https://www.chemi-con.co.jp/en/products/detail-condenser.php?part_number=EMHJ100ARA331MJA0G,https://www.chemi-con.co.jp/cn/products/detail-condenser.php?part_number=EMHJ100ARA331MJA0G,https://www.chemi-con.co.jp/products/relatedfiles/capacitor/catalog/MHJRA-j.PDF,https://www.chemi-con.co.jp/products/relatedfiles/capacitor/catalog/MHJRA-e.PDF,https://www.chemi-con.co.jp/products/relatedfiles/capacitor/catalog/MHJRA-c.PDF
EMHJ100ARA471MJA0G,"In Production",,MHJ,-40,125,10,470,M,10,10,,550,125,100kHz,,,,120,20,100kHz,2000,-40,100kHz,,,,,,,0.3,20,120,,47,,,20,125,3000,DC,,,,1.43,500,,Compliant,Compliant,https://www.chemi-con.co.jp/products/detail-condenser.php?part_number=EMHJ100ARA471MJA0G,https://www.chemi-con.co.jp/en/products/detail-condenser.php?part_number=EMHJ100ARA471MJA0G,https://www.chemi-con.co.jp/cn/products/detail-condenser.php?part_number=EMHJ100ARA471MJA0G,https://www.chemi-con.co.jp/products/relatedfiles/capacitor/catalog/MHJRA-j.PDF,https://www.chemi-con.co.jp/products/relatedfiles/capacitor/catalog/MHJRA-e.PDF,https://www.chemi-con.co.jp/products/relatedfiles/capacitor/catalog/MHJRA-c.PDF
EMHJ160ARA101MF80G,"In Production",,MHJ,-40,125,16,100,M,6.3,7.7,,220,125,100kHz,,,,450,20,100kHz,5000,-40,100kHz,,,,,,,0.23,20,120,,16,,,20,125,2000,DC,,,,0.53,900,,Compliant,Compliant,https://www.chemi-con.co.jp/products/detail-condenser.php?part_number=EMHJ160ARA101MF80G,https://www.chemi-con.co.jp/en/products/detail-condenser.php?part_number=EMHJ160ARA101MF80G,https://www.chemi-con.co.jp/cn/products/detail-condenser.php?part_number=EMHJ160ARA101MF80G,https://www.chemi-con.co.jp/products/relatedfiles/capacitor/catalog/MHJRA-j.PDF,https://www.chemi-con.co.jp/products/relatedfiles/capacitor/catalog/MHJRA-e.PDF,https://www.chemi-con.co.jp/products/relatedfiles/capacitor/catalog/MHJRA-c.PDF
EMHJ160ARA101MHA0G,"In Production",,MHJ,-40,125,16,100,M,8,10,,350,125,100kHz,,,,150,20,100kHz,3000,-40,100kHz,,,,,,,0.23,20,120,,16,,,20,125,3000,DC,,,,0.96,500,,Compliant,Compliant,https://www.chemi-con.co.jp/products/detail-condenser.php?part_number=EMHJ160ARA101MHA0G,https://www.chemi-con.co.jp/en/products/detail-condenser.php?part_number=EMHJ160ARA101MHA0G,https://www.chemi-con.co.jp/cn/products/detail-condenser.php?part_number=EMHJ160ARA101MHA0G,https://www.chemi-con.co.jp/products/relatedfiles/capacitor/catalog/MHJRA-j.PDF,https://www.chemi-con.co.jp/products/relatedfiles/capacitor/catalog/MHJRA-e.PDF,https://www.chemi-con.co.jp/products/relatedfiles/capacitor/catalog/MHJRA-c.PDF
EMHJ160ARA221MHA0G,"In Production",,MHJ,-40,125,16,220,M,8,10,,350,125,100kHz,,,,150,20,100kHz,3000,-40,100kHz,,,,,,,0.23,20,120,,35.2,,,20,125,3000,DC,,,,0.96,500,,Compliant,Compliant,https://www.chemi-con.co.jp/products/detail-condenser.php?part_number=EMHJ160ARA221MHA0G,https://www.chemi-con.co.jp/en/products/detail-condenser.php?part_number=EMHJ160ARA221MHA0G,https://www.chemi-con.co.jp/cn/products/detail-condenser.php?part_number=EMHJ160ARA221MHA0G,https://www.chemi-con.co.jp/products/relatedfiles/capacitor/catalog/MHJRA-j.PDF,https://www.chemi-con.co.jp/products/relatedfiles/capacitor/catalog/MHJRA-e.PDF,https://www.chemi-con.co.jp/products/relatedfiles/capacitor/catalog/MHJRA-c.PDF
EMHJ160ARA331MJA0G,"In Production",,MHJ,-40,125,16,330,M,10,10,,550,125,100kHz,,,,120,20,100kHz,2000,-40,100kHz,,,,,,,0.23,20,120,,52.8,,,20,125,3000,DC,,,,1.43,500,,Compliant,Compliant,https://www.chemi-con.co.jp/products/detail-condenser.php?part_number=EMHJ160ARA331MJA0G,https://www.chemi-con.co.jp/en/products/detail-condenser.php?part_number=EMHJ160ARA331MJA0G,https://www.chemi-con.co.jp/cn/products/detail-condenser.php?part_number=EMHJ160ARA331MJA0G,https://www.chemi-con.co.jp/products/relatedfiles/capacitor/catalog/MHJRA-j.PDF,https://www.chemi-con.co.jp/products/relatedfiles/capacitor/catalog/MHJRA-e.PDF,https://www.chemi-con.co.jp/products/relatedfiles/capacitor/catalog/MHJRA-c.PDF
EMHJ160ARA471MJA0G,"In Production",,MHJ,-40,125,16,470,M,10,10,,550,125,100kHz,,,,120,20,100kHz,2000,-40,100kHz,,,,,,,0.23,20,120,,75.2,,,20,125,3000,DC,,,,1.43,500,,Compliant,Compliant,https://www.chemi-con.co.jp/products/detail-condenser.php?part_number=EMHJ160ARA471MJA0G,https://www.chemi-con.co.jp/en/products/detail-condenser.php?part_number=EMHJ160ARA471MJA0G,https://www.chemi-con.co.jp/cn/products/detail-condenser.php?part_number=EMHJ160ARA471MJA0G,https://www.chemi-con.co.jp/products/relatedfiles/capacitor/catalog/MHJRA-j.PDF,https://www.chemi-con.co.jp/products/relatedfiles/capacitor/catalog/MHJRA-e.PDF,https://www.chemi-con.co.jp/products/relatedfiles/capacitor/catalog/MHJRA-c.PDF
EMHJ250ARA101MHA0G,"In Production",,MHJ,-40,125,25,100,M,8,10,,350,125,100kHz,,,,150,20,100kHz,3000,-40,100kHz,,,,,,,0.18,20,120,,25,,,20,125,3000,DC,,,,0.96,500,,Compliant,Compliant,https://www.chemi-con.co.jp/products/detail-condenser.php?part_number=EMHJ250ARA101MHA0G,https://www.chemi-con.co.jp/en/products/detail-condenser.php?part_number=EMHJ250ARA101MHA0G,https://www.chemi-con.co.jp/cn/products/detail-condenser.php?part_number=EMHJ250ARA101MHA0G,https://www.chemi-con.co.jp/products/relatedfiles/capacitor/catalog/MHJRA-j.PDF,https://www.chemi-con.co.jp/products/relatedfiles/capacitor/catalog/MHJRA-e.PDF,https://www.chemi-con.co.jp/products/relatedfiles/capacitor/catalog/MHJRA-c.PDF
EMHJ250ARA221MJA0G,"In Production",,MHJ,-40,125,25,220,M,10,10,,550,125,100kHz,,,,120,20,100kHz,2000,-40,100kHz,,,,,,,0.18,20,120,,55,,,20,125,3000,DC,,,,1.43,500,,Compliant,Compliant,https://www.chemi-con.co.jp/products/detail-condenser.php?part_number=EMHJ250ARA221MJA0G,https://www.chemi-con.co.jp/en/products/detail-condenser.php?part_number=EMHJ250ARA221MJA0G,https://www.chemi-con.co.jp/cn/products/detail-condenser.php?part_number=EMHJ250ARA221MJA0G,https://www.chemi-con.co.jp/products/relatedfiles/capacitor/catalog/MHJRA-j.PDF,https://www.chemi-con.co.jp/products/relatedfiles/capacitor/catalog/MHJRA-e.PDF,https://www.chemi-con.co.jp/products/relatedfiles/capacitor/catalog/MHJRA-c.PDF
EMHJ250ARA331MJA0G,"In Production",,MHJ,-40,125,25,330,M,10,10,,550,125,100kHz,,,,120,20,100kHz,2000,-40,100kHz,,,,,,,0.18,20,120,,82.5,,,20,125,3000,DC,,,,1.43,500,,Compliant,Compliant,https://www.chemi-con.co.jp/products/detail-condenser.php?part_number=EMHJ250ARA331MJA0G,https://www.chemi-con.co.jp/en/products/detail-condenser.php?part_number=EMHJ250ARA331MJA0G,https://www.chemi-con.co.jp/cn/products/detail-condenser.php?part_number=EMHJ250ARA331MJA0G,https://www.chemi-con.co.jp/products/relatedfiles/capacitor/catalog/MHJRA-j.PDF,https://www.chemi-con.co.jp/products/relatedfiles/capacitor/catalog/MHJRA-e.PDF,https://www.chemi-con.co.jp/products/relatedfiles/capacitor/catalog/MHJRA-c.PDF
EMHJ350ARA470MF80G,"In Production",,MHJ,-40,125,35,47,M,6.3,7.7,,220,125,100kHz,,,,450,20,100kHz,5000,-40,100kHz,,,,,,,0.16,20,120,,16.4,,,20,125,2000,DC,,,,0.53,900,,Compliant,Compliant,https://www.chemi-con.co.jp/products/detail-condenser.php?part_number=EMHJ350ARA470MF80G,https://www.chemi-con.co.jp/en/products/detail-condenser.php?part_number=EMHJ350ARA470MF80G,https://www.chemi-con.co.jp/cn/products/detail-condenser.php?part_number=EMHJ350ARA470MF80G,https://www.chemi-con.co.jp/products/relatedfiles/capacitor/catalog/MHJRA-j.PDF,https://www.chemi-con.co.jp/products/relatedfiles/capacitor/catalog/MHJRA-e.PDF,https://www.chemi-con.co.jp/products/relatedfiles/capacitor/catalog/MHJRA-c.PDF
EMHJ350ARA470MHA0G,"In Production",,MHJ,-40,125,35,47,M,8,10,,350,125,100kHz,,,,150,20,100kHz,3000,-40,100kHz,,,,,,,0.16,20,120,,16.4,,,20,125,3000,DC,,,,0.96,500,,Compliant,Compliant,https://www.chemi-con.co.jp/products/detail-condenser.php?part_number=EMHJ350ARA470MHA0G,https://www.chemi-con.co.jp/en/products/detail-condenser.php?part_number=EMHJ350ARA470MHA0G,https://www.chemi-con.co.jp/cn/products/detail-condenser.php?part_number=EMHJ350ARA470MHA0G,https://www.chemi-con.co.jp/products/relatedfiles/capacitor/catalog/MHJRA-j.PDF,https://www.chemi-con.co.jp/products/relatedfiles/capacitor/catalog/MHJRA-e.PDF,https://www.chemi-con.co.jp/products/relatedfiles/capacitor/catalog/MHJRA-c.PDF
EMHJ350ARA101MHA0G,"In Production",,MHJ,-40,125,35,100,M,8,10,,350,125,100kHz,,,,150,20,100kHz,3000,-40,100kHz,,,,,,,0.16,20,120,,35,,,20,125,3000,DC,,,,0.96,500,,Compliant,Compliant,https://www.chemi-con.co.jp/products/detail-condenser.php?part_number=EMHJ350ARA101MHA0G,https://www.chemi-con.co.jp/en/products/detail-condenser.php?part_number=EMHJ350ARA101MHA0G,https://www.chemi-con.co.jp/cn/products/detail-condenser.php?part_number=EMHJ350ARA101MHA0G,https://www.chemi-con.co.jp/products/relatedfiles/capacitor/catalog/MHJRA-j.PDF,https://www.chemi-con.co.jp/products/relatedfiles/capacitor/catalog/MHJRA-e.PDF,https://www.chemi-con.co.jp/products/relatedfiles/capacitor/catalog/MHJRA-c.PDF
EMHJ350ARA221MJA0G,"In Production",,MHJ,-40,125,35,220,M,10,10,,550,125,100kHz,,,,120,20,100kHz,2000,-40,100kHz,,,,,,,0.16,20,120,,77,,,20,125,3000,DC,,,,1.43,500,,Compliant,Compliant,https://www.chemi-con.co.jp/products/detail-condenser.php?part_number=EMHJ350ARA221MJA0G,https://www.chemi-con.co.jp/en/products/detail-condenser.php?part_number=EMHJ350ARA221MJA0G,https://www.chemi-con.co.jp/cn/products/detail-condenser.php?part_number=EMHJ350ARA221MJA0G,https://www.chemi-con.co.jp/products/relatedfiles/capacitor/catalog/MHJRA-j.PDF,https://www.chemi-con.co.jp/products/relatedfiles/capacitor/catalog/MHJRA-e.PDF,https://www.chemi-con.co.jp/products/relatedfiles/capacitor/catalog/MHJRA-c.PDF
EMHK350ARA470MF80G,"In Production",,MHK,-40,125,35,47,M,6.3,7.7,,240,125,"100k to 400kHz",,,,300,20,"100k to 400kHz",3000,-40,"100k to 400kHz",,,,,,,0.14,20,120,,16.4,,,20,125,2000,DC,,,,0.53,900,,Compliant,Compliant,https://www.chemi-con.co.jp/products/detail-condenser.php?part_number=EMHK350ARA470MF80G,https://www.chemi-con.co.jp/en/products/detail-condenser.php?part_number=EMHK350ARA470MF80G,https://www.chemi-con.co.jp/cn/products/detail-condenser.php?part_number=EMHK350ARA470MF80G,https://www.chemi-con.co.jp/products/relatedfiles/capacitor/catalog/MHKRA-j.PDF,https://www.chemi-con.co.jp/products/relatedfiles/capacitor/catalog/MHKRA-e.PDF,https://www.chemi-con.co.jp/products/relatedfiles/capacitor/catalog/MHKRA-c.PDF
EMHK350ARA101MF80G,"In Production",,MHK,-40,125,35,100,M,6.3,7.7,,240,125,"100k to 400kHz",,,,300,20,"100k to 400kHz",3000,-40,"100k to 400kHz",,,,,,,0.14,20,120,,35,,,20,125,2000,DC,,,,0.53,900,,Compliant,Compliant,https://www.chemi-con.co.jp/products/detail-condenser.php?part_number=EMHK350ARA101MF80G,https://www.chemi-con.co.jp/en/products/detail-condenser.php?part_number=EMHK350ARA101MF80G,https://www.chemi-con.co.jp/cn/products/detail-condenser.php?part_number=EMHK350ARA101MF80G,https://www.chemi-con.co.jp/products/relatedfiles/capacitor/catalog/MHKRA-j.PDF,https://www.chemi-con.co.jp/products/relatedfiles/capacitor/catalog/MHKRA-e.PDF,https://www.chemi-con.co.jp/products/relatedfiles/capacitor/catalog/MHKRA-c.PDF
EMHK350ARA221MHA0G,"In Production",,MHK,-40,125,35,220,M,8,10,,330,125,"100k to 400kHz",,,,200,20,"100k to 400kHz",2000,-40,"100k to 400kHz",,,,,,,0.14,20,120,,77,,,20,125,2000,DC,,,,0.96,500,,Compliant,Compliant,https://www.chemi-con.co.jp/products/detail-condenser.php?part_number=EMHK350ARA221MHA0G,https://www.chemi-con.co.jp/en/products/detail-condenser.php?part_number=EMHK350ARA221MHA0G,https://www.chemi-con.co.jp/cn/products/detail-condenser.php?part_number=EMHK350ARA221MHA0G,https://www.chemi-con.co.jp/products/relatedfiles/capacitor/catalog/MHKRA-j.PDF,https://www.chemi-con.co.jp/products/relatedfiles/capacitor/catalog/MHKRA-e.PDF,https://www.chemi-con.co.jp/products/relatedfiles/capacitor/catalog/MHKRA-c.PDF
EMVE6R3ARA101MF55G,"In Production",,MVE,-40,105,6.3,100,M,6.3,5.2,,69,105,120Hz,,,,,,,,,,,,,,,,0.3,20,120,,6.3,,,20,105,1000,DC,,,,0.36,1000,,Compliant,Compliant,https://www.chemi-con.co.jp/products/detail-condenser.php?part_number=EMVE6R3ARA101MF55G,https://www.chemi-con.co.jp/en/products/detail-condenser.php?part_number=EMVE6R3ARA101MF55G,https://www.chemi-con.co.jp/cn/products/detail-condenser.php?part_number=EMVE6R3ARA101MF55G,https://www.chemi-con.co.jp/products/relatedfiles/capacitor/catalog/MVERA-j.PDF,https://www.chemi-con.co.jp/products/relatedfiles/capacitor/catalog/MVERA-e.PDF,https://www.chemi-con.co.jp/products/relatedfiles/capacitor/catalog/MVERA-c.PDF
EMVE6R3ARA221MF80G,"In Production",,MVE,-40,105,6.3,220,M,6.3,7.7,,120,105,120Hz,,,,,,,,,,,,,,,,0.45,20,120,,13.8,,,20,105,1000,DC,,,,0.53,900,,Compliant,Compliant,https://www.chemi-con.co.jp/products/detail-condenser.php?part_number=EMVE6R3ARA221MF80G,https://www.chemi-con.co.jp/en/products/detail-condenser.php?part_number=EMVE6R3ARA221MF80G,https://www.chemi-con.co.jp/cn/products/detail-condenser.php?part_number=EMVE6R3ARA221MF80G,https://www.chemi-con.co.jp/products/relatedfiles/capacitor/catalog/MVERA-j.PDF,https://www.chemi-con.co.jp/products/relatedfiles/capacitor/catalog/MVERA-e.PDF,https://www.chemi-con.co.jp/products/relatedfiles/capacitor/catalog/MVERA-c.PDF
EMVE6R3ARA331MHA0G,"In Production",,MVE,-40,105,6.3,330,M,8,10,,290,105,120Hz,,,,,,,,,,,,,,,,0.4,20,120,,20.7,,,20,105,2000,DC,,,,0.96,500,,Compliant,Compliant,https://www.chemi-con.co.jp/products/detail-condenser.php?part_number=EMVE6R3ARA331MHA0G,https://www.chemi-con.co.jp/en/products/detail-condenser.php?part_number=EMVE6R3ARA331MHA0G,https://www.chemi-con.co.jp/cn/products/detail-condenser.php?part_number=EMVE6R3ARA331MHA0G,https://www.chemi-con.co.jp/products/relatedfiles/capacitor/catalog/MVERA-j.PDF,https://www.chemi-con.co.jp/products/relatedfiles/capacitor/catalog/MVERA-e.PDF,https://www.chemi-con.co.jp/products/relatedfiles/capacitor/catalog/MVERA-c.PDF
EMVE6R3ARA471MHA0G,"In Production",,MVE,-40,105,6.3,470,M,8,10,,320,105,120Hz,,,,,,,,,,,,,,,,0.45,20,120,,29.6,,,20,105,2000,DC,,,,0.96,500,,Compliant,Compliant,https://www.chemi-con.co.jp/products/detail-condenser.php?part_number=EMVE6R3ARA471MHA0G,https://www.chemi-con.co.jp/en/products/detail-condenser.php?part_number=EMVE6R3ARA471MHA0G,https://www.chemi-con.co.jp/cn/products/detail-condenser.php?part_number=EMVE6R3ARA471MHA0G,https://www.chemi-con.co.jp/products/relatedfiles/capacitor/catalog/MVERA-j.PDF,https://www.chemi-con.co.jp/products/relatedfiles/capacitor/catalog/MVERA-e.PDF,https://www.chemi-con.co.jp/products/relatedfiles/capacitor/catalog/MVERA-c.PDF
EMVE6R3ARA681MHA0G,"In Production",,MVE,-40,105,6.3,680,M,8,10,,340,105,120Hz,,,,,,,,,,,,,,,,0.45,20,120,,42.8,,,20,105,2000,DC,,,,0.96,500,,Compliant,Compliant,https://www.chemi-con.co.jp/products/detail-condenser.php?part_number=EMVE6R3ARA681MHA0G,https://www.chemi-con.co.jp/en/products/detail-condenser.php?part_number=EMVE6R3ARA681MHA0G,https://www.chemi-con.co.jp/cn/products/detail-condenser.php?part_number=EMVE6R3ARA681MHA0G,https://www.chemi-con.co.jp/products/relatedfiles/capacitor/catalog/MVERA-j.PDF,https://www.chemi-con.co.jp/products/relatedfiles/capacitor/catalog/MVERA-e.PDF,https://www.chemi-con.co.jp/products/relatedfiles/capacitor/catalog/MVERA-c.PDF
EMVE6R3ARA102MJA0G,"In Production",,MVE,-40,105,6.3,1000,M,10,10,,410,105,120Hz,,,,,,,,,,,,,,,,0.4,20,120,,63,,,20,105,2000,DC,,,,1.43,500,,Compliant,Compliant,https://www.chemi-con.co.jp/products/detail-condenser.php?part_number=EMVE6R3ARA102MJA0G,https://www.chemi-con.co.jp/en/products/detail-condenser.php?part_number=EMVE6R3ARA102MJA0G,https://www.chemi-con.co.jp/cn/products/detail-condenser.php?part_number=EMVE6R3ARA102MJA0G,https://www.chemi-con.co.jp/products/relatedfiles/capacitor/catalog/MVERA-j.PDF,https://www.chemi-con.co.jp/products/relatedfiles/capacitor/catalog/MVERA-e.PDF,https://www.chemi-con.co.jp/products/relatedfiles/capacitor/catalog/MVERA-c.PDF
EMVE6R3ARA152MJA0G,"In Production",,MVE,-40,105,6.3,1500,M,10,10,,550,105,120Hz,,,,,,,,,,,,,,,,0.45,20,120,,94.5,,,20,105,2000,DC,,,,1.43,500,,Compliant,Compliant,https://www.chemi-con.co.jp/products/detail-condenser.php?part_number=EMVE6R3ARA152MJA0G,https://www.chemi-con.co.jp/en/products/detail-condenser.php?part_number=EMVE6R3ARA152MJA0G,https://www.chemi-con.co.jp/cn/products/detail-condenser.php?part_number=EMVE6R3ARA152MJA0G,https://www.chemi-con.co.jp/products/relatedfiles/capacitor/catalog/MVERA-j.PDF,https://www.chemi-con.co.jp/products/relatedfiles/capacitor/catalog/MVERA-e.PDF,https://www.chemi-con.co.jp/products/relatedfiles/capacitor/catalog/MVERA-c.PDF
EMVE6R3ARA222MKE0S,"In Production",,MVE,-40,105,6.3,2200,M,12.5,13.5,,680,105,120Hz,,,,,,,,,,,,,,,,0.4,20,120,415,,,,20,105,2000,DC,,,,2.9,250,,Compliant,Compliant,https://www.chemi-con.co.jp/products/detail-condenser.php?part_number=EMVE6R3ARA222MKE0S,https://www.chemi-con.co.jp/en/products/detail-condenser.php?part_number=EMVE6R3ARA222MKE0S,https://www.chemi-con.co.jp/cn/products/detail-condenser.php?part_number=EMVE6R3ARA222MKE0S,https://www.chemi-con.co.jp/products/relatedfiles/capacitor/catalog/MVERA-j.PDF,https://www.chemi-con.co.jp/products/relatedfiles/capacitor/catalog/MVERA-e.PDF,https://www.chemi-con.co.jp/products/relatedfiles/capacitor/catalog/MVERA-c.PDF
EMVE6R3ARA222MLH0S,"In Production",,MVE,-40,105,6.3,2200,M,16,16.5,,840,105,120Hz,,,,,,,,,,,,,,,,0.4,20,120,415,,,,20,105,2000,DC,,,,6.7,175,,Compliant,Compliant,https://www.chemi-con.co.jp/products/detail-condenser.php?part_number=EMVE6R3ARA222MLH0S,https://www.chemi-con.co.jp/en/products/detail-condenser.php?part_number=EMVE6R3ARA222MLH0S,https://www.chemi-con.co.jp/cn/products/detail-condenser.php?part_number=EMVE6R3ARA222MLH0S,https://www.chemi-con.co.jp/products/relatedfiles/capacitor/catalog/MVERA-j.PDF,https://www.chemi-con.co.jp/products/relatedfiles/capacitor/catalog/MVERA-e.PDF,https://www.chemi-con.co.jp/products/relatedfiles/capacitor/catalog/MVERA-c.PDF
EMVE6R3ARA332MKG5S,"In Production",,MVE,-40,105,6.3,3300,M,12.5,16,,850,105,120Hz,,,,,,,,,,,,,,,,0.42,20,120,623,,,,20,105,2000,DC,,,,3.3,200,,Compliant,Compliant,https://www.chemi-con.co.jp/products/detail-condenser.php?part_number=EMVE6R3ARA332MKG5S,https://www.chemi-con.co.jp/en/products/detail-condenser.php?part_number=EMVE6R3ARA332MKG5S,https://www.chemi-con.co.jp/cn/products/detail-condenser.php?part_number=EMVE6R3ARA332MKG5S,https://www.chemi-con.co.jp/products/relatedfiles/capacitor/catalog/MVERA-j.PDF,https://www.chemi-con.co.jp/products/relatedfiles/capacitor/catalog/MVERA-e.PDF,https://www.chemi-con.co.jp/products/relatedfiles/capacitor/catalog/MVERA-c.PDF
EMVE6R3ARA332MMH0S,"In Production",,MVE,-40,105,6.3,3300,M,18,16.5,,1000,105,120Hz,,,,,,,,,,,,,,,,0.42,20,120,623,,,,20,105,2000,DC,,,,8.7,150,,Compliant,Compliant,https://www.chemi-con.co.jp/products/detail-condenser.php?part_number=EMVE6R3ARA332MMH0S,https://www.chemi-con.co.jp/en/products/detail-condenser.php?part_number=EMVE6R3ARA332MMH0S,https://www.chemi-con.co.jp/cn/products/detail-condenser.php?part_number=EMVE6R3ARA332MMH0S,https://www.chemi-con.co.jp/products/relatedfiles/capacitor/catalog/MVERA-j.PDF,https://www.chemi-con.co.jp/products/relatedfiles/capacitor/catalog/MVERA-e.PDF,https://www.chemi-con.co.jp/products/relatedfiles/capacitor/catalog/MVERA-c.PDF
EMVE6R3ARA472MLN0S,"In Production",,MVE,-40,105,6.3,4700,M,16,21.5,,1200,105,120Hz,,,,,,,,,,,,,,,,0.44,20,120,888,,,,20,105,2000,DC,,,,7.9,125,,Compliant,Compliant,https://www.chemi-con.co.jp/products/detail-condenser.php?part_number=EMVE6R3ARA472MLN0S,https://www.chemi-con.co.jp/en/products/detail-condenser.php?part_number=EMVE6R3ARA472MLN0S,https://www.chemi-con.co.jp/cn/products/detail-condenser.php?part_number=EMVE6R3ARA472MLN0S,https://www.chemi-con.co.jp/products/relatedfiles/capacitor/catalog/MVERA-j.PDF,https://www.chemi-con.co.jp/products/relatedfiles/capacitor/catalog/MVERA-e.PDF,https://www.chemi-con.co.jp/products/relatedfiles/capacitor/catalog/MVERA-c.PDF
EMVE6R3ARA472MMH0S,"In Production",,MVE,-40,105,6.3,4700,M,18,16.5,,1200,105,120Hz,,,,,,,,,,,,,,,,0.44,20,120,888,,,,20,105,2000,DC,,,,8.7,150,,Compliant,Compliant,https://www.chemi-con.co.jp/products/detail-condenser.php?part_number=EMVE6R3ARA472MMH0S,https://www.chemi-con.co.jp/en/products/detail-condenser.php?part_number=EMVE6R3ARA472MMH0S,https://www.chemi-con.co.jp/cn/products/detail-condenser.php?part_number=EMVE6R3ARA472MMH0S,https://www.chemi-con.co.jp/products/relatedfiles/capacitor/catalog/MVERA-j.PDF,https://www.chemi-con.co.jp/products/relatedfiles/capacitor/catalog/MVERA-e.PDF,https://www.chemi-con.co.jp/products/relatedfiles/capacitor/catalog/MVERA-c.PDF
EMVE6R3ARA682MLN0S,"In Production",,MVE,-40,105,6.3,6800,M,16,21.5,,1200,105,120Hz,,,,,,,,,,,,,,,,0.48,20,120,1280,,,,20,105,2000,DC,,,,7.9,125,,Compliant,Compliant,https://www.chemi-con.co.jp/products/detail-condenser.php?part_number=EMVE6R3ARA682MLN0S,https://www.chemi-con.co.jp/en/products/detail-condenser.php?part_number=EMVE6R3ARA682MLN0S,https://www.chemi-con.co.jp/cn/products/detail-condenser.php?part_number=EMVE6R3ARA682MLN0S,https://www.chemi-con.co.jp/products/relatedfiles/capacitor/catalog/MVERA-j.PDF,https://www.chemi-con.co.jp/products/relatedfiles/capacitor/catalog/MVERA-e.PDF,https://www.chemi-con.co.jp/products/relatedfiles/capacitor/catalog/MVERA-c.PDF
EMVE6R3ARA682MMN0S,"In Production",,MVE,-40,105,6.3,6800,M,18,21.5,,1350,105,120Hz,,,,,,,,,,,,,,,,0.48,20,120,1280,,,,20,105,2000,DC,,,,10.2,100,,Compliant,Compliant,https://www.chemi-con.co.jp/products/detail-condenser.php?part_number=EMVE6R3ARA682MMN0S,https://www.chemi-con.co.jp/en/products/detail-condenser.php?part_number=EMVE6R3ARA682MMN0S,https://www.chemi-con.co.jp/cn/products/detail-condenser.php?part_number=EMVE6R3ARA682MMN0S,https://www.chemi-con.co.jp/products/relatedfiles/capacitor/catalog/MVERA-j.PDF,https://www.chemi-con.co.jp/products/relatedfiles/capacitor/catalog/MVERA-e.PDF,https://www.chemi-con.co.jp/products/relatedfiles/capacitor/catalog/MVERA-c.PDF
EMVE100ARA470MF55G,"In Production",,MVE,-40,105,10,47,M,6.3,5.2,,48,105,120Hz,,,,,,,,,,,,,,,,0.24,20,120,,4.7,,,20,105,1000,DC,,,,0.36,1000,,Compliant,Compliant,https://www.chemi-con.co.jp/products/detail-condenser.php?part_number=EMVE100ARA470MF55G,https://www.chemi-con.co.jp/en/products/detail-condenser.php?part_number=EMVE100ARA470MF55G,https://www.chemi-con.co.jp/cn/products/detail-condenser.php?part_number=EMVE100ARA470MF55G,https://www.chemi-con.co.jp/products/relatedfiles/capacitor/catalog/MVERA-j.PDF,https://www.chemi-con.co.jp/products/relatedfiles/capacitor/catalog/MVERA-e.PDF,https://www.chemi-con.co.jp/products/relatedfiles/capacitor/catalog/MVERA-c.PDF
EMVE100ARA101MF55G,"In Production",,MVE,-40,105,10,100,M,6.3,5.2,,69,105,120Hz,,,,,,,,,,,,,,,,0.3,20,120,,10,,,20,105,1000,DC,,,,0.36,1000,,Compliant,Compliant,https://www.chemi-con.co.jp/products/detail-condenser.php?part_number=EMVE100ARA101MF55G,https://www.chemi-con.co.jp/en/products/detail-condenser.php?part_number=EMVE100ARA101MF55G,https://www.chemi-con.co.jp/cn/products/detail-condenser.php?part_number=EMVE100ARA101MF55G,https://www.chemi-con.co.jp/products/relatedfiles/capacitor/catalog/MVERA-j.PDF,https://www.chemi-con.co.jp/products/relatedfiles/capacitor/catalog/MVERA-e.PDF,https://www.chemi-con.co.jp/products/relatedfiles/capacitor/catalog/MVERA-c.PDF
EMVE100ARA151MF80G,"In Production",,MVE,-40,105,10,150,M,6.3,7.7,,100,105,120Hz,,,,,,,,,,,,,,,,0.35,20,120,,15,,,20,105,1000,DC,,,,0.53,900,,Compliant,Compliant,https://www.chemi-con.co.jp/products/detail-condenser.php?part_number=EMVE100ARA151MF80G,https://www.chemi-con.co.jp/en/products/detail-condenser.php?part_number=EMVE100ARA151MF80G,https://www.chemi-con.co.jp/cn/products/detail-condenser.php?part_number=EMVE100ARA151MF80G,https://www.chemi-con.co.jp/products/relatedfiles/capacitor/catalog/MVERA-j.PDF,https://www.chemi-con.co.jp/products/relatedfiles/capacitor/catalog/MVERA-e.PDF,https://www.chemi-con.co.jp/products/relatedfiles/capacitor/catalog/MVERA-c.PDF
EMVE100ARA221MF80G,"In Production",,MVE,-40,105,10,220,M,6.3,7.7,,120,105,120Hz,,,,,,,,,,,,,,,,0.35,20,120,,22,,,20,105,1000,DC,,,,0.53,900,,Compliant,Compliant,https://www.chemi-con.co.jp/products/detail-condenser.php?part_number=EMVE100ARA221MF80G,https://www.chemi-con.co.jp/en/products/detail-condenser.php?part_number=EMVE100ARA221MF80G,https://www.chemi-con.co.jp/cn/products/detail-condenser.php?part_number=EMVE100ARA221MF80G,https://www.chemi-con.co.jp/products/relatedfiles/capacitor/catalog/MVERA-j.PDF,https://www.chemi-con.co.jp/products/relatedfiles/capacitor/catalog/MVERA-e.PDF,https://www.chemi-con.co.jp/products/relatedfiles/capacitor/catalog/MVERA-c.PDF
EMVE100ARA331MHA0G,"In Production",,MVE,-40,105,10,330,M,8,10,,290,105,120Hz,,,,,,,,,,,,,,,,0.35,20,120,,33,,,20,105,2000,DC,,,,0.96,500,,Compliant,Compliant,https://www.chemi-con.co.jp/products/detail-condenser.php?part_number=EMVE100ARA331MHA0G,https://www.chemi-con.co.jp/en/products/detail-condenser.php?part_number=EMVE100ARA331MHA0G,https://www.chemi-con.co.jp/cn/products/detail-condenser.php?part_number=EMVE100ARA331MHA0G,https://www.chemi-con.co.jp/products/relatedfiles/capacitor/catalog/MVERA-j.PDF,https://www.chemi-con.co.jp/products/relatedfiles/capacitor/catalog/MVERA-e.PDF,https://www.chemi-con.co.jp/products/relatedfiles/capacitor/catalog/MVERA-c.PDF
EMVE100ARA471MHA0G,"In Production",,MVE,-40,105,10,470,M,8,10,,320,105,120Hz,,,,,,,,,,,,,,,,0.35,20,120,,47,,,20,105,2000,DC,,,,0.96,500,,Compliant,Compliant,https://www.chemi-con.co.jp/products/detail-condenser.php?part_number=EMVE100ARA471MHA0G,https://www.chemi-con.co.jp/en/products/detail-condenser.php?part_number=EMVE100ARA471MHA0G,https://www.chemi-con.co.jp/cn/products/detail-condenser.php?part_number=EMVE100ARA471MHA0G,https://www.chemi-con.co.jp/products/relatedfiles/capacitor/catalog/MVERA-j.PDF,https://www.chemi-con.co.jp/products/relatedfiles/capacitor/catalog/MVERA-e.PDF,https://www.chemi-con.co.jp/products/relatedfiles/capacitor/catalog/MVERA-c.PDF
EMVE100ARA102MJA0G,"In Production",,MVE,-40,105,10,1000,M,10,10,,410,105,120Hz,,,,,,,,,,,,,,,,0.35,20,120,,100,,,20,105,2000,DC,,,,1.43,500,,Compliant,Compliant,https://www.chemi-con.co.jp/products/detail-condenser.php?part_number=EMVE100ARA102MJA0G,https://www.chemi-con.co.jp/en/products/detail-condenser.php?part_number=EMVE100ARA102MJA0G,https://www.chemi-con.co.jp/cn/products/detail-condenser.php?part_number=EMVE100ARA102MJA0G,https://www.chemi-con.co.jp/products/relatedfiles/capacitor/catalog/MVERA-j.PDF,https://www.chemi-con.co.jp/products/relatedfiles/capacitor/catalog/MVERA-e.PDF,https://www.chemi-con.co.jp/products/relatedfiles/capacitor/catalog/MVERA-c.PDF
EMVE100ARA222MKG5S,"In Production",,MVE,-40,105,10,2200,M,12.5,16,,750,105,120Hz,,,,,,,,,,,,,,,,0.36,20,120,660,,,,20,105,2000,DC,,,,3.3,200,,Compliant,Compliant,https://www.chemi-con.co.jp/products/detail-condenser.php?part_number=EMVE100ARA222MKG5S,https://www.chemi-con.co.jp/en/products/detail-condenser.php?part_number=EMVE100ARA222MKG5S,https://www.chemi-con.co.jp/cn/products/detail-condenser.php?part_number=EMVE100ARA222MKG5S,https://www.chemi-con.co.jp/products/relatedfiles/capacitor/catalog/MVERA-j.PDF,https://www.chemi-con.co.jp/products/relatedfiles/capacitor/catalog/MVERA-e.PDF,https://www.chemi-con.co.jp/products/relatedfiles/capacitor/catalog/MVERA-c.PDF
EMVE100ARA222MLH0S,"In Production",,MVE,-40,105,10,2200,M,16,16.5,,850,105,120Hz,,,,,,,,,,,,,,,,0.36,20,120,660,,,,20,105,2000,DC,,,,6.7,175,,Compliant,Compliant,https://www.chemi-con.co.jp/products/detail-condenser.php?part_number=EMVE100ARA222MLH0S,https://www.chemi-con.co.jp/en/products/detail-condenser.php?part_number=EMVE100ARA222MLH0S,https://www.chemi-con.co.jp/cn/products/detail-condenser.php?part_number=EMVE100ARA222MLH0S,https://www.chemi-con.co.jp/products/relatedfiles/capacitor/catalog/MVERA-j.PDF,https://www.chemi-con.co.jp/products/relatedfiles/capacitor/catalog/MVERA-e.PDF,https://www.chemi-con.co.jp/products/relatedfiles/capacitor/catalog/MVERA-c.PDF
EMVE100ARA332MLH0S,"In Production",,MVE,-40,105,10,3300,M,16,16.5,,1000,105,120Hz,,,,,,,,,,,,,,,,0.38,20,120,990,,,,20,105,2000,DC,,,,6.7,175,,Compliant,Compliant,https://www.chemi-con.co.jp/products/detail-condenser.php?part_number=EMVE100ARA332MLH0S,https://www.chemi-con.co.jp/en/products/detail-condenser.php?part_number=EMVE100ARA332MLH0S,https://www.chemi-con.co.jp/cn/products/detail-condenser.php?part_number=EMVE100ARA332MLH0S,https://www.chemi-con.co.jp/products/relatedfiles/capacitor/catalog/MVERA-j.PDF,https://www.chemi-con.co.jp/products/relatedfiles/capacitor/catalog/MVERA-e.PDF,https://www.chemi-con.co.jp/products/relatedfiles/capacitor/catalog/MVERA-c.PDF
EMVE100ARA332MMH0S,"In Production",,MVE,-40,105,10,3300,M,18,16.5,,1100,105,120Hz,,,,,,,,,,,,,,,,0.38,20,120,990,,,,20,105,2000,DC,,,,8.7,150,,Compliant,Compliant,https://www.chemi-con.co.jp/products/detail-condenser.php?part_number=EMVE100ARA332MMH0S,https://www.chemi-con.co.jp/en/products/detail-condenser.php?part_number=EMVE100ARA332MMH0S,https://www.chemi-con.co.jp/cn/products/detail-condenser.php?part_number=EMVE100ARA332MMH0S,https://www.chemi-con.co.jp/products/relatedfiles/capacitor/catalog/MVERA-j.PDF,https://www.chemi-con.co.jp/products/relatedfiles/capacitor/catalog/MVERA-e.PDF,https://www.chemi-con.co.jp/products/relatedfiles/capacitor/catalog/MVERA-c.PDF
EMVE100ARA472MLN0S,"In Production",,MVE,-40,105,10,4700,M,16,21.5,,1300,105,120Hz,,,,,,,,,,,,,,,,0.4,20,120,1410,,,,20,105,2000,DC,,,,7.9,125,,Compliant,Compliant,https://www.chemi-con.co.jp/products/detail-condenser.php?part_number=EMVE100ARA472MLN0S,https://www.chemi-con.co.jp/en/products/detail-condenser.php?part_number=EMVE100ARA472MLN0S,https://www.chemi-con.co.jp/cn/products/detail-condenser.php?part_number=EMVE100ARA472MLN0S,https://www.chemi-con.co.jp/products/relatedfiles/capacitor/catalog/MVERA-j.PDF,https://www.chemi-con.co.jp/products/relatedfiles/capacitor/catalog/MVERA-e.PDF,https://www.chemi-con.co.jp/products/relatedfiles/capacitor/catalog/MVERA-c.PDF
EMVE100ARA472MMN0S,"In Production",,MVE,-40,105,10,4700,M,18,21.5,,1350,105,120Hz,,,,,,,,,,,,,,,,0.4,20,120,1410,,,,20,105,2000,DC,,,,10.2,100,,Compliant,Compliant,https://www.chemi-con.co.jp/products/detail-condenser.php?part_number=EMVE100ARA472MMN0S,https://www.chemi-con.co.jp/en/products/detail-condenser.php?part_number=EMVE100ARA472MMN0S,https://www.chemi-con.co.jp/cn/products/detail-condenser.php?part_number=EMVE100ARA472MMN0S,https://www.chemi-con.co.jp/products/relatedfiles/capacitor/catalog/MVERA-j.PDF,https://www.chemi-con.co.jp/products/relatedfiles/capacitor/catalog/MVERA-e.PDF,https://www.chemi-con.co.jp/products/relatedfiles/capacitor/catalog/MVERA-c.PDF
EMVE160ARA330MF55G,"In Production",,MVE,-40,105,16,33,M,6.3,5.2,,45,105,120Hz,,,,,,,,,,,,,,,,0.2,20,120,,5.2,,,20,105,1000,DC,,,,0.36,1000,,Compliant,Compliant,https://www.chemi-con.co.jp/products/detail-condenser.php?part_number=EMVE160ARA330MF55G,https://www.chemi-con.co.jp/en/products/detail-condenser.php?part_number=EMVE160ARA330MF55G,https://www.chemi-con.co.jp/cn/products/detail-condenser.php?part_number=EMVE160ARA330MF55G,https://www.chemi-con.co.jp/products/relatedfiles/capacitor/catalog/MVERA-j.PDF,https://www.chemi-con.co.jp/products/relatedfiles/capacitor/catalog/MVERA-e.PDF,https://www.chemi-con.co.jp/products/relatedfiles/capacitor/catalog/MVERA-c.PDF
EMVE160ARA470MF55G,"In Production",,MVE,-40,105,16,47,M,6.3,5.2,,48,105,120Hz,,,,,,,,,,,,,,,,0.2,20,120,,7.5,,,20,105,1000,DC,,,,0.36,1000,,Compliant,Compliant,https://www.chemi-con.co.jp/products/detail-condenser.php?part_number=EMVE160ARA470MF55G,https://www.chemi-con.co.jp/en/products/detail-condenser.php?part_number=EMVE160ARA470MF55G,https://www.chemi-con.co.jp/cn/products/detail-condenser.php?part_number=EMVE160ARA470MF55G,https://www.chemi-con.co.jp/products/relatedfiles/capacitor/catalog/MVERA-j.PDF,https://www.chemi-con.co.jp/products/relatedfiles/capacitor/catalog/MVERA-e.PDF,https://www.chemi-con.co.jp/products/relatedfiles/capacitor/catalog/MVERA-c.PDF
EMVE160ARA101MF55G,"In Production",,MVE,-40,105,16,100,M,6.3,5.2,,69,105,120Hz,,,,,,,,,,,,,,,,0.26,20,120,,16,,,20,105,1000,DC,,,,0.36,1000,,Compliant,Compliant,https://www.chemi-con.co.jp/products/detail-condenser.php?part_number=EMVE160ARA101MF55G,https://www.chemi-con.co.jp/en/products/detail-condenser.php?part_number=EMVE160ARA101MF55G,https://www.chemi-con.co.jp/cn/products/detail-condenser.php?part_number=EMVE160ARA101MF55G,https://www.chemi-con.co.jp/products/relatedfiles/capacitor/catalog/MVERA-j.PDF,https://www.chemi-con.co.jp/products/relatedfiles/capacitor/catalog/MVERA-e.PDF,https://www.chemi-con.co.jp/products/relatedfiles/capacitor/catalog/MVERA-c.PDF
EMVE160ARA151MF80G,"In Production",,MVE,-40,105,16,150,M,6.3,7.7,,100,105,120Hz,,,,,,,,,,,,,,,,0.28,20,120,,24,,,20,105,1000,DC,,,,0.53,900,,Compliant,Compliant,https://www.chemi-con.co.jp/products/detail-condenser.php?part_number=EMVE160ARA151MF80G,https://www.chemi-con.co.jp/en/products/detail-condenser.php?part_number=EMVE160ARA151MF80G,https://www.chemi-con.co.jp/cn/products/detail-condenser.php?part_number=EMVE160ARA151MF80G,https://www.chemi-con.co.jp/products/relatedfiles/capacitor/catalog/MVERA-j.PDF,https://www.chemi-con.co.jp/products/relatedfiles/capacitor/catalog/MVERA-e.PDF,https://www.chemi-con.co.jp/products/relatedfiles/capacitor/catalog/MVERA-c.PDF
EMVE160ARA221MF80G,"In Production",,MVE,-40,105,16,220,M,6.3,7.7,,120,105,120Hz,,,,,,,,,,,,,,,,0.28,20,120,,35.2,,,20,105,1000,DC,,,,0.53,900,,Compliant,Compliant,https://www.chemi-con.co.jp/products/detail-condenser.php?part_number=EMVE160ARA221MF80G,https://www.chemi-con.co.jp/en/products/detail-condenser.php?part_number=EMVE160ARA221MF80G,https://www.chemi-con.co.jp/cn/products/detail-condenser.php?part_number=EMVE160ARA221MF80G,https://www.chemi-con.co.jp/products/relatedfiles/capacitor/catalog/MVERA-j.PDF,https://www.chemi-con.co.jp/products/relatedfiles/capacitor/catalog/MVERA-e.PDF,https://www.chemi-con.co.jp/products/relatedfiles/capacitor/catalog/MVERA-c.PDF
EMVE160ARA331MHA0G,"In Production",,MVE,-40,105,16,330,M,8,10,,290,105,120Hz,,,,,,,,,,,,,,,,0.28,20,120,,52.8,,,20,105,2000,DC,,,,0.96,500,,Compliant,Compliant,https://www.chemi-con.co.jp/products/detail-condenser.php?part_number=EMVE160ARA331MHA0G,https://www.chemi-con.co.jp/en/products/detail-condenser.php?part_number=EMVE160ARA331MHA0G,https://www.chemi-con.co.jp/cn/products/detail-condenser.php?part_number=EMVE160ARA331MHA0G,https://www.chemi-con.co.jp/products/relatedfiles/capacitor/catalog/MVERA-j.PDF,https://www.chemi-con.co.jp/products/relatedfiles/capacitor/catalog/MVERA-e.PDF,https://www.chemi-con.co.jp/products/relatedfiles/capacitor/catalog/MVERA-c.PDF
EMVE160ARA471MHA0G,"In Production",,MVE,-40,105,16,470,M,8,10,,320,105,120Hz,,,,,,,,,,,,,,,,0.28,20,120,,75.2,,,20,105,2000,DC,,,,0.96,500,,Compliant,Compliant,https://www.chemi-con.co.jp/products/detail-condenser.php?part_number=EMVE160ARA471MHA0G,https://www.chemi-con.co.jp/en/products/detail-condenser.php?part_number=EMVE160ARA471MHA0G,https://www.chemi-con.co.jp/cn/products/detail-condenser.php?part_number=EMVE160ARA471MHA0G,https://www.chemi-con.co.jp/products/relatedfiles/capacitor/catalog/MVERA-j.PDF,https://www.chemi-con.co.jp/products/relatedfiles/capacitor/catalog/MVERA-e.PDF,https://www.chemi-con.co.jp/products/relatedfiles/capacitor/catalog/MVERA-c.PDF
EMVE160ARA681MJA0G,"In Production",,MVE,-40,105,16,680,M,10,10,,470,105,120Hz,,,,,,,,,,,,,,,,0.28,20,120,,108,,,20,105,2000,DC,,,,1.43,500,,Compliant,Compliant,https://www.chemi-con.co.jp/products/detail-condenser.php?part_number=EMVE160ARA681MJA0G,https://www.chemi-con.co.jp/en/products/detail-condenser.php?part_number=EMVE160ARA681MJA0G,https://www.chemi-con.co.jp/cn/products/detail-condenser.php?part_number=EMVE160ARA681MJA0G,https://www.chemi-con.co.jp/products/relatedfiles/capacitor/catalog/MVERA-j.PDF,https://www.chemi-con.co.jp/products/relatedfiles/capacitor/catalog/MVERA-e.PDF,https://www.chemi-con.co.jp/products/relatedfiles/capacitor/catalog/MVERA-c.PDF
EMVE160ARA102MKE0S,"In Production",,MVE,-40,105,16,1000,M,12.5,13.5,,550,105,120Hz,,,,,,,,,,,,,,,,0.3,20,120,480,,,,20,105,2000,DC,,,,2.9,250,,Compliant,Compliant,https://www.chemi-con.co.jp/products/detail-condenser.php?part_number=EMVE160ARA102MKE0S,https://www.chemi-con.co.jp/en/products/detail-condenser.php?part_number=EMVE160ARA102MKE0S,https://www.chemi-con.co.jp/cn/products/detail-condenser.php?part_number=EMVE160ARA102MKE0S,https://www.chemi-con.co.jp/products/relatedfiles/capacitor/catalog/MVERA-j.PDF,https://www.chemi-con.co.jp/products/relatedfiles/capacitor/catalog/MVERA-e.PDF,https://www.chemi-con.co.jp/products/relatedfiles/capacitor/catalog/MVERA-c.PDF
EMVE160ARA102MLH0S,"In Production",,MVE,-40,105,16,1000,M,16,16.5,,650,105,120Hz,,,,,,,,,,,,,,,,0.3,20,120,480,,,,20,105,2000,DC,,,,6.7,175,,Compliant,Compliant,https://www.chemi-con.co.jp/products/detail-condenser.php?part_number=EMVE160ARA102MLH0S,https://www.chemi-con.co.jp/en/products/detail-condenser.php?part_number=EMVE160ARA102MLH0S,https://www.chemi-con.co.jp/cn/products/detail-condenser.php?part_number=EMVE160ARA102MLH0S,https://www.chemi-con.co.jp/products/relatedfiles/capacitor/catalog/MVERA-j.PDF,https://www.chemi-con.co.jp/products/relatedfiles/capacitor/catalog/MVERA-e.PDF,https://www.chemi-con.co.jp/products/relatedfiles/capacitor/catalog/MVERA-c.PDF
EMVE160ARA222MLH0S,"In Production",,MVE,-40,105,16,2200,M,16,16.5,,950,105,120Hz,,,,,,,,,,,,,,,,0.32,20,120,1050,,,,20,105,2000,DC,,,,6.7,175,,Compliant,Compliant,https://www.chemi-con.co.jp/products/detail-condenser.php?part_number=EMVE160ARA222MLH0S,https://www.chemi-con.co.jp/en/products/detail-condenser.php?part_number=EMVE160ARA222MLH0S,https://www.chemi-con.co.jp/cn/products/detail-condenser.php?part_number=EMVE160ARA222MLH0S,https://www.chemi-con.co.jp/products/relatedfiles/capacitor/catalog/MVERA-j.PDF,https://www.chemi-con.co.jp/products/relatedfiles/capacitor/catalog/MVERA-e.PDF,https://www.chemi-con.co.jp/products/relatedfiles/capacitor/catalog/MVERA-c.PDF
EMVE160ARA222MMH0S,"In Production",,MVE,-40,105,16,2200,M,18,16.5,,1000,105,120Hz,,,,,,,,,,,,,,,,0.32,20,120,1050,,,,20,105,2000,DC,,,,8.7,150,,Compliant,Compliant,https://www.chemi-con.co.jp/products/detail-condenser.php?part_number=EMVE160ARA222MMH0S,https://www.chemi-con.co.jp/en/products/detail-condenser.php?part_number=EMVE160ARA222MMH0S,https://www.chemi-con.co.jp/cn/products/detail-condenser.php?part_number=EMVE160ARA222MMH0S,https://www.chemi-con.co.jp/products/relatedfiles/capacitor/catalog/MVERA-j.PDF,https://www.chemi-con.co.jp/products/relatedfiles/capacitor/catalog/MVERA-e.PDF,https://www.chemi-con.co.jp/products/relatedfiles/capacitor/catalog/MVERA-c.PDF
EMVE160ARA332MLN0S,"In Production",,MVE,-40,105,16,3300,M,16,21.5,,1200,105,120Hz,,,,,,,,,,,,,,,,0.34,20,120,1580,,,,20,105,2000,DC,,,,7.9,125,,Compliant,Compliant,https://www.chemi-con.co.jp/products/detail-condenser.php?part_number=EMVE160ARA332MLN0S,https://www.chemi-con.co.jp/en/products/detail-condenser.php?part_number=EMVE160ARA332MLN0S,https://www.chemi-con.co.jp/cn/products/detail-condenser.php?part_number=EMVE160ARA332MLN0S,https://www.chemi-con.co.jp/products/relatedfiles/capacitor/catalog/MVERA-j.PDF,https://www.chemi-con.co.jp/products/relatedfiles/capacitor/catalog/MVERA-e.PDF,https://www.chemi-con.co.jp/products/relatedfiles/capacitor/catalog/MVERA-c.PDF
EMVE160ARA332MMH0S,"In Production",,MVE,-40,105,16,3300,M,18,16.5,,1200,105,120Hz,,,,,,,,,,,,,,,,0.34,20,120,1580,,,,20,105,2000,DC,,,,8.7,150,,Compliant,Compliant,https://www.chemi-con.co.jp/products/detail-condenser.php?part_number=EMVE160ARA332MMH0S,https://www.chemi-con.co.jp/en/products/detail-condenser.php?part_number=EMVE160ARA332MMH0S,https://www.chemi-con.co.jp/cn/products/detail-condenser.php?part_number=EMVE160ARA332MMH0S,https://www.chemi-con.co.jp/products/relatedfiles/capacitor/catalog/MVERA-j.PDF,https://www.chemi-con.co.jp/products/relatedfiles/capacitor/catalog/MVERA-e.PDF,https://www.chemi-con.co.jp/products/relatedfiles/capacitor/catalog/MVERA-c.PDF
EMVE250ARA220MF55G,"In Production",,MVE,-40,105,25,22,M,6.3,5.2,,44,105,120Hz,,,,,,,,,,,,,,,,0.16,20,120,,5.5,,,20,105,1000,DC,,,,0.36,1000,,Compliant,Compliant,https://www.chemi-con.co.jp/products/detail-condenser.php?part_number=EMVE250ARA220MF55G,https://www.chemi-con.co.jp/en/products/detail-condenser.php?part_number=EMVE250ARA220MF55G,https://www.chemi-con.co.jp/cn/products/detail-condenser.php?part_number=EMVE250ARA220MF55G,https://www.chemi-con.co.jp/products/relatedfiles/capacitor/catalog/MVERA-j.PDF,https://www.chemi-con.co.jp/products/relatedfiles/capacitor/catalog/MVERA-e.PDF,https://www.chemi-con.co.jp/products/relatedfiles/capacitor/catalog/MVERA-c.PDF
EMVE250ARA330MF55G,"In Production",,MVE,-40,105,25,33,M,6.3,5.2,,50,105,120Hz,,,,,,,,,,,,,,,,0.16,20,120,,8.2,,,20,105,1000,DC,,,,0.36,1000,,Compliant,Compliant,https://www.chemi-con.co.jp/products/detail-condenser.php?part_number=EMVE250ARA330MF55G,https://www.chemi-con.co.jp/en/products/detail-condenser.php?part_number=EMVE250ARA330MF55G,https://www.chemi-con.co.jp/cn/products/detail-condenser.php?part_number=EMVE250ARA330MF55G,https://www.chemi-con.co.jp/products/relatedfiles/capacitor/catalog/MVERA-j.PDF,https://www.chemi-con.co.jp/products/relatedfiles/capacitor/catalog/MVERA-e.PDF,https://www.chemi-con.co.jp/products/relatedfiles/capacitor/catalog/MVERA-c.PDF
EMVE250ARA470MF55G,"In Production",,MVE,-40,105,25,47,M,6.3,5.2,,60,105,120Hz,,,,,,,,,,,,,,,,0.16,20,120,,11.7,,,20,105,1000,DC,,,,0.36,1000,,Compliant,Compliant,https://www.chemi-con.co.jp/products/detail-condenser.php?part_number=EMVE250ARA470MF55G,https://www.chemi-con.co.jp/en/products/detail-condenser.php?part_number=EMVE250ARA470MF55G,https://www.chemi-con.co.jp/cn/products/detail-condenser.php?part_number=EMVE250ARA470MF55G,https://www.chemi-con.co.jp/products/relatedfiles/capacitor/catalog/MVERA-j.PDF,https://www.chemi-con.co.jp/products/relatedfiles/capacitor/catalog/MVERA-e.PDF,https://www.chemi-con.co.jp/products/relatedfiles/capacitor/catalog/MVERA-c.PDF
EMVE250ARA101MF80G,"In Production",,MVE,-40,105,25,100,M,6.3,7.7,,100,105,120Hz,,,,,,,,,,,,,,,,0.18,20,120,,25,,,20,105,1000,DC,,,,0.53,900,,Compliant,Compliant,https://www.chemi-con.co.jp/products/detail-condenser.php?part_number=EMVE250ARA101MF80G,https://www.chemi-con.co.jp/en/products/detail-condenser.php?part_number=EMVE250ARA101MF80G,https://www.chemi-con.co.jp/cn/products/detail-condenser.php?part_number=EMVE250ARA101MF80G,https://www.chemi-con.co.jp/products/relatedfiles/capacitor/catalog/MVERA-j.PDF,https://www.chemi-con.co.jp/products/relatedfiles/capacitor/catalog/MVERA-e.PDF,https://www.chemi-con.co.jp/products/relatedfiles/capacitor/catalog/MVERA-c.PDF
EMVE250ARA151MHA0G,"In Production",,MVE,-40,105,25,150,M,8,10,,240,105,120Hz,,,,,,,,,,,,,,,,0.18,20,120,,37.5,,,20,105,2000,DC,,,,0.96,500,,Compliant,Compliant,https://www.chemi-con.co.jp/products/detail-condenser.php?part_number=EMVE250ARA151MHA0G,https://www.chemi-con.co.jp/en/products/detail-condenser.php?part_number=EMVE250ARA151MHA0G,https://www.chemi-con.co.jp/cn/products/detail-condenser.php?part_number=EMVE250ARA151MHA0G,https://www.chemi-con.co.jp/products/relatedfiles/capacitor/catalog/MVERA-j.PDF,https://www.chemi-con.co.jp/products/relatedfiles/capacitor/catalog/MVERA-e.PDF,https://www.chemi-con.co.jp/products/relatedfiles/capacitor/catalog/MVERA-c.PDF
EMVE250ARA221MHA0G,"In Production",,MVE,-40,105,25,220,M,8,10,,320,105,120Hz,,,,,,,,,,,,,,,,0.18,20,120,,55,,,20,105,2000,DC,,,,0.96,500,,Compliant,Compliant,https://www.chemi-con.co.jp/products/detail-condenser.php?part_number=EMVE250ARA221MHA0G,https://www.chemi-con.co.jp/en/products/detail-condenser.php?part_number=EMVE250ARA221MHA0G,https://www.chemi-con.co.jp/cn/products/detail-condenser.php?part_number=EMVE250ARA221MHA0G,https://www.chemi-con.co.jp/products/relatedfiles/capacitor/catalog/MVERA-j.PDF,https://www.chemi-con.co.jp/products/relatedfiles/capacitor/catalog/MVERA-e.PDF,https://www.chemi-con.co.jp/products/relatedfiles/capacitor/catalog/MVERA-c.PDF
EMVE250ARA331MJA0G,"In Production",,MVE,-40,105,25,330,M,10,10,,450,105,120Hz,,,,,,,,,,,,,,,,0.16,20,120,,82.5,,,20,105,2000,DC,,,,1.43,500,,Compliant,Compliant,https://www.chemi-con.co.jp/products/detail-condenser.php?part_number=EMVE250ARA331MJA0G,https://www.chemi-con.co.jp/en/products/detail-condenser.php?part_number=EMVE250ARA331MJA0G,https://www.chemi-con.co.jp/cn/products/detail-condenser.php?part_number=EMVE250ARA331MJA0G,https://www.chemi-con.co.jp/products/relatedfiles/capacitor/catalog/MVERA-j.PDF,https://www.chemi-con.co.jp/products/relatedfiles/capacitor/catalog/MVERA-e.PDF,https://www.chemi-con.co.jp/products/relatedfiles/capacitor/catalog/MVERA-c.PDF
EMVE250ARA471MJA0G,"In Production",,MVE,-40,105,25,470,M,10,10,,490,105,120Hz,,,,,,,,,,,,,,,,0.18,20,120,,117,,,20,105,2000,DC,,,,1.43,500,,Compliant,Compliant,https://www.chemi-con.co.jp/products/detail-condenser.php?part_number=EMVE250ARA471MJA0G,https://www.chemi-con.co.jp/en/products/detail-condenser.php?part_number=EMVE250ARA471MJA0G,https://www.chemi-con.co.jp/cn/products/detail-condenser.php?part_number=EMVE250ARA471MJA0G,https://www.chemi-con.co.jp/products/relatedfiles/capacitor/catalog/MVERA-j.PDF,https://www.chemi-con.co.jp/products/relatedfiles/capacitor/catalog/MVERA-e.PDF,https://www.chemi-con.co.jp/products/relatedfiles/capacitor/catalog/MVERA-c.PDF
EMVE250ARA102MLH0S,"In Production",,MVE,-40,105,25,1000,M,16,16.5,,820,105,120Hz,,,,,,,,,,,,,,,,0.26,20,120,750,,,,20,105,2000,DC,,,,6.7,175,,Compliant,Compliant,https://www.chemi-con.co.jp/products/detail-condenser.php?part_number=EMVE250ARA102MLH0S,https://www.chemi-con.co.jp/en/products/detail-condenser.php?part_number=EMVE250ARA102MLH0S,https://www.chemi-con.co.jp/cn/products/detail-condenser.php?part_number=EMVE250ARA102MLH0S,https://www.chemi-con.co.jp/products/relatedfiles/capacitor/catalog/MVERA-j.PDF,https://www.chemi-con.co.jp/products/relatedfiles/capacitor/catalog/MVERA-e.PDF,https://www.chemi-con.co.jp/products/relatedfiles/capacitor/catalog/MVERA-c.PDF
EMVE250ARA102MMH0S,"In Production",,MVE,-40,105,25,1000,M,18,16.5,,880,105,120Hz,,,,,,,,,,,,,,,,0.26,20,120,750,,,,20,105,2000,DC,,,,8.7,150,,Compliant,Compliant,https://www.chemi-con.co.jp/products/detail-condenser.php?part_number=EMVE250ARA102MMH0S,https://www.chemi-con.co.jp/en/products/detail-condenser.php?part_number=EMVE250ARA102MMH0S,https://www.chemi-con.co.jp/cn/products/detail-condenser.php?part_number=EMVE250ARA102MMH0S,https://www.chemi-con.co.jp/products/relatedfiles/capacitor/catalog/MVERA-j.PDF,https://www.chemi-con.co.jp/products/relatedfiles/capacitor/catalog/MVERA-e.PDF,https://www.chemi-con.co.jp/products/relatedfiles/capacitor/catalog/MVERA-c.PDF
EMVE250ARA222MLN0S,"In Production",,MVE,-40,105,25,2200,M,16,21.5,,1250,105,120Hz,,,,,,,,,,,,,,,,0.28,20,120,1650,,,,20,105,2000,DC,,,,7.9,125,,Compliant,Compliant,https://www.chemi-con.co.jp/products/detail-condenser.php?part_number=EMVE250ARA222MLN0S,https://www.chemi-con.co.jp/en/products/detail-condenser.php?part_number=EMVE250ARA222MLN0S,https://www.chemi-con.co.jp/cn/products/detail-condenser.php?part_number=EMVE250ARA222MLN0S,https://www.chemi-con.co.jp/products/relatedfiles/capacitor/catalog/MVERA-j.PDF,https://www.chemi-con.co.jp/products/relatedfiles/capacitor/catalog/MVERA-e.PDF,https://www.chemi-con.co.jp/products/relatedfiles/capacitor/catalog/MVERA-c.PDF
EMVE250ARA222MMN0S,"In Production",,MVE,-40,105,25,2200,M,18,21.5,,1300,105,120Hz,,,,,,,,,,,,,,,,0.28,20,120,1650,,,,20,105,2000,DC,,,,10.2,100,,Compliant,Compliant,https://www.chemi-con.co.jp/products/detail-condenser.php?part_number=EMVE250ARA222MMN0S,https://www.chemi-con.co.jp/en/products/detail-condenser.php?part_number=EMVE250ARA222MMN0S,https://www.chemi-con.co.jp/cn/products/detail-condenser.php?part_number=EMVE250ARA222MMN0S,https://www.chemi-con.co.jp/products/relatedfiles/capacitor/catalog/MVERA-j.PDF,https://www.chemi-con.co.jp/products/relatedfiles/capacitor/catalog/MVERA-e.PDF,https://www.chemi-con.co.jp/products/relatedfiles/capacitor/catalog/MVERA-c.PDF
EMVE350ARA220MF55G,"In Production",,MVE,-40,105,35,22,M,6.3,5.2,,44,105,120Hz,,,,,,,,,,,,,,,,0.14,20,120,,7.7,,,20,105,1000,DC,,,,0.36,1000,,Compliant,Compliant,https://www.chemi-con.co.jp/products/detail-condenser.php?part_number=EMVE350ARA220MF55G,https://www.chemi-con.co.jp/en/products/detail-condenser.php?part_number=EMVE350ARA220MF55G,https://www.chemi-con.co.jp/cn/products/detail-condenser.php?part_number=EMVE350ARA220MF55G,https://www.chemi-con.co.jp/products/relatedfiles/capacitor/catalog/MVERA-j.PDF,https://www.chemi-con.co.jp/products/relatedfiles/capacitor/catalog/MVERA-e.PDF,https://www.chemi-con.co.jp/products/relatedfiles/capacitor/catalog/MVERA-c.PDF
EMVE350ARA470MF80G,"In Production",,MVE,-40,105,35,47,M,6.3,7.7,,80,105,120Hz,,,,,,,,,,,,,,,,0.16,20,120,,16.4,,,20,105,1000,DC,,,,0.53,900,,Compliant,Compliant,https://www.chemi-con.co.jp/products/detail-condenser.php?part_number=EMVE350ARA470MF80G,https://www.chemi-con.co.jp/en/products/detail-condenser.php?part_number=EMVE350ARA470MF80G,https://www.chemi-con.co.jp/cn/products/detail-condenser.php?part_number=EMVE350ARA470MF80G,https://www.chemi-con.co.jp/products/relatedfiles/capacitor/catalog/MVERA-j.PDF,https://www.chemi-con.co.jp/products/relatedfiles/capacitor/catalog/MVERA-e.PDF,https://www.chemi-con.co.jp/products/relatedfiles/capacitor/catalog/MVERA-c.PDF
EMVE350ARA101MF80G,"In Production",,MVE,-40,105,35,100,M,6.3,7.7,,100,105,120Hz,,,,,,,,,,,,,,,,0.16,20,120,,35,,,20,105,1000,DC,,,,0.53,900,,Compliant,Compliant,https://www.chemi-con.co.jp/products/detail-condenser.php?part_number=EMVE350ARA101MF80G,https://www.chemi-con.co.jp/en/products/detail-condenser.php?part_number=EMVE350ARA101MF80G,https://www.chemi-con.co.jp/cn/products/detail-condenser.php?part_number=EMVE350ARA101MF80G,https://www.chemi-con.co.jp/products/relatedfiles/capacitor/catalog/MVERA-j.PDF,https://www.chemi-con.co.jp/products/relatedfiles/capacitor/catalog/MVERA-e.PDF,https://www.chemi-con.co.jp/products/relatedfiles/capacitor/catalog/MVERA-c.PDF
EMVE350ARA151MHA0G,"In Production",,MVE,-40,105,35,150,M,8,10,,260,105,120Hz,,,,,,,,,,,,,,,,0.16,20,120,,52.5,,,20,105,2000,DC,,,,0.96,500,,Compliant,Compliant,https://www.chemi-con.co.jp/products/detail-condenser.php?part_number=EMVE350ARA151MHA0G,https://www.chemi-con.co.jp/en/products/detail-condenser.php?part_number=EMVE350ARA151MHA0G,https://www.chemi-con.co.jp/cn/products/detail-condenser.php?part_number=EMVE350ARA151MHA0G,https://www.chemi-con.co.jp/products/relatedfiles/capacitor/catalog/MVERA-j.PDF,https://www.chemi-con.co.jp/products/relatedfiles/capacitor/catalog/MVERA-e.PDF,https://www.chemi-con.co.jp/products/relatedfiles/capacitor/catalog/MVERA-c.PDF
EMVE350ARA221MJA0G,"In Production",,MVE,-40,105,35,220,M,10,10,,375,105,120Hz,,,,,,,,,,,,,,,,0.16,20,120,,77,,,20,105,2000,DC,,,,1.43,500,,Compliant,Compliant,https://www.chemi-con.co.jp/products/detail-condenser.php?part_number=EMVE350ARA221MJA0G,https://www.chemi-con.co.jp/en/products/detail-condenser.php?part_number=EMVE350ARA221MJA0G,https://www.chemi-con.co.jp/cn/products/detail-condenser.php?part_number=EMVE350ARA221MJA0G,https://www.chemi-con.co.jp/products/relatedfiles/capacitor/catalog/MVERA-j.PDF,https://www.chemi-con.co.jp/products/relatedfiles/capacitor/catalog/MVERA-e.PDF,https://www.chemi-con.co.jp/products/relatedfiles/capacitor/catalog/MVERA-c.PDF
EMVE350ARA331MJA0G,"In Production",,MVE,-40,105,35,330,M,10,10,,450,105,120Hz,,,,,,,,,,,,,,,,0.16,20,120,,115,,,20,105,2000,DC,,,,1.43,500,,Compliant,Compliant,https://www.chemi-con.co.jp/products/detail-condenser.php?part_number=EMVE350ARA331MJA0G,https://www.chemi-con.co.jp/en/products/detail-condenser.php?part_number=EMVE350ARA331MJA0G,https://www.chemi-con.co.jp/cn/products/detail-condenser.php?part_number=EMVE350ARA331MJA0G,https://www.chemi-con.co.jp/products/relatedfiles/capacitor/catalog/MVERA-j.PDF,https://www.chemi-con.co.jp/products/relatedfiles/capacitor/catalog/MVERA-e.PDF,https://www.chemi-con.co.jp/products/relatedfiles/capacitor/catalog/MVERA-c.PDF
EMVE350ARA471MKE0S,"In Production",,MVE,-40,105,35,470,M,12.5,13.5,,520,105,120Hz,,,,,,,,,,,,,,,,0.22,20,120,493,,,,20,105,2000,DC,,,,2.9,250,,Compliant,Compliant,https://www.chemi-con.co.jp/products/detail-condenser.php?part_number=EMVE350ARA471MKE0S,https://www.chemi-con.co.jp/en/products/detail-condenser.php?part_number=EMVE350ARA471MKE0S,https://www.chemi-con.co.jp/cn/products/detail-condenser.php?part_number=EMVE350ARA471MKE0S,https://www.chemi-con.co.jp/products/relatedfiles/capacitor/catalog/MVERA-j.PDF,https://www.chemi-con.co.jp/products/relatedfiles/capacitor/catalog/MVERA-e.PDF,https://www.chemi-con.co.jp/products/relatedfiles/capacitor/catalog/MVERA-c.PDF
EMVE350ARA471MLH0S,"In Production",,MVE,-40,105,35,470,M,16,16.5,,650,105,120Hz,,,,,,,,,,,,,,,,0.22,20,120,493,,,,20,105,2000,DC,,,,6.7,175,,Compliant,Compliant,https://www.chemi-con.co.jp/products/detail-condenser.php?part_number=EMVE350ARA471MLH0S,https://www.chemi-con.co.jp/en/products/detail-condenser.php?part_number=EMVE350ARA471MLH0S,https://www.chemi-con.co.jp/cn/products/detail-condenser.php?part_number=EMVE350ARA471MLH0S,https://www.chemi-con.co.jp/products/relatedfiles/capacitor/catalog/MVERA-j.PDF,https://www.chemi-con.co.jp/products/relatedfiles/capacitor/catalog/MVERA-e.PDF,https://www.chemi-con.co.jp/products/relatedfiles/capacitor/catalog/MVERA-c.PDF
EMVE350ARA102MLH0S,"In Production",,MVE,-40,105,35,1000,M,16,16.5,,750,105,120Hz,,,,,,,,,,,,,,,,0.22,20,120,1050,,,,20,105,2000,DC,,,,6.7,175,,Compliant,Compliant,https://www.chemi-con.co.jp/products/detail-condenser.php?part_number=EMVE350ARA102MLH0S,https://www.chemi-con.co.jp/en/products/detail-condenser.php?part_number=EMVE350ARA102MLH0S,https://www.chemi-con.co.jp/cn/products/detail-condenser.php?part_number=EMVE350ARA102MLH0S,https://www.chemi-con.co.jp/products/relatedfiles/capacitor/catalog/MVERA-j.PDF,https://www.chemi-con.co.jp/products/relatedfiles/capacitor/catalog/MVERA-e.PDF,https://www.chemi-con.co.jp/products/relatedfiles/capacitor/catalog/MVERA-c.PDF
EMVE350ARA102MMH0S,"In Production",,MVE,-40,105,35,1000,M,18,16.5,,1000,105,120Hz,,,,,,,,,,,,,,,,0.22,20,120,1050,,,,20,105,2000,DC,,,,8.7,150,,Compliant,Compliant,https://www.chemi-con.co.jp/products/detail-condenser.php?part_number=EMVE350ARA102MMH0S,https://www.chemi-con.co.jp/en/products/detail-condenser.php?part_number=EMVE350ARA102MMH0S,https://www.chemi-con.co.jp/cn/products/detail-condenser.php?part_number=EMVE350ARA102MMH0S,https://www.chemi-con.co.jp/products/relatedfiles/capacitor/catalog/MVERA-j.PDF,https://www.chemi-con.co.jp/products/relatedfiles/capacitor/catalog/MVERA-e.PDF,https://www.chemi-con.co.jp/products/relatedfiles/capacitor/catalog/MVERA-c.PDF
EMVE350ARA222MMN0S,"In Production",,MVE,-40,105,35,2200,M,18,21.5,,1450,105,120Hz,,,,,,,,,,,,,,,,0.24,20,120,2310,,,,20,105,2000,DC,,,,10.2,100,,Compliant,Compliant,https://www.chemi-con.co.jp/products/detail-condenser.php?part_number=EMVE350ARA222MMN0S,https://www.chemi-con.co.jp/en/products/detail-condenser.php?part_number=EMVE350ARA222MMN0S,https://www.chemi-con.co.jp/cn/products/detail-condenser.php?part_number=EMVE350ARA222MMN0S,https://www.chemi-con.co.jp/products/relatedfiles/capacitor/catalog/MVERA-j.PDF,https://www.chemi-con.co.jp/products/relatedfiles/capacitor/catalog/MVERA-e.PDF,https://www.chemi-con.co.jp/products/relatedfiles/capacitor/catalog/MVERA-c.PDF
EMVE500ARA100MF55G,"In Production",,MVE,-40,105,50,10,M,6.3,5.2,,32,105,120Hz,,,,,,,,,,,,,,,,0.12,20,120,,5,,,20,105,1000,DC,,,,0.36,1000,,Compliant,Compliant,https://www.chemi-con.co.jp/products/detail-condenser.php?part_number=EMVE500ARA100MF55G,https://www.chemi-con.co.jp/en/products/detail-condenser.php?part_number=EMVE500ARA100MF55G,https://www.chemi-con.co.jp/cn/products/detail-condenser.php?part_number=EMVE500ARA100MF55G,https://www.chemi-con.co.jp/products/relatedfiles/capacitor/catalog/MVERA-j.PDF,https://www.chemi-con.co.jp/products/relatedfiles/capacitor/catalog/MVERA-e.PDF,https://www.chemi-con.co.jp/products/relatedfiles/capacitor/catalog/MVERA-c.PDF
EMVE500ARA330MF80G,"In Production",,MVE,-40,105,50,33,M,6.3,7.7,,65,105,120Hz,,,,,,,,,,,,,,,,0.14,20,120,,16.5,,,20,105,1000,DC,,,,0.53,900,,Compliant,Compliant,https://www.chemi-con.co.jp/products/detail-condenser.php?part_number=EMVE500ARA330MF80G,https://www.chemi-con.co.jp/en/products/detail-condenser.php?part_number=EMVE500ARA330MF80G,https://www.chemi-con.co.jp/cn/products/detail-condenser.php?part_number=EMVE500ARA330MF80G,https://www.chemi-con.co.jp/products/relatedfiles/capacitor/catalog/MVERA-j.PDF,https://www.chemi-con.co.jp/products/relatedfiles/capacitor/catalog/MVERA-e.PDF,https://www.chemi-con.co.jp/products/relatedfiles/capacitor/catalog/MVERA-c.PDF
EMVE500ARA470MF80G,"In Production",,MVE,-40,105,50,47,M,6.3,7.7,,80,105,120Hz,,,,,,,,,,,,,,,,0.14,20,120,,23.5,,,20,105,1000,DC,,,,0.53,900,,Compliant,Compliant,https://www.chemi-con.co.jp/products/detail-condenser.php?part_number=EMVE500ARA470MF80G,https://www.chemi-con.co.jp/en/products/detail-condenser.php?part_number=EMVE500ARA470MF80G,https://www.chemi-con.co.jp/cn/products/detail-condenser.php?part_number=EMVE500ARA470MF80G,https://www.chemi-con.co.jp/products/relatedfiles/capacitor/catalog/MVERA-j.PDF,https://www.chemi-con.co.jp/products/relatedfiles/capacitor/catalog/MVERA-e.PDF,https://www.chemi-con.co.jp/products/relatedfiles/capacitor/catalog/MVERA-c.PDF
EMVE500ARA101MHA0G,"In Production",,MVE,-40,105,50,100,M,8,10,,230,105,120Hz,,,,,,,,,,,,,,,,0.14,20,120,,50,,,20,105,2000,DC,,,,0.96,500,,Compliant,Compliant,https://www.chemi-con.co.jp/products/detail-condenser.php?part_number=EMVE500ARA101MHA0G,https://www.chemi-con.co.jp/en/products/detail-condenser.php?part_number=EMVE500ARA101MHA0G,https://www.chemi-con.co.jp/cn/products/detail-condenser.php?part_number=EMVE500ARA101MHA0G,https://www.chemi-con.co.jp/products/relatedfiles/capacitor/catalog/MVERA-j.PDF,https://www.chemi-con.co.jp/products/relatedfiles/capacitor/catalog/MVERA-e.PDF,https://www.chemi-con.co.jp/products/relatedfiles/capacitor/catalog/MVERA-c.PDF
EMVE500ARA221MJA0G,"In Production",,MVE,-40,105,50,220,M,10,10,,375,105,120Hz,,,,,,,,,,,,,,,,0.14,20,120,,110,,,20,105,2000,DC,,,,1.43,500,,Compliant,Compliant,https://www.chemi-con.co.jp/products/detail-condenser.php?part_number=EMVE500ARA221MJA0G,https://www.chemi-con.co.jp/en/products/detail-condenser.php?part_number=EMVE500ARA221MJA0G,https://www.chemi-con.co.jp/cn/products/detail-condenser.php?part_number=EMVE500ARA221MJA0G,https://www.chemi-con.co.jp/products/relatedfiles/capacitor/catalog/MVERA-j.PDF,https://www.chemi-con.co.jp/products/relatedfiles/capacitor/catalog/MVERA-e.PDF,https://www.chemi-con.co.jp/products/relatedfiles/capacitor/catalog/MVERA-c.PDF
EMVE500ARA331MKE0S,"In Production",,MVE,-40,105,50,330,M,12.5,13.5,,500,105,120Hz,,,,,,,,,,,,,,,,0.18,20,120,495,,,,20,105,2000,DC,,,,2.9,250,,Compliant,Compliant,https://www.chemi-con.co.jp/products/detail-condenser.php?part_number=EMVE500ARA331MKE0S,https://www.chemi-con.co.jp/en/products/detail-condenser.php?part_number=EMVE500ARA331MKE0S,https://www.chemi-con.co.jp/cn/products/detail-condenser.php?part_number=EMVE500ARA331MKE0S,https://www.chemi-con.co.jp/products/relatedfiles/capacitor/catalog/MVERA-j.PDF,https://www.chemi-con.co.jp/products/relatedfiles/capacitor/catalog/MVERA-e.PDF,https://www.chemi-con.co.jp/products/relatedfiles/capacitor/catalog/MVERA-c.PDF
EMVE500ARA331MLH0S,"In Production",,MVE,-40,105,50,330,M,16,16.5,,600,105,120Hz,,,,,,,,,,,,,,,,0.18,20,120,495,,,,20,105,2000,DC,,,,6.7,175,,Compliant,Compliant,https://www.chemi-con.co.jp/products/detail-condenser.php?part_number=EMVE500ARA331MLH0S,https://www.chemi-con.co.jp/en/products/detail-condenser.php?part_number=EMVE500ARA331MLH0S,https://www.chemi-con.co.jp/cn/products/detail-condenser.php?part_number=EMVE500ARA331MLH0S,https://www.chemi-con.co.jp/products/relatedfiles/capacitor/catalog/MVERA-j.PDF,https://www.chemi-con.co.jp/products/relatedfiles/capacitor/catalog/MVERA-e.PDF,https://www.chemi-con.co.jp/products/relatedfiles/capacitor/catalog/MVERA-c.PDF
EMVE500ARA471MLH0S,"In Production",,MVE,-40,105,50,470,M,16,16.5,,700,105,120Hz,,,,,,,,,,,,,,,,0.18,20,120,705,,,,20,105,2000,DC,,,,6.7,175,,Compliant,Compliant,https://www.chemi-con.co.jp/products/detail-condenser.php?part_number=EMVE500ARA471MLH0S,https://www.chemi-con.co.jp/en/products/detail-condenser.php?part_number=EMVE500ARA471MLH0S,https://www.chemi-con.co.jp/cn/products/detail-condenser.php?part_number=EMVE500ARA471MLH0S,https://www.chemi-con.co.jp/products/relatedfiles/capacitor/catalog/MVERA-j.PDF,https://www.chemi-con.co.jp/products/relatedfiles/capacitor/catalog/MVERA-e.PDF,https://www.chemi-con.co.jp/products/relatedfiles/capacitor/catalog/MVERA-c.PDF
EMVE500ARA471MMH0S,"In Production",,MVE,-40,105,50,470,M,18,16.5,,750,105,120Hz,,,,,,,,,,,,,,,,0.18,20,120,705,,,,20,105,2000,DC,,,,8.7,150,,Compliant,Compliant,https://www.chemi-con.co.jp/products/detail-condenser.php?part_number=EMVE500ARA471MMH0S,https://www.chemi-con.co.jp/en/products/detail-condenser.php?part_number=EMVE500ARA471MMH0S,https://www.chemi-con.co.jp/cn/products/detail-condenser.php?part_number=EMVE500ARA471MMH0S,https://www.chemi-con.co.jp/products/relatedfiles/capacitor/catalog/MVERA-j.PDF,https://www.chemi-con.co.jp/products/relatedfiles/capacitor/catalog/MVERA-e.PDF,https://www.chemi-con.co.jp/products/relatedfiles/capacitor/catalog/MVERA-c.PDF
EMVE500ARA102MMN0S,"In Production",,MVE,-40,105,50,1000,M,18,21.5,,1200,105,120Hz,,,,,,,,,,,,,,,,0.18,20,120,1500,,,,20,105,2000,DC,,,,10.2,100,,Compliant,Compliant,https://www.chemi-con.co.jp/products/detail-condenser.php?part_number=EMVE500ARA102MMN0S,https://www.chemi-con.co.jp/en/products/detail-condenser.php?part_number=EMVE500ARA102MMN0S,https://www.chemi-con.co.jp/cn/products/detail-condenser.php?part_number=EMVE500ARA102MMN0S,https://www.chemi-con.co.jp/products/relatedfiles/capacitor/catalog/MVERA-j.PDF,https://www.chemi-con.co.jp/products/relatedfiles/capacitor/catalog/MVERA-e.PDF,https://www.chemi-con.co.jp/products/relatedfiles/capacitor/catalog/MVERA-c.PDF
EMVE630ARA4R7MF55G,"In Production",,MVE,-40,105,63,4.7,M,6.3,5.2,,22,105,120Hz,,,,,,,,,,,,,,,,0.12,20,120,,3,,,20,105,1000,DC,,,,0.36,1000,,Compliant,Compliant,https://www.chemi-con.co.jp/products/detail-condenser.php?part_number=EMVE630ARA4R7MF55G,https://www.chemi-con.co.jp/en/products/detail-condenser.php?part_number=EMVE630ARA4R7MF55G,https://www.chemi-con.co.jp/cn/products/detail-condenser.php?part_number=EMVE630ARA4R7MF55G,https://www.chemi-con.co.jp/products/relatedfiles/capacitor/catalog/MVERA-j.PDF,https://www.chemi-con.co.jp/products/relatedfiles/capacitor/catalog/MVERA-e.PDF,https://www.chemi-con.co.jp/products/relatedfiles/capacitor/catalog/MVERA-c.PDF
EMVE630ARA100MF55G,"In Production",,MVE,-40,105,63,10,M,6.3,5.2,,32,105,120Hz,,,,,,,,,,,,,,,,0.12,20,120,,6.3,,,20,105,1000,DC,,,,0.36,1000,,Compliant,Compliant,https://www.chemi-con.co.jp/products/detail-condenser.php?part_number=EMVE630ARA100MF55G,https://www.chemi-con.co.jp/en/products/detail-condenser.php?part_number=EMVE630ARA100MF55G,https://www.chemi-con.co.jp/cn/products/detail-condenser.php?part_number=EMVE630ARA100MF55G,https://www.chemi-con.co.jp/products/relatedfiles/capacitor/catalog/MVERA-j.PDF,https://www.chemi-con.co.jp/products/relatedfiles/capacitor/catalog/MVERA-e.PDF,https://www.chemi-con.co.jp/products/relatedfiles/capacitor/catalog/MVERA-c.PDF
EMVE630ARA220MF80G,"In Production",,MVE,-40,105,63,22,M,6.3,7.7,,58,105,120Hz,,,,,,,,,,,,,,,,0.12,20,120,,13.8,,,20,105,1000,DC,,,,0.53,900,,Compliant,Compliant,https://www.chemi-con.co.jp/products/detail-condenser.php?part_number=EMVE630ARA220MF80G,https://www.chemi-con.co.jp/en/products/detail-condenser.php?part_number=EMVE630ARA220MF80G,https://www.chemi-con.co.jp/cn/products/detail-condenser.php?part_number=EMVE630ARA220MF80G,https://www.chemi-con.co.jp/products/relatedfiles/capacitor/catalog/MVERA-j.PDF,https://www.chemi-con.co.jp/products/relatedfiles/capacitor/catalog/MVERA-e.PDF,https://www.chemi-con.co.jp/products/relatedfiles/capacitor/catalog/MVERA-c.PDF
EMVE630ARA330MHA0G,"In Production",,MVE,-40,105,63,33,M,8,10,,140,105,120Hz,,,,,,,,,,,,,,,,0.12,20,120,,20.7,,,20,105,2000,DC,,,,0.96,500,,Compliant,Compliant,https://www.chemi-con.co.jp/products/detail-condenser.php?part_number=EMVE630ARA330MHA0G,https://www.chemi-con.co.jp/en/products/detail-condenser.php?part_number=EMVE630ARA330MHA0G,https://www.chemi-con.co.jp/cn/products/detail-condenser.php?part_number=EMVE630ARA330MHA0G,https://www.chemi-con.co.jp/products/relatedfiles/capacitor/catalog/MVERA-j.PDF,https://www.chemi-con.co.jp/products/relatedfiles/capacitor/catalog/MVERA-e.PDF,https://www.chemi-con.co.jp/products/relatedfiles/capacitor/catalog/MVERA-c.PDF
EMVE630ARA470MHA0G,"In Production",,MVE,-40,105,63,47,M,8,10,,170,105,120Hz,,,,,,,,,,,,,,,,0.12,20,120,,29.6,,,20,105,2000,DC,,,,0.96,500,,Compliant,Compliant,https://www.chemi-con.co.jp/products/detail-condenser.php?part_number=EMVE630ARA470MHA0G,https://www.chemi-con.co.jp/en/products/detail-condenser.php?part_number=EMVE630ARA470MHA0G,https://www.chemi-con.co.jp/cn/products/detail-condenser.php?part_number=EMVE630ARA470MHA0G,https://www.chemi-con.co.jp/products/relatedfiles/capacitor/catalog/MVERA-j.PDF,https://www.chemi-con.co.jp/products/relatedfiles/capacitor/catalog/MVERA-e.PDF,https://www.chemi-con.co.jp/products/relatedfiles/capacitor/catalog/MVERA-c.PDF
EMVE630ARA101MJA0G,"In Production",,MVE,-40,105,63,100,M,10,10,,310,105,120Hz,,,,,,,,,,,,,,,,0.12,20,120,,63,,,20,105,2000,DC,,,,1.43,500,,Compliant,Compliant,https://www.chemi-con.co.jp/products/detail-condenser.php?part_number=EMVE630ARA101MJA0G,https://www.chemi-con.co.jp/en/products/detail-condenser.php?part_number=EMVE630ARA101MJA0G,https://www.chemi-con.co.jp/cn/products/detail-condenser.php?part_number=EMVE630ARA101MJA0G,https://www.chemi-con.co.jp/products/relatedfiles/capacitor/catalog/MVERA-j.PDF,https://www.chemi-con.co.jp/products/relatedfiles/capacitor/catalog/MVERA-e.PDF,https://www.chemi-con.co.jp/products/relatedfiles/capacitor/catalog/MVERA-c.PDF
EMVE630ARA221MKE0S,"In Production",,MVE,-40,105,63,220,M,12.5,13.5,,470,105,120Hz,,,,,,,,,,,,,,,,0.14,20,120,415,,,,20,105,2000,DC,,,,2.9,250,,Compliant,Compliant,https://www.chemi-con.co.jp/products/detail-condenser.php?part_number=EMVE630ARA221MKE0S,https://www.chemi-con.co.jp/en/products/detail-condenser.php?part_number=EMVE630ARA221MKE0S,https://www.chemi-con.co.jp/cn/products/detail-condenser.php?part_number=EMVE630ARA221MKE0S,https://www.chemi-con.co.jp/products/relatedfiles/capacitor/catalog/MVERA-j.PDF,https://www.chemi-con.co.jp/products/relatedfiles/capacitor/catalog/MVERA-e.PDF,https://www.chemi-con.co.jp/products/relatedfiles/capacitor/catalog/MVERA-c.PDF
EMVE630ARA221MLH0S,"In Production",,MVE,-40,105,63,220,M,16,16.5,,560,105,120Hz,,,,,,,,,,,,,,,,0.14,20,120,415,,,,20,105,2000,DC,,,,6.7,175,,Compliant,Compliant,https://www.chemi-con.co.jp/products/detail-condenser.php?part_number=EMVE630ARA221MLH0S,https://www.chemi-con.co.jp/en/products/detail-condenser.php?part_number=EMVE630ARA221MLH0S,https://www.chemi-con.co.jp/cn/products/detail-condenser.php?part_number=EMVE630ARA221MLH0S,https://www.chemi-con.co.jp/products/relatedfiles/capacitor/catalog/MVERA-j.PDF,https://www.chemi-con.co.jp/products/relatedfiles/capacitor/catalog/MVERA-e.PDF,https://www.chemi-con.co.jp/products/relatedfiles/capacitor/catalog/MVERA-c.PDF
EMVE630ARA331MLH0S,"In Production",,MVE,-40,105,63,330,M,16,16.5,,700,105,120Hz,,,,,,,,,,,,,,,,0.14,20,120,623,,,,20,105,2000,DC,,,,6.7,175,,Compliant,Compliant,https://www.chemi-con.co.jp/products/detail-condenser.php?part_number=EMVE630ARA331MLH0S,https://www.chemi-con.co.jp/en/products/detail-condenser.php?part_number=EMVE630ARA331MLH0S,https://www.chemi-con.co.jp/cn/products/detail-condenser.php?part_number=EMVE630ARA331MLH0S,https://www.chemi-con.co.jp/products/relatedfiles/capacitor/catalog/MVERA-j.PDF,https://www.chemi-con.co.jp/products/relatedfiles/capacitor/catalog/MVERA-e.PDF,https://www.chemi-con.co.jp/products/relatedfiles/capacitor/catalog/MVERA-c.PDF
EMVE630ARA331MMH0S,"In Production",,MVE,-40,105,63,330,M,18,16.5,,750,105,120Hz,,,,,,,,,,,,,,,,0.14,20,120,623,,,,20,105,2000,DC,,,,8.7,150,,Compliant,Compliant,https://www.chemi-con.co.jp/products/detail-condenser.php?part_number=EMVE630ARA331MMH0S,https://www.chemi-con.co.jp/en/products/detail-condenser.php?part_number=EMVE630ARA331MMH0S,https://www.chemi-con.co.jp/cn/products/detail-condenser.php?part_number=EMVE630ARA331MMH0S,https://www.chemi-con.co.jp/products/relatedfiles/capacitor/catalog/MVERA-j.PDF,https://www.chemi-con.co.jp/products/relatedfiles/capacitor/catalog/MVERA-e.PDF,https://www.chemi-con.co.jp/products/relatedfiles/capacitor/catalog/MVERA-c.PDF
EMVE630ARA471MLN0S,"In Production",,MVE,-40,105,63,470,M,16,21.5,,900,105,120Hz,,,,,,,,,,,,,,,,0.14,20,120,888,,,,20,105,2000,DC,,,,7.9,125,,Compliant,Compliant,https://www.chemi-con.co.jp/products/detail-condenser.php?part_number=EMVE630ARA471MLN0S,https://www.chemi-con.co.jp/en/products/detail-condenser.php?part_number=EMVE630ARA471MLN0S,https://www.chemi-con.co.jp/cn/products/detail-condenser.php?part_number=EMVE630ARA471MLN0S,https://www.chemi-con.co.jp/products/relatedfiles/capacitor/catalog/MVERA-j.PDF,https://www.chemi-con.co.jp/products/relatedfiles/capacitor/catalog/MVERA-e.PDF,https://www.chemi-con.co.jp/products/relatedfiles/capacitor/catalog/MVERA-c.PDF
EMVE630ARA471MMH0S,"In Production",,MVE,-40,105,63,470,M,18,16.5,,900,105,120Hz,,,,,,,,,,,,,,,,0.14,20,120,888,,,,20,105,2000,DC,,,,8.7,150,,Compliant,Compliant,https://www.chemi-con.co.jp/products/detail-condenser.php?part_number=EMVE630ARA471MMH0S,https://www.chemi-con.co.jp/en/products/detail-condenser.php?part_number=EMVE630ARA471MMH0S,https://www.chemi-con.co.jp/cn/products/detail-condenser.php?part_number=EMVE630ARA471MMH0S,https://www.chemi-con.co.jp/products/relatedfiles/capacitor/catalog/MVERA-j.PDF,https://www.chemi-con.co.jp/products/relatedfiles/capacitor/catalog/MVERA-e.PDF,https://www.chemi-con.co.jp/products/relatedfiles/capacitor/catalog/MVERA-c.PDF
EMVE101ARA220MHA0G,"In Production",,MVE,-40,105,100,22,M,8,10,,100,105,120Hz,,,,,,,,,,,,,,,,0.12,20,120,,22,,,20,105,2000,DC,,,,0.96,500,,Compliant,Compliant,https://www.chemi-con.co.jp/products/detail-condenser.php?part_number=EMVE101ARA220MHA0G,https://www.chemi-con.co.jp/en/products/detail-condenser.php?part_number=EMVE101ARA220MHA0G,https://www.chemi-con.co.jp/cn/products/detail-condenser.php?part_number=EMVE101ARA220MHA0G,https://www.chemi-con.co.jp/products/relatedfiles/capacitor/catalog/MVERA-j.PDF,https://www.chemi-con.co.jp/products/relatedfiles/capacitor/catalog/MVERA-e.PDF,https://www.chemi-con.co.jp/products/relatedfiles/capacitor/catalog/MVERA-c.PDF
EMVE101ARA330MJA0G,"In Production",,MVE,-40,105,100,33,M,10,10,,150,105,120Hz,,,,,,,,,,,,,,,,0.12,20,120,,33,,,20,105,2000,DC,,,,1.43,500,,Compliant,Compliant,https://www.chemi-con.co.jp/products/detail-condenser.php?part_number=EMVE101ARA330MJA0G,https://www.chemi-con.co.jp/en/products/detail-condenser.php?part_number=EMVE101ARA330MJA0G,https://www.chemi-con.co.jp/cn/products/detail-condenser.php?part_number=EMVE101ARA330MJA0G,https://www.chemi-con.co.jp/products/relatedfiles/capacitor/catalog/MVERA-j.PDF,https://www.chemi-con.co.jp/products/relatedfiles/capacitor/catalog/MVERA-e.PDF,https://www.chemi-con.co.jp/products/relatedfiles/capacitor/catalog/MVERA-c.PDF
EMVE101ARA470MKE0S,"In Production",,MVE,-40,105,100,47,M,12.5,13.5,,250,105,120Hz,,,,,,,,,,,,,,,,0.1,20,120,141,,,,20,105,2000,DC,,,,2.9,250,,Compliant,Compliant,https://www.chemi-con.co.jp/products/detail-condenser.php?part_number=EMVE101ARA470MKE0S,https://www.chemi-con.co.jp/en/products/detail-condenser.php?part_number=EMVE101ARA470MKE0S,https://www.chemi-con.co.jp/cn/products/detail-condenser.php?part_number=EMVE101ARA470MKE0S,https://www.chemi-con.co.jp/products/relatedfiles/capacitor/catalog/MVERA-j.PDF,https://www.chemi-con.co.jp/products/relatedfiles/capacitor/catalog/MVERA-e.PDF,https://www.chemi-con.co.jp/products/relatedfiles/capacitor/catalog/MVERA-c.PDF
EMVE101ARA680MKE0S,"In Production",,MVE,-40,105,100,68,M,12.5,13.5,,300,105,120Hz,,,,,,,,,,,,,,,,0.1,20,120,204,,,,20,105,2000,DC,,,,2.9,250,,Compliant,Compliant,https://www.chemi-con.co.jp/products/detail-condenser.php?part_number=EMVE101ARA680MKE0S,https://www.chemi-con.co.jp/en/products/detail-condenser.php?part_number=EMVE101ARA680MKE0S,https://www.chemi-con.co.jp/cn/products/detail-condenser.php?part_number=EMVE101ARA680MKE0S,https://www.chemi-con.co.jp/products/relatedfiles/capacitor/catalog/MVERA-j.PDF,https://www.chemi-con.co.jp/products/relatedfiles/capacitor/catalog/MVERA-e.PDF,https://www.chemi-con.co.jp/products/relatedfiles/capacitor/catalog/MVERA-c.PDF
EMVE101ARA101MKE0S,"In Production",,MVE,-40,105,100,100,M,12.5,13.5,,380,105,120Hz,,,,,,,,,,,,,,,,0.1,20,120,300,,,,20,105,2000,DC,,,,2.9,250,,Compliant,Compliant,https://www.chemi-con.co.jp/products/detail-condenser.php?part_number=EMVE101ARA101MKE0S,https://www.chemi-con.co.jp/en/products/detail-condenser.php?part_number=EMVE101ARA101MKE0S,https://www.chemi-con.co.jp/cn/products/detail-condenser.php?part_number=EMVE101ARA101MKE0S,https://www.chemi-con.co.jp/products/relatedfiles/capacitor/catalog/MVERA-j.PDF,https://www.chemi-con.co.jp/products/relatedfiles/capacitor/catalog/MVERA-e.PDF,https://www.chemi-con.co.jp/products/relatedfiles/capacitor/catalog/MVERA-c.PDF
EMVE101ARA101MLH0S,"In Production",,MVE,-40,105,100,100,M,16,16.5,,450,105,120Hz,,,,,,,,,,,,,,,,0.1,20,120,300,,,,20,105,2000,DC,,,,6.7,175,,Compliant,Compliant,https://www.chemi-con.co.jp/products/detail-condenser.php?part_number=EMVE101ARA101MLH0S,https://www.chemi-con.co.jp/en/products/detail-condenser.php?part_number=EMVE101ARA101MLH0S,https://www.chemi-con.co.jp/cn/products/detail-condenser.php?part_number=EMVE101ARA101MLH0S,https://www.chemi-con.co.jp/products/relatedfiles/capacitor/catalog/MVERA-j.PDF,https://www.chemi-con.co.jp/products/relatedfiles/capacitor/catalog/MVERA-e.PDF,https://www.chemi-con.co.jp/products/relatedfiles/capacitor/catalog/MVERA-c.PDF
EMVE101ARA221MLN0S,"In Production",,MVE,-40,105,100,220,M,16,21.5,,750,105,120Hz,,,,,,,,,,,,,,,,0.1,20,120,660,,,,20,105,2000,DC,,,,7.9,125,,Compliant,Compliant,https://www.chemi-con.co.jp/products/detail-condenser.php?part_number=EMVE101ARA221MLN0S,https://www.chemi-con.co.jp/en/products/detail-condenser.php?part_number=EMVE101ARA221MLN0S,https://www.chemi-con.co.jp/cn/products/detail-condenser.php?part_number=EMVE101ARA221MLN0S,https://www.chemi-con.co.jp/products/relatedfiles/capacitor/catalog/MVERA-j.PDF,https://www.chemi-con.co.jp/products/relatedfiles/capacitor/catalog/MVERA-e.PDF,https://www.chemi-con.co.jp/products/relatedfiles/capacitor/catalog/MVERA-c.PDF
EMVE101ARA221MMH0S,"In Production",,MVE,-40,105,100,220,M,18,16.5,,750,105,120Hz,,,,,,,,,,,,,,,,0.1,20,120,660,,,,20,105,2000,DC,,,,8.7,150,,Compliant,Compliant,https://www.chemi-con.co.jp/products/detail-condenser.php?part_number=EMVE101ARA221MMH0S,https://www.chemi-con.co.jp/en/products/detail-condenser.php?part_number=EMVE101ARA221MMH0S,https://www.chemi-con.co.jp/cn/products/detail-condenser.php?part_number=EMVE101ARA221MMH0S,https://www.chemi-con.co.jp/products/relatedfiles/capacitor/catalog/MVERA-j.PDF,https://www.chemi-con.co.jp/products/relatedfiles/capacitor/catalog/MVERA-e.PDF,https://www.chemi-con.co.jp/products/relatedfiles/capacitor/catalog/MVERA-c.PDF
EMVE101ARA331MMN0S,"In Production",,MVE,-40,105,100,330,M,18,21.5,,980,105,120Hz,,,,,,,,,,,,,,,,0.1,20,120,990,,,,20,105,2000,DC,,,,10.2,100,,Compliant,Compliant,https://www.chemi-con.co.jp/products/detail-condenser.php?part_number=EMVE101ARA331MMN0S,https://www.chemi-con.co.jp/en/products/detail-condenser.php?part_number=EMVE101ARA331MMN0S,https://www.chemi-con.co.jp/cn/products/detail-condenser.php?part_number=EMVE101ARA331MMN0S,https://www.chemi-con.co.jp/products/relatedfiles/capacitor/catalog/MVERA-j.PDF,https://www.chemi-con.co.jp/products/relatedfiles/capacitor/catalog/MVERA-e.PDF,https://www.chemi-con.co.jp/products/relatedfiles/capacitor/catalog/MVERA-c.PDF
EMVH100ARA101MF80G,"In Production",,MVH,-40,125,10,100,M,6.3,7.7,,110,125,100kHz,,,,900,20,100kHz,14000,-40,100kHz,,,,,,,0.24,20,120,,10,,,20,125,1000,DC,,,,0.53,900,,Compliant,Compliant,https://www.chemi-con.co.jp/products/detail-condenser.php?part_number=EMVH100ARA101MF80G,https://www.chemi-con.co.jp/en/products/detail-condenser.php?part_number=EMVH100ARA101MF80G,https://www.chemi-con.co.jp/cn/products/detail-condenser.php?part_number=EMVH100ARA101MF80G,https://www.chemi-con.co.jp/products/relatedfiles/capacitor/catalog/MVHRA-j.PDF,https://www.chemi-con.co.jp/products/relatedfiles/capacitor/catalog/MVHRA-e.PDF,https://www.chemi-con.co.jp/products/relatedfiles/capacitor/catalog/MVHRA-c.PDF
EMVH100ARA221MF80G,"In Production",,MVH,-40,125,10,220,M,6.3,7.7,,110,125,100kHz,,,,900,20,100kHz,14000,-40,100kHz,,,,,,,0.24,20,120,,22,,,20,125,1000,DC,,,,0.53,900,,Compliant,Compliant,https://www.chemi-con.co.jp/products/detail-condenser.php?part_number=EMVH100ARA221MF80G,https://www.chemi-con.co.jp/en/products/detail-condenser.php?part_number=EMVH100ARA221MF80G,https://www.chemi-con.co.jp/cn/products/detail-condenser.php?part_number=EMVH100ARA221MF80G,https://www.chemi-con.co.jp/products/relatedfiles/capacitor/catalog/MVHRA-j.PDF,https://www.chemi-con.co.jp/products/relatedfiles/capacitor/catalog/MVHRA-e.PDF,https://www.chemi-con.co.jp/products/relatedfiles/capacitor/catalog/MVHRA-c.PDF
EMVH100ARA221MHA0G,"In Production",,MVH,-40,125,10,220,M,8,10,,220,125,100kHz,,,,400,20,100kHz,6000,-40,100kHz,,,,,,,0.24,20,120,,22,,,20,125,2000,DC,,,,0.96,500,,Compliant,Compliant,https://www.chemi-con.co.jp/products/detail-condenser.php?part_number=EMVH100ARA221MHA0G,https://www.chemi-con.co.jp/en/products/detail-condenser.php?part_number=EMVH100ARA221MHA0G,https://www.chemi-con.co.jp/cn/products/detail-condenser.php?part_number=EMVH100ARA221MHA0G,https://www.chemi-con.co.jp/products/relatedfiles/capacitor/catalog/MVHRA-j.PDF,https://www.chemi-con.co.jp/products/relatedfiles/capacitor/catalog/MVHRA-e.PDF,https://www.chemi-con.co.jp/products/relatedfiles/capacitor/catalog/MVHRA-c.PDF
EMVH100ARA331MHA0G,"In Production",,MVH,-40,125,10,330,M,8,10,,220,125,100kHz,,,,400,20,100kHz,6000,-40,100kHz,,,,,,,0.24,20,120,,33,,,20,125,2000,DC,,,,0.96,500,,Compliant,Compliant,https://www.chemi-con.co.jp/products/detail-condenser.php?part_number=EMVH100ARA331MHA0G,https://www.chemi-con.co.jp/en/products/detail-condenser.php?part_number=EMVH100ARA331MHA0G,https://www.chemi-con.co.jp/cn/products/detail-condenser.php?part_number=EMVH100ARA331MHA0G,https://www.chemi-con.co.jp/products/relatedfiles/capacitor/catalog/MVHRA-j.PDF,https://www.chemi-con.co.jp/products/relatedfiles/capacitor/catalog/MVHRA-e.PDF,https://www.chemi-con.co.jp/products/relatedfiles/capacitor/catalog/MVHRA-c.PDF
EMVH100ARA331MJA0G,"In Production",,MVH,-40,125,10,330,M,10,10,,296,125,100kHz,,,,300,20,100kHz,4500,-40,100kHz,,,,,,,0.24,20,120,,33,,,20,125,2000,DC,,,,1.43,500,,Compliant,Compliant,https://www.chemi-con.co.jp/products/detail-condenser.php?part_number=EMVH100ARA331MJA0G,https://www.chemi-con.co.jp/en/products/detail-condenser.php?part_number=EMVH100ARA331MJA0G,https://www.chemi-con.co.jp/cn/products/detail-condenser.php?part_number=EMVH100ARA331MJA0G,https://www.chemi-con.co.jp/products/relatedfiles/capacitor/catalog/MVHRA-j.PDF,https://www.chemi-con.co.jp/products/relatedfiles/capacitor/catalog/MVHRA-e.PDF,https://www.chemi-con.co.jp/products/relatedfiles/capacitor/catalog/MVHRA-c.PDF
EMVH100ARA471MJA0G,"In Production",,MVH,-40,125,10,470,M,10,10,,296,125,100kHz,,,,300,20,100kHz,4500,-40,100kHz,,,,,,,0.24,20,120,,47,,,20,125,2000,DC,,,,1.43,500,,Compliant,Compliant,https://www.chemi-con.co.jp/products/detail-condenser.php?part_number=EMVH100ARA471MJA0G,https://www.chemi-con.co.jp/en/products/detail-condenser.php?part_number=EMVH100ARA471MJA0G,https://www.chemi-con.co.jp/cn/products/detail-condenser.php?part_number=EMVH100ARA471MJA0G,https://www.chemi-con.co.jp/products/relatedfiles/capacitor/catalog/MVHRA-j.PDF,https://www.chemi-con.co.jp/products/relatedfiles/capacitor/catalog/MVHRA-e.PDF,https://www.chemi-con.co.jp/products/relatedfiles/capacitor/catalog/MVHRA-c.PDF
EMVH100ARA102MKE0S,"In Production",,MVH,-40,125,10,1000,M,12.5,13.5,,750,125,100kHz,,,,140,20,100kHz,2100,-40,100kHz,,,,,,,0.22,20,120,,300,,,20,125,5000,DC,,,,2.9,250,,Compliant,Compliant,https://www.chemi-con.co.jp/products/detail-condenser.php?part_number=EMVH100ARA102MKE0S,https://www.chemi-con.co.jp/en/products/detail-condenser.php?part_number=EMVH100ARA102MKE0S,https://www.chemi-con.co.jp/cn/products/detail-condenser.php?part_number=EMVH100ARA102MKE0S,https://www.chemi-con.co.jp/products/relatedfiles/capacitor/catalog/MVHRA-j.PDF,https://www.chemi-con.co.jp/products/relatedfiles/capacitor/catalog/MVHRA-e.PDF,https://www.chemi-con.co.jp/products/relatedfiles/capacitor/catalog/MVHRA-c.PDF
EMVH100ARA222MLH0S,"In Production",,MVH,-40,125,10,2200,M,16,16.5,,1000,125,100kHz,,,,100,20,100kHz,1500,-40,100kHz,,,,,,,0.24,20,120,,660,,,20,125,5000,DC,,,,6.7,175,,Compliant,Compliant,https://www.chemi-con.co.jp/products/detail-condenser.php?part_number=EMVH100ARA222MLH0S,https://www.chemi-con.co.jp/en/products/detail-condenser.php?part_number=EMVH100ARA222MLH0S,https://www.chemi-con.co.jp/cn/products/detail-condenser.php?part_number=EMVH100ARA222MLH0S,https://www.chemi-con.co.jp/products/relatedfiles/capacitor/catalog/MVHRA-j.PDF,https://www.chemi-con.co.jp/products/relatedfiles/capacitor/catalog/MVHRA-e.PDF,https://www.chemi-con.co.jp/products/relatedfiles/capacitor/catalog/MVHRA-c.PDF
EMVH100ARA222MMH0S,"In Production",,MVH,-40,125,10,2200,M,18,16.5,,1200,125,100kHz,,,,100,20,100kHz,1500,-40,100kHz,,,,,,,0.24,20,120,,660,,,20,125,5000,DC,,,,8.7,150,,Compliant,Compliant,https://www.chemi-con.co.jp/products/detail-condenser.php?part_number=EMVH100ARA222MMH0S,https://www.chemi-con.co.jp/en/products/detail-condenser.php?part_number=EMVH100ARA222MMH0S,https://www.chemi-con.co.jp/cn/products/detail-condenser.php?part_number=EMVH100ARA222MMH0S,https://www.chemi-con.co.jp/products/relatedfiles/capacitor/catalog/MVHRA-j.PDF,https://www.chemi-con.co.jp/products/relatedfiles/capacitor/catalog/MVHRA-e.PDF,https://www.chemi-con.co.jp/products/relatedfiles/capacitor/catalog/MVHRA-c.PDF
EMVH100ARA332MMH0S,"In Production",,MVH,-40,125,10,3300,M,18,16.5,,1200,125,100kHz,,,,100,20,100kHz,1500,-40,100kHz,,,,,,,0.26,20,120,,990,,,20,125,5000,DC,,,,8.7,150,,Compliant,Compliant,https://www.chemi-con.co.jp/products/detail-condenser.php?part_number=EMVH100ARA332MMH0S,https://www.chemi-con.co.jp/en/products/detail-condenser.php?part_number=EMVH100ARA332MMH0S,https://www.chemi-con.co.jp/cn/products/detail-condenser.php?part_number=EMVH100ARA332MMH0S,https://www.chemi-con.co.jp/products/relatedfiles/capacitor/catalog/MVHRA-j.PDF,https://www.chemi-con.co.jp/products/relatedfiles/capacitor/catalog/MVHRA-e.PDF,https://www.chemi-con.co.jp/products/relatedfiles/capacitor/catalog/MVHRA-c.PDF
EMVH100ARA472MMN0S,"In Production",,MVH,-40,125,10,4700,M,18,21.5,,1550,125,100kHz,,,,58,20,100kHz,870,-40,100kHz,,,,,,,0.28,20,120,,1410,,,20,125,5000,DC,,,,10.2,100,,Compliant,Compliant,https://www.chemi-con.co.jp/products/detail-condenser.php?part_number=EMVH100ARA472MMN0S,https://www.chemi-con.co.jp/en/products/detail-condenser.php?part_number=EMVH100ARA472MMN0S,https://www.chemi-con.co.jp/cn/products/detail-condenser.php?part_number=EMVH100ARA472MMN0S,https://www.chemi-con.co.jp/products/relatedfiles/capacitor/catalog/MVHRA-j.PDF,https://www.chemi-con.co.jp/products/relatedfiles/capacitor/catalog/MVHRA-e.PDF,https://www.chemi-con.co.jp/products/relatedfiles/capacitor/catalog/MVHRA-c.PDF
EMVH160ARA470MF61G,"In Production",,MVH,-40,125,16,47,M,6.3,5.8,,69,125,100kHz,,,,1600,20,100kHz,24000,-40,100kHz,,,,,,,0.2,20,120,,7.5,,,20,125,1000,DC,,,,0.4,1000,,Compliant,Compliant,https://www.chemi-con.co.jp/products/detail-condenser.php?part_number=EMVH160ARA470MF61G,https://www.chemi-con.co.jp/en/products/detail-condenser.php?part_number=EMVH160ARA470MF61G,https://www.chemi-con.co.jp/cn/products/detail-condenser.php?part_number=EMVH160ARA470MF61G,https://www.chemi-con.co.jp/products/relatedfiles/capacitor/catalog/MVHRA-j.PDF,https://www.chemi-con.co.jp/products/relatedfiles/capacitor/catalog/MVHRA-e.PDF,https://www.chemi-con.co.jp/products/relatedfiles/capacitor/catalog/MVHRA-c.PDF
EMVH160ARA101MHA0G,"In Production",,MVH,-40,125,16,100,M,8,10,,220,125,100kHz,,,,400,20,100kHz,6000,-40,100kHz,,,,,,,0.2,20,120,,16,,,20,125,2000,DC,,,,0.96,500,,Compliant,Compliant,https://www.chemi-con.co.jp/products/detail-condenser.php?part_number=EMVH160ARA101MHA0G,https://www.chemi-con.co.jp/en/products/detail-condenser.php?part_number=EMVH160ARA101MHA0G,https://www.chemi-con.co.jp/cn/products/detail-condenser.php?part_number=EMVH160ARA101MHA0G,https://www.chemi-con.co.jp/products/relatedfiles/capacitor/catalog/MVHRA-j.PDF,https://www.chemi-con.co.jp/products/relatedfiles/capacitor/catalog/MVHRA-e.PDF,https://www.chemi-con.co.jp/products/relatedfiles/capacitor/catalog/MVHRA-c.PDF
EMVH160ARA221MHA0G,"In Production",,MVH,-40,125,16,220,M,8,10,,220,125,100kHz,,,,400,20,100kHz,6000,-40,100kHz,,,,,,,0.2,20,120,,35.2,,,20,125,2000,DC,,,,0.96,500,,Compliant,Compliant,https://www.chemi-con.co.jp/products/detail-condenser.php?part_number=EMVH160ARA221MHA0G,https://www.chemi-con.co.jp/en/products/detail-condenser.php?part_number=EMVH160ARA221MHA0G,https://www.chemi-con.co.jp/cn/products/detail-condenser.php?part_number=EMVH160ARA221MHA0G,https://www.chemi-con.co.jp/products/relatedfiles/capacitor/catalog/MVHRA-j.PDF,https://www.chemi-con.co.jp/products/relatedfiles/capacitor/catalog/MVHRA-e.PDF,https://www.chemi-con.co.jp/products/relatedfiles/capacitor/catalog/MVHRA-c.PDF
EMVH160ARA221MJA0G,"In Production",,MVH,-40,125,16,220,M,10,10,,296,125,100kHz,,,,300,20,100kHz,4500,-40,100kHz,,,,,,,0.2,20,120,,35.2,,,20,125,2000,DC,,,,1.43,500,,Compliant,Compliant,https://www.chemi-con.co.jp/products/detail-condenser.php?part_number=EMVH160ARA221MJA0G,https://www.chemi-con.co.jp/en/products/detail-condenser.php?part_number=EMVH160ARA221MJA0G,https://www.chemi-con.co.jp/cn/products/detail-condenser.php?part_number=EMVH160ARA221MJA0G,https://www.chemi-con.co.jp/products/relatedfiles/capacitor/catalog/MVHRA-j.PDF,https://www.chemi-con.co.jp/products/relatedfiles/capacitor/catalog/MVHRA-e.PDF,https://www.chemi-con.co.jp/products/relatedfiles/capacitor/catalog/MVHRA-c.PDF
EMVH160ARA331MJA0G,"In Production",,MVH,-40,125,16,330,M,10,10,,296,125,100kHz,,,,300,20,100kHz,4500,-40,100kHz,,,,,,,0.2,20,120,,52.8,,,20,125,2000,DC,,,,1.43,500,,Compliant,Compliant,https://www.chemi-con.co.jp/products/detail-condenser.php?part_number=EMVH160ARA331MJA0G,https://www.chemi-con.co.jp/en/products/detail-condenser.php?part_number=EMVH160ARA331MJA0G,https://www.chemi-con.co.jp/cn/products/detail-condenser.php?part_number=EMVH160ARA331MJA0G,https://www.chemi-con.co.jp/products/relatedfiles/capacitor/catalog/MVHRA-j.PDF,https://www.chemi-con.co.jp/products/relatedfiles/capacitor/catalog/MVHRA-e.PDF,https://www.chemi-con.co.jp/products/relatedfiles/capacitor/catalog/MVHRA-c.PDF
EMVH160ARA471MKE0S,"In Production",,MVH,-40,125,16,470,M,12.5,13.5,,750,125,100kHz,,,,140,20,100kHz,2100,-40,100kHz,,,,,,,0.18,20,120,,225,,,20,125,5000,DC,,,,2.9,250,,Compliant,Compliant,https://www.chemi-con.co.jp/products/detail-condenser.php?part_number=EMVH160ARA471MKE0S,https://www.chemi-con.co.jp/en/products/detail-condenser.php?part_number=EMVH160ARA471MKE0S,https://www.chemi-con.co.jp/cn/products/detail-condenser.php?part_number=EMVH160ARA471MKE0S,https://www.chemi-con.co.jp/products/relatedfiles/capacitor/catalog/MVHRA-j.PDF,https://www.chemi-con.co.jp/products/relatedfiles/capacitor/catalog/MVHRA-e.PDF,https://www.chemi-con.co.jp/products/relatedfiles/capacitor/catalog/MVHRA-c.PDF
EMVH160ARA681MKE0S,"In Production",,MVH,-40,125,16,680,M,12.5,13.5,,750,125,100kHz,,,,140,20,100kHz,2100,-40,100kHz,,,,,,,0.18,20,120,,326,,,20,125,5000,DC,,,,2.9,250,,Compliant,Compliant,https://www.chemi-con.co.jp/products/detail-condenser.php?part_number=EMVH160ARA681MKE0S,https://www.chemi-con.co.jp/en/products/detail-condenser.php?part_number=EMVH160ARA681MKE0S,https://www.chemi-con.co.jp/cn/products/detail-condenser.php?part_number=EMVH160ARA681MKE0S,https://www.chemi-con.co.jp/products/relatedfiles/capacitor/catalog/MVHRA-j.PDF,https://www.chemi-con.co.jp/products/relatedfiles/capacitor/catalog/MVHRA-e.PDF,https://www.chemi-con.co.jp/products/relatedfiles/capacitor/catalog/MVHRA-c.PDF
EMVH160ARA681MLH0S,"In Production",,MVH,-40,125,16,680,M,16,16.5,,1000,125,100kHz,,,,100,20,100kHz,1500,-40,100kHz,,,,,,,0.18,20,120,,326,,,20,125,5000,DC,,,,6.7,175,,Compliant,Compliant,https://www.chemi-con.co.jp/products/detail-condenser.php?part_number=EMVH160ARA681MLH0S,https://www.chemi-con.co.jp/en/products/detail-condenser.php?part_number=EMVH160ARA681MLH0S,https://www.chemi-con.co.jp/cn/products/detail-condenser.php?part_number=EMVH160ARA681MLH0S,https://www.chemi-con.co.jp/products/relatedfiles/capacitor/catalog/MVHRA-j.PDF,https://www.chemi-con.co.jp/products/relatedfiles/capacitor/catalog/MVHRA-e.PDF,https://www.chemi-con.co.jp/products/relatedfiles/capacitor/catalog/MVHRA-c.PDF
EMVH160ARA102MMH0S,"In Production",,MVH,-40,125,16,1000,M,18,16.5,,1200,125,100kHz,,,,100,20,100kHz,1500,-40,100kHz,,,,,,,0.18,20,120,,480,,,20,125,5000,DC,,,,8.7,150,,Compliant,Compliant,https://www.chemi-con.co.jp/products/detail-condenser.php?part_number=EMVH160ARA102MMH0S,https://www.chemi-con.co.jp/en/products/detail-condenser.php?part_number=EMVH160ARA102MMH0S,https://www.chemi-con.co.jp/cn/products/detail-condenser.php?part_number=EMVH160ARA102MMH0S,https://www.chemi-con.co.jp/products/relatedfiles/capacitor/catalog/MVHRA-j.PDF,https://www.chemi-con.co.jp/products/relatedfiles/capacitor/catalog/MVHRA-e.PDF,https://www.chemi-con.co.jp/products/relatedfiles/capacitor/catalog/MVHRA-c.PDF
EMVH160ARA222MMH0S,"In Production",,MVH,-40,125,16,2200,M,18,16.5,,1200,125,100kHz,,,,100,20,100kHz,1500,-40,100kHz,,,,,,,0.2,20,120,,1050,,,20,125,5000,DC,,,,8.7,150,,Compliant,Compliant,https://www.chemi-con.co.jp/products/detail-condenser.php?part_number=EMVH160ARA222MMH0S,https://www.chemi-con.co.jp/en/products/detail-condenser.php?part_number=EMVH160ARA222MMH0S,https://www.chemi-con.co.jp/cn/products/detail-condenser.php?part_number=EMVH160ARA222MMH0S,https://www.chemi-con.co.jp/products/relatedfiles/capacitor/catalog/MVHRA-j.PDF,https://www.chemi-con.co.jp/products/relatedfiles/capacitor/catalog/MVHRA-e.PDF,https://www.chemi-con.co.jp/products/relatedfiles/capacitor/catalog/MVHRA-c.PDF
EMVH250ARA330MF61G,"In Production",,MVH,-40,125,25,33,M,6.3,5.8,,69,125,100kHz,,,,1600,20,100kHz,24000,-40,100kHz,,,,,,,0.16,20,120,,8.2,,,20,125,1000,DC,,,,0.4,1000,,Compliant,Compliant,https://www.chemi-con.co.jp/products/detail-condenser.php?part_number=EMVH250ARA330MF61G,https://www.chemi-con.co.jp/en/products/detail-condenser.php?part_number=EMVH250ARA330MF61G,https://www.chemi-con.co.jp/cn/products/detail-condenser.php?part_number=EMVH250ARA330MF61G,https://www.chemi-con.co.jp/products/relatedfiles/capacitor/catalog/MVHRA-j.PDF,https://www.chemi-con.co.jp/products/relatedfiles/capacitor/catalog/MVHRA-e.PDF,https://www.chemi-con.co.jp/products/relatedfiles/capacitor/catalog/MVHRA-c.PDF
EMVH250ARA470MF80G,"In Production",,MVH,-40,125,25,47,M,6.3,7.7,,110,125,100kHz,,,,900,20,100kHz,14000,-40,100kHz,,,,,,,0.16,20,120,,11.7,,,20,125,1000,DC,,,,0.53,900,,Compliant,Compliant,https://www.chemi-con.co.jp/products/detail-condenser.php?part_number=EMVH250ARA470MF80G,https://www.chemi-con.co.jp/en/products/detail-condenser.php?part_number=EMVH250ARA470MF80G,https://www.chemi-con.co.jp/cn/products/detail-condenser.php?part_number=EMVH250ARA470MF80G,https://www.chemi-con.co.jp/products/relatedfiles/capacitor/catalog/MVHRA-j.PDF,https://www.chemi-con.co.jp/products/relatedfiles/capacitor/catalog/MVHRA-e.PDF,https://www.chemi-con.co.jp/products/relatedfiles/capacitor/catalog/MVHRA-c.PDF
EMVH250ARA101MF80G,"In Production",,MVH,-40,125,25,100,M,6.3,7.7,,110,125,100kHz,,,,900,20,100kHz,14000,-40,100kHz,,,,,,,0.16,20,120,,25,,,20,125,1000,DC,,,,0.53,900,,Compliant,Compliant,https://www.chemi-con.co.jp/products/detail-condenser.php?part_number=EMVH250ARA101MF80G,https://www.chemi-con.co.jp/en/products/detail-condenser.php?part_number=EMVH250ARA101MF80G,https://www.chemi-con.co.jp/cn/products/detail-condenser.php?part_number=EMVH250ARA101MF80G,https://www.chemi-con.co.jp/products/relatedfiles/capacitor/catalog/MVHRA-j.PDF,https://www.chemi-con.co.jp/products/relatedfiles/capacitor/catalog/MVHRA-e.PDF,https://www.chemi-con.co.jp/products/relatedfiles/capacitor/catalog/MVHRA-c.PDF
EMVH250ARA101MHA0G,"In Production",,MVH,-40,125,25,100,M,8,10,,220,125,100kHz,,,,400,20,100kHz,6000,-40,100kHz,,,,,,,0.16,20,120,,25,,,20,125,2000,DC,,,,0.96,500,,Compliant,Compliant,https://www.chemi-con.co.jp/products/detail-condenser.php?part_number=EMVH250ARA101MHA0G,https://www.chemi-con.co.jp/en/products/detail-condenser.php?part_number=EMVH250ARA101MHA0G,https://www.chemi-con.co.jp/cn/products/detail-condenser.php?part_number=EMVH250ARA101MHA0G,https://www.chemi-con.co.jp/products/relatedfiles/capacitor/catalog/MVHRA-j.PDF,https://www.chemi-con.co.jp/products/relatedfiles/capacitor/catalog/MVHRA-e.PDF,https://www.chemi-con.co.jp/products/relatedfiles/capacitor/catalog/MVHRA-c.PDF
EMVH250ARA221MHA0G,"In Production",,MVH,-40,125,25,220,M,8,10,,220,125,100kHz,,,,400,20,100kHz,6000,-40,100kHz,,,,,,,0.16,20,120,,55,,,20,125,2000,DC,,,,0.96,500,,Compliant,Compliant,https://www.chemi-con.co.jp/products/detail-condenser.php?part_number=EMVH250ARA221MHA0G,https://www.chemi-con.co.jp/en/products/detail-condenser.php?part_number=EMVH250ARA221MHA0G,https://www.chemi-con.co.jp/cn/products/detail-condenser.php?part_number=EMVH250ARA221MHA0G,https://www.chemi-con.co.jp/products/relatedfiles/capacitor/catalog/MVHRA-j.PDF,https://www.chemi-con.co.jp/products/relatedfiles/capacitor/catalog/MVHRA-e.PDF,https://www.chemi-con.co.jp/products/relatedfiles/capacitor/catalog/MVHRA-c.PDF
EMVH250ARA221MJA0G,"In Production",,MVH,-40,125,25,220,M,10,10,,296,125,100kHz,,,,300,20,100kHz,4500,-40,100kHz,,,,,,,0.16,20,120,,55,,,20,125,2000,DC,,,,1.43,500,,Compliant,Compliant,https://www.chemi-con.co.jp/products/detail-condenser.php?part_number=EMVH250ARA221MJA0G,https://www.chemi-con.co.jp/en/products/detail-condenser.php?part_number=EMVH250ARA221MJA0G,https://www.chemi-con.co.jp/cn/products/detail-condenser.php?part_number=EMVH250ARA221MJA0G,https://www.chemi-con.co.jp/products/relatedfiles/capacitor/catalog/MVHRA-j.PDF,https://www.chemi-con.co.jp/products/relatedfiles/capacitor/catalog/MVHRA-e.PDF,https://www.chemi-con.co.jp/products/relatedfiles/capacitor/catalog/MVHRA-c.PDF
EMVH250ARA331MJA0G,"In Production",,MVH,-40,125,25,330,M,10,10,,296,125,100kHz,,,,300,20,100kHz,4500,-40,100kHz,,,,,,,0.16,20,120,,82.5,,,20,125,2000,DC,,,,1.43,500,,Compliant,Compliant,https://www.chemi-con.co.jp/products/detail-condenser.php?part_number=EMVH250ARA331MJA0G,https://www.chemi-con.co.jp/en/products/detail-condenser.php?part_number=EMVH250ARA331MJA0G,https://www.chemi-con.co.jp/cn/products/detail-condenser.php?part_number=EMVH250ARA331MJA0G,https://www.chemi-con.co.jp/products/relatedfiles/capacitor/catalog/MVHRA-j.PDF,https://www.chemi-con.co.jp/products/relatedfiles/capacitor/catalog/MVHRA-e.PDF,https://www.chemi-con.co.jp/products/relatedfiles/capacitor/catalog/MVHRA-c.PDF
EMVH250ARA331MKE0S,"In Production",,MVH,-40,125,25,330,M,12.5,13.5,,750,125,100kHz,,,,140,20,100kHz,2100,-40,100kHz,,,,,,,0.16,20,120,,247,,,20,125,5000,DC,,,,2.9,250,,Compliant,Compliant,https://www.chemi-con.co.jp/products/detail-condenser.php?part_number=EMVH250ARA331MKE0S,https://www.chemi-con.co.jp/en/products/detail-condenser.php?part_number=EMVH250ARA331MKE0S,https://www.chemi-con.co.jp/cn/products/detail-condenser.php?part_number=EMVH250ARA331MKE0S,https://www.chemi-con.co.jp/products/relatedfiles/capacitor/catalog/MVHRA-j.PDF,https://www.chemi-con.co.jp/products/relatedfiles/capacitor/catalog/MVHRA-e.PDF,https://www.chemi-con.co.jp/products/relatedfiles/capacitor/catalog/MVHRA-c.PDF
EMVH250ARA471MKE0S,"In Production",,MVH,-40,125,25,470,M,12.5,13.5,,750,125,100kHz,,,,140,20,100kHz,2100,-40,100kHz,,,,,,,0.16,20,120,,352,,,20,125,5000,DC,,,,2.9,250,,Compliant,Compliant,https://www.chemi-con.co.jp/products/detail-condenser.php?part_number=EMVH250ARA471MKE0S,https://www.chemi-con.co.jp/en/products/detail-condenser.php?part_number=EMVH250ARA471MKE0S,https://www.chemi-con.co.jp/cn/products/detail-condenser.php?part_number=EMVH250ARA471MKE0S,https://www.chemi-con.co.jp/products/relatedfiles/capacitor/catalog/MVHRA-j.PDF,https://www.chemi-con.co.jp/products/relatedfiles/capacitor/catalog/MVHRA-e.PDF,https://www.chemi-con.co.jp/products/relatedfiles/capacitor/catalog/MVHRA-c.PDF
EMVH250ARA471MLH0S,"In Production",,MVH,-40,125,25,470,M,16,16.5,,1000,125,100kHz,,,,100,20,100kHz,1500,-40,100kHz,,,,,,,0.16,20,120,,352,,,20,125,5000,DC,,,,6.7,175,,Compliant,Compliant,https://www.chemi-con.co.jp/products/detail-condenser.php?part_number=EMVH250ARA471MLH0S,https://www.chemi-con.co.jp/en/products/detail-condenser.php?part_number=EMVH250ARA471MLH0S,https://www.chemi-con.co.jp/cn/products/detail-condenser.php?part_number=EMVH250ARA471MLH0S,https://www.chemi-con.co.jp/products/relatedfiles/capacitor/catalog/MVHRA-j.PDF,https://www.chemi-con.co.jp/products/relatedfiles/capacitor/catalog/MVHRA-e.PDF,https://www.chemi-con.co.jp/products/relatedfiles/capacitor/catalog/MVHRA-c.PDF
EMVH250ARA681MLH0S,"In Production",,MVH,-40,125,25,680,M,16,16.5,,1000,125,100kHz,,,,100,20,100kHz,1500,-40,100kHz,,,,,,,0.16,20,120,,510,,,20,125,5000,DC,,,,6.7,175,,Compliant,Compliant,https://www.chemi-con.co.jp/products/detail-condenser.php?part_number=EMVH250ARA681MLH0S,https://www.chemi-con.co.jp/en/products/detail-condenser.php?part_number=EMVH250ARA681MLH0S,https://www.chemi-con.co.jp/cn/products/detail-condenser.php?part_number=EMVH250ARA681MLH0S,https://www.chemi-con.co.jp/products/relatedfiles/capacitor/catalog/MVHRA-j.PDF,https://www.chemi-con.co.jp/products/relatedfiles/capacitor/catalog/MVHRA-e.PDF,https://www.chemi-con.co.jp/products/relatedfiles/capacitor/catalog/MVHRA-c.PDF
EMVH250ARA681MMH0S,"In Production",,MVH,-40,125,25,680,M,18,16.5,,1200,125,100kHz,,,,100,20,100kHz,1500,-40,100kHz,,,,,,,0.16,20,120,,510,,,20,125,5000,DC,,,,8.7,150,,Compliant,Compliant,https://www.chemi-con.co.jp/products/detail-condenser.php?part_number=EMVH250ARA681MMH0S,https://www.chemi-con.co.jp/en/products/detail-condenser.php?part_number=EMVH250ARA681MMH0S,https://www.chemi-con.co.jp/cn/products/detail-condenser.php?part_number=EMVH250ARA681MMH0S,https://www.chemi-con.co.jp/products/relatedfiles/capacitor/catalog/MVHRA-j.PDF,https://www.chemi-con.co.jp/products/relatedfiles/capacitor/catalog/MVHRA-e.PDF,https://www.chemi-con.co.jp/products/relatedfiles/capacitor/catalog/MVHRA-c.PDF
EMVH250ARA102MMN0S,"In Production",,MVH,-40,125,25,1000,M,18,21.5,,1550,125,100kHz,,,,58,20,100kHz,870,-40,100kHz,,,,,,,0.16,20,120,,750,,,20,125,5000,DC,,,,10.2,100,,Compliant,Compliant,https://www.chemi-con.co.jp/products/detail-condenser.php?part_number=EMVH250ARA102MMN0S,https://www.chemi-con.co.jp/en/products/detail-condenser.php?part_number=EMVH250ARA102MMN0S,https://www.chemi-con.co.jp/cn/products/detail-condenser.php?part_number=EMVH250ARA102MMN0S,https://www.chemi-con.co.jp/products/relatedfiles/capacitor/catalog/MVHRA-j.PDF,https://www.chemi-con.co.jp/products/relatedfiles/capacitor/catalog/MVHRA-e.PDF,https://www.chemi-con.co.jp/products/relatedfiles/capacitor/catalog/MVHRA-c.PDF
EMVH350ARA100MF61G,"In Production",,MVH,-40,125,35,10,M,6.3,5.8,,69,125,100kHz,,,,1600,20,100kHz,24000,-40,100kHz,,,,,,,0.14,20,120,,3.5,,,20,125,1000,DC,,,,0.4,1000,,Compliant,Compliant,https://www.chemi-con.co.jp/products/detail-condenser.php?part_number=EMVH350ARA100MF61G,https://www.chemi-con.co.jp/en/products/detail-condenser.php?part_number=EMVH350ARA100MF61G,https://www.chemi-con.co.jp/cn/products/detail-condenser.php?part_number=EMVH350ARA100MF61G,https://www.chemi-con.co.jp/products/relatedfiles/capacitor/catalog/MVHRA-j.PDF,https://www.chemi-con.co.jp/products/relatedfiles/capacitor/catalog/MVHRA-e.PDF,https://www.chemi-con.co.jp/products/relatedfiles/capacitor/catalog/MVHRA-c.PDF
EMVH350ARA220MF61G,"In Production",,MVH,-40,125,35,22,M,6.3,5.8,,69,125,100kHz,,,,1600,20,100kHz,24000,-40,100kHz,,,,,,,0.14,20,120,,7.7,,,20,125,1000,DC,,,,0.4,1000,,Compliant,Compliant,https://www.chemi-con.co.jp/products/detail-condenser.php?part_number=EMVH350ARA220MF61G,https://www.chemi-con.co.jp/en/products/detail-condenser.php?part_number=EMVH350ARA220MF61G,https://www.chemi-con.co.jp/cn/products/detail-condenser.php?part_number=EMVH350ARA220MF61G,https://www.chemi-con.co.jp/products/relatedfiles/capacitor/catalog/MVHRA-j.PDF,https://www.chemi-con.co.jp/products/relatedfiles/capacitor/catalog/MVHRA-e.PDF,https://www.chemi-con.co.jp/products/relatedfiles/capacitor/catalog/MVHRA-c.PDF
EMVH350ARA330MF80G,"In Production",,MVH,-40,125,35,33,M,6.3,7.7,,110,125,100kHz,,,,900,20,100kHz,14000,-40,100kHz,,,,,,,0.14,20,120,,11.5,,,20,125,1000,DC,,,,0.53,900,,Compliant,Compliant,https://www.chemi-con.co.jp/products/detail-condenser.php?part_number=EMVH350ARA330MF80G,https://www.chemi-con.co.jp/en/products/detail-condenser.php?part_number=EMVH350ARA330MF80G,https://www.chemi-con.co.jp/cn/products/detail-condenser.php?part_number=EMVH350ARA330MF80G,https://www.chemi-con.co.jp/products/relatedfiles/capacitor/catalog/MVHRA-j.PDF,https://www.chemi-con.co.jp/products/relatedfiles/capacitor/catalog/MVHRA-e.PDF,https://www.chemi-con.co.jp/products/relatedfiles/capacitor/catalog/MVHRA-c.PDF
EMVH350ARA470MF80G,"In Production",,MVH,-40,125,35,47,M,6.3,7.7,,110,125,100kHz,,,,900,20,100kHz,14000,-40,100kHz,,,,,,,0.14,20,120,,16.4,,,20,125,1000,DC,,,,0.53,900,,Compliant,Compliant,https://www.chemi-con.co.jp/products/detail-condenser.php?part_number=EMVH350ARA470MF80G,https://www.chemi-con.co.jp/en/products/detail-condenser.php?part_number=EMVH350ARA470MF80G,https://www.chemi-con.co.jp/cn/products/detail-condenser.php?part_number=EMVH350ARA470MF80G,https://www.chemi-con.co.jp/products/relatedfiles/capacitor/catalog/MVHRA-j.PDF,https://www.chemi-con.co.jp/products/relatedfiles/capacitor/catalog/MVHRA-e.PDF,https://www.chemi-con.co.jp/products/relatedfiles/capacitor/catalog/MVHRA-c.PDF
EMVH350ARA470MHA0G,"In Production",,MVH,-40,125,35,47,M,8,10,,220,125,100kHz,,,,400,20,100kHz,6000,-40,100kHz,,,,,,,0.14,20,120,,16.4,,,20,125,2000,DC,,,,0.96,500,,Compliant,Compliant,https://www.chemi-con.co.jp/products/detail-condenser.php?part_number=EMVH350ARA470MHA0G,https://www.chemi-con.co.jp/en/products/detail-condenser.php?part_number=EMVH350ARA470MHA0G,https://www.chemi-con.co.jp/cn/products/detail-condenser.php?part_number=EMVH350ARA470MHA0G,https://www.chemi-con.co.jp/products/relatedfiles/capacitor/catalog/MVHRA-j.PDF,https://www.chemi-con.co.jp/products/relatedfiles/capacitor/catalog/MVHRA-e.PDF,https://www.chemi-con.co.jp/products/relatedfiles/capacitor/catalog/MVHRA-c.PDF
EMVH350ARA101MHA0G,"In Production",,MVH,-40,125,35,100,M,8,10,,220,125,100kHz,,,,400,20,100kHz,6000,-40,100kHz,,,,,,,0.14,20,120,,35,,,20,125,2000,DC,,,,0.96,500,,Compliant,Compliant,https://www.chemi-con.co.jp/products/detail-condenser.php?part_number=EMVH350ARA101MHA0G,https://www.chemi-con.co.jp/en/products/detail-condenser.php?part_number=EMVH350ARA101MHA0G,https://www.chemi-con.co.jp/cn/products/detail-condenser.php?part_number=EMVH350ARA101MHA0G,https://www.chemi-con.co.jp/products/relatedfiles/capacitor/catalog/MVHRA-j.PDF,https://www.chemi-con.co.jp/products/relatedfiles/capacitor/catalog/MVHRA-e.PDF,https://www.chemi-con.co.jp/products/relatedfiles/capacitor/catalog/MVHRA-c.PDF
EMVH350ARA101MJA0G,"In Production",,MVH,-40,125,35,100,M,10,10,,296,125,100kHz,,,,300,20,100kHz,4500,-40,100kHz,,,,,,,0.14,20,120,,35,,,20,125,2000,DC,,,,1.43,500,,Compliant,Compliant,https://www.chemi-con.co.jp/products/detail-condenser.php?part_number=EMVH350ARA101MJA0G,https://www.chemi-con.co.jp/en/products/detail-condenser.php?part_number=EMVH350ARA101MJA0G,https://www.chemi-con.co.jp/cn/products/detail-condenser.php?part_number=EMVH350ARA101MJA0G,https://www.chemi-con.co.jp/products/relatedfiles/capacitor/catalog/MVHRA-j.PDF,https://www.chemi-con.co.jp/products/relatedfiles/capacitor/catalog/MVHRA-e.PDF,https://www.chemi-con.co.jp/products/relatedfiles/capacitor/catalog/MVHRA-c.PDF
EMVH350ARA221MJA0G,"In Production",,MVH,-40,125,35,220,M,10,10,,296,125,100kHz,,,,300,20,100kHz,4500,-40,100kHz,,,,,,,0.14,20,120,,77,,,20,125,2000,DC,,,,1.43,500,,Compliant,Compliant,https://www.chemi-con.co.jp/products/detail-condenser.php?part_number=EMVH350ARA221MJA0G,https://www.chemi-con.co.jp/en/products/detail-condenser.php?part_number=EMVH350ARA221MJA0G,https://www.chemi-con.co.jp/cn/products/detail-condenser.php?part_number=EMVH350ARA221MJA0G,https://www.chemi-con.co.jp/products/relatedfiles/capacitor/catalog/MVHRA-j.PDF,https://www.chemi-con.co.jp/products/relatedfiles/capacitor/catalog/MVHRA-e.PDF,https://www.chemi-con.co.jp/products/relatedfiles/capacitor/catalog/MVHRA-c.PDF
EMVH350ARA331MKE0S,"In Production",,MVH,-40,125,35,330,M,12.5,13.5,,750,125,100kHz,,,,140,20,100kHz,2100,-40,100kHz,,,,,,,0.14,20,120,,346,,,20,125,5000,DC,,,,2.9,250,,Compliant,Compliant,https://www.chemi-con.co.jp/products/detail-condenser.php?part_number=EMVH350ARA331MKE0S,https://www.chemi-con.co.jp/en/products/detail-condenser.php?part_number=EMVH350ARA331MKE0S,https://www.chemi-con.co.jp/cn/products/detail-condenser.php?part_number=EMVH350ARA331MKE0S,https://www.chemi-con.co.jp/products/relatedfiles/capacitor/catalog/MVHRA-j.PDF,https://www.chemi-con.co.jp/products/relatedfiles/capacitor/catalog/MVHRA-e.PDF,https://www.chemi-con.co.jp/products/relatedfiles/capacitor/catalog/MVHRA-c.PDF
EMVH350ARA331MLH0S,"In Production",,MVH,-40,125,35,330,M,16,16.5,,1000,125,100kHz,,,,100,20,100kHz,1500,-40,100kHz,,,,,,,0.14,20,120,,346,,,20,125,5000,DC,,,,6.7,175,,Compliant,Compliant,https://www.chemi-con.co.jp/products/detail-condenser.php?part_number=EMVH350ARA331MLH0S,https://www.chemi-con.co.jp/en/products/detail-condenser.php?part_number=EMVH350ARA331MLH0S,https://www.chemi-con.co.jp/cn/products/detail-condenser.php?part_number=EMVH350ARA331MLH0S,https://www.chemi-con.co.jp/products/relatedfiles/capacitor/catalog/MVHRA-j.PDF,https://www.chemi-con.co.jp/products/relatedfiles/capacitor/catalog/MVHRA-e.PDF,https://www.chemi-con.co.jp/products/relatedfiles/capacitor/catalog/MVHRA-c.PDF
EMVH350ARA471MKG5S,"In Production",,MVH,-40,125,35,470,M,12.5,16,,900,125,100kHz,,,,110,20,100kHz,1500,-40,100kHz,,,,,,,0.14,20,120,,493,,,20,125,5000,DC,,,,3.3,200,,Compliant,Compliant,https://www.chemi-con.co.jp/products/detail-condenser.php?part_number=EMVH350ARA471MKG5S,https://www.chemi-con.co.jp/en/products/detail-condenser.php?part_number=EMVH350ARA471MKG5S,https://www.chemi-con.co.jp/cn/products/detail-condenser.php?part_number=EMVH350ARA471MKG5S,https://www.chemi-con.co.jp/products/relatedfiles/capacitor/catalog/MVHRA-j.PDF,https://www.chemi-con.co.jp/products/relatedfiles/capacitor/catalog/MVHRA-e.PDF,https://www.chemi-con.co.jp/products/relatedfiles/capacitor/catalog/MVHRA-c.PDF
EMVH350ARA471MLH0S,"In Production",,MVH,-40,125,35,470,M,16,16.5,,1000,125,100kHz,,,,100,20,100kHz,1500,-40,100kHz,,,,,,,0.14,20,120,,493,,,20,125,5000,DC,,,,6.7,175,,Compliant,Compliant,https://www.chemi-con.co.jp/products/detail-condenser.php?part_number=EMVH350ARA471MLH0S,https://www.chemi-con.co.jp/en/products/detail-condenser.php?part_number=EMVH350ARA471MLH0S,https://www.chemi-con.co.jp/cn/products/detail-condenser.php?part_number=EMVH350ARA471MLH0S,https://www.chemi-con.co.jp/products/relatedfiles/capacitor/catalog/MVHRA-j.PDF,https://www.chemi-con.co.jp/products/relatedfiles/capacitor/catalog/MVHRA-e.PDF,https://www.chemi-con.co.jp/products/relatedfiles/capacitor/catalog/MVHRA-c.PDF
EMVH350ARA681MMH0S,"In Production",,MVH,-40,125,35,680,M,18,16.5,,1200,125,100kHz,,,,100,20,100kHz,1500,-40,100kHz,,,,,,,0.14,20,120,,714,,,20,125,5000,DC,,,,8.7,150,,Compliant,Compliant,https://www.chemi-con.co.jp/products/detail-condenser.php?part_number=EMVH350ARA681MMH0S,https://www.chemi-con.co.jp/en/products/detail-condenser.php?part_number=EMVH350ARA681MMH0S,https://www.chemi-con.co.jp/cn/products/detail-condenser.php?part_number=EMVH350ARA681MMH0S,https://www.chemi-con.co.jp/products/relatedfiles/capacitor/catalog/MVHRA-j.PDF,https://www.chemi-con.co.jp/products/relatedfiles/capacitor/catalog/MVHRA-e.PDF,https://www.chemi-con.co.jp/products/relatedfiles/capacitor/catalog/MVHRA-c.PDF
EMVH500ARA100MF61G,"In Production",,MVH,-40,125,50,10,M,6.3,5.8,,51,125,100kHz,,,,2800,20,100kHz,42000,-40,100kHz,,,,,,,0.14,20,120,,5,,,20,125,1000,DC,,,,0.4,1000,,Compliant,Compliant,https://www.chemi-con.co.jp/products/detail-condenser.php?part_number=EMVH500ARA100MF61G,https://www.chemi-con.co.jp/en/products/detail-condenser.php?part_number=EMVH500ARA100MF61G,https://www.chemi-con.co.jp/cn/products/detail-condenser.php?part_number=EMVH500ARA100MF61G,https://www.chemi-con.co.jp/products/relatedfiles/capacitor/catalog/MVHRA-j.PDF,https://www.chemi-con.co.jp/products/relatedfiles/capacitor/catalog/MVHRA-e.PDF,https://www.chemi-con.co.jp/products/relatedfiles/capacitor/catalog/MVHRA-c.PDF
EMVH500ARA220MF80G,"In Production",,MVH,-40,125,50,22,M,6.3,7.7,,83,125,100kHz,,,,2000,20,100kHz,30000,-40,100kHz,,,,,,,0.14,20,120,,11,,,20,125,1000,DC,,,,0.53,900,,Compliant,Compliant,https://www.chemi-con.co.jp/products/detail-condenser.php?part_number=EMVH500ARA220MF80G,https://www.chemi-con.co.jp/en/products/detail-condenser.php?part_number=EMVH500ARA220MF80G,https://www.chemi-con.co.jp/cn/products/detail-condenser.php?part_number=EMVH500ARA220MF80G,https://www.chemi-con.co.jp/products/relatedfiles/capacitor/catalog/MVHRA-j.PDF,https://www.chemi-con.co.jp/products/relatedfiles/capacitor/catalog/MVHRA-e.PDF,https://www.chemi-con.co.jp/products/relatedfiles/capacitor/catalog/MVHRA-c.PDF
EMVH500ARA330MF80G,"In Production",,MVH,-40,125,50,33,M,6.3,7.7,,83,125,100kHz,,,,2000,20,100kHz,30000,-40,100kHz,,,,,,,0.14,20,120,,16.5,,,20,125,1000,DC,,,,0.53,900,,Compliant,Compliant,https://www.chemi-con.co.jp/products/detail-condenser.php?part_number=EMVH500ARA330MF80G,https://www.chemi-con.co.jp/en/products/detail-condenser.php?part_number=EMVH500ARA330MF80G,https://www.chemi-con.co.jp/cn/products/detail-condenser.php?part_number=EMVH500ARA330MF80G,https://www.chemi-con.co.jp/products/relatedfiles/capacitor/catalog/MVHRA-j.PDF,https://www.chemi-con.co.jp/products/relatedfiles/capacitor/catalog/MVHRA-e.PDF,https://www.chemi-con.co.jp/products/relatedfiles/capacitor/catalog/MVHRA-c.PDF
EMVH500ARA330MHA0G,"In Production",,MVH,-40,125,50,33,M,8,10,,160,125,100kHz,,,,700,20,100kHz,11000,-40,100kHz,,,,,,,0.14,20,120,,16.5,,,20,125,2000,DC,,,,0.96,500,,Compliant,Compliant,https://www.chemi-con.co.jp/products/detail-condenser.php?part_number=EMVH500ARA330MHA0G,https://www.chemi-con.co.jp/en/products/detail-condenser.php?part_number=EMVH500ARA330MHA0G,https://www.chemi-con.co.jp/cn/products/detail-condenser.php?part_number=EMVH500ARA330MHA0G,https://www.chemi-con.co.jp/products/relatedfiles/capacitor/catalog/MVHRA-j.PDF,https://www.chemi-con.co.jp/products/relatedfiles/capacitor/catalog/MVHRA-e.PDF,https://www.chemi-con.co.jp/products/relatedfiles/capacitor/catalog/MVHRA-c.PDF
EMVH500ARA470MHA0G,"In Production",,MVH,-40,125,50,47,M,8,10,,160,125,100kHz,,,,700,20,100kHz,11000,-40,100kHz,,,,,,,0.14,20,120,,23.5,,,20,125,2000,DC,,,,0.96,500,,Compliant,Compliant,https://www.chemi-con.co.jp/products/detail-condenser.php?part_number=EMVH500ARA470MHA0G,https://www.chemi-con.co.jp/en/products/detail-condenser.php?part_number=EMVH500ARA470MHA0G,https://www.chemi-con.co.jp/cn/products/detail-condenser.php?part_number=EMVH500ARA470MHA0G,https://www.chemi-con.co.jp/products/relatedfiles/capacitor/catalog/MVHRA-j.PDF,https://www.chemi-con.co.jp/products/relatedfiles/capacitor/catalog/MVHRA-e.PDF,https://www.chemi-con.co.jp/products/relatedfiles/capacitor/catalog/MVHRA-c.PDF
EMVH500ARA470MJA0G,"In Production",,MVH,-40,125,50,47,M,10,10,,247,125,100kHz,,,,500,20,100kHz,7500,-40,100kHz,,,,,,,0.14,20,120,,23.5,,,20,125,2000,DC,,,,1.43,500,,Compliant,Compliant,https://www.chemi-con.co.jp/products/detail-condenser.php?part_number=EMVH500ARA470MJA0G,https://www.chemi-con.co.jp/en/products/detail-condenser.php?part_number=EMVH500ARA470MJA0G,https://www.chemi-con.co.jp/cn/products/detail-condenser.php?part_number=EMVH500ARA470MJA0G,https://www.chemi-con.co.jp/products/relatedfiles/capacitor/catalog/MVHRA-j.PDF,https://www.chemi-con.co.jp/products/relatedfiles/capacitor/catalog/MVHRA-e.PDF,https://www.chemi-con.co.jp/products/relatedfiles/capacitor/catalog/MVHRA-c.PDF
EMVH500ARA101MJA0G,"In Production",,MVH,-40,125,50,100,M,10,10,,247,125,100kHz,,,,500,20,100kHz,7500,-40,100kHz,,,,,,,0.14,20,120,,50,,,20,125,2000,DC,,,,1.43,500,,Compliant,Compliant,https://www.chemi-con.co.jp/products/detail-condenser.php?part_number=EMVH500ARA101MJA0G,https://www.chemi-con.co.jp/en/products/detail-condenser.php?part_number=EMVH500ARA101MJA0G,https://www.chemi-con.co.jp/cn/products/detail-condenser.php?part_number=EMVH500ARA101MJA0G,https://www.chemi-con.co.jp/products/relatedfiles/capacitor/catalog/MVHRA-j.PDF,https://www.chemi-con.co.jp/products/relatedfiles/capacitor/catalog/MVHRA-e.PDF,https://www.chemi-con.co.jp/products/relatedfiles/capacitor/catalog/MVHRA-c.PDF
EMVH500ARA101MKE0S,"In Production",,MVH,-40,125,50,100,M,12.5,13.5,,550,125,100kHz,,,,230,20,100kHz,3500,-40,100kHz,,,,,,,0.12,20,120,,150,,,20,125,5000,DC,,,,2.9,250,,Compliant,Compliant,https://www.chemi-con.co.jp/products/detail-condenser.php?part_number=EMVH500ARA101MKE0S,https://www.chemi-con.co.jp/en/products/detail-condenser.php?part_number=EMVH500ARA101MKE0S,https://www.chemi-con.co.jp/cn/products/detail-condenser.php?part_number=EMVH500ARA101MKE0S,https://www.chemi-con.co.jp/products/relatedfiles/capacitor/catalog/MVHRA-j.PDF,https://www.chemi-con.co.jp/products/relatedfiles/capacitor/catalog/MVHRA-e.PDF,https://www.chemi-con.co.jp/products/relatedfiles/capacitor/catalog/MVHRA-c.PDF
EMVH500ARA221MKE0S,"In Production",,MVH,-40,125,50,220,M,12.5,13.5,,550,125,100kHz,,,,230,20,100kHz,3500,-40,100kHz,,,,,,,0.12,20,120,,330,,,20,125,5000,DC,,,,2.9,250,,Compliant,Compliant,https://www.chemi-con.co.jp/products/detail-condenser.php?part_number=EMVH500ARA221MKE0S,https://www.chemi-con.co.jp/en/products/detail-condenser.php?part_number=EMVH500ARA221MKE0S,https://www.chemi-con.co.jp/cn/products/detail-condenser.php?part_number=EMVH500ARA221MKE0S,https://www.chemi-con.co.jp/products/relatedfiles/capacitor/catalog/MVHRA-j.PDF,https://www.chemi-con.co.jp/products/relatedfiles/capacitor/catalog/MVHRA-e.PDF,https://www.chemi-con.co.jp/products/relatedfiles/capacitor/catalog/MVHRA-c.PDF
EMVH500ARA221MLH0S,"In Production",,MVH,-40,125,50,220,M,16,16.5,,850,125,100kHz,,,,150,20,100kHz,2300,-40,100kHz,,,,,,,0.12,20,120,,330,,,20,125,5000,DC,,,,6.7,175,,Compliant,Compliant,https://www.chemi-con.co.jp/products/detail-condenser.php?part_number=EMVH500ARA221MLH0S,https://www.chemi-con.co.jp/en/products/detail-condenser.php?part_number=EMVH500ARA221MLH0S,https://www.chemi-con.co.jp/cn/products/detail-condenser.php?part_number=EMVH500ARA221MLH0S,https://www.chemi-con.co.jp/products/relatedfiles/capacitor/catalog/MVHRA-j.PDF,https://www.chemi-con.co.jp/products/relatedfiles/capacitor/catalog/MVHRA-e.PDF,https://www.chemi-con.co.jp/products/relatedfiles/capacitor/catalog/MVHRA-c.PDF
EMVH500ARA331MKG5S,"In Production",,MVH,-40,125,50,330,M,12.5,16,,700,125,100kHz,,,,180,20,100kHz,2700,-40,100kHz,,,,,,,0.12,20,120,,495,,,20,125,5000,DC,,,,3.3,200,,Compliant,Compliant,https://www.chemi-con.co.jp/products/detail-condenser.php?part_number=EMVH500ARA331MKG5S,https://www.chemi-con.co.jp/en/products/detail-condenser.php?part_number=EMVH500ARA331MKG5S,https://www.chemi-con.co.jp/cn/products/detail-condenser.php?part_number=EMVH500ARA331MKG5S,https://www.chemi-con.co.jp/products/relatedfiles/capacitor/catalog/MVHRA-j.PDF,https://www.chemi-con.co.jp/products/relatedfiles/capacitor/catalog/MVHRA-e.PDF,https://www.chemi-con.co.jp/products/relatedfiles/capacitor/catalog/MVHRA-c.PDF
EMVH500ARA331MLH0S,"In Production",,MVH,-40,125,50,330,M,16,16.5,,850,125,100kHz,,,,150,20,100kHz,2300,-40,100kHz,,,,,,,0.12,20,120,,495,,,20,125,5000,DC,,,,6.7,175,,Compliant,Compliant,https://www.chemi-con.co.jp/products/detail-condenser.php?part_number=EMVH500ARA331MLH0S,https://www.chemi-con.co.jp/en/products/detail-condenser.php?part_number=EMVH500ARA331MLH0S,https://www.chemi-con.co.jp/cn/products/detail-condenser.php?part_number=EMVH500ARA331MLH0S,https://www.chemi-con.co.jp/products/relatedfiles/capacitor/catalog/MVHRA-j.PDF,https://www.chemi-con.co.jp/products/relatedfiles/capacitor/catalog/MVHRA-e.PDF,https://www.chemi-con.co.jp/products/relatedfiles/capacitor/catalog/MVHRA-c.PDF
EMVH500ARA471MMH0S,"In Production",,MVH,-40,125,50,470,M,18,16.5,,920,125,100kHz,,,,150,20,100kHz,2300,-40,100kHz,,,,,,,0.12,20,120,,705,,,20,125,5000,DC,,,,8.7,150,,Compliant,Compliant,https://www.chemi-con.co.jp/products/detail-condenser.php?part_number=EMVH500ARA471MMH0S,https://www.chemi-con.co.jp/en/products/detail-condenser.php?part_number=EMVH500ARA471MMH0S,https://www.chemi-con.co.jp/cn/products/detail-condenser.php?part_number=EMVH500ARA471MMH0S,https://www.chemi-con.co.jp/products/relatedfiles/capacitor/catalog/MVHRA-j.PDF,https://www.chemi-con.co.jp/products/relatedfiles/capacitor/catalog/MVHRA-e.PDF,https://www.chemi-con.co.jp/products/relatedfiles/capacitor/catalog/MVHRA-c.PDF
EMVH630ARA100MF80G,"In Production",,MVH,-40,125,63,10,M,6.3,7.7,,60,125,100kHz,,,,2000,20,100kHz,100000,-40,100kHz,,,,,,,0.12,20,120,,6.3,,,20,125,1000,DC,,,,0.53,900,,Compliant,Compliant,https://www.chemi-con.co.jp/products/detail-condenser.php?part_number=EMVH630ARA100MF80G,https://www.chemi-con.co.jp/en/products/detail-condenser.php?part_number=EMVH630ARA100MF80G,https://www.chemi-con.co.jp/cn/products/detail-condenser.php?part_number=EMVH630ARA100MF80G,https://www.chemi-con.co.jp/products/relatedfiles/capacitor/catalog/MVHRA-j.PDF,https://www.chemi-con.co.jp/products/relatedfiles/capacitor/catalog/MVHRA-e.PDF,https://www.chemi-con.co.jp/products/relatedfiles/capacitor/catalog/MVHRA-c.PDF
EMVH630ARA220MHA0G,"In Production",,MVH,-40,125,63,22,M,8,10,,100,125,100kHz,,,,700,20,100kHz,35000,-40,100kHz,,,,,,,0.12,20,120,,13.8,,,20,125,2000,DC,,,,0.96,500,,Compliant,Compliant,https://www.chemi-con.co.jp/products/detail-condenser.php?part_number=EMVH630ARA220MHA0G,https://www.chemi-con.co.jp/en/products/detail-condenser.php?part_number=EMVH630ARA220MHA0G,https://www.chemi-con.co.jp/cn/products/detail-condenser.php?part_number=EMVH630ARA220MHA0G,https://www.chemi-con.co.jp/products/relatedfiles/capacitor/catalog/MVHRA-j.PDF,https://www.chemi-con.co.jp/products/relatedfiles/capacitor/catalog/MVHRA-e.PDF,https://www.chemi-con.co.jp/products/relatedfiles/capacitor/catalog/MVHRA-c.PDF
EMVH630ARA330MHA0G,"In Production",,MVH,-40,125,63,33,M,8,10,,100,125,100kHz,,,,700,20,100kHz,35000,-40,100kHz,,,,,,,0.12,20,120,,20.7,,,20,125,2000,DC,,,,0.96,500,,Compliant,Compliant,https://www.chemi-con.co.jp/products/detail-condenser.php?part_number=EMVH630ARA330MHA0G,https://www.chemi-con.co.jp/en/products/detail-condenser.php?part_number=EMVH630ARA330MHA0G,https://www.chemi-con.co.jp/cn/products/detail-condenser.php?part_number=EMVH630ARA330MHA0G,https://www.chemi-con.co.jp/products/relatedfiles/capacitor/catalog/MVHRA-j.PDF,https://www.chemi-con.co.jp/products/relatedfiles/capacitor/catalog/MVHRA-e.PDF,https://www.chemi-con.co.jp/products/relatedfiles/capacitor/catalog/MVHRA-c.PDF
EMVH630ARA330MJA0G,"In Production",,MVH,-40,125,63,33,M,10,10,,170,125,100kHz,,,,500,20,100kHz,25000,-40,100kHz,,,,,,,0.12,20,120,,20.7,,,20,125,2000,DC,,,,1.43,500,,Compliant,Compliant,https://www.chemi-con.co.jp/products/detail-condenser.php?part_number=EMVH630ARA330MJA0G,https://www.chemi-con.co.jp/en/products/detail-condenser.php?part_number=EMVH630ARA330MJA0G,https://www.chemi-con.co.jp/cn/products/detail-condenser.php?part_number=EMVH630ARA330MJA0G,https://www.chemi-con.co.jp/products/relatedfiles/capacitor/catalog/MVHRA-j.PDF,https://www.chemi-con.co.jp/products/relatedfiles/capacitor/catalog/MVHRA-e.PDF,https://www.chemi-con.co.jp/products/relatedfiles/capacitor/catalog/MVHRA-c.PDF
EMVH630ARA470MHA0G,"In Production",,MVH,-40,125,63,47,M,8,10,,100,125,100kHz,,,,700,20,100kHz,35000,-40,100kHz,,,,,,,0.12,20,120,,29.6,,,20,125,2000,DC,,,,0.96,500,,Compliant,Compliant,https://www.chemi-con.co.jp/products/detail-condenser.php?part_number=EMVH630ARA470MHA0G,https://www.chemi-con.co.jp/en/products/detail-condenser.php?part_number=EMVH630ARA470MHA0G,https://www.chemi-con.co.jp/cn/products/detail-condenser.php?part_number=EMVH630ARA470MHA0G,https://www.chemi-con.co.jp/products/relatedfiles/capacitor/catalog/MVHRA-j.PDF,https://www.chemi-con.co.jp/products/relatedfiles/capacitor/catalog/MVHRA-e.PDF,https://www.chemi-con.co.jp/products/relatedfiles/capacitor/catalog/MVHRA-c.PDF
EMVH630ARA470MJA0G,"In Production",,MVH,-40,125,63,47,M,10,10,,170,125,100kHz,,,,500,20,100kHz,25000,-40,100kHz,,,,,,,0.12,20,120,,29.6,,,20,125,2000,DC,,,,1.43,500,,Compliant,Compliant,https://www.chemi-con.co.jp/products/detail-condenser.php?part_number=EMVH630ARA470MJA0G,https://www.chemi-con.co.jp/en/products/detail-condenser.php?part_number=EMVH630ARA470MJA0G,https://www.chemi-con.co.jp/cn/products/detail-condenser.php?part_number=EMVH630ARA470MJA0G,https://www.chemi-con.co.jp/products/relatedfiles/capacitor/catalog/MVHRA-j.PDF,https://www.chemi-con.co.jp/products/relatedfiles/capacitor/catalog/MVHRA-e.PDF,https://www.chemi-con.co.jp/products/relatedfiles/capacitor/catalog/MVHRA-c.PDF
EMVH630ARA101MKE0S,"In Production",,MVH,-40,125,63,100,M,12.5,13.5,,500,125,100kHz,,,,250,20,100kHz,12500,-40,100kHz,,,,,,,0.14,20,120,,189,,,20,125,5000,DC,,,,2.9,250,,Compliant,Compliant,https://www.chemi-con.co.jp/products/detail-condenser.php?part_number=EMVH630ARA101MKE0S,https://www.chemi-con.co.jp/en/products/detail-condenser.php?part_number=EMVH630ARA101MKE0S,https://www.chemi-con.co.jp/cn/products/detail-condenser.php?part_number=EMVH630ARA101MKE0S,https://www.chemi-con.co.jp/products/relatedfiles/capacitor/catalog/MVHRA-j.PDF,https://www.chemi-con.co.jp/products/relatedfiles/capacitor/catalog/MVHRA-e.PDF,https://www.chemi-con.co.jp/products/relatedfiles/capacitor/catalog/MVHRA-c.PDF
EMVH630ARA221MKG5S,"In Production",,MVH,-40,125,63,220,M,12.5,16,,600,125,100kHz,,,,200,20,100kHz,10000,-40,100kHz,,,,,,,0.14,20,120,,415,,,20,125,5000,DC,,,,3.3,200,,Compliant,Compliant,https://www.chemi-con.co.jp/products/detail-condenser.php?part_number=EMVH630ARA221MKG5S,https://www.chemi-con.co.jp/en/products/detail-condenser.php?part_number=EMVH630ARA221MKG5S,https://www.chemi-con.co.jp/cn/products/detail-condenser.php?part_number=EMVH630ARA221MKG5S,https://www.chemi-con.co.jp/products/relatedfiles/capacitor/catalog/MVHRA-j.PDF,https://www.chemi-con.co.jp/products/relatedfiles/capacitor/catalog/MVHRA-e.PDF,https://www.chemi-con.co.jp/products/relatedfiles/capacitor/catalog/MVHRA-c.PDF
EMVH630ARA331MLH0S,"In Production",,MVH,-40,125,63,330,M,16,16.5,,820,125,100kHz,,,,180,20,100kHz,9000,-40,100kHz,,,,,,,0.14,20,120,,623,,,20,125,5000,DC,,,,6.7,175,,Compliant,Compliant,https://www.chemi-con.co.jp/products/detail-condenser.php?part_number=EMVH630ARA331MLH0S,https://www.chemi-con.co.jp/en/products/detail-condenser.php?part_number=EMVH630ARA331MLH0S,https://www.chemi-con.co.jp/cn/products/detail-condenser.php?part_number=EMVH630ARA331MLH0S,https://www.chemi-con.co.jp/products/relatedfiles/capacitor/catalog/MVHRA-j.PDF,https://www.chemi-con.co.jp/products/relatedfiles/capacitor/catalog/MVHRA-e.PDF,https://www.chemi-con.co.jp/products/relatedfiles/capacitor/catalog/MVHRA-c.PDF
EMVH630ARA471MLN0S,"In Production",,MVH,-40,125,63,470,M,16,21.5,,1100,125,100kHz,,,,110,20,100kHz,5500,-40,100kHz,,,,,,,0.14,20,120,,888,,,20,125,5000,DC,,,,7.9,125,,Compliant,Compliant,https://www.chemi-con.co.jp/products/detail-condenser.php?part_number=EMVH630ARA471MLN0S,https://www.chemi-con.co.jp/en/products/detail-condenser.php?part_number=EMVH630ARA471MLN0S,https://www.chemi-con.co.jp/cn/products/detail-condenser.php?part_number=EMVH630ARA471MLN0S,https://www.chemi-con.co.jp/products/relatedfiles/capacitor/catalog/MVHRA-j.PDF,https://www.chemi-con.co.jp/products/relatedfiles/capacitor/catalog/MVHRA-e.PDF,https://www.chemi-con.co.jp/products/relatedfiles/capacitor/catalog/MVHRA-c.PDF
EMVH800ARA100MHA0G,"In Production",,MVH,-40,125,80,10,M,8,10,,70,125,100kHz,,,,750,20,100kHz,50000,-40,100kHz,,,,,,,0.12,20,120,,8,,,20,125,2000,DC,,,,0.96,500,,Compliant,Compliant,https://www.chemi-con.co.jp/products/detail-condenser.php?part_number=EMVH800ARA100MHA0G,https://www.chemi-con.co.jp/en/products/detail-condenser.php?part_number=EMVH800ARA100MHA0G,https://www.chemi-con.co.jp/cn/products/detail-condenser.php?part_number=EMVH800ARA100MHA0G,https://www.chemi-con.co.jp/products/relatedfiles/capacitor/catalog/MVHRA-j.PDF,https://www.chemi-con.co.jp/products/relatedfiles/capacitor/catalog/MVHRA-e.PDF,https://www.chemi-con.co.jp/products/relatedfiles/capacitor/catalog/MVHRA-c.PDF
EMVH800ARA220MHA0G,"In Production",,MVH,-40,125,80,22,M,8,10,,70,125,100kHz,,,,750,20,100kHz,50000,-40,100kHz,,,,,,,0.12,20,120,,17.6,,,20,125,2000,DC,,,,0.96,500,,Compliant,Compliant,https://www.chemi-con.co.jp/products/detail-condenser.php?part_number=EMVH800ARA220MHA0G,https://www.chemi-con.co.jp/en/products/detail-condenser.php?part_number=EMVH800ARA220MHA0G,https://www.chemi-con.co.jp/cn/products/detail-condenser.php?part_number=EMVH800ARA220MHA0G,https://www.chemi-con.co.jp/products/relatedfiles/capacitor/catalog/MVHRA-j.PDF,https://www.chemi-con.co.jp/products/relatedfiles/capacitor/catalog/MVHRA-e.PDF,https://www.chemi-con.co.jp/products/relatedfiles/capacitor/catalog/MVHRA-c.PDF
EMVH800ARA220MJA0G,"In Production",,MVH,-40,125,80,22,M,10,10,,115,125,100kHz,,,,550,20,100kHz,35000,-40,100kHz,,,,,,,0.12,20,120,,17.6,,,20,125,2000,DC,,,,1.43,500,,Compliant,Compliant,https://www.chemi-con.co.jp/products/detail-condenser.php?part_number=EMVH800ARA220MJA0G,https://www.chemi-con.co.jp/en/products/detail-condenser.php?part_number=EMVH800ARA220MJA0G,https://www.chemi-con.co.jp/cn/products/detail-condenser.php?part_number=EMVH800ARA220MJA0G,https://www.chemi-con.co.jp/products/relatedfiles/capacitor/catalog/MVHRA-j.PDF,https://www.chemi-con.co.jp/products/relatedfiles/capacitor/catalog/MVHRA-e.PDF,https://www.chemi-con.co.jp/products/relatedfiles/capacitor/catalog/MVHRA-c.PDF
EMVH800ARA330MHA0G,"In Production",,MVH,-40,125,80,33,M,8,10,,70,125,100kHz,,,,750,20,100kHz,50000,-40,100kHz,,,,,,,0.12,20,120,,26.4,,,20,125,2000,DC,,,,0.96,500,,Compliant,Compliant,https://www.chemi-con.co.jp/products/detail-condenser.php?part_number=EMVH800ARA330MHA0G,https://www.chemi-con.co.jp/en/products/detail-condenser.php?part_number=EMVH800ARA330MHA0G,https://www.chemi-con.co.jp/cn/products/detail-condenser.php?part_number=EMVH800ARA330MHA0G,https://www.chemi-con.co.jp/products/relatedfiles/capacitor/catalog/MVHRA-j.PDF,https://www.chemi-con.co.jp/products/relatedfiles/capacitor/catalog/MVHRA-e.PDF,https://www.chemi-con.co.jp/products/relatedfiles/capacitor/catalog/MVHRA-c.PDF
EMVH800ARA330MJA0G,"In Production",,MVH,-40,125,80,33,M,10,10,,115,125,100kHz,,,,550,20,100kHz,35000,-40,100kHz,,,,,,,0.12,20,120,,26.4,,,20,125,2000,DC,,,,1.43,500,,Compliant,Compliant,https://www.chemi-con.co.jp/products/detail-condenser.php?part_number=EMVH800ARA330MJA0G,https://www.chemi-con.co.jp/en/products/detail-condenser.php?part_number=EMVH800ARA330MJA0G,https://www.chemi-con.co.jp/cn/products/detail-condenser.php?part_number=EMVH800ARA330MJA0G,https://www.chemi-con.co.jp/products/relatedfiles/capacitor/catalog/MVHRA-j.PDF,https://www.chemi-con.co.jp/products/relatedfiles/capacitor/catalog/MVHRA-e.PDF,https://www.chemi-con.co.jp/products/relatedfiles/capacitor/catalog/MVHRA-c.PDF
EMVH800ARA470MJA0G,"In Production",,MVH,-40,125,80,47,M,10,10,,115,125,100kHz,,,,550,20,100kHz,35000,-40,100kHz,,,,,,,0.12,20,120,,37.6,,,20,125,2000,DC,,,,1.43,500,,Compliant,Compliant,https://www.chemi-con.co.jp/products/detail-condenser.php?part_number=EMVH800ARA470MJA0G,https://www.chemi-con.co.jp/en/products/detail-condenser.php?part_number=EMVH800ARA470MJA0G,https://www.chemi-con.co.jp/cn/products/detail-condenser.php?part_number=EMVH800ARA470MJA0G,https://www.chemi-con.co.jp/products/relatedfiles/capacitor/catalog/MVHRA-j.PDF,https://www.chemi-con.co.jp/products/relatedfiles/capacitor/catalog/MVHRA-e.PDF,https://www.chemi-con.co.jp/products/relatedfiles/capacitor/catalog/MVHRA-c.PDF
EMVH101ARA100MHA0G,"In Production",,MVH,-40,125,100,10,M,8,10,,70,125,100kHz,,,,750,20,100kHz,50000,-40,100kHz,,,,,,,0.1,20,120,,10,,,20,125,2000,DC,,,,0.96,500,,Compliant,Compliant,https://www.chemi-con.co.jp/products/detail-condenser.php?part_number=EMVH101ARA100MHA0G,https://www.chemi-con.co.jp/en/products/detail-condenser.php?part_number=EMVH101ARA100MHA0G,https://www.chemi-con.co.jp/cn/products/detail-condenser.php?part_number=EMVH101ARA100MHA0G,https://www.chemi-con.co.jp/products/relatedfiles/capacitor/catalog/MVHRA-j.PDF,https://www.chemi-con.co.jp/products/relatedfiles/capacitor/catalog/MVHRA-e.PDF,https://www.chemi-con.co.jp/products/relatedfiles/capacitor/catalog/MVHRA-c.PDF
EMVH101ARA220MHA0G,"In Production",,MVH,-40,125,100,22,M,8,10,,70,125,100kHz,,,,750,20,100kHz,50000,-40,100kHz,,,,,,,0.1,20,120,,22,,,20,125,2000,DC,,,,0.96,500,,Compliant,Compliant,https://www.chemi-con.co.jp/products/detail-condenser.php?part_number=EMVH101ARA220MHA0G,https://www.chemi-con.co.jp/en/products/detail-condenser.php?part_number=EMVH101ARA220MHA0G,https://www.chemi-con.co.jp/cn/products/detail-condenser.php?part_number=EMVH101ARA220MHA0G,https://www.chemi-con.co.jp/products/relatedfiles/capacitor/catalog/MVHRA-j.PDF,https://www.chemi-con.co.jp/products/relatedfiles/capacitor/catalog/MVHRA-e.PDF,https://www.chemi-con.co.jp/products/relatedfiles/capacitor/catalog/MVHRA-c.PDF
EMVH101ARA220MJA0G,"In Production",,MVH,-40,125,100,22,M,10,10,,115,125,100kHz,,,,550,20,100kHz,35000,-40,100kHz,,,,,,,0.1,20,120,,22,,,20,125,2000,DC,,,,1.43,500,,Compliant,Compliant,https://www.chemi-con.co.jp/products/detail-condenser.php?part_number=EMVH101ARA220MJA0G,https://www.chemi-con.co.jp/en/products/detail-condenser.php?part_number=EMVH101ARA220MJA0G,https://www.chemi-con.co.jp/cn/products/detail-condenser.php?part_number=EMVH101ARA220MJA0G,https://www.chemi-con.co.jp/products/relatedfiles/capacitor/catalog/MVHRA-j.PDF,https://www.chemi-con.co.jp/products/relatedfiles/capacitor/catalog/MVHRA-e.PDF,https://www.chemi-con.co.jp/products/relatedfiles/capacitor/catalog/MVHRA-c.PDF
EMVH101ARA330MJA0G,"In Production",,MVH,-40,125,100,33,M,10,10,,115,125,100kHz,,,,550,20,100kHz,35000,-40,100kHz,,,,,,,0.1,20,120,,33,,,20,125,2000,DC,,,,1.43,500,,Compliant,Compliant,https://www.chemi-con.co.jp/products/detail-condenser.php?part_number=EMVH101ARA330MJA0G,https://www.chemi-con.co.jp/en/products/detail-condenser.php?part_number=EMVH101ARA330MJA0G,https://www.chemi-con.co.jp/cn/products/detail-condenser.php?part_number=EMVH101ARA330MJA0G,https://www.chemi-con.co.jp/products/relatedfiles/capacitor/catalog/MVHRA-j.PDF,https://www.chemi-con.co.jp/products/relatedfiles/capacitor/catalog/MVHRA-e.PDF,https://www.chemi-con.co.jp/products/relatedfiles/capacitor/catalog/MVHRA-c.PDF
EMVH101ARA470MKE0S,"In Production",,MVH,-40,125,100,47,M,12.5,13.5,,450,125,100kHz,,,,330,20,100kHz,16500,-40,100kHz,,,,,,,0.1,20,120,,141,,,20,125,5000,DC,,,,2.9,250,,Compliant,Compliant,https://www.chemi-con.co.jp/products/detail-condenser.php?part_number=EMVH101ARA470MKE0S,https://www.chemi-con.co.jp/en/products/detail-condenser.php?part_number=EMVH101ARA470MKE0S,https://www.chemi-con.co.jp/cn/products/detail-condenser.php?part_number=EMVH101ARA470MKE0S,https://www.chemi-con.co.jp/products/relatedfiles/capacitor/catalog/MVHRA-j.PDF,https://www.chemi-con.co.jp/products/relatedfiles/capacitor/catalog/MVHRA-e.PDF,https://www.chemi-con.co.jp/products/relatedfiles/capacitor/catalog/MVHRA-c.PDF
EMVH101ARA680MKG5S,"In Production",,MVH,-40,125,100,68,M,12.5,16,,550,125,100kHz,,,,260,20,100kHz,13000,-40,100kHz,,,,,,,0.1,20,120,,204,,,20,125,5000,DC,,,,3.3,200,,Compliant,Compliant,https://www.chemi-con.co.jp/products/detail-condenser.php?part_number=EMVH101ARA680MKG5S,https://www.chemi-con.co.jp/en/products/detail-condenser.php?part_number=EMVH101ARA680MKG5S,https://www.chemi-con.co.jp/cn/products/detail-condenser.php?part_number=EMVH101ARA680MKG5S,https://www.chemi-con.co.jp/products/relatedfiles/capacitor/catalog/MVHRA-j.PDF,https://www.chemi-con.co.jp/products/relatedfiles/capacitor/catalog/MVHRA-e.PDF,https://www.chemi-con.co.jp/products/relatedfiles/capacitor/catalog/MVHRA-c.PDF
EMVH101ARA101MLH0S,"In Production",,MVH,-40,125,100,100,M,16,16.5,,650,125,100kHz,,,,240,20,100kHz,12000,-40,100kHz,,,,,,,0.1,20,120,,300,,,20,125,5000,DC,,,,6.7,175,,Compliant,Compliant,https://www.chemi-con.co.jp/products/detail-condenser.php?part_number=EMVH101ARA101MLH0S,https://www.chemi-con.co.jp/en/products/detail-condenser.php?part_number=EMVH101ARA101MLH0S,https://www.chemi-con.co.jp/cn/products/detail-condenser.php?part_number=EMVH101ARA101MLH0S,https://www.chemi-con.co.jp/products/relatedfiles/capacitor/catalog/MVHRA-j.PDF,https://www.chemi-con.co.jp/products/relatedfiles/capacitor/catalog/MVHRA-e.PDF,https://www.chemi-con.co.jp/products/relatedfiles/capacitor/catalog/MVHRA-c.PDF
EMVH101ARA221MMN0S,"In Production",,MVH,-40,125,100,220,M,18,21.5,,950,125,100kHz,,,,160,20,100kHz,8000,-40,100kHz,,,,,,,0.1,20,120,,660,,,20,125,5000,DC,,,,10.2,100,,Compliant,Compliant,https://www.chemi-con.co.jp/products/detail-condenser.php?part_number=EMVH101ARA221MMN0S,https://www.chemi-con.co.jp/en/products/detail-condenser.php?part_number=EMVH101ARA221MMN0S,https://www.chemi-con.co.jp/cn/products/detail-condenser.php?part_number=EMVH101ARA221MMN0S,https://www.chemi-con.co.jp/products/relatedfiles/capacitor/catalog/MVHRA-j.PDF,https://www.chemi-con.co.jp/products/relatedfiles/capacitor/catalog/MVHRA-e.PDF,https://www.chemi-con.co.jp/products/relatedfiles/capacitor/catalog/MVHRA-c.PDF
EMVY6R3ARA101MF55G,"In Production",,MVY,-55,105,6.3,100,M,6.3,5.2,,140,105,100kHz,,,,,,,,,,1,20,100kHz,,,,0.24,20,120,,6.3,,,20,105,1000,DC,,,,0.36,1000,,Compliant,Compliant,https://www.chemi-con.co.jp/products/detail-condenser.php?part_number=EMVY6R3ARA101MF55G,https://www.chemi-con.co.jp/en/products/detail-condenser.php?part_number=EMVY6R3ARA101MF55G,https://www.chemi-con.co.jp/cn/products/detail-condenser.php?part_number=EMVY6R3ARA101MF55G,https://www.chemi-con.co.jp/products/relatedfiles/capacitor/catalog/MVYRA-j.PDF,https://www.chemi-con.co.jp/products/relatedfiles/capacitor/catalog/MVYRA-e.PDF,https://www.chemi-con.co.jp/products/relatedfiles/capacitor/catalog/MVYRA-c.PDF
EMVY6R3ARA221MF55G,"In Production",,MVY,-55,105,6.3,220,M,6.3,5.2,,140,105,100kHz,,,,,,,,,,1,20,100kHz,,,,0.24,20,120,,13.8,,,20,105,1000,DC,,,,0.36,1000,,Compliant,Compliant,https://www.chemi-con.co.jp/products/detail-condenser.php?part_number=EMVY6R3ARA221MF55G,https://www.chemi-con.co.jp/en/products/detail-condenser.php?part_number=EMVY6R3ARA221MF55G,https://www.chemi-con.co.jp/cn/products/detail-condenser.php?part_number=EMVY6R3ARA221MF55G,https://www.chemi-con.co.jp/products/relatedfiles/capacitor/catalog/MVYRA-j.PDF,https://www.chemi-con.co.jp/products/relatedfiles/capacitor/catalog/MVYRA-e.PDF,https://www.chemi-con.co.jp/products/relatedfiles/capacitor/catalog/MVYRA-c.PDF
EMVY6R3ARA331MF80G,"In Production",,MVY,-55,105,6.3,330,M,6.3,7.7,,280,105,100kHz,,,,,,,,,,0.34,20,100kHz,,,,0.24,20,120,,20.7,,,20,105,1000,DC,,,,0.53,900,,Compliant,Compliant,https://www.chemi-con.co.jp/products/detail-condenser.php?part_number=EMVY6R3ARA331MF80G,https://www.chemi-con.co.jp/en/products/detail-condenser.php?part_number=EMVY6R3ARA331MF80G,https://www.chemi-con.co.jp/cn/products/detail-condenser.php?part_number=EMVY6R3ARA331MF80G,https://www.chemi-con.co.jp/products/relatedfiles/capacitor/catalog/MVYRA-j.PDF,https://www.chemi-con.co.jp/products/relatedfiles/capacitor/catalog/MVYRA-e.PDF,https://www.chemi-con.co.jp/products/relatedfiles/capacitor/catalog/MVYRA-c.PDF
EMVY6R3ARA471MHA0G,"In Production",,MVY,-55,105,6.3,470,M,8,10,,450,105,100kHz,,,,,,,,,,0.3,20,100kHz,,,,0.28,20,120,,29.6,,,20,105,2000,DC,,,,0.96,500,,Compliant,Compliant,https://www.chemi-con.co.jp/products/detail-condenser.php?part_number=EMVY6R3ARA471MHA0G,https://www.chemi-con.co.jp/en/products/detail-condenser.php?part_number=EMVY6R3ARA471MHA0G,https://www.chemi-con.co.jp/cn/products/detail-condenser.php?part_number=EMVY6R3ARA471MHA0G,https://www.chemi-con.co.jp/products/relatedfiles/capacitor/catalog/MVYRA-j.PDF,https://www.chemi-con.co.jp/products/relatedfiles/capacitor/catalog/MVYRA-e.PDF,https://www.chemi-con.co.jp/products/relatedfiles/capacitor/catalog/MVYRA-c.PDF
EMVY6R3ARA681MHA0G,"In Production",,MVY,-55,105,6.3,680,M,8,10,,450,105,100kHz,,,,,,,,,,0.3,20,100kHz,,,,0.28,20,120,,42.8,,,20,105,2000,DC,,,,0.96,500,,Compliant,Compliant,https://www.chemi-con.co.jp/products/detail-condenser.php?part_number=EMVY6R3ARA681MHA0G,https://www.chemi-con.co.jp/en/products/detail-condenser.php?part_number=EMVY6R3ARA681MHA0G,https://www.chemi-con.co.jp/cn/products/detail-condenser.php?part_number=EMVY6R3ARA681MHA0G,https://www.chemi-con.co.jp/products/relatedfiles/capacitor/catalog/MVYRA-j.PDF,https://www.chemi-con.co.jp/products/relatedfiles/capacitor/catalog/MVYRA-e.PDF,https://www.chemi-con.co.jp/products/relatedfiles/capacitor/catalog/MVYRA-c.PDF
EMVY6R3ARA102MHA0G,"In Production",,MVY,-55,105,6.3,1000,M,8,10,,450,105,100kHz,,,,,,,,,,0.3,20,100kHz,,,,0.28,20,120,,63,,,20,105,2000,DC,,,,0.96,500,,Compliant,Compliant,https://www.chemi-con.co.jp/products/detail-condenser.php?part_number=EMVY6R3ARA102MHA0G,https://www.chemi-con.co.jp/en/products/detail-condenser.php?part_number=EMVY6R3ARA102MHA0G,https://www.chemi-con.co.jp/cn/products/detail-condenser.php?part_number=EMVY6R3ARA102MHA0G,https://www.chemi-con.co.jp/products/relatedfiles/capacitor/catalog/MVYRA-j.PDF,https://www.chemi-con.co.jp/products/relatedfiles/capacitor/catalog/MVYRA-e.PDF,https://www.chemi-con.co.jp/products/relatedfiles/capacitor/catalog/MVYRA-c.PDF
EMVY6R3ARA152MJA0G,"In Production",,MVY,-55,105,6.3,1500,M,10,10,,670,105,100kHz,,,,,,,,,,0.15,20,100kHz,,,,0.28,20,120,,94.5,,,20,105,2000,DC,,,,1.43,500,,Compliant,Compliant,https://www.chemi-con.co.jp/products/detail-condenser.php?part_number=EMVY6R3ARA152MJA0G,https://www.chemi-con.co.jp/en/products/detail-condenser.php?part_number=EMVY6R3ARA152MJA0G,https://www.chemi-con.co.jp/cn/products/detail-condenser.php?part_number=EMVY6R3ARA152MJA0G,https://www.chemi-con.co.jp/products/relatedfiles/capacitor/catalog/MVYRA-j.PDF,https://www.chemi-con.co.jp/products/relatedfiles/capacitor/catalog/MVYRA-e.PDF,https://www.chemi-con.co.jp/products/relatedfiles/capacitor/catalog/MVYRA-c.PDF
EMVY6R3ARA222MKE0S,"In Production",,MVY,-55,105,6.3,2200,M,12.5,13.5,,820,105,100kHz,,,,,,,,,,0.07,20,100kHz,,,,0.28,20,120,,138,,,20,105,5000,DC,,,,2.9,250,,Compliant,Compliant,https://www.chemi-con.co.jp/products/detail-condenser.php?part_number=EMVY6R3ARA222MKE0S,https://www.chemi-con.co.jp/en/products/detail-condenser.php?part_number=EMVY6R3ARA222MKE0S,https://www.chemi-con.co.jp/cn/products/detail-condenser.php?part_number=EMVY6R3ARA222MKE0S,https://www.chemi-con.co.jp/products/relatedfiles/capacitor/catalog/MVYRA-j.PDF,https://www.chemi-con.co.jp/products/relatedfiles/capacitor/catalog/MVYRA-e.PDF,https://www.chemi-con.co.jp/products/relatedfiles/capacitor/catalog/MVYRA-c.PDF
EMVY6R3ARA222MLH0S,"In Production",,MVY,-55,105,6.3,2200,M,16,16.5,,1260,105,100kHz,,,,,,,,,,0.054,20,100kHz,,,,0.28,20,120,,138,,,20,105,5000,DC,,,,6.7,175,,Compliant,Compliant,https://www.chemi-con.co.jp/products/detail-condenser.php?part_number=EMVY6R3ARA222MLH0S,https://www.chemi-con.co.jp/en/products/detail-condenser.php?part_number=EMVY6R3ARA222MLH0S,https://www.chemi-con.co.jp/cn/products/detail-condenser.php?part_number=EMVY6R3ARA222MLH0S,https://www.chemi-con.co.jp/products/relatedfiles/capacitor/catalog/MVYRA-j.PDF,https://www.chemi-con.co.jp/products/relatedfiles/capacitor/catalog/MVYRA-e.PDF,https://www.chemi-con.co.jp/products/relatedfiles/capacitor/catalog/MVYRA-c.PDF
EMVY6R3ARA332MKG5S,"In Production",,MVY,-55,105,6.3,3300,M,12.5,16,,950,105,100kHz,,,,,,,,,,0.06,20,100kHz,,,,0.3,20,120,,207,,,20,105,5000,DC,,,,3.3,200,,Compliant,Compliant,https://www.chemi-con.co.jp/products/detail-condenser.php?part_number=EMVY6R3ARA332MKG5S,https://www.chemi-con.co.jp/en/products/detail-condenser.php?part_number=EMVY6R3ARA332MKG5S,https://www.chemi-con.co.jp/cn/products/detail-condenser.php?part_number=EMVY6R3ARA332MKG5S,https://www.chemi-con.co.jp/products/relatedfiles/capacitor/catalog/MVYRA-j.PDF,https://www.chemi-con.co.jp/products/relatedfiles/capacitor/catalog/MVYRA-e.PDF,https://www.chemi-con.co.jp/products/relatedfiles/capacitor/catalog/MVYRA-c.PDF
EMVY6R3ARA332MMH0S,"In Production",,MVY,-55,105,6.3,3300,M,18,16.5,,1350,105,100kHz,,,,,,,,,,0.054,20,100kHz,,,,0.3,20,120,,207,,,20,105,5000,DC,,,,8.7,150,,Compliant,Compliant,https://www.chemi-con.co.jp/products/detail-condenser.php?part_number=EMVY6R3ARA332MMH0S,https://www.chemi-con.co.jp/en/products/detail-condenser.php?part_number=EMVY6R3ARA332MMH0S,https://www.chemi-con.co.jp/cn/products/detail-condenser.php?part_number=EMVY6R3ARA332MMH0S,https://www.chemi-con.co.jp/products/relatedfiles/capacitor/catalog/MVYRA-j.PDF,https://www.chemi-con.co.jp/products/relatedfiles/capacitor/catalog/MVYRA-e.PDF,https://www.chemi-con.co.jp/products/relatedfiles/capacitor/catalog/MVYRA-c.PDF
EMVY6R3ARA472MLN0S,"In Production",,MVY,-55,105,6.3,4700,M,16,21.5,,1630,105,100kHz,,,,,,,,,,0.038,20,100kHz,,,,0.32,20,120,,296,,,20,105,5000,DC,,,,7.9,125,,Compliant,Compliant,https://www.chemi-con.co.jp/products/detail-condenser.php?part_number=EMVY6R3ARA472MLN0S,https://www.chemi-con.co.jp/en/products/detail-condenser.php?part_number=EMVY6R3ARA472MLN0S,https://www.chemi-con.co.jp/cn/products/detail-condenser.php?part_number=EMVY6R3ARA472MLN0S,https://www.chemi-con.co.jp/products/relatedfiles/capacitor/catalog/MVYRA-j.PDF,https://www.chemi-con.co.jp/products/relatedfiles/capacitor/catalog/MVYRA-e.PDF,https://www.chemi-con.co.jp/products/relatedfiles/capacitor/catalog/MVYRA-c.PDF
EMVY6R3ARA472MMH0S,"In Production",,MVY,-55,105,6.3,4700,M,18,16.5,,1350,105,100kHz,,,,,,,,,,0.054,20,100kHz,,,,0.32,20,120,,296,,,20,105,5000,DC,,,,8.7,150,,Compliant,Compliant,https://www.chemi-con.co.jp/products/detail-condenser.php?part_number=EMVY6R3ARA472MMH0S,https://www.chemi-con.co.jp/en/products/detail-condenser.php?part_number=EMVY6R3ARA472MMH0S,https://www.chemi-con.co.jp/cn/products/detail-condenser.php?part_number=EMVY6R3ARA472MMH0S,https://www.chemi-con.co.jp/products/relatedfiles/capacitor/catalog/MVYRA-j.PDF,https://www.chemi-con.co.jp/products/relatedfiles/capacitor/catalog/MVYRA-e.PDF,https://www.chemi-con.co.jp/products/relatedfiles/capacitor/catalog/MVYRA-c.PDF
EMVY6R3ARA682MLN0S,"In Production",,MVY,-55,105,6.3,6800,M,16,21.5,,1630,105,100kHz,,,,,,,,,,0.038,20,100kHz,,,,0.36,20,120,,428,,,20,105,5000,DC,,,,7.9,125,,Compliant,Compliant,https://www.chemi-con.co.jp/products/detail-condenser.php?part_number=EMVY6R3ARA682MLN0S,https://www.chemi-con.co.jp/en/products/detail-condenser.php?part_number=EMVY6R3ARA682MLN0S,https://www.chemi-con.co.jp/cn/products/detail-condenser.php?part_number=EMVY6R3ARA682MLN0S,https://www.chemi-con.co.jp/products/relatedfiles/capacitor/catalog/MVYRA-j.PDF,https://www.chemi-con.co.jp/products/relatedfiles/capacitor/catalog/MVYRA-e.PDF,https://www.chemi-con.co.jp/products/relatedfiles/capacitor/catalog/MVYRA-c.PDF
EMVY6R3ARA682MMN0S,"In Production",,MVY,-55,105,6.3,6800,M,18,21.5,,1750,105,100kHz,,,,,,,,,,0.038,20,100kHz,,,,0.36,20,120,,428,,,20,105,5000,DC,,,,10.2,100,,Compliant,Compliant,https://www.chemi-con.co.jp/products/detail-condenser.php?part_number=EMVY6R3ARA682MMN0S,https://www.chemi-con.co.jp/en/products/detail-condenser.php?part_number=EMVY6R3ARA682MMN0S,https://www.chemi-con.co.jp/cn/products/detail-condenser.php?part_number=EMVY6R3ARA682MMN0S,https://www.chemi-con.co.jp/products/relatedfiles/capacitor/catalog/MVYRA-j.PDF,https://www.chemi-con.co.jp/products/relatedfiles/capacitor/catalog/MVYRA-e.PDF,https://www.chemi-con.co.jp/products/relatedfiles/capacitor/catalog/MVYRA-c.PDF
EMVY6R3ARA822MMN0S,"In Production",,MVY,-55,105,6.3,8200,M,18,21.5,,1750,105,100kHz,,,,,,,,,,0.038,20,100kHz,,,,0.4,20,120,,516,,,20,105,5000,DC,,,,10.2,100,,Compliant,Compliant,https://www.chemi-con.co.jp/products/detail-condenser.php?part_number=EMVY6R3ARA822MMN0S,https://www.chemi-con.co.jp/en/products/detail-condenser.php?part_number=EMVY6R3ARA822MMN0S,https://www.chemi-con.co.jp/cn/products/detail-condenser.php?part_number=EMVY6R3ARA822MMN0S,https://www.chemi-con.co.jp/products/relatedfiles/capacitor/catalog/MVYRA-j.PDF,https://www.chemi-con.co.jp/products/relatedfiles/capacitor/catalog/MVYRA-e.PDF,https://www.chemi-con.co.jp/products/relatedfiles/capacitor/catalog/MVYRA-c.PDF
EMVY100ARA470MF55G,"In Production",,MVY,-55,105,10,47,M,6.3,5.2,,140,105,100kHz,,,,,,,,,,1,20,100kHz,,,,0.2,20,120,,4.7,,,20,105,1000,DC,,,,0.36,1000,,Compliant,Compliant,https://www.chemi-con.co.jp/products/detail-condenser.php?part_number=EMVY100ARA470MF55G,https://www.chemi-con.co.jp/en/products/detail-condenser.php?part_number=EMVY100ARA470MF55G,https://www.chemi-con.co.jp/cn/products/detail-condenser.php?part_number=EMVY100ARA470MF55G,https://www.chemi-con.co.jp/products/relatedfiles/capacitor/catalog/MVYRA-j.PDF,https://www.chemi-con.co.jp/products/relatedfiles/capacitor/catalog/MVYRA-e.PDF,https://www.chemi-con.co.jp/products/relatedfiles/capacitor/catalog/MVYRA-c.PDF
EMVY100ARA101MF55G,"In Production",,MVY,-55,105,10,100,M,6.3,5.2,,140,105,100kHz,,,,,,,,,,1,20,100kHz,,,,0.2,20,120,,10,,,20,105,1000,DC,,,,0.36,1000,,Compliant,Compliant,https://www.chemi-con.co.jp/products/detail-condenser.php?part_number=EMVY100ARA101MF55G,https://www.chemi-con.co.jp/en/products/detail-condenser.php?part_number=EMVY100ARA101MF55G,https://www.chemi-con.co.jp/cn/products/detail-condenser.php?part_number=EMVY100ARA101MF55G,https://www.chemi-con.co.jp/products/relatedfiles/capacitor/catalog/MVYRA-j.PDF,https://www.chemi-con.co.jp/products/relatedfiles/capacitor/catalog/MVYRA-e.PDF,https://www.chemi-con.co.jp/products/relatedfiles/capacitor/catalog/MVYRA-c.PDF
EMVY100ARA221MF80G,"In Production",,MVY,-55,105,10,220,M,6.3,7.7,,280,105,100kHz,,,,,,,,,,0.34,20,100kHz,,,,0.2,20,120,,22,,,20,105,1000,DC,,,,0.53,900,,Compliant,Compliant,https://www.chemi-con.co.jp/products/detail-condenser.php?part_number=EMVY100ARA221MF80G,https://www.chemi-con.co.jp/en/products/detail-condenser.php?part_number=EMVY100ARA221MF80G,https://www.chemi-con.co.jp/cn/products/detail-condenser.php?part_number=EMVY100ARA221MF80G,https://www.chemi-con.co.jp/products/relatedfiles/capacitor/catalog/MVYRA-j.PDF,https://www.chemi-con.co.jp/products/relatedfiles/capacitor/catalog/MVYRA-e.PDF,https://www.chemi-con.co.jp/products/relatedfiles/capacitor/catalog/MVYRA-c.PDF
EMVY100ARA331MHA0G,"In Production",,MVY,-55,105,10,330,M,8,10,,450,105,100kHz,,,,,,,,,,0.3,20,100kHz,,,,0.24,20,120,,33,,,20,105,2000,DC,,,,0.96,500,,Compliant,Compliant,https://www.chemi-con.co.jp/products/detail-condenser.php?part_number=EMVY100ARA331MHA0G,https://www.chemi-con.co.jp/en/products/detail-condenser.php?part_number=EMVY100ARA331MHA0G,https://www.chemi-con.co.jp/cn/products/detail-condenser.php?part_number=EMVY100ARA331MHA0G,https://www.chemi-con.co.jp/products/relatedfiles/capacitor/catalog/MVYRA-j.PDF,https://www.chemi-con.co.jp/products/relatedfiles/capacitor/catalog/MVYRA-e.PDF,https://www.chemi-con.co.jp/products/relatedfiles/capacitor/catalog/MVYRA-c.PDF
EMVY100ARA471MHA0G,"In Production",,MVY,-55,105,10,470,M,8,10,,450,105,100kHz,,,,,,,,,,0.3,20,100kHz,,,,0.24,20,120,,47,,,20,105,2000,DC,,,,0.96,500,,Compliant,Compliant,https://www.chemi-con.co.jp/products/detail-condenser.php?part_number=EMVY100ARA471MHA0G,https://www.chemi-con.co.jp/en/products/detail-condenser.php?part_number=EMVY100ARA471MHA0G,https://www.chemi-con.co.jp/cn/products/detail-condenser.php?part_number=EMVY100ARA471MHA0G,https://www.chemi-con.co.jp/products/relatedfiles/capacitor/catalog/MVYRA-j.PDF,https://www.chemi-con.co.jp/products/relatedfiles/capacitor/catalog/MVYRA-e.PDF,https://www.chemi-con.co.jp/products/relatedfiles/capacitor/catalog/MVYRA-c.PDF
EMVY100ARA681MJA0G,"In Production",,MVY,-55,105,10,680,M,10,10,,670,105,100kHz,,,,,,,,,,0.15,20,100kHz,,,,0.24,20,120,,68,,,20,105,2000,DC,,,,1.43,500,,Compliant,Compliant,https://www.chemi-con.co.jp/products/detail-condenser.php?part_number=EMVY100ARA681MJA0G,https://www.chemi-con.co.jp/en/products/detail-condenser.php?part_number=EMVY100ARA681MJA0G,https://www.chemi-con.co.jp/cn/products/detail-condenser.php?part_number=EMVY100ARA681MJA0G,https://www.chemi-con.co.jp/products/relatedfiles/capacitor/catalog/MVYRA-j.PDF,https://www.chemi-con.co.jp/products/relatedfiles/capacitor/catalog/MVYRA-e.PDF,https://www.chemi-con.co.jp/products/relatedfiles/capacitor/catalog/MVYRA-c.PDF
EMVY100ARA102MJA0G,"In Production",,MVY,-55,105,10,1000,M,10,10,,670,105,100kHz,,,,,,,,,,0.15,20,100kHz,,,,0.24,20,120,,100,,,20,105,2000,DC,,,,1.43,500,,Compliant,Compliant,https://www.chemi-con.co.jp/products/detail-condenser.php?part_number=EMVY100ARA102MJA0G,https://www.chemi-con.co.jp/en/products/detail-condenser.php?part_number=EMVY100ARA102MJA0G,https://www.chemi-con.co.jp/cn/products/detail-condenser.php?part_number=EMVY100ARA102MJA0G,https://www.chemi-con.co.jp/products/relatedfiles/capacitor/catalog/MVYRA-j.PDF,https://www.chemi-con.co.jp/products/relatedfiles/capacitor/catalog/MVYRA-e.PDF,https://www.chemi-con.co.jp/products/relatedfiles/capacitor/catalog/MVYRA-c.PDF
EMVY100ARA222MKG5S,"In Production",,MVY,-55,105,10,2200,M,12.5,16,,950,105,100kHz,,,,,,,,,,0.06,20,100kHz,,,,0.24,20,120,,220,,,20,105,5000,DC,,,,3.3,200,,Compliant,Compliant,https://www.chemi-con.co.jp/products/detail-condenser.php?part_number=EMVY100ARA222MKG5S,https://www.chemi-con.co.jp/en/products/detail-condenser.php?part_number=EMVY100ARA222MKG5S,https://www.chemi-con.co.jp/cn/products/detail-condenser.php?part_number=EMVY100ARA222MKG5S,https://www.chemi-con.co.jp/products/relatedfiles/capacitor/catalog/MVYRA-j.PDF,https://www.chemi-con.co.jp/products/relatedfiles/capacitor/catalog/MVYRA-e.PDF,https://www.chemi-con.co.jp/products/relatedfiles/capacitor/catalog/MVYRA-c.PDF
EMVY100ARA222MLH0S,"In Production",,MVY,-55,105,10,2200,M,16,16.5,,1260,105,100kHz,,,,,,,,,,0.054,20,100kHz,,,,0.24,20,120,,220,,,20,105,5000,DC,,,,6.7,175,,Compliant,Compliant,https://www.chemi-con.co.jp/products/detail-condenser.php?part_number=EMVY100ARA222MLH0S,https://www.chemi-con.co.jp/en/products/detail-condenser.php?part_number=EMVY100ARA222MLH0S,https://www.chemi-con.co.jp/cn/products/detail-condenser.php?part_number=EMVY100ARA222MLH0S,https://www.chemi-con.co.jp/products/relatedfiles/capacitor/catalog/MVYRA-j.PDF,https://www.chemi-con.co.jp/products/relatedfiles/capacitor/catalog/MVYRA-e.PDF,https://www.chemi-con.co.jp/products/relatedfiles/capacitor/catalog/MVYRA-c.PDF
EMVY100ARA332MLH0S,"In Production",,MVY,-55,105,10,3300,M,16,16.5,,1260,105,100kHz,,,,,,,,,,0.054,20,100kHz,,,,0.26,20,120,,330,,,20,105,5000,DC,,,,6.7,175,,Compliant,Compliant,https://www.chemi-con.co.jp/products/detail-condenser.php?part_number=EMVY100ARA332MLH0S,https://www.chemi-con.co.jp/en/products/detail-condenser.php?part_number=EMVY100ARA332MLH0S,https://www.chemi-con.co.jp/cn/products/detail-condenser.php?part_number=EMVY100ARA332MLH0S,https://www.chemi-con.co.jp/products/relatedfiles/capacitor/catalog/MVYRA-j.PDF,https://www.chemi-con.co.jp/products/relatedfiles/capacitor/catalog/MVYRA-e.PDF,https://www.chemi-con.co.jp/products/relatedfiles/capacitor/catalog/MVYRA-c.PDF
EMVY100ARA332MMH0S,"In Production",,MVY,-55,105,10,3300,M,18,16.5,,1350,105,100kHz,,,,,,,,,,0.054,20,100kHz,,,,0.26,20,120,,330,,,20,105,5000,DC,,,,8.7,150,,Compliant,Compliant,https://www.chemi-con.co.jp/products/detail-condenser.php?part_number=EMVY100ARA332MMH0S,https://www.chemi-con.co.jp/en/products/detail-condenser.php?part_number=EMVY100ARA332MMH0S,https://www.chemi-con.co.jp/cn/products/detail-condenser.php?part_number=EMVY100ARA332MMH0S,https://www.chemi-con.co.jp/products/relatedfiles/capacitor/catalog/MVYRA-j.PDF,https://www.chemi-con.co.jp/products/relatedfiles/capacitor/catalog/MVYRA-e.PDF,https://www.chemi-con.co.jp/products/relatedfiles/capacitor/catalog/MVYRA-c.PDF
EMVY100ARA472MLN0S,"In Production",,MVY,-55,105,10,4700,M,16,21.5,,1630,105,100kHz,,,,,,,,,,0.038,20,100kHz,,,,0.28,20,120,,470,,,20,105,5000,DC,,,,7.9,125,,Compliant,Compliant,https://www.chemi-con.co.jp/products/detail-condenser.php?part_number=EMVY100ARA472MLN0S,https://www.chemi-con.co.jp/en/products/detail-condenser.php?part_number=EMVY100ARA472MLN0S,https://www.chemi-con.co.jp/cn/products/detail-condenser.php?part_number=EMVY100ARA472MLN0S,https://www.chemi-con.co.jp/products/relatedfiles/capacitor/catalog/MVYRA-j.PDF,https://www.chemi-con.co.jp/products/relatedfiles/capacitor/catalog/MVYRA-e.PDF,https://www.chemi-con.co.jp/products/relatedfiles/capacitor/catalog/MVYRA-c.PDF
EMVY100ARA472MMN0S,"In Production",,MVY,-55,105,10,4700,M,18,21.5,,1750,105,100kHz,,,,,,,,,,0.038,20,100kHz,,,,0.28,20,120,,470,,,20,105,5000,DC,,,,10.2,100,,Compliant,Compliant,https://www.chemi-con.co.jp/products/detail-condenser.php?part_number=EMVY100ARA472MMN0S,https://www.chemi-con.co.jp/en/products/detail-condenser.php?part_number=EMVY100ARA472MMN0S,https://www.chemi-con.co.jp/cn/products/detail-condenser.php?part_number=EMVY100ARA472MMN0S,https://www.chemi-con.co.jp/products/relatedfiles/capacitor/catalog/MVYRA-j.PDF,https://www.chemi-con.co.jp/products/relatedfiles/capacitor/catalog/MVYRA-e.PDF,https://www.chemi-con.co.jp/products/relatedfiles/capacitor/catalog/MVYRA-c.PDF
EMVY100ARA682MMN0S,"In Production",,MVY,-55,105,10,6800,M,18,21.5,,1750,105,100kHz,,,,,,,,,,0.038,20,100kHz,,,,0.32,20,120,,680,,,20,105,5000,DC,,,,10.2,100,,Compliant,Compliant,https://www.chemi-con.co.jp/products/detail-condenser.php?part_number=EMVY100ARA682MMN0S,https://www.chemi-con.co.jp/en/products/detail-condenser.php?part_number=EMVY100ARA682MMN0S,https://www.chemi-con.co.jp/cn/products/detail-condenser.php?part_number=EMVY100ARA682MMN0S,https://www.chemi-con.co.jp/products/relatedfiles/capacitor/catalog/MVYRA-j.PDF,https://www.chemi-con.co.jp/products/relatedfiles/capacitor/catalog/MVYRA-e.PDF,https://www.chemi-con.co.jp/products/relatedfiles/capacitor/catalog/MVYRA-c.PDF
EMVY160ARA330MF55G,"In Production",,MVY,-55,105,16,33,M,6.3,5.2,,140,105,100kHz,,,,,,,,,,1,20,100kHz,,,,0.16,20,120,,5.2,,,20,105,1000,DC,,,,0.36,1000,,Compliant,Compliant,https://www.chemi-con.co.jp/products/detail-condenser.php?part_number=EMVY160ARA330MF55G,https://www.chemi-con.co.jp/en/products/detail-condenser.php?part_number=EMVY160ARA330MF55G,https://www.chemi-con.co.jp/cn/products/detail-condenser.php?part_number=EMVY160ARA330MF55G,https://www.chemi-con.co.jp/products/relatedfiles/capacitor/catalog/MVYRA-j.PDF,https://www.chemi-con.co.jp/products/relatedfiles/capacitor/catalog/MVYRA-e.PDF,https://www.chemi-con.co.jp/products/relatedfiles/capacitor/catalog/MVYRA-c.PDF
EMVY160ARA470MF55G,"In Production",,MVY,-55,105,16,47,M,6.3,5.2,,140,105,100kHz,,,,,,,,,,1,20,100kHz,,,,0.16,20,120,,7.5,,,20,105,1000,DC,,,,0.36,1000,,Compliant,Compliant,https://www.chemi-con.co.jp/products/detail-condenser.php?part_number=EMVY160ARA470MF55G,https://www.chemi-con.co.jp/en/products/detail-condenser.php?part_number=EMVY160ARA470MF55G,https://www.chemi-con.co.jp/cn/products/detail-condenser.php?part_number=EMVY160ARA470MF55G,https://www.chemi-con.co.jp/products/relatedfiles/capacitor/catalog/MVYRA-j.PDF,https://www.chemi-con.co.jp/products/relatedfiles/capacitor/catalog/MVYRA-e.PDF,https://www.chemi-con.co.jp/products/relatedfiles/capacitor/catalog/MVYRA-c.PDF
EMVY160ARA101MF55G,"In Production",,MVY,-55,105,16,100,M,6.3,5.2,,140,105,100kHz,,,,,,,,,,1,20,100kHz,,,,0.16,20,120,,16,,,20,105,1000,DC,,,,0.36,1000,,Compliant,Compliant,https://www.chemi-con.co.jp/products/detail-condenser.php?part_number=EMVY160ARA101MF55G,https://www.chemi-con.co.jp/en/products/detail-condenser.php?part_number=EMVY160ARA101MF55G,https://www.chemi-con.co.jp/cn/products/detail-condenser.php?part_number=EMVY160ARA101MF55G,https://www.chemi-con.co.jp/products/relatedfiles/capacitor/catalog/MVYRA-j.PDF,https://www.chemi-con.co.jp/products/relatedfiles/capacitor/catalog/MVYRA-e.PDF,https://www.chemi-con.co.jp/products/relatedfiles/capacitor/catalog/MVYRA-c.PDF
EMVY160ARA221MF80G,"In Production",,MVY,-55,105,16,220,M,6.3,7.7,,280,105,100kHz,,,,,,,,,,0.34,20,100kHz,,,,0.16,20,120,,35.2,,,20,105,1000,DC,,,,0.53,900,,Compliant,Compliant,https://www.chemi-con.co.jp/products/detail-condenser.php?part_number=EMVY160ARA221MF80G,https://www.chemi-con.co.jp/en/products/detail-condenser.php?part_number=EMVY160ARA221MF80G,https://www.chemi-con.co.jp/cn/products/detail-condenser.php?part_number=EMVY160ARA221MF80G,https://www.chemi-con.co.jp/products/relatedfiles/capacitor/catalog/MVYRA-j.PDF,https://www.chemi-con.co.jp/products/relatedfiles/capacitor/catalog/MVYRA-e.PDF,https://www.chemi-con.co.jp/products/relatedfiles/capacitor/catalog/MVYRA-c.PDF
EMVY160ARA331MHA0G,"In Production",,MVY,-55,105,16,330,M,8,10,,450,105,100kHz,,,,,,,,,,0.3,20,100kHz,,,,0.2,20,120,,52.8,,,20,105,2000,DC,,,,0.96,500,,Compliant,Compliant,https://www.chemi-con.co.jp/products/detail-condenser.php?part_number=EMVY160ARA331MHA0G,https://www.chemi-con.co.jp/en/products/detail-condenser.php?part_number=EMVY160ARA331MHA0G,https://www.chemi-con.co.jp/cn/products/detail-condenser.php?part_number=EMVY160ARA331MHA0G,https://www.chemi-con.co.jp/products/relatedfiles/capacitor/catalog/MVYRA-j.PDF,https://www.chemi-con.co.jp/products/relatedfiles/capacitor/catalog/MVYRA-e.PDF,https://www.chemi-con.co.jp/products/relatedfiles/capacitor/catalog/MVYRA-c.PDF
EMVY160ARA471MHA0G,"In Production",,MVY,-55,105,16,470,M,8,10,,450,105,100kHz,,,,,,,,,,0.3,20,100kHz,,,,0.2,20,120,,75.2,,,20,105,2000,DC,,,,0.96,500,,Compliant,Compliant,https://www.chemi-con.co.jp/products/detail-condenser.php?part_number=EMVY160ARA471MHA0G,https://www.chemi-con.co.jp/en/products/detail-condenser.php?part_number=EMVY160ARA471MHA0G,https://www.chemi-con.co.jp/cn/products/detail-condenser.php?part_number=EMVY160ARA471MHA0G,https://www.chemi-con.co.jp/products/relatedfiles/capacitor/catalog/MVYRA-j.PDF,https://www.chemi-con.co.jp/products/relatedfiles/capacitor/catalog/MVYRA-e.PDF,https://www.chemi-con.co.jp/products/relatedfiles/capacitor/catalog/MVYRA-c.PDF
EMVY160ARA681MJA0G,"In Production",,MVY,-55,105,16,680,M,10,10,,670,105,100kHz,,,,,,,,,,0.15,20,100kHz,,,,0.2,20,120,,108,,,20,105,2000,DC,,,,1.43,500,,Compliant,Compliant,https://www.chemi-con.co.jp/products/detail-condenser.php?part_number=EMVY160ARA681MJA0G,https://www.chemi-con.co.jp/en/products/detail-condenser.php?part_number=EMVY160ARA681MJA0G,https://www.chemi-con.co.jp/cn/products/detail-condenser.php?part_number=EMVY160ARA681MJA0G,https://www.chemi-con.co.jp/products/relatedfiles/capacitor/catalog/MVYRA-j.PDF,https://www.chemi-con.co.jp/products/relatedfiles/capacitor/catalog/MVYRA-e.PDF,https://www.chemi-con.co.jp/products/relatedfiles/capacitor/catalog/MVYRA-c.PDF
EMVY160ARA102MKE0S,"In Production",,MVY,-55,105,16,1000,M,12.5,13.5,,820,105,100kHz,,,,,,,,,,0.07,20,100kHz,,,,0.18,20,120,,160,,,20,105,5000,DC,,,,2.9,250,,Compliant,Compliant,https://www.chemi-con.co.jp/products/detail-condenser.php?part_number=EMVY160ARA102MKE0S,https://www.chemi-con.co.jp/en/products/detail-condenser.php?part_number=EMVY160ARA102MKE0S,https://www.chemi-con.co.jp/cn/products/detail-condenser.php?part_number=EMVY160ARA102MKE0S,https://www.chemi-con.co.jp/products/relatedfiles/capacitor/catalog/MVYRA-j.PDF,https://www.chemi-con.co.jp/products/relatedfiles/capacitor/catalog/MVYRA-e.PDF,https://www.chemi-con.co.jp/products/relatedfiles/capacitor/catalog/MVYRA-c.PDF
EMVY160ARA102MLH0S,"In Production",,MVY,-55,105,16,1000,M,16,16.5,,1260,105,100kHz,,,,,,,,,,0.054,20,100kHz,,,,0.18,20,120,,160,,,20,105,5000,DC,,,,6.7,175,,Compliant,Compliant,https://www.chemi-con.co.jp/products/detail-condenser.php?part_number=EMVY160ARA102MLH0S,https://www.chemi-con.co.jp/en/products/detail-condenser.php?part_number=EMVY160ARA102MLH0S,https://www.chemi-con.co.jp/cn/products/detail-condenser.php?part_number=EMVY160ARA102MLH0S,https://www.chemi-con.co.jp/products/relatedfiles/capacitor/catalog/MVYRA-j.PDF,https://www.chemi-con.co.jp/products/relatedfiles/capacitor/catalog/MVYRA-e.PDF,https://www.chemi-con.co.jp/products/relatedfiles/capacitor/catalog/MVYRA-c.PDF
EMVY160ARA222MLH0S,"In Production",,MVY,-55,105,16,2200,M,16,16.5,,1260,105,100kHz,,,,,,,,,,0.054,20,100kHz,,,,0.2,20,120,,352,,,20,105,5000,DC,,,,6.7,175,,Compliant,Compliant,https://www.chemi-con.co.jp/products/detail-condenser.php?part_number=EMVY160ARA222MLH0S,https://www.chemi-con.co.jp/en/products/detail-condenser.php?part_number=EMVY160ARA222MLH0S,https://www.chemi-con.co.jp/cn/products/detail-condenser.php?part_number=EMVY160ARA222MLH0S,https://www.chemi-con.co.jp/products/relatedfiles/capacitor/catalog/MVYRA-j.PDF,https://www.chemi-con.co.jp/products/relatedfiles/capacitor/catalog/MVYRA-e.PDF,https://www.chemi-con.co.jp/products/relatedfiles/capacitor/catalog/MVYRA-c.PDF
EMVY160ARA222MMH0S,"In Production",,MVY,-55,105,16,2200,M,18,16.5,,1350,105,100kHz,,,,,,,,,,0.054,20,100kHz,,,,0.2,20,120,,352,,,20,105,5000,DC,,,,8.7,150,,Compliant,Compliant,https://www.chemi-con.co.jp/products/detail-condenser.php?part_number=EMVY160ARA222MMH0S,https://www.chemi-con.co.jp/en/products/detail-condenser.php?part_number=EMVY160ARA222MMH0S,https://www.chemi-con.co.jp/cn/products/detail-condenser.php?part_number=EMVY160ARA222MMH0S,https://www.chemi-con.co.jp/products/relatedfiles/capacitor/catalog/MVYRA-j.PDF,https://www.chemi-con.co.jp/products/relatedfiles/capacitor/catalog/MVYRA-e.PDF,https://www.chemi-con.co.jp/products/relatedfiles/capacitor/catalog/MVYRA-c.PDF
EMVY160ARA332MLN0S,"In Production",,MVY,-55,105,16,3300,M,16,21.5,,1630,105,100kHz,,,,,,,,,,0.038,20,100kHz,,,,0.22,20,120,,528,,,20,105,5000,DC,,,,7.9,125,,Compliant,Compliant,https://www.chemi-con.co.jp/products/detail-condenser.php?part_number=EMVY160ARA332MLN0S,https://www.chemi-con.co.jp/en/products/detail-condenser.php?part_number=EMVY160ARA332MLN0S,https://www.chemi-con.co.jp/cn/products/detail-condenser.php?part_number=EMVY160ARA332MLN0S,https://www.chemi-con.co.jp/products/relatedfiles/capacitor/catalog/MVYRA-j.PDF,https://www.chemi-con.co.jp/products/relatedfiles/capacitor/catalog/MVYRA-e.PDF,https://www.chemi-con.co.jp/products/relatedfiles/capacitor/catalog/MVYRA-c.PDF
EMVY160ARA332MMH0S,"In Production",,MVY,-55,105,16,3300,M,18,16.5,,1350,105,100kHz,,,,,,,,,,0.054,20,100kHz,,,,0.22,20,120,,528,,,20,105,5000,DC,,,,8.7,150,,Compliant,Compliant,https://www.chemi-con.co.jp/products/detail-condenser.php?part_number=EMVY160ARA332MMH0S,https://www.chemi-con.co.jp/en/products/detail-condenser.php?part_number=EMVY160ARA332MMH0S,https://www.chemi-con.co.jp/cn/products/detail-condenser.php?part_number=EMVY160ARA332MMH0S,https://www.chemi-con.co.jp/products/relatedfiles/capacitor/catalog/MVYRA-j.PDF,https://www.chemi-con.co.jp/products/relatedfiles/capacitor/catalog/MVYRA-e.PDF,https://www.chemi-con.co.jp/products/relatedfiles/capacitor/catalog/MVYRA-c.PDF
EMVY160ARA472MMN0S,"In Production",,MVY,-55,105,16,4700,M,18,21.5,,1750,105,100kHz,,,,,,,,,,0.038,20,100kHz,,,,0.24,20,120,,752,,,20,105,5000,DC,,,,10.2,100,,Compliant,Compliant,https://www.chemi-con.co.jp/products/detail-condenser.php?part_number=EMVY160ARA472MMN0S,https://www.chemi-con.co.jp/en/products/detail-condenser.php?part_number=EMVY160ARA472MMN0S,https://www.chemi-con.co.jp/cn/products/detail-condenser.php?part_number=EMVY160ARA472MMN0S,https://www.chemi-con.co.jp/products/relatedfiles/capacitor/catalog/MVYRA-j.PDF,https://www.chemi-con.co.jp/products/relatedfiles/capacitor/catalog/MVYRA-e.PDF,https://www.chemi-con.co.jp/products/relatedfiles/capacitor/catalog/MVYRA-c.PDF
EMVY250ARA220MF55G,"In Production",,MVY,-55,105,25,22,M,6.3,5.2,,140,105,100kHz,,,,,,,,,,1,20,100kHz,,,,0.14,20,120,,5.5,,,20,105,1000,DC,,,,0.36,1000,,Compliant,Compliant,https://www.chemi-con.co.jp/products/detail-condenser.php?part_number=EMVY250ARA220MF55G,https://www.chemi-con.co.jp/en/products/detail-condenser.php?part_number=EMVY250ARA220MF55G,https://www.chemi-con.co.jp/cn/products/detail-condenser.php?part_number=EMVY250ARA220MF55G,https://www.chemi-con.co.jp/products/relatedfiles/capacitor/catalog/MVYRA-j.PDF,https://www.chemi-con.co.jp/products/relatedfiles/capacitor/catalog/MVYRA-e.PDF,https://www.chemi-con.co.jp/products/relatedfiles/capacitor/catalog/MVYRA-c.PDF
EMVY250ARA330MF55G,"In Production",,MVY,-55,105,25,33,M,6.3,5.2,,140,105,100kHz,,,,,,,,,,1,20,100kHz,,,,0.14,20,120,,8.2,,,20,105,1000,DC,,,,0.36,1000,,Compliant,Compliant,https://www.chemi-con.co.jp/products/detail-condenser.php?part_number=EMVY250ARA330MF55G,https://www.chemi-con.co.jp/en/products/detail-condenser.php?part_number=EMVY250ARA330MF55G,https://www.chemi-con.co.jp/cn/products/detail-condenser.php?part_number=EMVY250ARA330MF55G,https://www.chemi-con.co.jp/products/relatedfiles/capacitor/catalog/MVYRA-j.PDF,https://www.chemi-con.co.jp/products/relatedfiles/capacitor/catalog/MVYRA-e.PDF,https://www.chemi-con.co.jp/products/relatedfiles/capacitor/catalog/MVYRA-c.PDF
EMVY250ARA470MF55G,"In Production",,MVY,-55,105,25,47,M,6.3,5.2,,140,105,100kHz,,,,,,,,,,1,20,100kHz,,,,0.14,20,120,,11.7,,,20,105,1000,DC,,,,0.36,1000,,Compliant,Compliant,https://www.chemi-con.co.jp/products/detail-condenser.php?part_number=EMVY250ARA470MF55G,https://www.chemi-con.co.jp/en/products/detail-condenser.php?part_number=EMVY250ARA470MF55G,https://www.chemi-con.co.jp/cn/products/detail-condenser.php?part_number=EMVY250ARA470MF55G,https://www.chemi-con.co.jp/products/relatedfiles/capacitor/catalog/MVYRA-j.PDF,https://www.chemi-con.co.jp/products/relatedfiles/capacitor/catalog/MVYRA-e.PDF,https://www.chemi-con.co.jp/products/relatedfiles/capacitor/catalog/MVYRA-c.PDF
EMVY250ARA101MF80G,"In Production",,MVY,-55,105,25,100,M,6.3,7.7,,280,105,100kHz,,,,,,,,,,0.34,20,100kHz,,,,0.14,20,120,,25,,,20,105,1000,DC,,,,0.53,900,,Compliant,Compliant,https://www.chemi-con.co.jp/products/detail-condenser.php?part_number=EMVY250ARA101MF80G,https://www.chemi-con.co.jp/en/products/detail-condenser.php?part_number=EMVY250ARA101MF80G,https://www.chemi-con.co.jp/cn/products/detail-condenser.php?part_number=EMVY250ARA101MF80G,https://www.chemi-con.co.jp/products/relatedfiles/capacitor/catalog/MVYRA-j.PDF,https://www.chemi-con.co.jp/products/relatedfiles/capacitor/catalog/MVYRA-e.PDF,https://www.chemi-con.co.jp/products/relatedfiles/capacitor/catalog/MVYRA-c.PDF
EMVY250ARA221MHA0G,"In Production",,MVY,-55,105,25,220,M,8,10,,450,105,100kHz,,,,,,,,,,0.3,20,100kHz,,,,0.16,20,120,,55,,,20,105,2000,DC,,,,0.96,500,,Compliant,Compliant,https://www.chemi-con.co.jp/products/detail-condenser.php?part_number=EMVY250ARA221MHA0G,https://www.chemi-con.co.jp/en/products/detail-condenser.php?part_number=EMVY250ARA221MHA0G,https://www.chemi-con.co.jp/cn/products/detail-condenser.php?part_number=EMVY250ARA221MHA0G,https://www.chemi-con.co.jp/products/relatedfiles/capacitor/catalog/MVYRA-j.PDF,https://www.chemi-con.co.jp/products/relatedfiles/capacitor/catalog/MVYRA-e.PDF,https://www.chemi-con.co.jp/products/relatedfiles/capacitor/catalog/MVYRA-c.PDF
EMVY250ARA331MHA0G,"In Production",,MVY,-55,105,25,330,M,8,10,,450,105,100kHz,,,,,,,,,,0.3,20,100kHz,,,,0.16,20,120,,82.5,,,20,105,2000,DC,,,,0.96,500,,Compliant,Compliant,https://www.chemi-con.co.jp/products/detail-condenser.php?part_number=EMVY250ARA331MHA0G,https://www.chemi-con.co.jp/en/products/detail-condenser.php?part_number=EMVY250ARA331MHA0G,https://www.chemi-con.co.jp/cn/products/detail-condenser.php?part_number=EMVY250ARA331MHA0G,https://www.chemi-con.co.jp/products/relatedfiles/capacitor/catalog/MVYRA-j.PDF,https://www.chemi-con.co.jp/products/relatedfiles/capacitor/catalog/MVYRA-e.PDF,https://www.chemi-con.co.jp/products/relatedfiles/capacitor/catalog/MVYRA-c.PDF
EMVY250ARA471MJA0G,"In Production",,MVY,-55,105,25,470,M,10,10,,670,105,100kHz,,,,,,,,,,0.15,20,100kHz,,,,0.16,20,120,,117,,,20,105,2000,DC,,,,1.43,500,,Compliant,Compliant,https://www.chemi-con.co.jp/products/detail-condenser.php?part_number=EMVY250ARA471MJA0G,https://www.chemi-con.co.jp/en/products/detail-condenser.php?part_number=EMVY250ARA471MJA0G,https://www.chemi-con.co.jp/cn/products/detail-condenser.php?part_number=EMVY250ARA471MJA0G,https://www.chemi-con.co.jp/products/relatedfiles/capacitor/catalog/MVYRA-j.PDF,https://www.chemi-con.co.jp/products/relatedfiles/capacitor/catalog/MVYRA-e.PDF,https://www.chemi-con.co.jp/products/relatedfiles/capacitor/catalog/MVYRA-c.PDF
EMVY250ARA102MLH0S,"In Production",,MVY,-55,105,25,1000,M,16,16.5,,1260,105,100kHz,,,,,,,,,,0.054,20,100kHz,,,,0.16,20,120,,250,,,20,105,5000,DC,,,,6.7,175,,Compliant,Compliant,https://www.chemi-con.co.jp/products/detail-condenser.php?part_number=EMVY250ARA102MLH0S,https://www.chemi-con.co.jp/en/products/detail-condenser.php?part_number=EMVY250ARA102MLH0S,https://www.chemi-con.co.jp/cn/products/detail-condenser.php?part_number=EMVY250ARA102MLH0S,https://www.chemi-con.co.jp/products/relatedfiles/capacitor/catalog/MVYRA-j.PDF,https://www.chemi-con.co.jp/products/relatedfiles/capacitor/catalog/MVYRA-e.PDF,https://www.chemi-con.co.jp/products/relatedfiles/capacitor/catalog/MVYRA-c.PDF
EMVY250ARA102MMH0S,"In Production",,MVY,-55,105,25,1000,M,18,16.5,,1350,105,100kHz,,,,,,,,,,0.054,20,100kHz,,,,0.16,20,120,,250,,,20,105,5000,DC,,,,8.7,150,,Compliant,Compliant,https://www.chemi-con.co.jp/products/detail-condenser.php?part_number=EMVY250ARA102MMH0S,https://www.chemi-con.co.jp/en/products/detail-condenser.php?part_number=EMVY250ARA102MMH0S,https://www.chemi-con.co.jp/cn/products/detail-condenser.php?part_number=EMVY250ARA102MMH0S,https://www.chemi-con.co.jp/products/relatedfiles/capacitor/catalog/MVYRA-j.PDF,https://www.chemi-con.co.jp/products/relatedfiles/capacitor/catalog/MVYRA-e.PDF,https://www.chemi-con.co.jp/products/relatedfiles/capacitor/catalog/MVYRA-c.PDF
EMVY250ARA222MLN0S,"In Production",,MVY,-55,105,25,2200,M,16,21.5,,1630,105,100kHz,,,,,,,,,,0.038,20,100kHz,,,,0.18,20,120,,550,,,20,105,5000,DC,,,,7.9,125,,Compliant,Compliant,https://www.chemi-con.co.jp/products/detail-condenser.php?part_number=EMVY250ARA222MLN0S,https://www.chemi-con.co.jp/en/products/detail-condenser.php?part_number=EMVY250ARA222MLN0S,https://www.chemi-con.co.jp/cn/products/detail-condenser.php?part_number=EMVY250ARA222MLN0S,https://www.chemi-con.co.jp/products/relatedfiles/capacitor/catalog/MVYRA-j.PDF,https://www.chemi-con.co.jp/products/relatedfiles/capacitor/catalog/MVYRA-e.PDF,https://www.chemi-con.co.jp/products/relatedfiles/capacitor/catalog/MVYRA-c.PDF
EMVY250ARA222MMN0S,"In Production",,MVY,-55,105,25,2200,M,18,21.5,,1750,105,100kHz,,,,,,,,,,0.038,20,100kHz,,,,0.18,20,120,,550,,,20,105,5000,DC,,,,10.2,100,,Compliant,Compliant,https://www.chemi-con.co.jp/products/detail-condenser.php?part_number=EMVY250ARA222MMN0S,https://www.chemi-con.co.jp/en/products/detail-condenser.php?part_number=EMVY250ARA222MMN0S,https://www.chemi-con.co.jp/cn/products/detail-condenser.php?part_number=EMVY250ARA222MMN0S,https://www.chemi-con.co.jp/products/relatedfiles/capacitor/catalog/MVYRA-j.PDF,https://www.chemi-con.co.jp/products/relatedfiles/capacitor/catalog/MVYRA-e.PDF,https://www.chemi-con.co.jp/products/relatedfiles/capacitor/catalog/MVYRA-c.PDF
EMVY250ARA332MMN0S,"In Production",,MVY,-55,105,25,3300,M,18,21.5,,1750,105,100kHz,,,,,,,,,,0.038,20,100kHz,,,,0.2,20,120,,825,,,20,105,5000,DC,,,,10.2,100,,Compliant,Compliant,https://www.chemi-con.co.jp/products/detail-condenser.php?part_number=EMVY250ARA332MMN0S,https://www.chemi-con.co.jp/en/products/detail-condenser.php?part_number=EMVY250ARA332MMN0S,https://www.chemi-con.co.jp/cn/products/detail-condenser.php?part_number=EMVY250ARA332MMN0S,https://www.chemi-con.co.jp/products/relatedfiles/capacitor/catalog/MVYRA-j.PDF,https://www.chemi-con.co.jp/products/relatedfiles/capacitor/catalog/MVYRA-e.PDF,https://www.chemi-con.co.jp/products/relatedfiles/capacitor/catalog/MVYRA-c.PDF
EMVY350ARA220MF55G,"In Production",,MVY,-55,105,35,22,M,6.3,5.2,,140,105,100kHz,,,,,,,,,,1,20,100kHz,,,,0.12,20,120,,7.7,,,20,105,1000,DC,,,,0.36,1000,,Compliant,Compliant,https://www.chemi-con.co.jp/products/detail-condenser.php?part_number=EMVY350ARA220MF55G,https://www.chemi-con.co.jp/en/products/detail-condenser.php?part_number=EMVY350ARA220MF55G,https://www.chemi-con.co.jp/cn/products/detail-condenser.php?part_number=EMVY350ARA220MF55G,https://www.chemi-con.co.jp/products/relatedfiles/capacitor/catalog/MVYRA-j.PDF,https://www.chemi-con.co.jp/products/relatedfiles/capacitor/catalog/MVYRA-e.PDF,https://www.chemi-con.co.jp/products/relatedfiles/capacitor/catalog/MVYRA-c.PDF
EMVY350ARA330MF55G,"In Production",,MVY,-55,105,35,33,M,6.3,5.2,,140,105,100kHz,,,,,,,,,,1,20,100kHz,,,,0.12,20,120,,11.5,,,20,105,1000,DC,,,,0.36,1000,,Compliant,Compliant,https://www.chemi-con.co.jp/products/detail-condenser.php?part_number=EMVY350ARA330MF55G,https://www.chemi-con.co.jp/en/products/detail-condenser.php?part_number=EMVY350ARA330MF55G,https://www.chemi-con.co.jp/cn/products/detail-condenser.php?part_number=EMVY350ARA330MF55G,https://www.chemi-con.co.jp/products/relatedfiles/capacitor/catalog/MVYRA-j.PDF,https://www.chemi-con.co.jp/products/relatedfiles/capacitor/catalog/MVYRA-e.PDF,https://www.chemi-con.co.jp/products/relatedfiles/capacitor/catalog/MVYRA-c.PDF
EMVY350ARA470MF55G,"In Production",,MVY,-55,105,35,47,M,6.3,5.2,,140,105,100kHz,,,,,,,,,,1,20,100kHz,,,,0.12,20,120,,16.4,,,20,105,1000,DC,,,,0.36,1000,,Compliant,Compliant,https://www.chemi-con.co.jp/products/detail-condenser.php?part_number=EMVY350ARA470MF55G,https://www.chemi-con.co.jp/en/products/detail-condenser.php?part_number=EMVY350ARA470MF55G,https://www.chemi-con.co.jp/cn/products/detail-condenser.php?part_number=EMVY350ARA470MF55G,https://www.chemi-con.co.jp/products/relatedfiles/capacitor/catalog/MVYRA-j.PDF,https://www.chemi-con.co.jp/products/relatedfiles/capacitor/catalog/MVYRA-e.PDF,https://www.chemi-con.co.jp/products/relatedfiles/capacitor/catalog/MVYRA-c.PDF
EMVY350ARA470MF61G,"In Production",,MVY,-55,105,35,47,M,6.3,5.8,,140,105,100kHz,,,,,,,,,,1,20,100kHz,,,,0.12,20,120,,16.4,,,20,105,1000,DC,,,,0.4,1000,,Compliant,Compliant,https://www.chemi-con.co.jp/products/detail-condenser.php?part_number=EMVY350ARA470MF61G,https://www.chemi-con.co.jp/en/products/detail-condenser.php?part_number=EMVY350ARA470MF61G,https://www.chemi-con.co.jp/cn/products/detail-condenser.php?part_number=EMVY350ARA470MF61G,https://www.chemi-con.co.jp/products/relatedfiles/capacitor/catalog/MVYRA-j.PDF,https://www.chemi-con.co.jp/products/relatedfiles/capacitor/catalog/MVYRA-e.PDF,https://www.chemi-con.co.jp/products/relatedfiles/capacitor/catalog/MVYRA-c.PDF
EMVY350ARA680MF80G,"In Production",,MVY,-55,105,35,68,M,6.3,7.7,,280,105,100kHz,,,,,,,,,,0.34,20,100kHz,,,,0.12,20,120,,23.8,,,20,105,1000,DC,,,,0.53,900,,Compliant,Compliant,https://www.chemi-con.co.jp/products/detail-condenser.php?part_number=EMVY350ARA680MF80G,https://www.chemi-con.co.jp/en/products/detail-condenser.php?part_number=EMVY350ARA680MF80G,https://www.chemi-con.co.jp/cn/products/detail-condenser.php?part_number=EMVY350ARA680MF80G,https://www.chemi-con.co.jp/products/relatedfiles/capacitor/catalog/MVYRA-j.PDF,https://www.chemi-con.co.jp/products/relatedfiles/capacitor/catalog/MVYRA-e.PDF,https://www.chemi-con.co.jp/products/relatedfiles/capacitor/catalog/MVYRA-c.PDF
EMVY350ARA101MHA0G,"In Production",,MVY,-55,105,35,100,M,8,10,,450,105,100kHz,,,,,,,,,,0.3,20,100kHz,,,,0.14,20,120,,35,,,20,105,2000,DC,,,,0.96,500,,Compliant,Compliant,https://www.chemi-con.co.jp/products/detail-condenser.php?part_number=EMVY350ARA101MHA0G,https://www.chemi-con.co.jp/en/products/detail-condenser.php?part_number=EMVY350ARA101MHA0G,https://www.chemi-con.co.jp/cn/products/detail-condenser.php?part_number=EMVY350ARA101MHA0G,https://www.chemi-con.co.jp/products/relatedfiles/capacitor/catalog/MVYRA-j.PDF,https://www.chemi-con.co.jp/products/relatedfiles/capacitor/catalog/MVYRA-e.PDF,https://www.chemi-con.co.jp/products/relatedfiles/capacitor/catalog/MVYRA-c.PDF
EMVY350ARA221MHA0G,"In Production",,MVY,-55,105,35,220,M,8,10,,450,105,100kHz,,,,,,,,,,0.3,20,100kHz,,,,0.14,20,120,,77,,,20,105,2000,DC,,,,0.96,500,,Compliant,Compliant,https://www.chemi-con.co.jp/products/detail-condenser.php?part_number=EMVY350ARA221MHA0G,https://www.chemi-con.co.jp/en/products/detail-condenser.php?part_number=EMVY350ARA221MHA0G,https://www.chemi-con.co.jp/cn/products/detail-condenser.php?part_number=EMVY350ARA221MHA0G,https://www.chemi-con.co.jp/products/relatedfiles/capacitor/catalog/MVYRA-j.PDF,https://www.chemi-con.co.jp/products/relatedfiles/capacitor/catalog/MVYRA-e.PDF,https://www.chemi-con.co.jp/products/relatedfiles/capacitor/catalog/MVYRA-c.PDF
EMVY350ARA331MJA0G,"In Production",,MVY,-55,105,35,330,M,10,10,,670,105,100kHz,,,,,,,,,,0.15,20,100kHz,,,,0.14,20,120,,115,,,20,105,2000,DC,,,,1.43,500,,Compliant,Compliant,https://www.chemi-con.co.jp/products/detail-condenser.php?part_number=EMVY350ARA331MJA0G,https://www.chemi-con.co.jp/en/products/detail-condenser.php?part_number=EMVY350ARA331MJA0G,https://www.chemi-con.co.jp/cn/products/detail-condenser.php?part_number=EMVY350ARA331MJA0G,https://www.chemi-con.co.jp/products/relatedfiles/capacitor/catalog/MVYRA-j.PDF,https://www.chemi-con.co.jp/products/relatedfiles/capacitor/catalog/MVYRA-e.PDF,https://www.chemi-con.co.jp/products/relatedfiles/capacitor/catalog/MVYRA-c.PDF
EMVY350ARA471MKE0S,"In Production",,MVY,-55,105,35,470,M,12.5,13.5,,820,105,100kHz,,,,,,,,,,0.07,20,100kHz,,,,0.14,20,120,,164,,,20,105,5000,DC,,,,2.9,250,,Compliant,Compliant,https://www.chemi-con.co.jp/products/detail-condenser.php?part_number=EMVY350ARA471MKE0S,https://www.chemi-con.co.jp/en/products/detail-condenser.php?part_number=EMVY350ARA471MKE0S,https://www.chemi-con.co.jp/cn/products/detail-condenser.php?part_number=EMVY350ARA471MKE0S,https://www.chemi-con.co.jp/products/relatedfiles/capacitor/catalog/MVYRA-j.PDF,https://www.chemi-con.co.jp/products/relatedfiles/capacitor/catalog/MVYRA-e.PDF,https://www.chemi-con.co.jp/products/relatedfiles/capacitor/catalog/MVYRA-c.PDF
EMVY350ARA471MLH0S,"In Production",,MVY,-55,105,35,470,M,16,16.5,,1260,105,100kHz,,,,,,,,,,0.054,20,100kHz,,,,0.14,20,120,,164,,,20,105,5000,DC,,,,6.7,175,,Compliant,Compliant,https://www.chemi-con.co.jp/products/detail-condenser.php?part_number=EMVY350ARA471MLH0S,https://www.chemi-con.co.jp/en/products/detail-condenser.php?part_number=EMVY350ARA471MLH0S,https://www.chemi-con.co.jp/cn/products/detail-condenser.php?part_number=EMVY350ARA471MLH0S,https://www.chemi-con.co.jp/products/relatedfiles/capacitor/catalog/MVYRA-j.PDF,https://www.chemi-con.co.jp/products/relatedfiles/capacitor/catalog/MVYRA-e.PDF,https://www.chemi-con.co.jp/products/relatedfiles/capacitor/catalog/MVYRA-c.PDF
EMVY350ARA102MLH0S,"In Production",,MVY,-55,105,35,1000,M,16,16.5,,1260,105,100kHz,,,,,,,,,,0.054,20,100kHz,,,,0.14,20,120,,350,,,20,105,5000,DC,,,,6.7,175,,Compliant,Compliant,https://www.chemi-con.co.jp/products/detail-condenser.php?part_number=EMVY350ARA102MLH0S,https://www.chemi-con.co.jp/en/products/detail-condenser.php?part_number=EMVY350ARA102MLH0S,https://www.chemi-con.co.jp/cn/products/detail-condenser.php?part_number=EMVY350ARA102MLH0S,https://www.chemi-con.co.jp/products/relatedfiles/capacitor/catalog/MVYRA-j.PDF,https://www.chemi-con.co.jp/products/relatedfiles/capacitor/catalog/MVYRA-e.PDF,https://www.chemi-con.co.jp/products/relatedfiles/capacitor/catalog/MVYRA-c.PDF
EMVY350ARA102MMH0S,"In Production",,MVY,-55,105,35,1000,M,18,16.5,,1350,105,100kHz,,,,,,,,,,0.054,20,100kHz,,,,0.14,20,120,,350,,,20,105,5000,DC,,,,8.7,150,,Compliant,Compliant,https://www.chemi-con.co.jp/products/detail-condenser.php?part_number=EMVY350ARA102MMH0S,https://www.chemi-con.co.jp/en/products/detail-condenser.php?part_number=EMVY350ARA102MMH0S,https://www.chemi-con.co.jp/cn/products/detail-condenser.php?part_number=EMVY350ARA102MMH0S,https://www.chemi-con.co.jp/products/relatedfiles/capacitor/catalog/MVYRA-j.PDF,https://www.chemi-con.co.jp/products/relatedfiles/capacitor/catalog/MVYRA-e.PDF,https://www.chemi-con.co.jp/products/relatedfiles/capacitor/catalog/MVYRA-c.PDF
EMVY350ARA222MMN0S,"In Production",,MVY,-55,105,35,2200,M,18,21.5,,1750,105,100kHz,,,,,,,,,,0.038,20,100kHz,,,,0.16,20,120,,770,,,20,105,5000,DC,,,,10.2,100,,Compliant,Compliant,https://www.chemi-con.co.jp/products/detail-condenser.php?part_number=EMVY350ARA222MMN0S,https://www.chemi-con.co.jp/en/products/detail-condenser.php?part_number=EMVY350ARA222MMN0S,https://www.chemi-con.co.jp/cn/products/detail-condenser.php?part_number=EMVY350ARA222MMN0S,https://www.chemi-con.co.jp/products/relatedfiles/capacitor/catalog/MVYRA-j.PDF,https://www.chemi-con.co.jp/products/relatedfiles/capacitor/catalog/MVYRA-e.PDF,https://www.chemi-con.co.jp/products/relatedfiles/capacitor/catalog/MVYRA-c.PDF
EMVY500ARA100MF55G,"In Production",,MVY,-55,105,50,10,M,6.3,5.2,,70,105,100kHz,,,,,,,,,,2,20,100kHz,,,,0.12,20,120,,5,,,20,105,1000,DC,,,,0.36,1000,,Compliant,Compliant,https://www.chemi-con.co.jp/products/detail-condenser.php?part_number=EMVY500ARA100MF55G,https://www.chemi-con.co.jp/en/products/detail-condenser.php?part_number=EMVY500ARA100MF55G,https://www.chemi-con.co.jp/cn/products/detail-condenser.php?part_number=EMVY500ARA100MF55G,https://www.chemi-con.co.jp/products/relatedfiles/capacitor/catalog/MVYRA-j.PDF,https://www.chemi-con.co.jp/products/relatedfiles/capacitor/catalog/MVYRA-e.PDF,https://www.chemi-con.co.jp/products/relatedfiles/capacitor/catalog/MVYRA-c.PDF
EMVY500ARA220MF55G,"In Production",,MVY,-55,105,50,22,M,6.3,5.2,,70,105,100kHz,,,,,,,,,,2,20,100kHz,,,,0.12,20,120,,11,,,20,105,1000,DC,,,,0.36,1000,,Compliant,Compliant,https://www.chemi-con.co.jp/products/detail-condenser.php?part_number=EMVY500ARA220MF55G,https://www.chemi-con.co.jp/en/products/detail-condenser.php?part_number=EMVY500ARA220MF55G,https://www.chemi-con.co.jp/cn/products/detail-condenser.php?part_number=EMVY500ARA220MF55G,https://www.chemi-con.co.jp/products/relatedfiles/capacitor/catalog/MVYRA-j.PDF,https://www.chemi-con.co.jp/products/relatedfiles/capacitor/catalog/MVYRA-e.PDF,https://www.chemi-con.co.jp/products/relatedfiles/capacitor/catalog/MVYRA-c.PDF
EMVY500ARA330MF80G,"In Production",,MVY,-55,105,50,33,M,6.3,7.7,,170,105,100kHz,,,,,,,,,,0.6,20,100kHz,,,,0.12,20,120,,16.5,,,20,105,1000,DC,,,,0.53,900,,Compliant,Compliant,https://www.chemi-con.co.jp/products/detail-condenser.php?part_number=EMVY500ARA330MF80G,https://www.chemi-con.co.jp/en/products/detail-condenser.php?part_number=EMVY500ARA330MF80G,https://www.chemi-con.co.jp/cn/products/detail-condenser.php?part_number=EMVY500ARA330MF80G,https://www.chemi-con.co.jp/products/relatedfiles/capacitor/catalog/MVYRA-j.PDF,https://www.chemi-con.co.jp/products/relatedfiles/capacitor/catalog/MVYRA-e.PDF,https://www.chemi-con.co.jp/products/relatedfiles/capacitor/catalog/MVYRA-c.PDF
EMVY500ARA470MF80G,"In Production",,MVY,-55,105,50,47,M,6.3,7.7,,170,105,100kHz,,,,,,,,,,0.6,20,100kHz,,,,0.12,20,120,,23.5,,,20,105,1000,DC,,,,0.53,900,,Compliant,Compliant,https://www.chemi-con.co.jp/products/detail-condenser.php?part_number=EMVY500ARA470MF80G,https://www.chemi-con.co.jp/en/products/detail-condenser.php?part_number=EMVY500ARA470MF80G,https://www.chemi-con.co.jp/cn/products/detail-condenser.php?part_number=EMVY500ARA470MF80G,https://www.chemi-con.co.jp/products/relatedfiles/capacitor/catalog/MVYRA-j.PDF,https://www.chemi-con.co.jp/products/relatedfiles/capacitor/catalog/MVYRA-e.PDF,https://www.chemi-con.co.jp/products/relatedfiles/capacitor/catalog/MVYRA-c.PDF
EMVY500ARA680MHA0G,"In Production",,MVY,-55,105,50,68,M,8,10,,300,105,100kHz,,,,,,,,,,0.6,20,100kHz,,,,0.12,20,120,,34,,,20,105,2000,DC,,,,0.96,500,,Compliant,Compliant,https://www.chemi-con.co.jp/products/detail-condenser.php?part_number=EMVY500ARA680MHA0G,https://www.chemi-con.co.jp/en/products/detail-condenser.php?part_number=EMVY500ARA680MHA0G,https://www.chemi-con.co.jp/cn/products/detail-condenser.php?part_number=EMVY500ARA680MHA0G,https://www.chemi-con.co.jp/products/relatedfiles/capacitor/catalog/MVYRA-j.PDF,https://www.chemi-con.co.jp/products/relatedfiles/capacitor/catalog/MVYRA-e.PDF,https://www.chemi-con.co.jp/products/relatedfiles/capacitor/catalog/MVYRA-c.PDF
EMVY500ARA101MHA0G,"In Production",,MVY,-55,105,50,100,M,8,10,,300,105,100kHz,,,,,,,,,,0.6,20,100kHz,,,,0.12,20,120,,50,,,20,105,2000,DC,,,,0.96,500,,Compliant,Compliant,https://www.chemi-con.co.jp/products/detail-condenser.php?part_number=EMVY500ARA101MHA0G,https://www.chemi-con.co.jp/en/products/detail-condenser.php?part_number=EMVY500ARA101MHA0G,https://www.chemi-con.co.jp/cn/products/detail-condenser.php?part_number=EMVY500ARA101MHA0G,https://www.chemi-con.co.jp/products/relatedfiles/capacitor/catalog/MVYRA-j.PDF,https://www.chemi-con.co.jp/products/relatedfiles/capacitor/catalog/MVYRA-e.PDF,https://www.chemi-con.co.jp/products/relatedfiles/capacitor/catalog/MVYRA-c.PDF
EMVY500ARA221MJA0G,"In Production",,MVY,-55,105,50,220,M,10,10,,500,105,100kHz,,,,,,,,,,0.3,20,100kHz,,,,0.12,20,120,,110,,,20,105,2000,DC,,,,1.43,500,,Compliant,Compliant,https://www.chemi-con.co.jp/products/detail-condenser.php?part_number=EMVY500ARA221MJA0G,https://www.chemi-con.co.jp/en/products/detail-condenser.php?part_number=EMVY500ARA221MJA0G,https://www.chemi-con.co.jp/cn/products/detail-condenser.php?part_number=EMVY500ARA221MJA0G,https://www.chemi-con.co.jp/products/relatedfiles/capacitor/catalog/MVYRA-j.PDF,https://www.chemi-con.co.jp/products/relatedfiles/capacitor/catalog/MVYRA-e.PDF,https://www.chemi-con.co.jp/products/relatedfiles/capacitor/catalog/MVYRA-c.PDF
EMVY500ARA331MKE0S,"In Production",,MVY,-55,105,50,330,M,12.5,13.5,,650,105,100kHz,,,,,,,,,,0.11,20,100kHz,,,,0.12,20,120,,165,,,20,105,5000,DC,,,,2.9,250,,Compliant,Compliant,https://www.chemi-con.co.jp/products/detail-condenser.php?part_number=EMVY500ARA331MKE0S,https://www.chemi-con.co.jp/en/products/detail-condenser.php?part_number=EMVY500ARA331MKE0S,https://www.chemi-con.co.jp/cn/products/detail-condenser.php?part_number=EMVY500ARA331MKE0S,https://www.chemi-con.co.jp/products/relatedfiles/capacitor/catalog/MVYRA-j.PDF,https://www.chemi-con.co.jp/products/relatedfiles/capacitor/catalog/MVYRA-e.PDF,https://www.chemi-con.co.jp/products/relatedfiles/capacitor/catalog/MVYRA-c.PDF
EMVY500ARA331MLH0S,"In Production",,MVY,-55,105,50,330,M,16,16.5,,900,105,100kHz,,,,,,,,,,0.087,20,100kHz,,,,0.12,20,120,,165,,,20,105,5000,DC,,,,6.7,175,,Compliant,Compliant,https://www.chemi-con.co.jp/products/detail-condenser.php?part_number=EMVY500ARA331MLH0S,https://www.chemi-con.co.jp/en/products/detail-condenser.php?part_number=EMVY500ARA331MLH0S,https://www.chemi-con.co.jp/cn/products/detail-condenser.php?part_number=EMVY500ARA331MLH0S,https://www.chemi-con.co.jp/products/relatedfiles/capacitor/catalog/MVYRA-j.PDF,https://www.chemi-con.co.jp/products/relatedfiles/capacitor/catalog/MVYRA-e.PDF,https://www.chemi-con.co.jp/products/relatedfiles/capacitor/catalog/MVYRA-c.PDF
EMVY500ARA471MLH0S,"In Production",,MVY,-55,105,50,470,M,16,16.5,,900,105,100kHz,,,,,,,,,,0.087,20,100kHz,,,,0.12,20,120,,235,,,20,105,5000,DC,,,,6.7,175,,Compliant,Compliant,https://www.chemi-con.co.jp/products/detail-condenser.php?part_number=EMVY500ARA471MLH0S,https://www.chemi-con.co.jp/en/products/detail-condenser.php?part_number=EMVY500ARA471MLH0S,https://www.chemi-con.co.jp/cn/products/detail-condenser.php?part_number=EMVY500ARA471MLH0S,https://www.chemi-con.co.jp/products/relatedfiles/capacitor/catalog/MVYRA-j.PDF,https://www.chemi-con.co.jp/products/relatedfiles/capacitor/catalog/MVYRA-e.PDF,https://www.chemi-con.co.jp/products/relatedfiles/capacitor/catalog/MVYRA-c.PDF
EMVY500ARA471MMH0S,"In Production",,MVY,-55,105,50,470,M,18,16.5,,1060,105,100kHz,,,,,,,,,,0.087,20,100kHz,,,,0.12,20,120,,235,,,20,105,5000,DC,,,,8.7,150,,Compliant,Compliant,https://www.chemi-con.co.jp/products/detail-condenser.php?part_number=EMVY500ARA471MMH0S,https://www.chemi-con.co.jp/en/products/detail-condenser.php?part_number=EMVY500ARA471MMH0S,https://www.chemi-con.co.jp/cn/products/detail-condenser.php?part_number=EMVY500ARA471MMH0S,https://www.chemi-con.co.jp/products/relatedfiles/capacitor/catalog/MVYRA-j.PDF,https://www.chemi-con.co.jp/products/relatedfiles/capacitor/catalog/MVYRA-e.PDF,https://www.chemi-con.co.jp/products/relatedfiles/capacitor/catalog/MVYRA-c.PDF
EMVY500ARA102MMN0S,"In Production",,MVY,-55,105,50,1000,M,18,21.5,,1520,105,100kHz,,,,,,,,,,0.05,20,100kHz,,,,0.12,20,120,,500,,,20,105,5000,DC,,,,10.2,100,,Compliant,Compliant,https://www.chemi-con.co.jp/products/detail-condenser.php?part_number=EMVY500ARA102MMN0S,https://www.chemi-con.co.jp/en/products/detail-condenser.php?part_number=EMVY500ARA102MMN0S,https://www.chemi-con.co.jp/cn/products/detail-condenser.php?part_number=EMVY500ARA102MMN0S,https://www.chemi-con.co.jp/products/relatedfiles/capacitor/catalog/MVYRA-j.PDF,https://www.chemi-con.co.jp/products/relatedfiles/capacitor/catalog/MVYRA-e.PDF,https://www.chemi-con.co.jp/products/relatedfiles/capacitor/catalog/MVYRA-c.PDF
EMVY630ARA680MKE0S,"In Production",,MVY,-55,105,63,68,M,12.5,13.5,,500,105,100kHz,,,,,,,,,,0.19,20,100kHz,,,,0.14,20,120,,42.8,,,20,105,5000,DC,,,,2.9,250,,Compliant,Compliant,https://www.chemi-con.co.jp/products/detail-condenser.php?part_number=EMVY630ARA680MKE0S,https://www.chemi-con.co.jp/en/products/detail-condenser.php?part_number=EMVY630ARA680MKE0S,https://www.chemi-con.co.jp/cn/products/detail-condenser.php?part_number=EMVY630ARA680MKE0S,https://www.chemi-con.co.jp/products/relatedfiles/capacitor/catalog/MVYRA-j.PDF,https://www.chemi-con.co.jp/products/relatedfiles/capacitor/catalog/MVYRA-e.PDF,https://www.chemi-con.co.jp/products/relatedfiles/capacitor/catalog/MVYRA-c.PDF
EMVY630ARA101MKE0S,"In Production",,MVY,-55,105,63,100,M,12.5,13.5,,500,105,100kHz,,,,,,,,,,0.19,20,100kHz,,,,0.14,20,120,,63,,,20,105,5000,DC,,,,2.9,250,,Compliant,Compliant,https://www.chemi-con.co.jp/products/detail-condenser.php?part_number=EMVY630ARA101MKE0S,https://www.chemi-con.co.jp/en/products/detail-condenser.php?part_number=EMVY630ARA101MKE0S,https://www.chemi-con.co.jp/cn/products/detail-condenser.php?part_number=EMVY630ARA101MKE0S,https://www.chemi-con.co.jp/products/relatedfiles/capacitor/catalog/MVYRA-j.PDF,https://www.chemi-con.co.jp/products/relatedfiles/capacitor/catalog/MVYRA-e.PDF,https://www.chemi-con.co.jp/products/relatedfiles/capacitor/catalog/MVYRA-c.PDF
EMVY630ARA221MKE0S,"In Production",,MVY,-55,105,63,220,M,12.5,13.5,,500,105,100kHz,,,,,,,,,,0.19,20,100kHz,,,,0.14,20,120,,138,,,20,105,5000,DC,,,,2.9,250,,Compliant,Compliant,https://www.chemi-con.co.jp/products/detail-condenser.php?part_number=EMVY630ARA221MKE0S,https://www.chemi-con.co.jp/en/products/detail-condenser.php?part_number=EMVY630ARA221MKE0S,https://www.chemi-con.co.jp/cn/products/detail-condenser.php?part_number=EMVY630ARA221MKE0S,https://www.chemi-con.co.jp/products/relatedfiles/capacitor/catalog/MVYRA-j.PDF,https://www.chemi-con.co.jp/products/relatedfiles/capacitor/catalog/MVYRA-e.PDF,https://www.chemi-con.co.jp/products/relatedfiles/capacitor/catalog/MVYRA-c.PDF
EMVY630ARA221MLH0S,"In Production",,MVY,-55,105,63,220,M,16,16.5,,845,105,100kHz,,,,,,,,,,0.12,20,100kHz,,,,0.14,20,120,,138,,,20,105,5000,DC,,,,6.7,175,,Compliant,Compliant,https://www.chemi-con.co.jp/products/detail-condenser.php?part_number=EMVY630ARA221MLH0S,https://www.chemi-con.co.jp/en/products/detail-condenser.php?part_number=EMVY630ARA221MLH0S,https://www.chemi-con.co.jp/cn/products/detail-condenser.php?part_number=EMVY630ARA221MLH0S,https://www.chemi-con.co.jp/products/relatedfiles/capacitor/catalog/MVYRA-j.PDF,https://www.chemi-con.co.jp/products/relatedfiles/capacitor/catalog/MVYRA-e.PDF,https://www.chemi-con.co.jp/products/relatedfiles/capacitor/catalog/MVYRA-c.PDF
EMVY630ARA331MLH0S,"In Production",,MVY,-55,105,63,330,M,16,16.5,,845,105,100kHz,,,,,,,,,,0.12,20,100kHz,,,,0.14,20,120,,207,,,20,105,5000,DC,,,,6.7,175,,Compliant,Compliant,https://www.chemi-con.co.jp/products/detail-condenser.php?part_number=EMVY630ARA331MLH0S,https://www.chemi-con.co.jp/en/products/detail-condenser.php?part_number=EMVY630ARA331MLH0S,https://www.chemi-con.co.jp/cn/products/detail-condenser.php?part_number=EMVY630ARA331MLH0S,https://www.chemi-con.co.jp/products/relatedfiles/capacitor/catalog/MVYRA-j.PDF,https://www.chemi-con.co.jp/products/relatedfiles/capacitor/catalog/MVYRA-e.PDF,https://www.chemi-con.co.jp/products/relatedfiles/capacitor/catalog/MVYRA-c.PDF
EMVY630ARA331MMH0S,"In Production",,MVY,-55,105,63,330,M,18,16.5,,905,105,100kHz,,,,,,,,,,0.12,20,100kHz,,,,0.14,20,120,,207,,,20,105,5000,DC,,,,8.7,150,,Compliant,Compliant,https://www.chemi-con.co.jp/products/detail-condenser.php?part_number=EMVY630ARA331MMH0S,https://www.chemi-con.co.jp/en/products/detail-condenser.php?part_number=EMVY630ARA331MMH0S,https://www.chemi-con.co.jp/cn/products/detail-condenser.php?part_number=EMVY630ARA331MMH0S,https://www.chemi-con.co.jp/products/relatedfiles/capacitor/catalog/MVYRA-j.PDF,https://www.chemi-con.co.jp/products/relatedfiles/capacitor/catalog/MVYRA-e.PDF,https://www.chemi-con.co.jp/products/relatedfiles/capacitor/catalog/MVYRA-c.PDF
EMVY630ARA471MLN0S,"In Production",,MVY,-55,105,63,470,M,16,21.5,,1100,105,100kHz,,,,,,,,,,0.085,20,100kHz,,,,0.14,20,120,,296,,,20,105,5000,DC,,,,7.9,125,,Compliant,Compliant,https://www.chemi-con.co.jp/products/detail-condenser.php?part_number=EMVY630ARA471MLN0S,https://www.chemi-con.co.jp/en/products/detail-condenser.php?part_number=EMVY630ARA471MLN0S,https://www.chemi-con.co.jp/cn/products/detail-condenser.php?part_number=EMVY630ARA471MLN0S,https://www.chemi-con.co.jp/products/relatedfiles/capacitor/catalog/MVYRA-j.PDF,https://www.chemi-con.co.jp/products/relatedfiles/capacitor/catalog/MVYRA-e.PDF,https://www.chemi-con.co.jp/products/relatedfiles/capacitor/catalog/MVYRA-c.PDF
EMVY630ARA471MMH0S,"In Production",,MVY,-55,105,63,470,M,18,16.5,,905,105,100kHz,,,,,,,,,,0.12,20,100kHz,,,,0.14,20,120,,296,,,20,105,5000,DC,,,,8.7,150,,Compliant,Compliant,https://www.chemi-con.co.jp/products/detail-condenser.php?part_number=EMVY630ARA471MMH0S,https://www.chemi-con.co.jp/en/products/detail-condenser.php?part_number=EMVY630ARA471MMH0S,https://www.chemi-con.co.jp/cn/products/detail-condenser.php?part_number=EMVY630ARA471MMH0S,https://www.chemi-con.co.jp/products/relatedfiles/capacitor/catalog/MVYRA-j.PDF,https://www.chemi-con.co.jp/products/relatedfiles/capacitor/catalog/MVYRA-e.PDF,https://www.chemi-con.co.jp/products/relatedfiles/capacitor/catalog/MVYRA-c.PDF
EMVY800ARA101MKE0S,"In Production",,MVY,-40,105,80,100,M,12.5,13.5,,450,105,100kHz,,,,,,,,,,0.33,20,100kHz,,,,0.1,20,120,,80,,,20,105,5000,DC,,,,2.9,250,,Compliant,Compliant,https://www.chemi-con.co.jp/products/detail-condenser.php?part_number=EMVY800ARA101MKE0S,https://www.chemi-con.co.jp/en/products/detail-condenser.php?part_number=EMVY800ARA101MKE0S,https://www.chemi-con.co.jp/cn/products/detail-condenser.php?part_number=EMVY800ARA101MKE0S,https://www.chemi-con.co.jp/products/relatedfiles/capacitor/catalog/MVYRA-j.PDF,https://www.chemi-con.co.jp/products/relatedfiles/capacitor/catalog/MVYRA-e.PDF,https://www.chemi-con.co.jp/products/relatedfiles/capacitor/catalog/MVYRA-c.PDF
EMVY800ARA221MKG5S,"In Production",,MVY,-40,105,80,220,M,12.5,16,,550,105,100kHz,,,,,,,,,,0.26,20,100kHz,,,,0.1,20,120,,176,,,20,105,5000,DC,,,,3.3,200,,Compliant,Compliant,https://www.chemi-con.co.jp/products/detail-condenser.php?part_number=EMVY800ARA221MKG5S,https://www.chemi-con.co.jp/en/products/detail-condenser.php?part_number=EMVY800ARA221MKG5S,https://www.chemi-con.co.jp/cn/products/detail-condenser.php?part_number=EMVY800ARA221MKG5S,https://www.chemi-con.co.jp/products/relatedfiles/capacitor/catalog/MVYRA-j.PDF,https://www.chemi-con.co.jp/products/relatedfiles/capacitor/catalog/MVYRA-e.PDF,https://www.chemi-con.co.jp/products/relatedfiles/capacitor/catalog/MVYRA-c.PDF
EMVY800ARA331MLN0S,"In Production",,MVY,-40,105,80,330,M,16,21.5,,900,105,100kHz,,,,,,,,,,0.16,20,100kHz,,,,0.1,20,120,,264,,,20,105,5000,DC,,,,7.9,125,,Compliant,Compliant,https://www.chemi-con.co.jp/products/detail-condenser.php?part_number=EMVY800ARA331MLN0S,https://www.chemi-con.co.jp/en/products/detail-condenser.php?part_number=EMVY800ARA331MLN0S,https://www.chemi-con.co.jp/cn/products/detail-condenser.php?part_number=EMVY800ARA331MLN0S,https://www.chemi-con.co.jp/products/relatedfiles/capacitor/catalog/MVYRA-j.PDF,https://www.chemi-con.co.jp/products/relatedfiles/capacitor/catalog/MVYRA-e.PDF,https://www.chemi-con.co.jp/products/relatedfiles/capacitor/catalog/MVYRA-c.PDF
EMVY800ARA331MMH0S,"In Production",,MVY,-40,105,80,330,M,18,16.5,,700,105,100kHz,,,,,,,,,,0.24,20,100kHz,,,,0.1,20,120,,264,,,20,105,5000,DC,,,,8.7,150,,Compliant,Compliant,https://www.chemi-con.co.jp/products/detail-condenser.php?part_number=EMVY800ARA331MMH0S,https://www.chemi-con.co.jp/en/products/detail-condenser.php?part_number=EMVY800ARA331MMH0S,https://www.chemi-con.co.jp/cn/products/detail-condenser.php?part_number=EMVY800ARA331MMH0S,https://www.chemi-con.co.jp/products/relatedfiles/capacitor/catalog/MVYRA-j.PDF,https://www.chemi-con.co.jp/products/relatedfiles/capacitor/catalog/MVYRA-e.PDF,https://www.chemi-con.co.jp/products/relatedfiles/capacitor/catalog/MVYRA-c.PDF
EMVY800ARA471MMN0S,"In Production",,MVY,-40,105,80,470,M,18,21.5,,950,105,100kHz,,,,,,,,,,0.16,20,100kHz,,,,0.1,20,120,,376,,,20,105,5000,DC,,,,10.2,100,,Compliant,Compliant,https://www.chemi-con.co.jp/products/detail-condenser.php?part_number=EMVY800ARA471MMN0S,https://www.chemi-con.co.jp/en/products/detail-condenser.php?part_number=EMVY800ARA471MMN0S,https://www.chemi-con.co.jp/cn/products/detail-condenser.php?part_number=EMVY800ARA471MMN0S,https://www.chemi-con.co.jp/products/relatedfiles/capacitor/catalog/MVYRA-j.PDF,https://www.chemi-con.co.jp/products/relatedfiles/capacitor/catalog/MVYRA-e.PDF,https://www.chemi-con.co.jp/products/relatedfiles/capacitor/catalog/MVYRA-c.PDF
EMVY101ARA470MKE0S,"In Production",,MVY,-40,105,100,47,M,12.5,13.5,,450,105,100kHz,,,,,,,,,,0.33,20,100kHz,,,,0.1,20,120,,47,,,20,105,5000,DC,,,,2.9,250,,Compliant,Compliant,https://www.chemi-con.co.jp/products/detail-condenser.php?part_number=EMVY101ARA470MKE0S,https://www.chemi-con.co.jp/en/products/detail-condenser.php?part_number=EMVY101ARA470MKE0S,https://www.chemi-con.co.jp/cn/products/detail-condenser.php?part_number=EMVY101ARA470MKE0S,https://www.chemi-con.co.jp/products/relatedfiles/capacitor/catalog/MVYRA-j.PDF,https://www.chemi-con.co.jp/products/relatedfiles/capacitor/catalog/MVYRA-e.PDF,https://www.chemi-con.co.jp/products/relatedfiles/capacitor/catalog/MVYRA-c.PDF
EMVY101ARA680MKE0S,"In Production",,MVY,-40,105,100,68,M,12.5,13.5,,450,105,100kHz,,,,,,,,,,0.33,20,100kHz,,,,0.1,20,120,,68,,,20,105,5000,DC,,,,2.9,250,,Compliant,Compliant,https://www.chemi-con.co.jp/products/detail-condenser.php?part_number=EMVY101ARA680MKE0S,https://www.chemi-con.co.jp/en/products/detail-condenser.php?part_number=EMVY101ARA680MKE0S,https://www.chemi-con.co.jp/cn/products/detail-condenser.php?part_number=EMVY101ARA680MKE0S,https://www.chemi-con.co.jp/products/relatedfiles/capacitor/catalog/MVYRA-j.PDF,https://www.chemi-con.co.jp/products/relatedfiles/capacitor/catalog/MVYRA-e.PDF,https://www.chemi-con.co.jp/products/relatedfiles/capacitor/catalog/MVYRA-c.PDF
EMVY101ARA101MKE0S,"In Production",,MVY,-40,105,100,100,M,12.5,13.5,,450,105,100kHz,,,,,,,,,,0.33,20,100kHz,,,,0.1,20,120,,100,,,20,105,5000,DC,,,,2.9,250,,Compliant,Compliant,https://www.chemi-con.co.jp/products/detail-condenser.php?part_number=EMVY101ARA101MKE0S,https://www.chemi-con.co.jp/en/products/detail-condenser.php?part_number=EMVY101ARA101MKE0S,https://www.chemi-con.co.jp/cn/products/detail-condenser.php?part_number=EMVY101ARA101MKE0S,https://www.chemi-con.co.jp/products/relatedfiles/capacitor/catalog/MVYRA-j.PDF,https://www.chemi-con.co.jp/products/relatedfiles/capacitor/catalog/MVYRA-e.PDF,https://www.chemi-con.co.jp/products/relatedfiles/capacitor/catalog/MVYRA-c.PDF
EMVY101ARA101MLH0S,"In Production",,MVY,-40,105,100,100,M,16,16.5,,650,105,100kHz,,,,,,,,,,0.24,20,100kHz,,,,0.1,20,120,,100,,,20,105,5000,DC,,,,6.7,175,,Compliant,Compliant,https://www.chemi-con.co.jp/products/detail-condenser.php?part_number=EMVY101ARA101MLH0S,https://www.chemi-con.co.jp/en/products/detail-condenser.php?part_number=EMVY101ARA101MLH0S,https://www.chemi-con.co.jp/cn/products/detail-condenser.php?part_number=EMVY101ARA101MLH0S,https://www.chemi-con.co.jp/products/relatedfiles/capacitor/catalog/MVYRA-j.PDF,https://www.chemi-con.co.jp/products/relatedfiles/capacitor/catalog/MVYRA-e.PDF,https://www.chemi-con.co.jp/products/relatedfiles/capacitor/catalog/MVYRA-c.PDF
EMVY101ARA221MLN0S,"In Production",,MVY,-40,105,100,220,M,16,21.5,,900,105,100kHz,,,,,,,,,,0.16,20,100kHz,,,,0.1,20,120,,220,,,20,105,5000,DC,,,,7.9,125,,Compliant,Compliant,https://www.chemi-con.co.jp/products/detail-condenser.php?part_number=EMVY101ARA221MLN0S,https://www.chemi-con.co.jp/en/products/detail-condenser.php?part_number=EMVY101ARA221MLN0S,https://www.chemi-con.co.jp/cn/products/detail-condenser.php?part_number=EMVY101ARA221MLN0S,https://www.chemi-con.co.jp/products/relatedfiles/capacitor/catalog/MVYRA-j.PDF,https://www.chemi-con.co.jp/products/relatedfiles/capacitor/catalog/MVYRA-e.PDF,https://www.chemi-con.co.jp/products/relatedfiles/capacitor/catalog/MVYRA-c.PDF
EMVY101ARA221MMH0S,"In Production",,MVY,-40,105,100,220,M,18,16.5,,700,105,100kHz,,,,,,,,,,0.24,20,100kHz,,,,0.1,20,120,,220,,,20,105,5000,DC,,,,8.7,150,,Compliant,Compliant,https://www.chemi-con.co.jp/products/detail-condenser.php?part_number=EMVY101ARA221MMH0S,https://www.chemi-con.co.jp/en/products/detail-condenser.php?part_number=EMVY101ARA221MMH0S,https://www.chemi-con.co.jp/cn/products/detail-condenser.php?part_number=EMVY101ARA221MMH0S,https://www.chemi-con.co.jp/products/relatedfiles/capacitor/catalog/MVYRA-j.PDF,https://www.chemi-con.co.jp/products/relatedfiles/capacitor/catalog/MVYRA-e.PDF,https://www.chemi-con.co.jp/products/relatedfiles/capacitor/catalog/MVYRA-c.PDF
EMVY101ARA331MMN0S,"In Production",,MVY,-40,105,100,330,M,18,21.5,,950,105,100kHz,,,,,,,,,,0.16,20,100kHz,,,,0.1,20,120,,330,,,20,105,5000,DC,,,,10.2,100,,Compliant,Compliant,https://www.chemi-con.co.jp/products/detail-condenser.php?part_number=EMVY101ARA331MMN0S,https://www.chemi-con.co.jp/en/products/detail-condenser.php?part_number=EMVY101ARA331MMN0S,https://www.chemi-con.co.jp/cn/products/detail-condenser.php?part_number=EMVY101ARA331MMN0S,https://www.chemi-con.co.jp/products/relatedfiles/capacitor/catalog/MVYRA-j.PDF,https://www.chemi-con.co.jp/products/relatedfiles/capacitor/catalog/MVYRA-e.PDF,https://www.chemi-con.co.jp/products/relatedfiles/capacitor/catalog/MVYRA-c.PDF
EMZR6R3ARA221ME61G,"In Production",,MZR,-55,105,6.3,220,M,5,5.8,,240,105,100kHz,,,,360,20,100kHz,,,,,,,,,,0.26,20,120,,13.8,,,20,105,2000,DC,,,,0.26,1000,,Compliant,Compliant,https://www.chemi-con.co.jp/products/detail-condenser.php?part_number=EMZR6R3ARA221ME61G,https://www.chemi-con.co.jp/en/products/detail-condenser.php?part_number=EMZR6R3ARA221ME61G,https://www.chemi-con.co.jp/cn/products/detail-condenser.php?part_number=EMZR6R3ARA221ME61G,https://www.chemi-con.co.jp/products/relatedfiles/capacitor/catalog/MZRRA-j.PDF,https://www.chemi-con.co.jp/products/relatedfiles/capacitor/catalog/MZRRA-e.PDF,https://www.chemi-con.co.jp/products/relatedfiles/capacitor/catalog/MZRRA-c.PDF
EMZR6R3ARA331MF61G,"In Production",,MZR,-55,105,6.3,330,M,6.3,5.8,,300,105,100kHz,,,,260,20,100kHz,,,,,,,,,,0.26,20,120,,20.7,,,20,105,2000,DC,,,,0.4,1000,,Compliant,Compliant,https://www.chemi-con.co.jp/products/detail-condenser.php?part_number=EMZR6R3ARA331MF61G,https://www.chemi-con.co.jp/en/products/detail-condenser.php?part_number=EMZR6R3ARA331MF61G,https://www.chemi-con.co.jp/cn/products/detail-condenser.php?part_number=EMZR6R3ARA331MF61G,https://www.chemi-con.co.jp/products/relatedfiles/capacitor/catalog/MZRRA-j.PDF,https://www.chemi-con.co.jp/products/relatedfiles/capacitor/catalog/MZRRA-e.PDF,https://www.chemi-con.co.jp/products/relatedfiles/capacitor/catalog/MZRRA-c.PDF
EMZR6R3ARA681MF80G,"In Production",,MZR,-55,105,6.3,680,M,6.3,7.7,,600,105,100kHz,,,,160,20,100kHz,,,,,,,,,,0.26,20,120,,42.8,,,20,105,2000,DC,,,,0.53,900,,Compliant,Compliant,https://www.chemi-con.co.jp/products/detail-condenser.php?part_number=EMZR6R3ARA681MF80G,https://www.chemi-con.co.jp/en/products/detail-condenser.php?part_number=EMZR6R3ARA681MF80G,https://www.chemi-con.co.jp/cn/products/detail-condenser.php?part_number=EMZR6R3ARA681MF80G,https://www.chemi-con.co.jp/products/relatedfiles/capacitor/catalog/MZRRA-j.PDF,https://www.chemi-con.co.jp/products/relatedfiles/capacitor/catalog/MZRRA-e.PDF,https://www.chemi-con.co.jp/products/relatedfiles/capacitor/catalog/MZRRA-c.PDF
EMZR6R3ARA152MHA0G,"In Production",,MZR,-55,105,6.3,1500,M,8,10,,850,105,100kHz,,,,80,20,100kHz,,,,,,,,,,0.26,20,120,,94.5,,,20,105,2000,DC,,,,0.96,500,,Compliant,Compliant,https://www.chemi-con.co.jp/products/detail-condenser.php?part_number=EMZR6R3ARA152MHA0G,https://www.chemi-con.co.jp/en/products/detail-condenser.php?part_number=EMZR6R3ARA152MHA0G,https://www.chemi-con.co.jp/cn/products/detail-condenser.php?part_number=EMZR6R3ARA152MHA0G,https://www.chemi-con.co.jp/products/relatedfiles/capacitor/catalog/MZRRA-j.PDF,https://www.chemi-con.co.jp/products/relatedfiles/capacitor/catalog/MZRRA-e.PDF,https://www.chemi-con.co.jp/products/relatedfiles/capacitor/catalog/MZRRA-c.PDF
EMZR6R3ARA222MJA0G,"In Production",,MZR,-55,105,6.3,2200,M,10,10,,1190,105,100kHz,,,,60,20,100kHz,,,,,,,,,,0.26,20,120,,138,,,20,105,2000,DC,,,,1.43,500,,Compliant,Compliant,https://www.chemi-con.co.jp/products/detail-condenser.php?part_number=EMZR6R3ARA222MJA0G,https://www.chemi-con.co.jp/en/products/detail-condenser.php?part_number=EMZR6R3ARA222MJA0G,https://www.chemi-con.co.jp/cn/products/detail-condenser.php?part_number=EMZR6R3ARA222MJA0G,https://www.chemi-con.co.jp/products/relatedfiles/capacitor/catalog/MZRRA-j.PDF,https://www.chemi-con.co.jp/products/relatedfiles/capacitor/catalog/MZRRA-e.PDF,https://www.chemi-con.co.jp/products/relatedfiles/capacitor/catalog/MZRRA-c.PDF
EMZR100ARA151ME61G,"In Production",,MZR,-55,105,10,150,M,5,5.8,,240,105,100kHz,,,,360,20,100kHz,,,,,,,,,,0.19,20,120,,15,,,20,105,2000,DC,,,,0.26,1000,,Compliant,Compliant,https://www.chemi-con.co.jp/products/detail-condenser.php?part_number=EMZR100ARA151ME61G,https://www.chemi-con.co.jp/en/products/detail-condenser.php?part_number=EMZR100ARA151ME61G,https://www.chemi-con.co.jp/cn/products/detail-condenser.php?part_number=EMZR100ARA151ME61G,https://www.chemi-con.co.jp/products/relatedfiles/capacitor/catalog/MZRRA-j.PDF,https://www.chemi-con.co.jp/products/relatedfiles/capacitor/catalog/MZRRA-e.PDF,https://www.chemi-con.co.jp/products/relatedfiles/capacitor/catalog/MZRRA-c.PDF
EMZR100ARA221MF61G,"In Production",,MZR,-55,105,10,220,M,6.3,5.8,,300,105,100kHz,,,,260,20,100kHz,,,,,,,,,,0.19,20,120,,22,,,20,105,2000,DC,,,,0.4,1000,,Compliant,Compliant,https://www.chemi-con.co.jp/products/detail-condenser.php?part_number=EMZR100ARA221MF61G,https://www.chemi-con.co.jp/en/products/detail-condenser.php?part_number=EMZR100ARA221MF61G,https://www.chemi-con.co.jp/cn/products/detail-condenser.php?part_number=EMZR100ARA221MF61G,https://www.chemi-con.co.jp/products/relatedfiles/capacitor/catalog/MZRRA-j.PDF,https://www.chemi-con.co.jp/products/relatedfiles/capacitor/catalog/MZRRA-e.PDF,https://www.chemi-con.co.jp/products/relatedfiles/capacitor/catalog/MZRRA-c.PDF
EMZR100ARA471MF80G,"In Production",,MZR,-55,105,10,470,M,6.3,7.7,,600,105,100kHz,,,,160,20,100kHz,,,,,,,,,,0.19,20,120,,47,,,20,105,2000,DC,,,,0.53,900,,Compliant,Compliant,https://www.chemi-con.co.jp/products/detail-condenser.php?part_number=EMZR100ARA471MF80G,https://www.chemi-con.co.jp/en/products/detail-condenser.php?part_number=EMZR100ARA471MF80G,https://www.chemi-con.co.jp/cn/products/detail-condenser.php?part_number=EMZR100ARA471MF80G,https://www.chemi-con.co.jp/products/relatedfiles/capacitor/catalog/MZRRA-j.PDF,https://www.chemi-con.co.jp/products/relatedfiles/capacitor/catalog/MZRRA-e.PDF,https://www.chemi-con.co.jp/products/relatedfiles/capacitor/catalog/MZRRA-c.PDF
EMZR100ARA102MHA0G,"In Production",,MZR,-55,105,10,1000,M,8,10,,850,105,100kHz,,,,80,20,100kHz,,,,,,,,,,0.19,20,120,,100,,,20,105,2000,DC,,,,0.96,500,,Compliant,Compliant,https://www.chemi-con.co.jp/products/detail-condenser.php?part_number=EMZR100ARA102MHA0G,https://www.chemi-con.co.jp/en/products/detail-condenser.php?part_number=EMZR100ARA102MHA0G,https://www.chemi-con.co.jp/cn/products/detail-condenser.php?part_number=EMZR100ARA102MHA0G,https://www.chemi-con.co.jp/products/relatedfiles/capacitor/catalog/MZRRA-j.PDF,https://www.chemi-con.co.jp/products/relatedfiles/capacitor/catalog/MZRRA-e.PDF,https://www.chemi-con.co.jp/products/relatedfiles/capacitor/catalog/MZRRA-c.PDF
EMZR100ARA152MJA0G,"In Production",,MZR,-55,105,10,1500,M,10,10,,1190,105,100kHz,,,,60,20,100kHz,,,,,,,,,,0.19,20,120,,150,,,20,105,2000,DC,,,,1.43,500,,Compliant,Compliant,https://www.chemi-con.co.jp/products/detail-condenser.php?part_number=EMZR100ARA152MJA0G,https://www.chemi-con.co.jp/en/products/detail-condenser.php?part_number=EMZR100ARA152MJA0G,https://www.chemi-con.co.jp/cn/products/detail-condenser.php?part_number=EMZR100ARA152MJA0G,https://www.chemi-con.co.jp/products/relatedfiles/capacitor/catalog/MZRRA-j.PDF,https://www.chemi-con.co.jp/products/relatedfiles/capacitor/catalog/MZRRA-e.PDF,https://www.chemi-con.co.jp/products/relatedfiles/capacitor/catalog/MZRRA-c.PDF
EMZR160ARA101ME61G,"In Production",,MZR,-55,105,16,100,M,5,5.8,,240,105,100kHz,,,,360,20,100kHz,,,,,,,,,,0.16,20,120,,16,,,20,105,2000,DC,,,,0.26,1000,,Compliant,Compliant,https://www.chemi-con.co.jp/products/detail-condenser.php?part_number=EMZR160ARA101ME61G,https://www.chemi-con.co.jp/en/products/detail-condenser.php?part_number=EMZR160ARA101ME61G,https://www.chemi-con.co.jp/cn/products/detail-condenser.php?part_number=EMZR160ARA101ME61G,https://www.chemi-con.co.jp/products/relatedfiles/capacitor/catalog/MZRRA-j.PDF,https://www.chemi-con.co.jp/products/relatedfiles/capacitor/catalog/MZRRA-e.PDF,https://www.chemi-con.co.jp/products/relatedfiles/capacitor/catalog/MZRRA-c.PDF
EMZR160ARA221MF61G,"In Production",,MZR,-55,105,16,220,M,6.3,5.8,,300,105,100kHz,,,,260,20,100kHz,,,,,,,,,,0.16,20,120,,35.2,,,20,105,2000,DC,,,,0.4,1000,,Compliant,Compliant,https://www.chemi-con.co.jp/products/detail-condenser.php?part_number=EMZR160ARA221MF61G,https://www.chemi-con.co.jp/en/products/detail-condenser.php?part_number=EMZR160ARA221MF61G,https://www.chemi-con.co.jp/cn/products/detail-condenser.php?part_number=EMZR160ARA221MF61G,https://www.chemi-con.co.jp/products/relatedfiles/capacitor/catalog/MZRRA-j.PDF,https://www.chemi-con.co.jp/products/relatedfiles/capacitor/catalog/MZRRA-e.PDF,https://www.chemi-con.co.jp/products/relatedfiles/capacitor/catalog/MZRRA-c.PDF
EMZR160ARA331MF80G,"In Production",,MZR,-55,105,16,330,M,6.3,7.7,,600,105,100kHz,,,,160,20,100kHz,,,,,,,,,,0.16,20,120,,52.8,,,20,105,2000,DC,,,,0.53,900,,Compliant,Compliant,https://www.chemi-con.co.jp/products/detail-condenser.php?part_number=EMZR160ARA331MF80G,https://www.chemi-con.co.jp/en/products/detail-condenser.php?part_number=EMZR160ARA331MF80G,https://www.chemi-con.co.jp/cn/products/detail-condenser.php?part_number=EMZR160ARA331MF80G,https://www.chemi-con.co.jp/products/relatedfiles/capacitor/catalog/MZRRA-j.PDF,https://www.chemi-con.co.jp/products/relatedfiles/capacitor/catalog/MZRRA-e.PDF,https://www.chemi-con.co.jp/products/relatedfiles/capacitor/catalog/MZRRA-c.PDF
EMZR160ARA681MHA0G,"In Production",,MZR,-55,105,16,680,M,8,10,,850,105,100kHz,,,,80,20,100kHz,,,,,,,,,,0.16,20,120,,108,,,20,105,2000,DC,,,,0.96,500,,Compliant,Compliant,https://www.chemi-con.co.jp/products/detail-condenser.php?part_number=EMZR160ARA681MHA0G,https://www.chemi-con.co.jp/en/products/detail-condenser.php?part_number=EMZR160ARA681MHA0G,https://www.chemi-con.co.jp/cn/products/detail-condenser.php?part_number=EMZR160ARA681MHA0G,https://www.chemi-con.co.jp/products/relatedfiles/capacitor/catalog/MZRRA-j.PDF,https://www.chemi-con.co.jp/products/relatedfiles/capacitor/catalog/MZRRA-e.PDF,https://www.chemi-con.co.jp/products/relatedfiles/capacitor/catalog/MZRRA-c.PDF
EMZR160ARA102MJA0G,"In Production",,MZR,-55,105,16,1000,M,10,10,,1190,105,100kHz,,,,60,20,100kHz,,,,,,,,,,0.16,20,120,,160,,,20,105,2000,DC,,,,1.43,500,,Compliant,Compliant,https://www.chemi-con.co.jp/products/detail-condenser.php?part_number=EMZR160ARA102MJA0G,https://www.chemi-con.co.jp/en/products/detail-condenser.php?part_number=EMZR160ARA102MJA0G,https://www.chemi-con.co.jp/cn/products/detail-condenser.php?part_number=EMZR160ARA102MJA0G,https://www.chemi-con.co.jp/products/relatedfiles/capacitor/catalog/MZRRA-j.PDF,https://www.chemi-con.co.jp/products/relatedfiles/capacitor/catalog/MZRRA-e.PDF,https://www.chemi-con.co.jp/products/relatedfiles/capacitor/catalog/MZRRA-c.PDF
EMZR250ARA680ME61G,"In Production",,MZR,-55,105,25,68,M,5,5.8,,240,105,100kHz,,,,360,20,100kHz,,,,,,,,,,0.14,20,120,,17,,,20,105,2000,DC,,,,0.26,1000,,Compliant,Compliant,https://www.chemi-con.co.jp/products/detail-condenser.php?part_number=EMZR250ARA680ME61G,https://www.chemi-con.co.jp/en/products/detail-condenser.php?part_number=EMZR250ARA680ME61G,https://www.chemi-con.co.jp/cn/products/detail-condenser.php?part_number=EMZR250ARA680ME61G,https://www.chemi-con.co.jp/products/relatedfiles/capacitor/catalog/MZRRA-j.PDF,https://www.chemi-con.co.jp/products/relatedfiles/capacitor/catalog/MZRRA-e.PDF,https://www.chemi-con.co.jp/products/relatedfiles/capacitor/catalog/MZRRA-c.PDF
EMZR250ARA101MF61G,"In Production",,MZR,-55,105,25,100,M,6.3,5.8,,300,105,100kHz,,,,260,20,100kHz,,,,,,,,,,0.14,20,120,,25,,,20,105,2000,DC,,,,0.4,1000,,Compliant,Compliant,https://www.chemi-con.co.jp/products/detail-condenser.php?part_number=EMZR250ARA101MF61G,https://www.chemi-con.co.jp/en/products/detail-condenser.php?part_number=EMZR250ARA101MF61G,https://www.chemi-con.co.jp/cn/products/detail-condenser.php?part_number=EMZR250ARA101MF61G,https://www.chemi-con.co.jp/products/relatedfiles/capacitor/catalog/MZRRA-j.PDF,https://www.chemi-con.co.jp/products/relatedfiles/capacitor/catalog/MZRRA-e.PDF,https://www.chemi-con.co.jp/products/relatedfiles/capacitor/catalog/MZRRA-c.PDF
EMZR250ARA221MF80G,"In Production",,MZR,-55,105,25,220,M,6.3,7.7,,600,105,100kHz,,,,160,20,100kHz,,,,,,,,,,0.14,20,120,,55,,,20,105,2000,DC,,,,0.53,900,,Compliant,Compliant,https://www.chemi-con.co.jp/products/detail-condenser.php?part_number=EMZR250ARA221MF80G,https://www.chemi-con.co.jp/en/products/detail-condenser.php?part_number=EMZR250ARA221MF80G,https://www.chemi-con.co.jp/cn/products/detail-condenser.php?part_number=EMZR250ARA221MF80G,https://www.chemi-con.co.jp/products/relatedfiles/capacitor/catalog/MZRRA-j.PDF,https://www.chemi-con.co.jp/products/relatedfiles/capacitor/catalog/MZRRA-e.PDF,https://www.chemi-con.co.jp/products/relatedfiles/capacitor/catalog/MZRRA-c.PDF
EMZR250ARA471MHA0G,"In Production",,MZR,-55,105,25,470,M,8,10,,850,105,100kHz,,,,80,20,100kHz,,,,,,,,,,0.14,20,120,,117,,,20,105,2000,DC,,,,0.96,500,,Compliant,Compliant,https://www.chemi-con.co.jp/products/detail-condenser.php?part_number=EMZR250ARA471MHA0G,https://www.chemi-con.co.jp/en/products/detail-condenser.php?part_number=EMZR250ARA471MHA0G,https://www.chemi-con.co.jp/cn/products/detail-condenser.php?part_number=EMZR250ARA471MHA0G,https://www.chemi-con.co.jp/products/relatedfiles/capacitor/catalog/MZRRA-j.PDF,https://www.chemi-con.co.jp/products/relatedfiles/capacitor/catalog/MZRRA-e.PDF,https://www.chemi-con.co.jp/products/relatedfiles/capacitor/catalog/MZRRA-c.PDF
EMZR250ARA821MJA0G,"In Production",,MZR,-55,105,25,820,M,10,10,,1190,105,100kHz,,,,60,20,100kHz,,,,,,,,,,0.14,20,120,,205,,,20,105,2000,DC,,,,1.43,500,,Compliant,Compliant,https://www.chemi-con.co.jp/products/detail-condenser.php?part_number=EMZR250ARA821MJA0G,https://www.chemi-con.co.jp/en/products/detail-condenser.php?part_number=EMZR250ARA821MJA0G,https://www.chemi-con.co.jp/cn/products/detail-condenser.php?part_number=EMZR250ARA821MJA0G,https://www.chemi-con.co.jp/products/relatedfiles/capacitor/catalog/MZRRA-j.PDF,https://www.chemi-con.co.jp/products/relatedfiles/capacitor/catalog/MZRRA-e.PDF,https://www.chemi-con.co.jp/products/relatedfiles/capacitor/catalog/MZRRA-c.PDF
EMZR350ARA470ME61G,"In Production",,MZR,-55,105,35,47,M,5,5.8,,240,105,100kHz,,,,360,20,100kHz,,,,,,,,,,0.12,20,120,,16.4,,,20,105,2000,DC,,,,0.26,1000,,Compliant,Compliant,https://www.chemi-con.co.jp/products/detail-condenser.php?part_number=EMZR350ARA470ME61G,https://www.chemi-con.co.jp/en/products/detail-condenser.php?part_number=EMZR350ARA470ME61G,https://www.chemi-con.co.jp/cn/products/detail-condenser.php?part_number=EMZR350ARA470ME61G,https://www.chemi-con.co.jp/products/relatedfiles/capacitor/catalog/MZRRA-j.PDF,https://www.chemi-con.co.jp/products/relatedfiles/capacitor/catalog/MZRRA-e.PDF,https://www.chemi-con.co.jp/products/relatedfiles/capacitor/catalog/MZRRA-c.PDF
EMZR350ARA101MF61G,"In Production",,MZR,-55,105,35,100,M,6.3,5.8,,300,105,100kHz,,,,260,20,100kHz,,,,,,,,,,0.12,20,120,,35,,,20,105,2000,DC,,,,0.4,1000,,Compliant,Compliant,https://www.chemi-con.co.jp/products/detail-condenser.php?part_number=EMZR350ARA101MF61G,https://www.chemi-con.co.jp/en/products/detail-condenser.php?part_number=EMZR350ARA101MF61G,https://www.chemi-con.co.jp/cn/products/detail-condenser.php?part_number=EMZR350ARA101MF61G,https://www.chemi-con.co.jp/products/relatedfiles/capacitor/catalog/MZRRA-j.PDF,https://www.chemi-con.co.jp/products/relatedfiles/capacitor/catalog/MZRRA-e.PDF,https://www.chemi-con.co.jp/products/relatedfiles/capacitor/catalog/MZRRA-c.PDF
EMZR350ARA151MF80G,"In Production",,MZR,-55,105,35,150,M,6.3,7.7,,600,105,100kHz,,,,160,20,100kHz,,,,,,,,,,0.12,20,120,,52.5,,,20,105,2000,DC,,,,0.53,900,,Compliant,Compliant,https://www.chemi-con.co.jp/products/detail-condenser.php?part_number=EMZR350ARA151MF80G,https://www.chemi-con.co.jp/en/products/detail-condenser.php?part_number=EMZR350ARA151MF80G,https://www.chemi-con.co.jp/cn/products/detail-condenser.php?part_number=EMZR350ARA151MF80G,https://www.chemi-con.co.jp/products/relatedfiles/capacitor/catalog/MZRRA-j.PDF,https://www.chemi-con.co.jp/products/relatedfiles/capacitor/catalog/MZRRA-e.PDF,https://www.chemi-con.co.jp/products/relatedfiles/capacitor/catalog/MZRRA-c.PDF
EMZR350ARA331MHA0G,"In Production",,MZR,-55,105,35,330,M,8,10,,850,105,100kHz,,,,80,20,100kHz,,,,,,,,,,0.12,20,120,,115,,,20,105,2000,DC,,,,0.96,500,,Compliant,Compliant,https://www.chemi-con.co.jp/products/detail-condenser.php?part_number=EMZR350ARA331MHA0G,https://www.chemi-con.co.jp/en/products/detail-condenser.php?part_number=EMZR350ARA331MHA0G,https://www.chemi-con.co.jp/cn/products/detail-condenser.php?part_number=EMZR350ARA331MHA0G,https://www.chemi-con.co.jp/products/relatedfiles/capacitor/catalog/MZRRA-j.PDF,https://www.chemi-con.co.jp/products/relatedfiles/capacitor/catalog/MZRRA-e.PDF,https://www.chemi-con.co.jp/products/relatedfiles/capacitor/catalog/MZRRA-c.PDF
EMZR350ARA561MJA0G,"In Production",,MZR,-55,105,35,560,M,10,10,,1190,105,100kHz,,,,60,20,100kHz,,,,,,,,,,0.12,20,120,,196,,,20,105,2000,DC,,,,1.43,500,,Compliant,Compliant,https://www.chemi-con.co.jp/products/detail-condenser.php?part_number=EMZR350ARA561MJA0G,https://www.chemi-con.co.jp/en/products/detail-condenser.php?part_number=EMZR350ARA561MJA0G,https://www.chemi-con.co.jp/cn/products/detail-condenser.php?part_number=EMZR350ARA561MJA0G,https://www.chemi-con.co.jp/products/relatedfiles/capacitor/catalog/MZRRA-j.PDF,https://www.chemi-con.co.jp/products/relatedfiles/capacitor/catalog/MZRRA-e.PDF,https://www.chemi-con.co.jp/products/relatedfiles/capacitor/catalog/MZRRA-c.PDF
EMZR500ARA220ME61G,"In Production",,MZR,-55,105,50,22,M,5,5.8,,165,105,100kHz,,,,880,20,100kHz,,,,,,,,,,0.1,20,120,,11,,,20,105,2000,DC,,,,0.26,1000,,Compliant,Compliant,https://www.chemi-con.co.jp/products/detail-condenser.php?part_number=EMZR500ARA220ME61G,https://www.chemi-con.co.jp/en/products/detail-condenser.php?part_number=EMZR500ARA220ME61G,https://www.chemi-con.co.jp/cn/products/detail-condenser.php?part_number=EMZR500ARA220ME61G,https://www.chemi-con.co.jp/products/relatedfiles/capacitor/catalog/MZRRA-j.PDF,https://www.chemi-con.co.jp/products/relatedfiles/capacitor/catalog/MZRRA-e.PDF,https://www.chemi-con.co.jp/products/relatedfiles/capacitor/catalog/MZRRA-c.PDF
EMZR500ARA470MF61G,"In Production",,MZR,-55,105,50,47,M,6.3,5.8,,195,105,100kHz,,,,680,20,100kHz,,,,,,,,,,0.1,20,120,,23.5,,,20,105,2000,DC,,,,0.4,1000,,Compliant,Compliant,https://www.chemi-con.co.jp/products/detail-condenser.php?part_number=EMZR500ARA470MF61G,https://www.chemi-con.co.jp/en/products/detail-condenser.php?part_number=EMZR500ARA470MF61G,https://www.chemi-con.co.jp/cn/products/detail-condenser.php?part_number=EMZR500ARA470MF61G,https://www.chemi-con.co.jp/products/relatedfiles/capacitor/catalog/MZRRA-j.PDF,https://www.chemi-con.co.jp/products/relatedfiles/capacitor/catalog/MZRRA-e.PDF,https://www.chemi-con.co.jp/products/relatedfiles/capacitor/catalog/MZRRA-c.PDF
EMZR500ARA101MF80G,"In Production",,MZR,-55,105,50,100,M,6.3,7.7,,350,105,100kHz,,,,340,20,100kHz,,,,,,,,,,0.1,20,120,,50,,,20,105,2000,DC,,,,0.53,900,,Compliant,Compliant,https://www.chemi-con.co.jp/products/detail-condenser.php?part_number=EMZR500ARA101MF80G,https://www.chemi-con.co.jp/en/products/detail-condenser.php?part_number=EMZR500ARA101MF80G,https://www.chemi-con.co.jp/cn/products/detail-condenser.php?part_number=EMZR500ARA101MF80G,https://www.chemi-con.co.jp/products/relatedfiles/capacitor/catalog/MZRRA-j.PDF,https://www.chemi-con.co.jp/products/relatedfiles/capacitor/catalog/MZRRA-e.PDF,https://www.chemi-con.co.jp/products/relatedfiles/capacitor/catalog/MZRRA-c.PDF
EMZR500ARA221MHA0G,"In Production",,MZR,-55,105,50,220,M,8,10,,670,105,100kHz,,,,180,20,100kHz,,,,,,,,,,0.1,20,120,,110,,,20,105,2000,DC,,,,0.96,500,,Compliant,Compliant,https://www.chemi-con.co.jp/products/detail-condenser.php?part_number=EMZR500ARA221MHA0G,https://www.chemi-con.co.jp/en/products/detail-condenser.php?part_number=EMZR500ARA221MHA0G,https://www.chemi-con.co.jp/cn/products/detail-condenser.php?part_number=EMZR500ARA221MHA0G,https://www.chemi-con.co.jp/products/relatedfiles/capacitor/catalog/MZRRA-j.PDF,https://www.chemi-con.co.jp/products/relatedfiles/capacitor/catalog/MZRRA-e.PDF,https://www.chemi-con.co.jp/products/relatedfiles/capacitor/catalog/MZRRA-c.PDF
EMZR500ARA331MJA0G,"In Production",,MZR,-55,105,50,330,M,10,10,,900,105,100kHz,,,,120,20,100kHz,,,,,,,,,,0.1,20,120,,165,,,20,105,2000,DC,,,,1.43,500,,Compliant,Compliant,https://www.chemi-con.co.jp/products/detail-condenser.php?part_number=EMZR500ARA331MJA0G,https://www.chemi-con.co.jp/en/products/detail-condenser.php?part_number=EMZR500ARA331MJA0G,https://www.chemi-con.co.jp/cn/products/detail-condenser.php?part_number=EMZR500ARA331MJA0G,https://www.chemi-con.co.jp/products/relatedfiles/capacitor/catalog/MZRRA-j.PDF,https://www.chemi-con.co.jp/products/relatedfiles/capacitor/catalog/MZRRA-e.PDF,https://www.chemi-con.co.jp/products/relatedfiles/capacitor/catalog/MZRRA-c.PDF
EMZJ6R3ARA101ME61G,"In Production",,MZJ,-55,105,6.3,100,M,5,5.8,,240,105,100kHz,,,,360,20,100kHz,,,,,,,,,,0.26,20,120,,6.3,,,20,105,2000,DC,,,,0.26,1000,,Compliant,Compliant,https://www.chemi-con.co.jp/products/detail-condenser.php?part_number=EMZJ6R3ARA101ME61G,https://www.chemi-con.co.jp/en/products/detail-condenser.php?part_number=EMZJ6R3ARA101ME61G,https://www.chemi-con.co.jp/cn/products/detail-condenser.php?part_number=EMZJ6R3ARA101ME61G,https://www.chemi-con.co.jp/products/relatedfiles/capacitor/catalog/MZJRA-j.PDF,https://www.chemi-con.co.jp/products/relatedfiles/capacitor/catalog/MZJRA-e.PDF,https://www.chemi-con.co.jp/products/relatedfiles/capacitor/catalog/MZJRA-c.PDF
EMZJ6R3ARA221MF61G,"In Production",,MZJ,-55,105,6.3,220,M,6.3,5.8,,300,105,100kHz,,,,260,20,100kHz,,,,,,,,,,0.26,20,120,,13.8,,,20,105,2000,DC,,,,0.4,1000,,Compliant,Compliant,https://www.chemi-con.co.jp/products/detail-condenser.php?part_number=EMZJ6R3ARA221MF61G,https://www.chemi-con.co.jp/en/products/detail-condenser.php?part_number=EMZJ6R3ARA221MF61G,https://www.chemi-con.co.jp/cn/products/detail-condenser.php?part_number=EMZJ6R3ARA221MF61G,https://www.chemi-con.co.jp/products/relatedfiles/capacitor/catalog/MZJRA-j.PDF,https://www.chemi-con.co.jp/products/relatedfiles/capacitor/catalog/MZJRA-e.PDF,https://www.chemi-con.co.jp/products/relatedfiles/capacitor/catalog/MZJRA-c.PDF
EMZJ6R3ARA331MF80G,"In Production",,MZJ,-55,105,6.3,330,M,6.3,7.7,,600,105,100kHz,,,,160,20,100kHz,,,,,,,,,,0.26,20,120,,20.7,,,20,105,2000,DC,,,,0.53,900,,Compliant,Compliant,https://www.chemi-con.co.jp/products/detail-condenser.php?part_number=EMZJ6R3ARA331MF80G,https://www.chemi-con.co.jp/en/products/detail-condenser.php?part_number=EMZJ6R3ARA331MF80G,https://www.chemi-con.co.jp/cn/products/detail-condenser.php?part_number=EMZJ6R3ARA331MF80G,https://www.chemi-con.co.jp/products/relatedfiles/capacitor/catalog/MZJRA-j.PDF,https://www.chemi-con.co.jp/products/relatedfiles/capacitor/catalog/MZJRA-e.PDF,https://www.chemi-con.co.jp/products/relatedfiles/capacitor/catalog/MZJRA-c.PDF
EMZJ6R3ARA102MHA0G,"In Production",,MZJ,-55,105,6.3,1000,M,8,10,,850,105,100kHz,,,,80,20,100kHz,,,,,,,,,,0.26,20,120,,63,,,20,105,2000,DC,,,,0.96,500,,Compliant,Compliant,https://www.chemi-con.co.jp/products/detail-condenser.php?part_number=EMZJ6R3ARA102MHA0G,https://www.chemi-con.co.jp/en/products/detail-condenser.php?part_number=EMZJ6R3ARA102MHA0G,https://www.chemi-con.co.jp/cn/products/detail-condenser.php?part_number=EMZJ6R3ARA102MHA0G,https://www.chemi-con.co.jp/products/relatedfiles/capacitor/catalog/MZJRA-j.PDF,https://www.chemi-con.co.jp/products/relatedfiles/capacitor/catalog/MZJRA-e.PDF,https://www.chemi-con.co.jp/products/relatedfiles/capacitor/catalog/MZJRA-c.PDF
EMZJ6R3ARA152MJA0G,"In Production",,MZJ,-55,105,6.3,1500,M,10,10,,1190,105,100kHz,,,,60,20,100kHz,,,,,,,,,,0.26,20,120,,94.5,,,20,105,2000,DC,,,,1.43,500,,Compliant,Compliant,https://www.chemi-con.co.jp/products/detail-condenser.php?part_number=EMZJ6R3ARA152MJA0G,https://www.chemi-con.co.jp/en/products/detail-condenser.php?part_number=EMZJ6R3ARA152MJA0G,https://www.chemi-con.co.jp/cn/products/detail-condenser.php?part_number=EMZJ6R3ARA152MJA0G,https://www.chemi-con.co.jp/products/relatedfiles/capacitor/catalog/MZJRA-j.PDF,https://www.chemi-con.co.jp/products/relatedfiles/capacitor/catalog/MZJRA-e.PDF,https://www.chemi-con.co.jp/products/relatedfiles/capacitor/catalog/MZJRA-c.PDF
EMZJ6R3ARA182MJA0G,"In Production",,MZJ,-55,105,6.3,1800,M,10,10,,1190,105,100kHz,,,,60,20,100kHz,,,,,,,,,,0.26,20,120,,113,,,20,105,2000,DC,,,,1.43,500,,Compliant,Compliant,https://www.chemi-con.co.jp/products/detail-condenser.php?part_number=EMZJ6R3ARA182MJA0G,https://www.chemi-con.co.jp/en/products/detail-condenser.php?part_number=EMZJ6R3ARA182MJA0G,https://www.chemi-con.co.jp/cn/products/detail-condenser.php?part_number=EMZJ6R3ARA182MJA0G,https://www.chemi-con.co.jp/products/relatedfiles/capacitor/catalog/MZJRA-j.PDF,https://www.chemi-con.co.jp/products/relatedfiles/capacitor/catalog/MZJRA-e.PDF,https://www.chemi-con.co.jp/products/relatedfiles/capacitor/catalog/MZJRA-c.PDF
EMZJ6R3ARA332MKE0S,"In Production",,MZJ,-55,105,6.3,3300,M,12.5,13.5,,1210,105,100kHz,,,,51,20,100kHz,,,,,,,,,,0.3,20,120,,207,,,20,105,5000,DC,,,,2.9,250,,Compliant,Compliant,https://www.chemi-con.co.jp/products/detail-condenser.php?part_number=EMZJ6R3ARA332MKE0S,https://www.chemi-con.co.jp/en/products/detail-condenser.php?part_number=EMZJ6R3ARA332MKE0S,https://www.chemi-con.co.jp/cn/products/detail-condenser.php?part_number=EMZJ6R3ARA332MKE0S,https://www.chemi-con.co.jp/products/relatedfiles/capacitor/catalog/MZJRA-j.PDF,https://www.chemi-con.co.jp/products/relatedfiles/capacitor/catalog/MZJRA-e.PDF,https://www.chemi-con.co.jp/products/relatedfiles/capacitor/catalog/MZJRA-c.PDF
EMZJ6R3ARA392MKG5S,"In Production",,MZJ,-55,105,6.3,3900,M,12.5,16,,1420,105,100kHz,,,,44,20,100kHz,,,,,,,,,,0.3,20,120,,245,,,20,105,5000,DC,,,,3.3,200,,Compliant,Compliant,https://www.chemi-con.co.jp/products/detail-condenser.php?part_number=EMZJ6R3ARA392MKG5S,https://www.chemi-con.co.jp/en/products/detail-condenser.php?part_number=EMZJ6R3ARA392MKG5S,https://www.chemi-con.co.jp/cn/products/detail-condenser.php?part_number=EMZJ6R3ARA392MKG5S,https://www.chemi-con.co.jp/products/relatedfiles/capacitor/catalog/MZJRA-j.PDF,https://www.chemi-con.co.jp/products/relatedfiles/capacitor/catalog/MZJRA-e.PDF,https://www.chemi-con.co.jp/products/relatedfiles/capacitor/catalog/MZJRA-c.PDF
EMZJ6R3ARA682MLH0S,"In Production",,MZJ,-55,105,6.3,6800,M,16,16.5,,1850,105,100kHz,,,,35,20,100kHz,,,,,,,,,,0.36,20,120,,428,,,20,105,5000,DC,,,,6.7,175,,Compliant,Compliant,https://www.chemi-con.co.jp/products/detail-condenser.php?part_number=EMZJ6R3ARA682MLH0S,https://www.chemi-con.co.jp/en/products/detail-condenser.php?part_number=EMZJ6R3ARA682MLH0S,https://www.chemi-con.co.jp/cn/products/detail-condenser.php?part_number=EMZJ6R3ARA682MLH0S,https://www.chemi-con.co.jp/products/relatedfiles/capacitor/catalog/MZJRA-j.PDF,https://www.chemi-con.co.jp/products/relatedfiles/capacitor/catalog/MZJRA-e.PDF,https://www.chemi-con.co.jp/products/relatedfiles/capacitor/catalog/MZJRA-c.PDF
EMZJ6R3ARA103MLN0S,"In Production",,MZJ,-55,105,6.3,10000,M,16,21.5,,2330,105,100kHz,,,,26,20,100kHz,,,,,,,,,,0.44,20,120,,630,,,20,105,5000,DC,,,,7.9,125,,Compliant,Compliant,https://www.chemi-con.co.jp/products/detail-condenser.php?part_number=EMZJ6R3ARA103MLN0S,https://www.chemi-con.co.jp/en/products/detail-condenser.php?part_number=EMZJ6R3ARA103MLN0S,https://www.chemi-con.co.jp/cn/products/detail-condenser.php?part_number=EMZJ6R3ARA103MLN0S,https://www.chemi-con.co.jp/products/relatedfiles/capacitor/catalog/MZJRA-j.PDF,https://www.chemi-con.co.jp/products/relatedfiles/capacitor/catalog/MZJRA-e.PDF,https://www.chemi-con.co.jp/products/relatedfiles/capacitor/catalog/MZJRA-c.PDF
EMZJ100ARA151MF61G,"In Production",,MZJ,-55,105,10,150,M,6.3,5.8,,300,105,100kHz,,,,260,20,100kHz,,,,,,,,,,0.19,20,120,,15,,,20,105,2000,DC,,,,0.4,1000,,Compliant,Compliant,https://www.chemi-con.co.jp/products/detail-condenser.php?part_number=EMZJ100ARA151MF61G,https://www.chemi-con.co.jp/en/products/detail-condenser.php?part_number=EMZJ100ARA151MF61G,https://www.chemi-con.co.jp/cn/products/detail-condenser.php?part_number=EMZJ100ARA151MF61G,https://www.chemi-con.co.jp/products/relatedfiles/capacitor/catalog/MZJRA-j.PDF,https://www.chemi-con.co.jp/products/relatedfiles/capacitor/catalog/MZJRA-e.PDF,https://www.chemi-con.co.jp/products/relatedfiles/capacitor/catalog/MZJRA-c.PDF
EMZJ100ARA681MHA0G,"In Production",,MZJ,-55,105,10,680,M,8,10,,850,105,100kHz,,,,80,20,100kHz,,,,,,,,,,0.19,20,120,,68,,,20,105,2000,DC,,,,0.96,500,,Compliant,Compliant,https://www.chemi-con.co.jp/products/detail-condenser.php?part_number=EMZJ100ARA681MHA0G,https://www.chemi-con.co.jp/en/products/detail-condenser.php?part_number=EMZJ100ARA681MHA0G,https://www.chemi-con.co.jp/cn/products/detail-condenser.php?part_number=EMZJ100ARA681MHA0G,https://www.chemi-con.co.jp/products/relatedfiles/capacitor/catalog/MZJRA-j.PDF,https://www.chemi-con.co.jp/products/relatedfiles/capacitor/catalog/MZJRA-e.PDF,https://www.chemi-con.co.jp/products/relatedfiles/capacitor/catalog/MZJRA-c.PDF
EMZJ100ARA102MJA0G,"In Production",,MZJ,-55,105,10,1000,M,10,10,,1190,105,100kHz,,,,60,20,100kHz,,,,,,,,,,0.19,20,120,,100,,,20,105,2000,DC,,,,1.43,500,,Compliant,Compliant,https://www.chemi-con.co.jp/products/detail-condenser.php?part_number=EMZJ100ARA102MJA0G,https://www.chemi-con.co.jp/en/products/detail-condenser.php?part_number=EMZJ100ARA102MJA0G,https://www.chemi-con.co.jp/cn/products/detail-condenser.php?part_number=EMZJ100ARA102MJA0G,https://www.chemi-con.co.jp/products/relatedfiles/capacitor/catalog/MZJRA-j.PDF,https://www.chemi-con.co.jp/products/relatedfiles/capacitor/catalog/MZJRA-e.PDF,https://www.chemi-con.co.jp/products/relatedfiles/capacitor/catalog/MZJRA-c.PDF
EMZJ100ARA122MJA0G,"In Production",,MZJ,-55,105,10,1200,M,10,10,,1190,105,100kHz,,,,60,20,100kHz,,,,,,,,,,0.19,20,120,,120,,,20,105,2000,DC,,,,1.43,500,,Compliant,Compliant,https://www.chemi-con.co.jp/products/detail-condenser.php?part_number=EMZJ100ARA122MJA0G,https://www.chemi-con.co.jp/en/products/detail-condenser.php?part_number=EMZJ100ARA122MJA0G,https://www.chemi-con.co.jp/cn/products/detail-condenser.php?part_number=EMZJ100ARA122MJA0G,https://www.chemi-con.co.jp/products/relatedfiles/capacitor/catalog/MZJRA-j.PDF,https://www.chemi-con.co.jp/products/relatedfiles/capacitor/catalog/MZJRA-e.PDF,https://www.chemi-con.co.jp/products/relatedfiles/capacitor/catalog/MZJRA-c.PDF
EMZJ100ARA222MKE0S,"In Production",,MZJ,-55,105,10,2200,M,12.5,13.5,,1210,105,100kHz,,,,51,20,100kHz,,,,,,,,,,0.21,20,120,,220,,,20,105,5000,DC,,,,2.9,250,,Compliant,Compliant,https://www.chemi-con.co.jp/products/detail-condenser.php?part_number=EMZJ100ARA222MKE0S,https://www.chemi-con.co.jp/en/products/detail-condenser.php?part_number=EMZJ100ARA222MKE0S,https://www.chemi-con.co.jp/cn/products/detail-condenser.php?part_number=EMZJ100ARA222MKE0S,https://www.chemi-con.co.jp/products/relatedfiles/capacitor/catalog/MZJRA-j.PDF,https://www.chemi-con.co.jp/products/relatedfiles/capacitor/catalog/MZJRA-e.PDF,https://www.chemi-con.co.jp/products/relatedfiles/capacitor/catalog/MZJRA-c.PDF
EMZJ100ARA272MKG5S,"In Production",,MZJ,-55,105,10,2700,M,12.5,16,,1420,105,100kHz,,,,44,20,100kHz,,,,,,,,,,0.21,20,120,,270,,,20,105,5000,DC,,,,3.3,200,,Compliant,Compliant,https://www.chemi-con.co.jp/products/detail-condenser.php?part_number=EMZJ100ARA272MKG5S,https://www.chemi-con.co.jp/en/products/detail-condenser.php?part_number=EMZJ100ARA272MKG5S,https://www.chemi-con.co.jp/cn/products/detail-condenser.php?part_number=EMZJ100ARA272MKG5S,https://www.chemi-con.co.jp/products/relatedfiles/capacitor/catalog/MZJRA-j.PDF,https://www.chemi-con.co.jp/products/relatedfiles/capacitor/catalog/MZJRA-e.PDF,https://www.chemi-con.co.jp/products/relatedfiles/capacitor/catalog/MZJRA-c.PDF
EMZJ100ARA472MLH0S,"In Production",,MZJ,-55,105,10,4700,M,16,16.5,,1850,105,100kHz,,,,35,20,100kHz,,,,,,,,,,0.25,20,120,,470,,,20,105,5000,DC,,,,6.7,175,,Compliant,Compliant,https://www.chemi-con.co.jp/products/detail-condenser.php?part_number=EMZJ100ARA472MLH0S,https://www.chemi-con.co.jp/en/products/detail-condenser.php?part_number=EMZJ100ARA472MLH0S,https://www.chemi-con.co.jp/cn/products/detail-condenser.php?part_number=EMZJ100ARA472MLH0S,https://www.chemi-con.co.jp/products/relatedfiles/capacitor/catalog/MZJRA-j.PDF,https://www.chemi-con.co.jp/products/relatedfiles/capacitor/catalog/MZJRA-e.PDF,https://www.chemi-con.co.jp/products/relatedfiles/capacitor/catalog/MZJRA-c.PDF
EMZJ100ARA682MLN0S,"In Production",,MZJ,-55,105,10,6800,M,16,21.5,,2330,105,100kHz,,,,26,20,100kHz,,,,,,,,,,0.29,20,120,,680,,,20,105,5000,DC,,,,7.9,125,,Compliant,Compliant,https://www.chemi-con.co.jp/products/detail-condenser.php?part_number=EMZJ100ARA682MLN0S,https://www.chemi-con.co.jp/en/products/detail-condenser.php?part_number=EMZJ100ARA682MLN0S,https://www.chemi-con.co.jp/cn/products/detail-condenser.php?part_number=EMZJ100ARA682MLN0S,https://www.chemi-con.co.jp/products/relatedfiles/capacitor/catalog/MZJRA-j.PDF,https://www.chemi-con.co.jp/products/relatedfiles/capacitor/catalog/MZJRA-e.PDF,https://www.chemi-con.co.jp/products/relatedfiles/capacitor/catalog/MZJRA-c.PDF
EMZJ160ARA470ME61G,"In Production",,MZJ,-55,105,16,47,M,5,5.8,,240,105,100kHz,,,,360,20,100kHz,,,,,,,,,,0.16,20,120,,7.5,,,20,105,2000,DC,,,,0.26,1000,,Compliant,Compliant,https://www.chemi-con.co.jp/products/detail-condenser.php?part_number=EMZJ160ARA470ME61G,https://www.chemi-con.co.jp/en/products/detail-condenser.php?part_number=EMZJ160ARA470ME61G,https://www.chemi-con.co.jp/cn/products/detail-condenser.php?part_number=EMZJ160ARA470ME61G,https://www.chemi-con.co.jp/products/relatedfiles/capacitor/catalog/MZJRA-j.PDF,https://www.chemi-con.co.jp/products/relatedfiles/capacitor/catalog/MZJRA-e.PDF,https://www.chemi-con.co.jp/products/relatedfiles/capacitor/catalog/MZJRA-c.PDF
EMZJ160ARA101MF61G,"In Production",,MZJ,-55,105,16,100,M,6.3,5.8,,300,105,100kHz,,,,260,20,100kHz,,,,,,,,,,0.16,20,120,,16,,,20,105,2000,DC,,,,0.4,1000,,Compliant,Compliant,https://www.chemi-con.co.jp/products/detail-condenser.php?part_number=EMZJ160ARA101MF61G,https://www.chemi-con.co.jp/en/products/detail-condenser.php?part_number=EMZJ160ARA101MF61G,https://www.chemi-con.co.jp/cn/products/detail-condenser.php?part_number=EMZJ160ARA101MF61G,https://www.chemi-con.co.jp/products/relatedfiles/capacitor/catalog/MZJRA-j.PDF,https://www.chemi-con.co.jp/products/relatedfiles/capacitor/catalog/MZJRA-e.PDF,https://www.chemi-con.co.jp/products/relatedfiles/capacitor/catalog/MZJRA-c.PDF
EMZJ160ARA151MF80G,"In Production",,MZJ,-55,105,16,150,M,6.3,7.7,,600,105,100kHz,,,,160,20,100kHz,,,,,,,,,,0.16,20,120,,24,,,20,105,2000,DC,,,,0.53,900,,Compliant,Compliant,https://www.chemi-con.co.jp/products/detail-condenser.php?part_number=EMZJ160ARA151MF80G,https://www.chemi-con.co.jp/en/products/detail-condenser.php?part_number=EMZJ160ARA151MF80G,https://www.chemi-con.co.jp/cn/products/detail-condenser.php?part_number=EMZJ160ARA151MF80G,https://www.chemi-con.co.jp/products/relatedfiles/capacitor/catalog/MZJRA-j.PDF,https://www.chemi-con.co.jp/products/relatedfiles/capacitor/catalog/MZJRA-e.PDF,https://www.chemi-con.co.jp/products/relatedfiles/capacitor/catalog/MZJRA-c.PDF
EMZJ160ARA221MF80G,"In Production",,MZJ,-55,105,16,220,M,6.3,7.7,,600,105,100kHz,,,,160,20,100kHz,,,,,,,,,,0.16,20,120,,35.2,,,20,105,2000,DC,,,,0.53,900,,Compliant,Compliant,https://www.chemi-con.co.jp/products/detail-condenser.php?part_number=EMZJ160ARA221MF80G,https://www.chemi-con.co.jp/en/products/detail-condenser.php?part_number=EMZJ160ARA221MF80G,https://www.chemi-con.co.jp/cn/products/detail-condenser.php?part_number=EMZJ160ARA221MF80G,https://www.chemi-con.co.jp/products/relatedfiles/capacitor/catalog/MZJRA-j.PDF,https://www.chemi-con.co.jp/products/relatedfiles/capacitor/catalog/MZJRA-e.PDF,https://www.chemi-con.co.jp/products/relatedfiles/capacitor/catalog/MZJRA-c.PDF
EMZJ160ARA471MHA0G,"In Production",,MZJ,-55,105,16,470,M,8,10,,850,105,100kHz,,,,80,20,100kHz,,,,,,,,,,0.16,20,120,,75.2,,,20,105,2000,DC,,,,0.96,500,,Compliant,Compliant,https://www.chemi-con.co.jp/products/detail-condenser.php?part_number=EMZJ160ARA471MHA0G,https://www.chemi-con.co.jp/en/products/detail-condenser.php?part_number=EMZJ160ARA471MHA0G,https://www.chemi-con.co.jp/cn/products/detail-condenser.php?part_number=EMZJ160ARA471MHA0G,https://www.chemi-con.co.jp/products/relatedfiles/capacitor/catalog/MZJRA-j.PDF,https://www.chemi-con.co.jp/products/relatedfiles/capacitor/catalog/MZJRA-e.PDF,https://www.chemi-con.co.jp/products/relatedfiles/capacitor/catalog/MZJRA-c.PDF
EMZJ160ARA681MJA0G,"In Production",,MZJ,-55,105,16,680,M,10,10,,1190,105,100kHz,,,,60,20,100kHz,,,,,,,,,,0.16,20,120,,108,,,20,105,2000,DC,,,,1.43,500,,Compliant,Compliant,https://www.chemi-con.co.jp/products/detail-condenser.php?part_number=EMZJ160ARA681MJA0G,https://www.chemi-con.co.jp/en/products/detail-condenser.php?part_number=EMZJ160ARA681MJA0G,https://www.chemi-con.co.jp/cn/products/detail-condenser.php?part_number=EMZJ160ARA681MJA0G,https://www.chemi-con.co.jp/products/relatedfiles/capacitor/catalog/MZJRA-j.PDF,https://www.chemi-con.co.jp/products/relatedfiles/capacitor/catalog/MZJRA-e.PDF,https://www.chemi-con.co.jp/products/relatedfiles/capacitor/catalog/MZJRA-c.PDF
EMZJ160ARA821MJA0G,"In Production",,MZJ,-55,105,16,820,M,10,10,,1190,105,100kHz,,,,60,20,100kHz,,,,,,,,,,0.16,20,120,,131,,,20,105,2000,DC,,,,1.43,500,,Compliant,Compliant,https://www.chemi-con.co.jp/products/detail-condenser.php?part_number=EMZJ160ARA821MJA0G,https://www.chemi-con.co.jp/en/products/detail-condenser.php?part_number=EMZJ160ARA821MJA0G,https://www.chemi-con.co.jp/cn/products/detail-condenser.php?part_number=EMZJ160ARA821MJA0G,https://www.chemi-con.co.jp/products/relatedfiles/capacitor/catalog/MZJRA-j.PDF,https://www.chemi-con.co.jp/products/relatedfiles/capacitor/catalog/MZJRA-e.PDF,https://www.chemi-con.co.jp/products/relatedfiles/capacitor/catalog/MZJRA-c.PDF
EMZJ160ARA182MKE0S,"In Production",,MZJ,-55,105,16,1800,M,12.5,13.5,,1210,105,100kHz,,,,51,20,100kHz,,,,,,,,,,0.16,20,120,,288,,,20,105,5000,DC,,,,2.9,250,,Compliant,Compliant,https://www.chemi-con.co.jp/products/detail-condenser.php?part_number=EMZJ160ARA182MKE0S,https://www.chemi-con.co.jp/en/products/detail-condenser.php?part_number=EMZJ160ARA182MKE0S,https://www.chemi-con.co.jp/cn/products/detail-condenser.php?part_number=EMZJ160ARA182MKE0S,https://www.chemi-con.co.jp/products/relatedfiles/capacitor/catalog/MZJRA-j.PDF,https://www.chemi-con.co.jp/products/relatedfiles/capacitor/catalog/MZJRA-e.PDF,https://www.chemi-con.co.jp/products/relatedfiles/capacitor/catalog/MZJRA-c.PDF
EMZJ160ARA222MKG5S,"In Production",,MZJ,-55,105,16,2200,M,12.5,16,,1420,105,100kHz,,,,44,20,100kHz,,,,,,,,,,0.18,20,120,,352,,,20,105,5000,DC,,,,3.3,200,,Compliant,Compliant,https://www.chemi-con.co.jp/products/detail-condenser.php?part_number=EMZJ160ARA222MKG5S,https://www.chemi-con.co.jp/en/products/detail-condenser.php?part_number=EMZJ160ARA222MKG5S,https://www.chemi-con.co.jp/cn/products/detail-condenser.php?part_number=EMZJ160ARA222MKG5S,https://www.chemi-con.co.jp/products/relatedfiles/capacitor/catalog/MZJRA-j.PDF,https://www.chemi-con.co.jp/products/relatedfiles/capacitor/catalog/MZJRA-e.PDF,https://www.chemi-con.co.jp/products/relatedfiles/capacitor/catalog/MZJRA-c.PDF
EMZJ160ARA392MLH0S,"In Production",,MZJ,-55,105,16,3900,M,16,16.5,,1850,105,100kHz,,,,35,20,100kHz,,,,,,,,,,0.2,20,120,,624,,,20,105,5000,DC,,,,6.7,175,,Compliant,Compliant,https://www.chemi-con.co.jp/products/detail-condenser.php?part_number=EMZJ160ARA392MLH0S,https://www.chemi-con.co.jp/en/products/detail-condenser.php?part_number=EMZJ160ARA392MLH0S,https://www.chemi-con.co.jp/cn/products/detail-condenser.php?part_number=EMZJ160ARA392MLH0S,https://www.chemi-con.co.jp/products/relatedfiles/capacitor/catalog/MZJRA-j.PDF,https://www.chemi-con.co.jp/products/relatedfiles/capacitor/catalog/MZJRA-e.PDF,https://www.chemi-con.co.jp/products/relatedfiles/capacitor/catalog/MZJRA-c.PDF
EMZJ160ARA562MLN0S,"In Production",,MZJ,-55,105,16,5600,M,16,21.5,,2330,105,100kHz,,,,26,20,100kHz,,,,,,,,,,0.24,20,120,,896,,,20,105,5000,DC,,,,7.9,125,,Compliant,Compliant,https://www.chemi-con.co.jp/products/detail-condenser.php?part_number=EMZJ160ARA562MLN0S,https://www.chemi-con.co.jp/en/products/detail-condenser.php?part_number=EMZJ160ARA562MLN0S,https://www.chemi-con.co.jp/cn/products/detail-condenser.php?part_number=EMZJ160ARA562MLN0S,https://www.chemi-con.co.jp/products/relatedfiles/capacitor/catalog/MZJRA-j.PDF,https://www.chemi-con.co.jp/products/relatedfiles/capacitor/catalog/MZJRA-e.PDF,https://www.chemi-con.co.jp/products/relatedfiles/capacitor/catalog/MZJRA-c.PDF
EMZJ250ARA220ME61G,"In Production",,MZJ,-55,105,25,22,M,5,5.8,,240,105,100kHz,,,,360,20,100kHz,,,,,,,,,,0.14,20,120,,5.5,,,20,105,2000,DC,,,,0.26,1000,,Compliant,Compliant,https://www.chemi-con.co.jp/products/detail-condenser.php?part_number=EMZJ250ARA220ME61G,https://www.chemi-con.co.jp/en/products/detail-condenser.php?part_number=EMZJ250ARA220ME61G,https://www.chemi-con.co.jp/cn/products/detail-condenser.php?part_number=EMZJ250ARA220ME61G,https://www.chemi-con.co.jp/products/relatedfiles/capacitor/catalog/MZJRA-j.PDF,https://www.chemi-con.co.jp/products/relatedfiles/capacitor/catalog/MZJRA-e.PDF,https://www.chemi-con.co.jp/products/relatedfiles/capacitor/catalog/MZJRA-c.PDF
EMZJ250ARA330ME61G,"In Production",,MZJ,-55,105,25,33,M,5,5.8,,240,105,100kHz,,,,360,20,100kHz,,,,,,,,,,0.14,20,120,,8.2,,,20,105,2000,DC,,,,0.26,1000,,Compliant,Compliant,https://www.chemi-con.co.jp/products/detail-condenser.php?part_number=EMZJ250ARA330ME61G,https://www.chemi-con.co.jp/en/products/detail-condenser.php?part_number=EMZJ250ARA330ME61G,https://www.chemi-con.co.jp/cn/products/detail-condenser.php?part_number=EMZJ250ARA330ME61G,https://www.chemi-con.co.jp/products/relatedfiles/capacitor/catalog/MZJRA-j.PDF,https://www.chemi-con.co.jp/products/relatedfiles/capacitor/catalog/MZJRA-e.PDF,https://www.chemi-con.co.jp/products/relatedfiles/capacitor/catalog/MZJRA-c.PDF
EMZJ250ARA330MF61G,"In Production",,MZJ,-55,105,25,33,M,6.3,5.8,,300,105,100kHz,,,,260,20,100kHz,,,,,,,,,,0.14,20,120,,8.2,,,20,105,2000,DC,,,,0.4,1000,,Compliant,Compliant,https://www.chemi-con.co.jp/products/detail-condenser.php?part_number=EMZJ250ARA330MF61G,https://www.chemi-con.co.jp/en/products/detail-condenser.php?part_number=EMZJ250ARA330MF61G,https://www.chemi-con.co.jp/cn/products/detail-condenser.php?part_number=EMZJ250ARA330MF61G,https://www.chemi-con.co.jp/products/relatedfiles/capacitor/catalog/MZJRA-j.PDF,https://www.chemi-con.co.jp/products/relatedfiles/capacitor/catalog/MZJRA-e.PDF,https://www.chemi-con.co.jp/products/relatedfiles/capacitor/catalog/MZJRA-c.PDF
EMZJ250ARA470MF61G,"In Production",,MZJ,-55,105,25,47,M,6.3,5.8,,300,105,100kHz,,,,260,20,100kHz,,,,,,,,,,0.14,20,120,,11.7,,,20,105,2000,DC,,,,0.4,1000,,Compliant,Compliant,https://www.chemi-con.co.jp/products/detail-condenser.php?part_number=EMZJ250ARA470MF61G,https://www.chemi-con.co.jp/en/products/detail-condenser.php?part_number=EMZJ250ARA470MF61G,https://www.chemi-con.co.jp/cn/products/detail-condenser.php?part_number=EMZJ250ARA470MF61G,https://www.chemi-con.co.jp/products/relatedfiles/capacitor/catalog/MZJRA-j.PDF,https://www.chemi-con.co.jp/products/relatedfiles/capacitor/catalog/MZJRA-e.PDF,https://www.chemi-con.co.jp/products/relatedfiles/capacitor/catalog/MZJRA-c.PDF
EMZJ250ARA680MF61G,"In Production",,MZJ,-55,105,25,68,M,6.3,5.8,,300,105,100kHz,,,,260,20,100kHz,,,,,,,,,,0.14,20,120,,17,,,20,105,2000,DC,,,,0.4,1000,,Compliant,Compliant,https://www.chemi-con.co.jp/products/detail-condenser.php?part_number=EMZJ250ARA680MF61G,https://www.chemi-con.co.jp/en/products/detail-condenser.php?part_number=EMZJ250ARA680MF61G,https://www.chemi-con.co.jp/cn/products/detail-condenser.php?part_number=EMZJ250ARA680MF61G,https://www.chemi-con.co.jp/products/relatedfiles/capacitor/catalog/MZJRA-j.PDF,https://www.chemi-con.co.jp/products/relatedfiles/capacitor/catalog/MZJRA-e.PDF,https://www.chemi-con.co.jp/products/relatedfiles/capacitor/catalog/MZJRA-c.PDF
EMZJ250ARA101MF80G,"In Production",,MZJ,-55,105,25,100,M,6.3,7.7,,600,105,100kHz,,,,160,20,100kHz,,,,,,,,,,0.14,20,120,,25,,,20,105,2000,DC,,,,0.53,900,,Compliant,Compliant,https://www.chemi-con.co.jp/products/detail-condenser.php?part_number=EMZJ250ARA101MF80G,https://www.chemi-con.co.jp/en/products/detail-condenser.php?part_number=EMZJ250ARA101MF80G,https://www.chemi-con.co.jp/cn/products/detail-condenser.php?part_number=EMZJ250ARA101MF80G,https://www.chemi-con.co.jp/products/relatedfiles/capacitor/catalog/MZJRA-j.PDF,https://www.chemi-con.co.jp/products/relatedfiles/capacitor/catalog/MZJRA-e.PDF,https://www.chemi-con.co.jp/products/relatedfiles/capacitor/catalog/MZJRA-c.PDF
EMZJ250ARA331MHA0G,"In Production",,MZJ,-55,105,25,330,M,8,10,,850,105,100kHz,,,,80,20,100kHz,,,,,,,,,,0.14,20,120,,82.5,,,20,105,2000,DC,,,,0.96,500,,Compliant,Compliant,https://www.chemi-con.co.jp/products/detail-condenser.php?part_number=EMZJ250ARA331MHA0G,https://www.chemi-con.co.jp/en/products/detail-condenser.php?part_number=EMZJ250ARA331MHA0G,https://www.chemi-con.co.jp/cn/products/detail-condenser.php?part_number=EMZJ250ARA331MHA0G,https://www.chemi-con.co.jp/products/relatedfiles/capacitor/catalog/MZJRA-j.PDF,https://www.chemi-con.co.jp/products/relatedfiles/capacitor/catalog/MZJRA-e.PDF,https://www.chemi-con.co.jp/products/relatedfiles/capacitor/catalog/MZJRA-c.PDF
EMZJ250ARA471MJA0G,"In Production",,MZJ,-55,105,25,470,M,10,10,,1190,105,100kHz,,,,60,20,100kHz,,,,,,,,,,0.14,20,120,,117,,,20,105,2000,DC,,,,1.43,500,,Compliant,Compliant,https://www.chemi-con.co.jp/products/detail-condenser.php?part_number=EMZJ250ARA471MJA0G,https://www.chemi-con.co.jp/en/products/detail-condenser.php?part_number=EMZJ250ARA471MJA0G,https://www.chemi-con.co.jp/cn/products/detail-condenser.php?part_number=EMZJ250ARA471MJA0G,https://www.chemi-con.co.jp/products/relatedfiles/capacitor/catalog/MZJRA-j.PDF,https://www.chemi-con.co.jp/products/relatedfiles/capacitor/catalog/MZJRA-e.PDF,https://www.chemi-con.co.jp/products/relatedfiles/capacitor/catalog/MZJRA-c.PDF
EMZJ250ARA561MJA0G,"In Production",,MZJ,-55,105,25,560,M,10,10,,1190,105,100kHz,,,,60,20,100kHz,,,,,,,,,,0.14,20,120,,140,,,20,105,2000,DC,,,,1.43,500,,Compliant,Compliant,https://www.chemi-con.co.jp/products/detail-condenser.php?part_number=EMZJ250ARA561MJA0G,https://www.chemi-con.co.jp/en/products/detail-condenser.php?part_number=EMZJ250ARA561MJA0G,https://www.chemi-con.co.jp/cn/products/detail-condenser.php?part_number=EMZJ250ARA561MJA0G,https://www.chemi-con.co.jp/products/relatedfiles/capacitor/catalog/MZJRA-j.PDF,https://www.chemi-con.co.jp/products/relatedfiles/capacitor/catalog/MZJRA-e.PDF,https://www.chemi-con.co.jp/products/relatedfiles/capacitor/catalog/MZJRA-c.PDF
EMZJ250ARA122MKE0S,"In Production",,MZJ,-55,105,25,1200,M,12.5,13.5,,1210,105,100kHz,,,,51,20,100kHz,,,,,,,,,,0.14,20,120,,300,,,20,105,5000,DC,,,,2.9,250,,Compliant,Compliant,https://www.chemi-con.co.jp/products/detail-condenser.php?part_number=EMZJ250ARA122MKE0S,https://www.chemi-con.co.jp/en/products/detail-condenser.php?part_number=EMZJ250ARA122MKE0S,https://www.chemi-con.co.jp/cn/products/detail-condenser.php?part_number=EMZJ250ARA122MKE0S,https://www.chemi-con.co.jp/products/relatedfiles/capacitor/catalog/MZJRA-j.PDF,https://www.chemi-con.co.jp/products/relatedfiles/capacitor/catalog/MZJRA-e.PDF,https://www.chemi-con.co.jp/products/relatedfiles/capacitor/catalog/MZJRA-c.PDF
EMZJ250ARA152MKG5S,"In Production",,MZJ,-55,105,25,1500,M,12.5,16,,1420,105,100kHz,,,,44,20,100kHz,,,,,,,,,,0.14,20,120,,375,,,20,105,5000,DC,,,,3.3,200,,Compliant,Compliant,https://www.chemi-con.co.jp/products/detail-condenser.php?part_number=EMZJ250ARA152MKG5S,https://www.chemi-con.co.jp/en/products/detail-condenser.php?part_number=EMZJ250ARA152MKG5S,https://www.chemi-con.co.jp/cn/products/detail-condenser.php?part_number=EMZJ250ARA152MKG5S,https://www.chemi-con.co.jp/products/relatedfiles/capacitor/catalog/MZJRA-j.PDF,https://www.chemi-con.co.jp/products/relatedfiles/capacitor/catalog/MZJRA-e.PDF,https://www.chemi-con.co.jp/products/relatedfiles/capacitor/catalog/MZJRA-c.PDF
EMZJ250ARA222MLH0S,"In Production",,MZJ,-55,105,25,2200,M,16,16.5,,1850,105,100kHz,,,,35,20,100kHz,,,,,,,,,,0.16,20,120,,550,,,20,105,5000,DC,,,,6.7,175,,Compliant,Compliant,https://www.chemi-con.co.jp/products/detail-condenser.php?part_number=EMZJ250ARA222MLH0S,https://www.chemi-con.co.jp/en/products/detail-condenser.php?part_number=EMZJ250ARA222MLH0S,https://www.chemi-con.co.jp/cn/products/detail-condenser.php?part_number=EMZJ250ARA222MLH0S,https://www.chemi-con.co.jp/products/relatedfiles/capacitor/catalog/MZJRA-j.PDF,https://www.chemi-con.co.jp/products/relatedfiles/capacitor/catalog/MZJRA-e.PDF,https://www.chemi-con.co.jp/products/relatedfiles/capacitor/catalog/MZJRA-c.PDF
EMZJ250ARA392MLN0S,"In Production",,MZJ,-55,105,25,3900,M,16,21.5,,2330,105,100kHz,,,,26,20,100kHz,,,,,,,,,,0.18,20,120,,975,,,20,105,5000,DC,,,,7.9,125,,Compliant,Compliant,https://www.chemi-con.co.jp/products/detail-condenser.php?part_number=EMZJ250ARA392MLN0S,https://www.chemi-con.co.jp/en/products/detail-condenser.php?part_number=EMZJ250ARA392MLN0S,https://www.chemi-con.co.jp/cn/products/detail-condenser.php?part_number=EMZJ250ARA392MLN0S,https://www.chemi-con.co.jp/products/relatedfiles/capacitor/catalog/MZJRA-j.PDF,https://www.chemi-con.co.jp/products/relatedfiles/capacitor/catalog/MZJRA-e.PDF,https://www.chemi-con.co.jp/products/relatedfiles/capacitor/catalog/MZJRA-c.PDF
EMZJ350ARA220ME61G,"In Production",,MZJ,-55,105,35,22,M,5,5.8,,240,105,100kHz,,,,360,20,100kHz,,,,,,,,,,0.12,20,120,,7.7,,,20,105,2000,DC,,,,0.26,1000,,Compliant,Compliant,https://www.chemi-con.co.jp/products/detail-condenser.php?part_number=EMZJ350ARA220ME61G,https://www.chemi-con.co.jp/en/products/detail-condenser.php?part_number=EMZJ350ARA220ME61G,https://www.chemi-con.co.jp/cn/products/detail-condenser.php?part_number=EMZJ350ARA220ME61G,https://www.chemi-con.co.jp/products/relatedfiles/capacitor/catalog/MZJRA-j.PDF,https://www.chemi-con.co.jp/products/relatedfiles/capacitor/catalog/MZJRA-e.PDF,https://www.chemi-con.co.jp/products/relatedfiles/capacitor/catalog/MZJRA-c.PDF
EMZJ350ARA330MF61G,"In Production",,MZJ,-55,105,35,33,M,6.3,5.8,,300,105,100kHz,,,,260,20,100kHz,,,,,,,,,,0.12,20,120,,11.5,,,20,105,2000,DC,,,,0.4,1000,,Compliant,Compliant,https://www.chemi-con.co.jp/products/detail-condenser.php?part_number=EMZJ350ARA330MF61G,https://www.chemi-con.co.jp/en/products/detail-condenser.php?part_number=EMZJ350ARA330MF61G,https://www.chemi-con.co.jp/cn/products/detail-condenser.php?part_number=EMZJ350ARA330MF61G,https://www.chemi-con.co.jp/products/relatedfiles/capacitor/catalog/MZJRA-j.PDF,https://www.chemi-con.co.jp/products/relatedfiles/capacitor/catalog/MZJRA-e.PDF,https://www.chemi-con.co.jp/products/relatedfiles/capacitor/catalog/MZJRA-c.PDF
EMZJ350ARA470MF61G,"In Production",,MZJ,-55,105,35,47,M,6.3,5.8,,300,105,100kHz,,,,260,20,100kHz,,,,,,,,,,0.12,20,120,,16.4,,,20,105,2000,DC,,,,0.4,1000,,Compliant,Compliant,https://www.chemi-con.co.jp/products/detail-condenser.php?part_number=EMZJ350ARA470MF61G,https://www.chemi-con.co.jp/en/products/detail-condenser.php?part_number=EMZJ350ARA470MF61G,https://www.chemi-con.co.jp/cn/products/detail-condenser.php?part_number=EMZJ350ARA470MF61G,https://www.chemi-con.co.jp/products/relatedfiles/capacitor/catalog/MZJRA-j.PDF,https://www.chemi-con.co.jp/products/relatedfiles/capacitor/catalog/MZJRA-e.PDF,https://www.chemi-con.co.jp/products/relatedfiles/capacitor/catalog/MZJRA-c.PDF
EMZJ350ARA680MF61G,"In Production",,MZJ,-55,105,35,68,M,6.3,5.8,,300,105,100kHz,,,,260,20,100kHz,,,,,,,,,,0.12,20,120,,23.8,,,20,105,2000,DC,,,,0.4,1000,,Compliant,Compliant,https://www.chemi-con.co.jp/products/detail-condenser.php?part_number=EMZJ350ARA680MF61G,https://www.chemi-con.co.jp/en/products/detail-condenser.php?part_number=EMZJ350ARA680MF61G,https://www.chemi-con.co.jp/cn/products/detail-condenser.php?part_number=EMZJ350ARA680MF61G,https://www.chemi-con.co.jp/products/relatedfiles/capacitor/catalog/MZJRA-j.PDF,https://www.chemi-con.co.jp/products/relatedfiles/capacitor/catalog/MZJRA-e.PDF,https://www.chemi-con.co.jp/products/relatedfiles/capacitor/catalog/MZJRA-c.PDF
EMZJ350ARA101MF80G,"In Production",,MZJ,-55,105,35,100,M,6.3,7.7,,600,105,100kHz,,,,160,20,100kHz,,,,,,,,,,0.12,20,120,,35,,,20,105,2000,DC,,,,0.53,900,,Compliant,Compliant,https://www.chemi-con.co.jp/products/detail-condenser.php?part_number=EMZJ350ARA101MF80G,https://www.chemi-con.co.jp/en/products/detail-condenser.php?part_number=EMZJ350ARA101MF80G,https://www.chemi-con.co.jp/cn/products/detail-condenser.php?part_number=EMZJ350ARA101MF80G,https://www.chemi-con.co.jp/products/relatedfiles/capacitor/catalog/MZJRA-j.PDF,https://www.chemi-con.co.jp/products/relatedfiles/capacitor/catalog/MZJRA-e.PDF,https://www.chemi-con.co.jp/products/relatedfiles/capacitor/catalog/MZJRA-c.PDF
EMZJ350ARA101MHA0G,"In Production",,MZJ,-55,105,35,100,M,8,10,,850,105,100kHz,,,,80,20,100kHz,,,,,,,,,,0.12,20,120,,35,,,20,105,2000,DC,,,,0.96,500,,Compliant,Compliant,https://www.chemi-con.co.jp/products/detail-condenser.php?part_number=EMZJ350ARA101MHA0G,https://www.chemi-con.co.jp/en/products/detail-condenser.php?part_number=EMZJ350ARA101MHA0G,https://www.chemi-con.co.jp/cn/products/detail-condenser.php?part_number=EMZJ350ARA101MHA0G,https://www.chemi-con.co.jp/products/relatedfiles/capacitor/catalog/MZJRA-j.PDF,https://www.chemi-con.co.jp/products/relatedfiles/capacitor/catalog/MZJRA-e.PDF,https://www.chemi-con.co.jp/products/relatedfiles/capacitor/catalog/MZJRA-c.PDF
EMZJ350ARA151MHA0G,"In Production",,MZJ,-55,105,35,150,M,8,10,,850,105,100kHz,,,,80,20,100kHz,,,,,,,,,,0.12,20,120,,52.5,,,20,105,2000,DC,,,,0.96,500,,Compliant,Compliant,https://www.chemi-con.co.jp/products/detail-condenser.php?part_number=EMZJ350ARA151MHA0G,https://www.chemi-con.co.jp/en/products/detail-condenser.php?part_number=EMZJ350ARA151MHA0G,https://www.chemi-con.co.jp/cn/products/detail-condenser.php?part_number=EMZJ350ARA151MHA0G,https://www.chemi-con.co.jp/products/relatedfiles/capacitor/catalog/MZJRA-j.PDF,https://www.chemi-con.co.jp/products/relatedfiles/capacitor/catalog/MZJRA-e.PDF,https://www.chemi-con.co.jp/products/relatedfiles/capacitor/catalog/MZJRA-c.PDF
EMZJ350ARA221MHA0G,"In Production",,MZJ,-55,105,35,220,M,8,10,,850,105,100kHz,,,,80,20,100kHz,,,,,,,,,,0.12,20,120,,77,,,20,105,2000,DC,,,,0.96,500,,Compliant,Compliant,https://www.chemi-con.co.jp/products/detail-condenser.php?part_number=EMZJ350ARA221MHA0G,https://www.chemi-con.co.jp/en/products/detail-condenser.php?part_number=EMZJ350ARA221MHA0G,https://www.chemi-con.co.jp/cn/products/detail-condenser.php?part_number=EMZJ350ARA221MHA0G,https://www.chemi-con.co.jp/products/relatedfiles/capacitor/catalog/MZJRA-j.PDF,https://www.chemi-con.co.jp/products/relatedfiles/capacitor/catalog/MZJRA-e.PDF,https://www.chemi-con.co.jp/products/relatedfiles/capacitor/catalog/MZJRA-c.PDF
EMZJ350ARA331MJA0G,"In Production",,MZJ,-55,105,35,330,M,10,10,,1190,105,100kHz,,,,60,20,100kHz,,,,,,,,,,0.12,20,120,,115,,,20,105,2000,DC,,,,1.43,500,,Compliant,Compliant,https://www.chemi-con.co.jp/products/detail-condenser.php?part_number=EMZJ350ARA331MJA0G,https://www.chemi-con.co.jp/en/products/detail-condenser.php?part_number=EMZJ350ARA331MJA0G,https://www.chemi-con.co.jp/cn/products/detail-condenser.php?part_number=EMZJ350ARA331MJA0G,https://www.chemi-con.co.jp/products/relatedfiles/capacitor/catalog/MZJRA-j.PDF,https://www.chemi-con.co.jp/products/relatedfiles/capacitor/catalog/MZJRA-e.PDF,https://www.chemi-con.co.jp/products/relatedfiles/capacitor/catalog/MZJRA-c.PDF
EMZJ350ARA391MJA0G,"In Production",,MZJ,-55,105,35,390,M,10,10,,1190,105,100kHz,,,,60,20,100kHz,,,,,,,,,,0.12,20,120,,136,,,20,105,2000,DC,,,,1.43,500,,Compliant,Compliant,https://www.chemi-con.co.jp/products/detail-condenser.php?part_number=EMZJ350ARA391MJA0G,https://www.chemi-con.co.jp/en/products/detail-condenser.php?part_number=EMZJ350ARA391MJA0G,https://www.chemi-con.co.jp/cn/products/detail-condenser.php?part_number=EMZJ350ARA391MJA0G,https://www.chemi-con.co.jp/products/relatedfiles/capacitor/catalog/MZJRA-j.PDF,https://www.chemi-con.co.jp/products/relatedfiles/capacitor/catalog/MZJRA-e.PDF,https://www.chemi-con.co.jp/products/relatedfiles/capacitor/catalog/MZJRA-c.PDF
EMZJ350ARA681MKE0S,"In Production",,MZJ,-55,105,35,680,M,12.5,13.5,,1210,105,100kHz,,,,51,20,100kHz,,,,,,,,,,0.12,20,120,,238,,,20,105,5000,DC,,,,2.9,250,,Compliant,Compliant,https://www.chemi-con.co.jp/products/detail-condenser.php?part_number=EMZJ350ARA681MKE0S,https://www.chemi-con.co.jp/en/products/detail-condenser.php?part_number=EMZJ350ARA681MKE0S,https://www.chemi-con.co.jp/cn/products/detail-condenser.php?part_number=EMZJ350ARA681MKE0S,https://www.chemi-con.co.jp/products/relatedfiles/capacitor/catalog/MZJRA-j.PDF,https://www.chemi-con.co.jp/products/relatedfiles/capacitor/catalog/MZJRA-e.PDF,https://www.chemi-con.co.jp/products/relatedfiles/capacitor/catalog/MZJRA-c.PDF
EMZJ350ARA821MKG5S,"In Production",,MZJ,-55,105,35,820,M,12.5,16,,1420,105,100kHz,,,,44,20,100kHz,,,,,,,,,,0.12,20,120,,287,,,20,105,5000,DC,,,,3.3,200,,Compliant,Compliant,https://www.chemi-con.co.jp/products/detail-condenser.php?part_number=EMZJ350ARA821MKG5S,https://www.chemi-con.co.jp/en/products/detail-condenser.php?part_number=EMZJ350ARA821MKG5S,https://www.chemi-con.co.jp/cn/products/detail-condenser.php?part_number=EMZJ350ARA821MKG5S,https://www.chemi-con.co.jp/products/relatedfiles/capacitor/catalog/MZJRA-j.PDF,https://www.chemi-con.co.jp/products/relatedfiles/capacitor/catalog/MZJRA-e.PDF,https://www.chemi-con.co.jp/products/relatedfiles/capacitor/catalog/MZJRA-c.PDF
EMZJ350ARA152MLH0S,"In Production",,MZJ,-55,105,35,1500,M,16,16.5,,1850,105,100kHz,,,,35,20,100kHz,,,,,,,,,,0.12,20,120,,525,,,20,105,5000,DC,,,,6.7,175,,Compliant,Compliant,https://www.chemi-con.co.jp/products/detail-condenser.php?part_number=EMZJ350ARA152MLH0S,https://www.chemi-con.co.jp/en/products/detail-condenser.php?part_number=EMZJ350ARA152MLH0S,https://www.chemi-con.co.jp/cn/products/detail-condenser.php?part_number=EMZJ350ARA152MLH0S,https://www.chemi-con.co.jp/products/relatedfiles/capacitor/catalog/MZJRA-j.PDF,https://www.chemi-con.co.jp/products/relatedfiles/capacitor/catalog/MZJRA-e.PDF,https://www.chemi-con.co.jp/products/relatedfiles/capacitor/catalog/MZJRA-c.PDF
EMZJ350ARA272MLN0S,"In Production",,MZJ,-55,105,35,2700,M,16,21.5,,2330,105,100kHz,,,,26,20,100kHz,,,,,,,,,,0.14,20,120,,945,,,20,105,5000,DC,,,,7.9,125,,Compliant,Compliant,https://www.chemi-con.co.jp/products/detail-condenser.php?part_number=EMZJ350ARA272MLN0S,https://www.chemi-con.co.jp/en/products/detail-condenser.php?part_number=EMZJ350ARA272MLN0S,https://www.chemi-con.co.jp/cn/products/detail-condenser.php?part_number=EMZJ350ARA272MLN0S,https://www.chemi-con.co.jp/products/relatedfiles/capacitor/catalog/MZJRA-j.PDF,https://www.chemi-con.co.jp/products/relatedfiles/capacitor/catalog/MZJRA-e.PDF,https://www.chemi-con.co.jp/products/relatedfiles/capacitor/catalog/MZJRA-c.PDF
EMZJ500ARA391MKE0S,"In Production",,MZJ,-55,105,50,390,M,12.5,13.5,,930,105,100kHz,,,,105,20,100kHz,,,,,,,,,,0.12,20,120,,195,,,20,105,5000,DC,,,,2.9,250,,Compliant,Compliant,https://www.chemi-con.co.jp/products/detail-condenser.php?part_number=EMZJ500ARA391MKE0S,https://www.chemi-con.co.jp/en/products/detail-condenser.php?part_number=EMZJ500ARA391MKE0S,https://www.chemi-con.co.jp/cn/products/detail-condenser.php?part_number=EMZJ500ARA391MKE0S,https://www.chemi-con.co.jp/products/relatedfiles/capacitor/catalog/MZJRA-j.PDF,https://www.chemi-con.co.jp/products/relatedfiles/capacitor/catalog/MZJRA-e.PDF,https://www.chemi-con.co.jp/products/relatedfiles/capacitor/catalog/MZJRA-c.PDF
EMZJ500ARA471MKG5S,"In Production",,MZJ,-55,105,50,470,M,12.5,16,,1120,105,100kHz,,,,92,20,100kHz,,,,,,,,,,0.12,20,120,,235,,,20,105,5000,DC,,,,3.3,200,,Compliant,Compliant,https://www.chemi-con.co.jp/products/detail-condenser.php?part_number=EMZJ500ARA471MKG5S,https://www.chemi-con.co.jp/en/products/detail-condenser.php?part_number=EMZJ500ARA471MKG5S,https://www.chemi-con.co.jp/cn/products/detail-condenser.php?part_number=EMZJ500ARA471MKG5S,https://www.chemi-con.co.jp/products/relatedfiles/capacitor/catalog/MZJRA-j.PDF,https://www.chemi-con.co.jp/products/relatedfiles/capacitor/catalog/MZJRA-e.PDF,https://www.chemi-con.co.jp/products/relatedfiles/capacitor/catalog/MZJRA-c.PDF
EMZJ500ARA102MLH0S,"In Production",,MZJ,-55,105,50,1000,M,16,16.5,,1660,105,100kHz,,,,73,20,100kHz,,,,,,,,,,0.12,20,120,,500,,,20,105,5000,DC,,,,6.7,175,,Compliant,Compliant,https://www.chemi-con.co.jp/products/detail-condenser.php?part_number=EMZJ500ARA102MLH0S,https://www.chemi-con.co.jp/en/products/detail-condenser.php?part_number=EMZJ500ARA102MLH0S,https://www.chemi-con.co.jp/cn/products/detail-condenser.php?part_number=EMZJ500ARA102MLH0S,https://www.chemi-con.co.jp/products/relatedfiles/capacitor/catalog/MZJRA-j.PDF,https://www.chemi-con.co.jp/products/relatedfiles/capacitor/catalog/MZJRA-e.PDF,https://www.chemi-con.co.jp/products/relatedfiles/capacitor/catalog/MZJRA-c.PDF
EMZJ500ARA122MLN0S,"In Production",,MZJ,-55,105,50,1200,M,16,21.5,,1920,105,100kHz,,,,50,20,100kHz,,,,,,,,,,0.12,20,120,,600,,,20,105,5000,DC,,,,7.9,125,,Compliant,Compliant,https://www.chemi-con.co.jp/products/detail-condenser.php?part_number=EMZJ500ARA122MLN0S,https://www.chemi-con.co.jp/en/products/detail-condenser.php?part_number=EMZJ500ARA122MLN0S,https://www.chemi-con.co.jp/cn/products/detail-condenser.php?part_number=EMZJ500ARA122MLN0S,https://www.chemi-con.co.jp/products/relatedfiles/capacitor/catalog/MZJRA-j.PDF,https://www.chemi-con.co.jp/products/relatedfiles/capacitor/catalog/MZJRA-e.PDF,https://www.chemi-con.co.jp/products/relatedfiles/capacitor/catalog/MZJRA-c.PDF
EMLA6R3ARA470ME61G,"In Production",,MLA,-40,105,6.3,47,M,5,5.8,,95,105,100kHz,,,,,,,,,,1.3,20,100kHz,,,,0.28,20,120,,3,,,20,105,3000,DC,,,,0.26,1000,,Compliant,,https://www.chemi-con.co.jp/products/detail-condenser.php?part_number=EMLA6R3ARA470ME61G,https://www.chemi-con.co.jp/en/products/detail-condenser.php?part_number=EMLA6R3ARA470ME61G,https://www.chemi-con.co.jp/cn/products/detail-condenser.php?part_number=EMLA6R3ARA470ME61G,https://www.chemi-con.co.jp/products/relatedfiles/capacitor/catalog/MLARA-j.PDF,https://www.chemi-con.co.jp/products/relatedfiles/capacitor/catalog/MLARA-e.PDF,https://www.chemi-con.co.jp/products/relatedfiles/capacitor/catalog/MLARA-c.PDF
EMLA6R3ARA101MF61G,"In Production",,MLA,-40,105,6.3,100,M,6.3,5.8,,140,105,100kHz,,,,,,,,,,0.7,20,100kHz,,,,0.28,20,120,,6.3,,,20,105,3000,DC,,,,0.4,1000,,Compliant,,https://www.chemi-con.co.jp/products/detail-condenser.php?part_number=EMLA6R3ARA101MF61G,https://www.chemi-con.co.jp/en/products/detail-condenser.php?part_number=EMLA6R3ARA101MF61G,https://www.chemi-con.co.jp/cn/products/detail-condenser.php?part_number=EMLA6R3ARA101MF61G,https://www.chemi-con.co.jp/products/relatedfiles/capacitor/catalog/MLARA-j.PDF,https://www.chemi-con.co.jp/products/relatedfiles/capacitor/catalog/MLARA-e.PDF,https://www.chemi-con.co.jp/products/relatedfiles/capacitor/catalog/MLARA-c.PDF
EMLA6R3ARA151MF61G,"In Production",,MLA,-40,105,6.3,150,M,6.3,5.8,,140,105,100kHz,,,,,,,,,,0.7,20,100kHz,,,,0.28,20,120,,9.4,,,20,105,3000,DC,,,,0.4,1000,,Compliant,,https://www.chemi-con.co.jp/products/detail-condenser.php?part_number=EMLA6R3ARA151MF61G,https://www.chemi-con.co.jp/en/products/detail-condenser.php?part_number=EMLA6R3ARA151MF61G,https://www.chemi-con.co.jp/cn/products/detail-condenser.php?part_number=EMLA6R3ARA151MF61G,https://www.chemi-con.co.jp/products/relatedfiles/capacitor/catalog/MLARA-j.PDF,https://www.chemi-con.co.jp/products/relatedfiles/capacitor/catalog/MLARA-e.PDF,https://www.chemi-con.co.jp/products/relatedfiles/capacitor/catalog/MLARA-c.PDF
EMLA6R3ARA221MF80G,"In Production",,MLA,-40,105,6.3,220,M,6.3,7.7,,230,105,100kHz,,,,,,,,,,0.7,20,100kHz,,,,0.32,20,120,,13.8,,,20,105,3000,DC,,,,0.53,900,,Compliant,,https://www.chemi-con.co.jp/products/detail-condenser.php?part_number=EMLA6R3ARA221MF80G,https://www.chemi-con.co.jp/en/products/detail-condenser.php?part_number=EMLA6R3ARA221MF80G,https://www.chemi-con.co.jp/cn/products/detail-condenser.php?part_number=EMLA6R3ARA221MF80G,https://www.chemi-con.co.jp/products/relatedfiles/capacitor/catalog/MLARA-j.PDF,https://www.chemi-con.co.jp/products/relatedfiles/capacitor/catalog/MLARA-e.PDF,https://www.chemi-con.co.jp/products/relatedfiles/capacitor/catalog/MLARA-c.PDF
EMLA6R3ARA331MF80G,"In Production",,MLA,-40,105,6.3,330,M,6.3,7.7,,230,105,100kHz,,,,,,,,,,0.7,20,100kHz,,,,0.32,20,120,,20.7,,,20,105,3000,DC,,,,0.53,900,,Compliant,,https://www.chemi-con.co.jp/products/detail-condenser.php?part_number=EMLA6R3ARA331MF80G,https://www.chemi-con.co.jp/en/products/detail-condenser.php?part_number=EMLA6R3ARA331MF80G,https://www.chemi-con.co.jp/cn/products/detail-condenser.php?part_number=EMLA6R3ARA331MF80G,https://www.chemi-con.co.jp/products/relatedfiles/capacitor/catalog/MLARA-j.PDF,https://www.chemi-con.co.jp/products/relatedfiles/capacitor/catalog/MLARA-e.PDF,https://www.chemi-con.co.jp/products/relatedfiles/capacitor/catalog/MLARA-c.PDF
EMLA6R3ARA331MHA0G,"In Production",,MLA,-40,105,6.3,330,M,8,10,,600,105,100kHz,,,,,,,,,,0.16,20,100kHz,,,,0.28,20,120,,20.7,,,20,105,3000,DC,,,,0.96,500,,Compliant,,https://www.chemi-con.co.jp/products/detail-condenser.php?part_number=EMLA6R3ARA331MHA0G,https://www.chemi-con.co.jp/en/products/detail-condenser.php?part_number=EMLA6R3ARA331MHA0G,https://www.chemi-con.co.jp/cn/products/detail-condenser.php?part_number=EMLA6R3ARA331MHA0G,https://www.chemi-con.co.jp/products/relatedfiles/capacitor/catalog/MLARA-j.PDF,https://www.chemi-con.co.jp/products/relatedfiles/capacitor/catalog/MLARA-e.PDF,https://www.chemi-con.co.jp/products/relatedfiles/capacitor/catalog/MLARA-c.PDF
EMLA6R3ARA471MHA0G,"In Production",,MLA,-40,105,6.3,470,M,8,10,,600,105,100kHz,,,,,,,,,,0.16,20,100kHz,,,,0.28,20,120,,29.6,,,20,105,3000,DC,,,,0.96,500,,Compliant,,https://www.chemi-con.co.jp/products/detail-condenser.php?part_number=EMLA6R3ARA471MHA0G,https://www.chemi-con.co.jp/en/products/detail-condenser.php?part_number=EMLA6R3ARA471MHA0G,https://www.chemi-con.co.jp/cn/products/detail-condenser.php?part_number=EMLA6R3ARA471MHA0G,https://www.chemi-con.co.jp/products/relatedfiles/capacitor/catalog/MLARA-j.PDF,https://www.chemi-con.co.jp/products/relatedfiles/capacitor/catalog/MLARA-e.PDF,https://www.chemi-con.co.jp/products/relatedfiles/capacitor/catalog/MLARA-c.PDF
EMLA6R3ARA102MJA0G,"In Production",,MLA,-40,105,6.3,1000,M,10,10,,850,105,100kHz,,,,,,,,,,0.08,20,100kHz,,,,0.28,20,120,,63,,,20,105,3000,DC,,,,1.43,500,,Compliant,,https://www.chemi-con.co.jp/products/detail-condenser.php?part_number=EMLA6R3ARA102MJA0G,https://www.chemi-con.co.jp/en/products/detail-condenser.php?part_number=EMLA6R3ARA102MJA0G,https://www.chemi-con.co.jp/cn/products/detail-condenser.php?part_number=EMLA6R3ARA102MJA0G,https://www.chemi-con.co.jp/products/relatedfiles/capacitor/catalog/MLARA-j.PDF,https://www.chemi-con.co.jp/products/relatedfiles/capacitor/catalog/MLARA-e.PDF,https://www.chemi-con.co.jp/products/relatedfiles/capacitor/catalog/MLARA-c.PDF
EMLA100ARA330ME61G,"In Production",,MLA,-40,105,10,33,M,5,5.8,,95,105,100kHz,,,,,,,,,,1.3,20,100kHz,,,,0.24,20,120,,3.3,,,20,105,3000,DC,,,,0.26,1000,,Compliant,,https://www.chemi-con.co.jp/products/detail-condenser.php?part_number=EMLA100ARA330ME61G,https://www.chemi-con.co.jp/en/products/detail-condenser.php?part_number=EMLA100ARA330ME61G,https://www.chemi-con.co.jp/cn/products/detail-condenser.php?part_number=EMLA100ARA330ME61G,https://www.chemi-con.co.jp/products/relatedfiles/capacitor/catalog/MLARA-j.PDF,https://www.chemi-con.co.jp/products/relatedfiles/capacitor/catalog/MLARA-e.PDF,https://www.chemi-con.co.jp/products/relatedfiles/capacitor/catalog/MLARA-c.PDF
EMLA100ARA470MF61G,"In Production",,MLA,-40,105,10,47,M,6.3,5.8,,140,105,100kHz,,,,,,,,,,0.7,20,100kHz,,,,0.24,20,120,,4.7,,,20,105,3000,DC,,,,0.4,1000,,Compliant,,https://www.chemi-con.co.jp/products/detail-condenser.php?part_number=EMLA100ARA470MF61G,https://www.chemi-con.co.jp/en/products/detail-condenser.php?part_number=EMLA100ARA470MF61G,https://www.chemi-con.co.jp/cn/products/detail-condenser.php?part_number=EMLA100ARA470MF61G,https://www.chemi-con.co.jp/products/relatedfiles/capacitor/catalog/MLARA-j.PDF,https://www.chemi-con.co.jp/products/relatedfiles/capacitor/catalog/MLARA-e.PDF,https://www.chemi-con.co.jp/products/relatedfiles/capacitor/catalog/MLARA-c.PDF
EMLA100ARA101MF61G,"In Production",,MLA,-40,105,10,100,M,6.3,5.8,,140,105,100kHz,,,,,,,,,,0.7,20,100kHz,,,,0.24,20,120,,10,,,20,105,3000,DC,,,,0.4,1000,,Compliant,,https://www.chemi-con.co.jp/products/detail-condenser.php?part_number=EMLA100ARA101MF61G,https://www.chemi-con.co.jp/en/products/detail-condenser.php?part_number=EMLA100ARA101MF61G,https://www.chemi-con.co.jp/cn/products/detail-condenser.php?part_number=EMLA100ARA101MF61G,https://www.chemi-con.co.jp/products/relatedfiles/capacitor/catalog/MLARA-j.PDF,https://www.chemi-con.co.jp/products/relatedfiles/capacitor/catalog/MLARA-e.PDF,https://www.chemi-con.co.jp/products/relatedfiles/capacitor/catalog/MLARA-c.PDF
EMLA100ARA151MF61G,"In Production",,MLA,-40,105,10,150,M,6.3,5.8,,140,105,100kHz,,,,,,,,,,0.7,20,100kHz,,,,0.24,20,120,,15,,,20,105,3000,DC,,,,0.4,1000,,Compliant,,https://www.chemi-con.co.jp/products/detail-condenser.php?part_number=EMLA100ARA151MF61G,https://www.chemi-con.co.jp/en/products/detail-condenser.php?part_number=EMLA100ARA151MF61G,https://www.chemi-con.co.jp/cn/products/detail-condenser.php?part_number=EMLA100ARA151MF61G,https://www.chemi-con.co.jp/products/relatedfiles/capacitor/catalog/MLARA-j.PDF,https://www.chemi-con.co.jp/products/relatedfiles/capacitor/catalog/MLARA-e.PDF,https://www.chemi-con.co.jp/products/relatedfiles/capacitor/catalog/MLARA-c.PDF
EMLA100ARA221MF80G,"In Production",,MLA,-40,105,10,220,M,6.3,7.7,,230,105,100kHz,,,,,,,,,,0.7,20,100kHz,,,,0.27,20,120,,22,,,20,105,3000,DC,,,,0.53,900,,Compliant,,https://www.chemi-con.co.jp/products/detail-condenser.php?part_number=EMLA100ARA221MF80G,https://www.chemi-con.co.jp/en/products/detail-condenser.php?part_number=EMLA100ARA221MF80G,https://www.chemi-con.co.jp/cn/products/detail-condenser.php?part_number=EMLA100ARA221MF80G,https://www.chemi-con.co.jp/products/relatedfiles/capacitor/catalog/MLARA-j.PDF,https://www.chemi-con.co.jp/products/relatedfiles/capacitor/catalog/MLARA-e.PDF,https://www.chemi-con.co.jp/products/relatedfiles/capacitor/catalog/MLARA-c.PDF
EMLA100ARA221MHA0G,"In Production",,MLA,-40,105,10,220,M,8,10,,600,105,100kHz,,,,,,,,,,0.16,20,100kHz,,,,0.24,20,120,,22,,,20,105,3000,DC,,,,0.96,500,,Compliant,,https://www.chemi-con.co.jp/products/detail-condenser.php?part_number=EMLA100ARA221MHA0G,https://www.chemi-con.co.jp/en/products/detail-condenser.php?part_number=EMLA100ARA221MHA0G,https://www.chemi-con.co.jp/cn/products/detail-condenser.php?part_number=EMLA100ARA221MHA0G,https://www.chemi-con.co.jp/products/relatedfiles/capacitor/catalog/MLARA-j.PDF,https://www.chemi-con.co.jp/products/relatedfiles/capacitor/catalog/MLARA-e.PDF,https://www.chemi-con.co.jp/products/relatedfiles/capacitor/catalog/MLARA-c.PDF
EMLA100ARA331MHA0G,"In Production",,MLA,-40,105,10,330,M,8,10,,600,105,100kHz,,,,,,,,,,0.16,20,100kHz,,,,0.24,20,120,,33,,,20,105,3000,DC,,,,0.96,500,,Compliant,,https://www.chemi-con.co.jp/products/detail-condenser.php?part_number=EMLA100ARA331MHA0G,https://www.chemi-con.co.jp/en/products/detail-condenser.php?part_number=EMLA100ARA331MHA0G,https://www.chemi-con.co.jp/cn/products/detail-condenser.php?part_number=EMLA100ARA331MHA0G,https://www.chemi-con.co.jp/products/relatedfiles/capacitor/catalog/MLARA-j.PDF,https://www.chemi-con.co.jp/products/relatedfiles/capacitor/catalog/MLARA-e.PDF,https://www.chemi-con.co.jp/products/relatedfiles/capacitor/catalog/MLARA-c.PDF
EMLA100ARA471MHA0G,"In Production",,MLA,-40,105,10,470,M,8,10,,600,105,100kHz,,,,,,,,,,0.16,20,100kHz,,,,0.24,20,120,,47,,,20,105,3000,DC,,,,0.96,500,,Compliant,,https://www.chemi-con.co.jp/products/detail-condenser.php?part_number=EMLA100ARA471MHA0G,https://www.chemi-con.co.jp/en/products/detail-condenser.php?part_number=EMLA100ARA471MHA0G,https://www.chemi-con.co.jp/cn/products/detail-condenser.php?part_number=EMLA100ARA471MHA0G,https://www.chemi-con.co.jp/products/relatedfiles/capacitor/catalog/MLARA-j.PDF,https://www.chemi-con.co.jp/products/relatedfiles/capacitor/catalog/MLARA-e.PDF,https://www.chemi-con.co.jp/products/relatedfiles/capacitor/catalog/MLARA-c.PDF
EMLA160ARA220ME61G,"In Production",,MLA,-40,105,16,22,M,5,5.8,,95,105,100kHz,,,,,,,,,,1.3,20,100kHz,,,,0.22,20,120,,3.5,,,20,105,3000,DC,,,,0.26,1000,,Compliant,,https://www.chemi-con.co.jp/products/detail-condenser.php?part_number=EMLA160ARA220ME61G,https://www.chemi-con.co.jp/en/products/detail-condenser.php?part_number=EMLA160ARA220ME61G,https://www.chemi-con.co.jp/cn/products/detail-condenser.php?part_number=EMLA160ARA220ME61G,https://www.chemi-con.co.jp/products/relatedfiles/capacitor/catalog/MLARA-j.PDF,https://www.chemi-con.co.jp/products/relatedfiles/capacitor/catalog/MLARA-e.PDF,https://www.chemi-con.co.jp/products/relatedfiles/capacitor/catalog/MLARA-c.PDF
EMLA160ARA330MF61G,"In Production",,MLA,-40,105,16,33,M,6.3,5.8,,140,105,100kHz,,,,,,,,,,0.7,20,100kHz,,,,0.22,20,120,,5.2,,,20,105,3000,DC,,,,0.4,1000,,Compliant,,https://www.chemi-con.co.jp/products/detail-condenser.php?part_number=EMLA160ARA330MF61G,https://www.chemi-con.co.jp/en/products/detail-condenser.php?part_number=EMLA160ARA330MF61G,https://www.chemi-con.co.jp/cn/products/detail-condenser.php?part_number=EMLA160ARA330MF61G,https://www.chemi-con.co.jp/products/relatedfiles/capacitor/catalog/MLARA-j.PDF,https://www.chemi-con.co.jp/products/relatedfiles/capacitor/catalog/MLARA-e.PDF,https://www.chemi-con.co.jp/products/relatedfiles/capacitor/catalog/MLARA-c.PDF
EMLA160ARA470MF61G,"In Production",,MLA,-40,105,16,47,M,6.3,5.8,,140,105,100kHz,,,,,,,,,,0.7,20,100kHz,,,,0.22,20,120,,7.5,,,20,105,3000,DC,,,,0.4,1000,,Compliant,,https://www.chemi-con.co.jp/products/detail-condenser.php?part_number=EMLA160ARA470MF61G,https://www.chemi-con.co.jp/en/products/detail-condenser.php?part_number=EMLA160ARA470MF61G,https://www.chemi-con.co.jp/cn/products/detail-condenser.php?part_number=EMLA160ARA470MF61G,https://www.chemi-con.co.jp/products/relatedfiles/capacitor/catalog/MLARA-j.PDF,https://www.chemi-con.co.jp/products/relatedfiles/capacitor/catalog/MLARA-e.PDF,https://www.chemi-con.co.jp/products/relatedfiles/capacitor/catalog/MLARA-c.PDF
EMLA160ARA101MF61G,"In Production",,MLA,-40,105,16,100,M,6.3,5.8,,140,105,100kHz,,,,,,,,,,0.7,20,100kHz,,,,0.22,20,120,,16,,,20,105,3000,DC,,,,0.4,1000,,Compliant,,https://www.chemi-con.co.jp/products/detail-condenser.php?part_number=EMLA160ARA101MF61G,https://www.chemi-con.co.jp/en/products/detail-condenser.php?part_number=EMLA160ARA101MF61G,https://www.chemi-con.co.jp/cn/products/detail-condenser.php?part_number=EMLA160ARA101MF61G,https://www.chemi-con.co.jp/products/relatedfiles/capacitor/catalog/MLARA-j.PDF,https://www.chemi-con.co.jp/products/relatedfiles/capacitor/catalog/MLARA-e.PDF,https://www.chemi-con.co.jp/products/relatedfiles/capacitor/catalog/MLARA-c.PDF
EMLA160ARA101MF80G,"In Production",,MLA,-40,105,16,100,M,6.3,7.7,,230,105,100kHz,,,,,,,,,,0.7,20,100kHz,,,,0.24,20,120,,16,,,20,105,3000,DC,,,,0.53,900,,Compliant,,https://www.chemi-con.co.jp/products/detail-condenser.php?part_number=EMLA160ARA101MF80G,https://www.chemi-con.co.jp/en/products/detail-condenser.php?part_number=EMLA160ARA101MF80G,https://www.chemi-con.co.jp/cn/products/detail-condenser.php?part_number=EMLA160ARA101MF80G,https://www.chemi-con.co.jp/products/relatedfiles/capacitor/catalog/MLARA-j.PDF,https://www.chemi-con.co.jp/products/relatedfiles/capacitor/catalog/MLARA-e.PDF,https://www.chemi-con.co.jp/products/relatedfiles/capacitor/catalog/MLARA-c.PDF
EMLA160ARA151MF80G,"In Production",,MLA,-40,105,16,150,M,6.3,7.7,,230,105,100kHz,,,,,,,,,,0.7,20,100kHz,,,,0.24,20,120,,24,,,20,105,3000,DC,,,,0.53,900,,Compliant,,https://www.chemi-con.co.jp/products/detail-condenser.php?part_number=EMLA160ARA151MF80G,https://www.chemi-con.co.jp/en/products/detail-condenser.php?part_number=EMLA160ARA151MF80G,https://www.chemi-con.co.jp/cn/products/detail-condenser.php?part_number=EMLA160ARA151MF80G,https://www.chemi-con.co.jp/products/relatedfiles/capacitor/catalog/MLARA-j.PDF,https://www.chemi-con.co.jp/products/relatedfiles/capacitor/catalog/MLARA-e.PDF,https://www.chemi-con.co.jp/products/relatedfiles/capacitor/catalog/MLARA-c.PDF
EMLA160ARA221MF80G,"In Production",,MLA,-40,105,16,220,M,6.3,7.7,,230,105,100kHz,,,,,,,,,,0.7,20,100kHz,,,,0.24,20,120,,35.2,,,20,105,3000,DC,,,,0.53,900,,Compliant,,https://www.chemi-con.co.jp/products/detail-condenser.php?part_number=EMLA160ARA221MF80G,https://www.chemi-con.co.jp/en/products/detail-condenser.php?part_number=EMLA160ARA221MF80G,https://www.chemi-con.co.jp/cn/products/detail-condenser.php?part_number=EMLA160ARA221MF80G,https://www.chemi-con.co.jp/products/relatedfiles/capacitor/catalog/MLARA-j.PDF,https://www.chemi-con.co.jp/products/relatedfiles/capacitor/catalog/MLARA-e.PDF,https://www.chemi-con.co.jp/products/relatedfiles/capacitor/catalog/MLARA-c.PDF
EMLA160ARA221MHA0G,"In Production",,MLA,-40,105,16,220,M,8,10,,600,105,100kHz,,,,,,,,,,0.16,20,100kHz,,,,0.22,20,120,,35.2,,,20,105,3000,DC,,,,0.96,500,,Compliant,,https://www.chemi-con.co.jp/products/detail-condenser.php?part_number=EMLA160ARA221MHA0G,https://www.chemi-con.co.jp/en/products/detail-condenser.php?part_number=EMLA160ARA221MHA0G,https://www.chemi-con.co.jp/cn/products/detail-condenser.php?part_number=EMLA160ARA221MHA0G,https://www.chemi-con.co.jp/products/relatedfiles/capacitor/catalog/MLARA-j.PDF,https://www.chemi-con.co.jp/products/relatedfiles/capacitor/catalog/MLARA-e.PDF,https://www.chemi-con.co.jp/products/relatedfiles/capacitor/catalog/MLARA-c.PDF
EMLA160ARA331MHA0G,"In Production",,MLA,-40,105,16,330,M,8,10,,600,105,100kHz,,,,,,,,,,0.16,20,100kHz,,,,0.22,20,120,,52.8,,,20,105,3000,DC,,,,0.96,500,,Compliant,,https://www.chemi-con.co.jp/products/detail-condenser.php?part_number=EMLA160ARA331MHA0G,https://www.chemi-con.co.jp/en/products/detail-condenser.php?part_number=EMLA160ARA331MHA0G,https://www.chemi-con.co.jp/cn/products/detail-condenser.php?part_number=EMLA160ARA331MHA0G,https://www.chemi-con.co.jp/products/relatedfiles/capacitor/catalog/MLARA-j.PDF,https://www.chemi-con.co.jp/products/relatedfiles/capacitor/catalog/MLARA-e.PDF,https://www.chemi-con.co.jp/products/relatedfiles/capacitor/catalog/MLARA-c.PDF
EMLA160ARA471MHA0G,"In Production",,MLA,-40,105,16,470,M,8,10,,600,105,100kHz,,,,,,,,,,0.16,20,100kHz,,,,0.22,20,120,,75.2,,,20,105,3000,DC,,,,0.96,500,,Compliant,,https://www.chemi-con.co.jp/products/detail-condenser.php?part_number=EMLA160ARA471MHA0G,https://www.chemi-con.co.jp/en/products/detail-condenser.php?part_number=EMLA160ARA471MHA0G,https://www.chemi-con.co.jp/cn/products/detail-condenser.php?part_number=EMLA160ARA471MHA0G,https://www.chemi-con.co.jp/products/relatedfiles/capacitor/catalog/MLARA-j.PDF,https://www.chemi-con.co.jp/products/relatedfiles/capacitor/catalog/MLARA-e.PDF,https://www.chemi-con.co.jp/products/relatedfiles/capacitor/catalog/MLARA-c.PDF
EMLA160ARA471MJA0G,"In Production",,MLA,-40,105,16,470,M,10,10,,850,105,100kHz,,,,,,,,,,0.08,20,100kHz,,,,0.22,20,120,,75.2,,,20,105,3000,DC,,,,1.43,500,,Compliant,,https://www.chemi-con.co.jp/products/detail-condenser.php?part_number=EMLA160ARA471MJA0G,https://www.chemi-con.co.jp/en/products/detail-condenser.php?part_number=EMLA160ARA471MJA0G,https://www.chemi-con.co.jp/cn/products/detail-condenser.php?part_number=EMLA160ARA471MJA0G,https://www.chemi-con.co.jp/products/relatedfiles/capacitor/catalog/MLARA-j.PDF,https://www.chemi-con.co.jp/products/relatedfiles/capacitor/catalog/MLARA-e.PDF,https://www.chemi-con.co.jp/products/relatedfiles/capacitor/catalog/MLARA-c.PDF
EMLA250ARA100ME61G,"In Production",,MLA,-40,105,25,10,M,5,5.8,,95,105,100kHz,,,,,,,,,,1.3,20,100kHz,,,,0.16,20,120,,3,,,20,105,3000,DC,,,,0.26,1000,,Compliant,,https://www.chemi-con.co.jp/products/detail-condenser.php?part_number=EMLA250ARA100ME61G,https://www.chemi-con.co.jp/en/products/detail-condenser.php?part_number=EMLA250ARA100ME61G,https://www.chemi-con.co.jp/cn/products/detail-condenser.php?part_number=EMLA250ARA100ME61G,https://www.chemi-con.co.jp/products/relatedfiles/capacitor/catalog/MLARA-j.PDF,https://www.chemi-con.co.jp/products/relatedfiles/capacitor/catalog/MLARA-e.PDF,https://www.chemi-con.co.jp/products/relatedfiles/capacitor/catalog/MLARA-c.PDF
EMLA250ARA220ME61G,"In Production",,MLA,-40,105,25,22,M,5,5.8,,95,105,100kHz,,,,,,,,,,1.3,20,100kHz,,,,0.16,20,120,,5.5,,,20,105,3000,DC,,,,0.26,1000,,Compliant,,https://www.chemi-con.co.jp/products/detail-condenser.php?part_number=EMLA250ARA220ME61G,https://www.chemi-con.co.jp/en/products/detail-condenser.php?part_number=EMLA250ARA220ME61G,https://www.chemi-con.co.jp/cn/products/detail-condenser.php?part_number=EMLA250ARA220ME61G,https://www.chemi-con.co.jp/products/relatedfiles/capacitor/catalog/MLARA-j.PDF,https://www.chemi-con.co.jp/products/relatedfiles/capacitor/catalog/MLARA-e.PDF,https://www.chemi-con.co.jp/products/relatedfiles/capacitor/catalog/MLARA-c.PDF
EMLA250ARA220MF61G,"In Production",,MLA,-40,105,25,22,M,6.3,5.8,,140,105,100kHz,,,,,,,,,,0.7,20,100kHz,,,,0.16,20,120,,5.5,,,20,105,3000,DC,,,,0.4,1000,,Compliant,,https://www.chemi-con.co.jp/products/detail-condenser.php?part_number=EMLA250ARA220MF61G,https://www.chemi-con.co.jp/en/products/detail-condenser.php?part_number=EMLA250ARA220MF61G,https://www.chemi-con.co.jp/cn/products/detail-condenser.php?part_number=EMLA250ARA220MF61G,https://www.chemi-con.co.jp/products/relatedfiles/capacitor/catalog/MLARA-j.PDF,https://www.chemi-con.co.jp/products/relatedfiles/capacitor/catalog/MLARA-e.PDF,https://www.chemi-con.co.jp/products/relatedfiles/capacitor/catalog/MLARA-c.PDF
EMLA250ARA330MF61G,"In Production",,MLA,-40,105,25,33,M,6.3,5.8,,140,105,100kHz,,,,,,,,,,0.7,20,100kHz,,,,0.16,20,120,,8.2,,,20,105,3000,DC,,,,0.4,1000,,Compliant,,https://www.chemi-con.co.jp/products/detail-condenser.php?part_number=EMLA250ARA330MF61G,https://www.chemi-con.co.jp/en/products/detail-condenser.php?part_number=EMLA250ARA330MF61G,https://www.chemi-con.co.jp/cn/products/detail-condenser.php?part_number=EMLA250ARA330MF61G,https://www.chemi-con.co.jp/products/relatedfiles/capacitor/catalog/MLARA-j.PDF,https://www.chemi-con.co.jp/products/relatedfiles/capacitor/catalog/MLARA-e.PDF,https://www.chemi-con.co.jp/products/relatedfiles/capacitor/catalog/MLARA-c.PDF
EMLA250ARA470MF61G,"In Production",,MLA,-40,105,25,47,M,6.3,5.8,,140,105,100kHz,,,,,,,,,,0.7,20,100kHz,,,,0.16,20,120,,11.7,,,20,105,3000,DC,,,,0.4,1000,,Compliant,,https://www.chemi-con.co.jp/products/detail-condenser.php?part_number=EMLA250ARA470MF61G,https://www.chemi-con.co.jp/en/products/detail-condenser.php?part_number=EMLA250ARA470MF61G,https://www.chemi-con.co.jp/cn/products/detail-condenser.php?part_number=EMLA250ARA470MF61G,https://www.chemi-con.co.jp/products/relatedfiles/capacitor/catalog/MLARA-j.PDF,https://www.chemi-con.co.jp/products/relatedfiles/capacitor/catalog/MLARA-e.PDF,https://www.chemi-con.co.jp/products/relatedfiles/capacitor/catalog/MLARA-c.PDF
EMLA250ARA470MF80G,"In Production",,MLA,-40,105,25,47,M,6.3,7.7,,230,105,100kHz,,,,,,,,,,0.7,20,100kHz,,,,0.16,20,120,,11.7,,,20,105,3000,DC,,,,0.53,900,,Compliant,,https://www.chemi-con.co.jp/products/detail-condenser.php?part_number=EMLA250ARA470MF80G,https://www.chemi-con.co.jp/en/products/detail-condenser.php?part_number=EMLA250ARA470MF80G,https://www.chemi-con.co.jp/cn/products/detail-condenser.php?part_number=EMLA250ARA470MF80G,https://www.chemi-con.co.jp/products/relatedfiles/capacitor/catalog/MLARA-j.PDF,https://www.chemi-con.co.jp/products/relatedfiles/capacitor/catalog/MLARA-e.PDF,https://www.chemi-con.co.jp/products/relatedfiles/capacitor/catalog/MLARA-c.PDF
EMLA250ARA101MF80G,"In Production",,MLA,-40,105,25,100,M,6.3,7.7,,230,105,100kHz,,,,,,,,,,0.7,20,100kHz,,,,0.16,20,120,,25,,,20,105,3000,DC,,,,0.53,900,,Compliant,,https://www.chemi-con.co.jp/products/detail-condenser.php?part_number=EMLA250ARA101MF80G,https://www.chemi-con.co.jp/en/products/detail-condenser.php?part_number=EMLA250ARA101MF80G,https://www.chemi-con.co.jp/cn/products/detail-condenser.php?part_number=EMLA250ARA101MF80G,https://www.chemi-con.co.jp/products/relatedfiles/capacitor/catalog/MLARA-j.PDF,https://www.chemi-con.co.jp/products/relatedfiles/capacitor/catalog/MLARA-e.PDF,https://www.chemi-con.co.jp/products/relatedfiles/capacitor/catalog/MLARA-c.PDF
EMLA250ARA101MHA0G,"In Production",,MLA,-40,105,25,100,M,8,10,,600,105,100kHz,,,,,,,,,,0.16,20,100kHz,,,,0.16,20,120,,25,,,20,105,3000,DC,,,,0.96,500,,Compliant,,https://www.chemi-con.co.jp/products/detail-condenser.php?part_number=EMLA250ARA101MHA0G,https://www.chemi-con.co.jp/en/products/detail-condenser.php?part_number=EMLA250ARA101MHA0G,https://www.chemi-con.co.jp/cn/products/detail-condenser.php?part_number=EMLA250ARA101MHA0G,https://www.chemi-con.co.jp/products/relatedfiles/capacitor/catalog/MLARA-j.PDF,https://www.chemi-con.co.jp/products/relatedfiles/capacitor/catalog/MLARA-e.PDF,https://www.chemi-con.co.jp/products/relatedfiles/capacitor/catalog/MLARA-c.PDF
EMLA250ARA151MHA0G,"In Production",,MLA,-40,105,25,150,M,8,10,,600,105,100kHz,,,,,,,,,,0.16,20,100kHz,,,,0.16,20,120,,37.5,,,20,105,3000,DC,,,,0.96,500,,Compliant,,https://www.chemi-con.co.jp/products/detail-condenser.php?part_number=EMLA250ARA151MHA0G,https://www.chemi-con.co.jp/en/products/detail-condenser.php?part_number=EMLA250ARA151MHA0G,https://www.chemi-con.co.jp/cn/products/detail-condenser.php?part_number=EMLA250ARA151MHA0G,https://www.chemi-con.co.jp/products/relatedfiles/capacitor/catalog/MLARA-j.PDF,https://www.chemi-con.co.jp/products/relatedfiles/capacitor/catalog/MLARA-e.PDF,https://www.chemi-con.co.jp/products/relatedfiles/capacitor/catalog/MLARA-c.PDF
EMLA250ARA221MHA0G,"In Production",,MLA,-40,105,25,220,M,8,10,,600,105,100kHz,,,,,,,,,,0.16,20,100kHz,,,,0.16,20,120,,55,,,20,105,3000,DC,,,,0.96,500,,Compliant,,https://www.chemi-con.co.jp/products/detail-condenser.php?part_number=EMLA250ARA221MHA0G,https://www.chemi-con.co.jp/en/products/detail-condenser.php?part_number=EMLA250ARA221MHA0G,https://www.chemi-con.co.jp/cn/products/detail-condenser.php?part_number=EMLA250ARA221MHA0G,https://www.chemi-con.co.jp/products/relatedfiles/capacitor/catalog/MLARA-j.PDF,https://www.chemi-con.co.jp/products/relatedfiles/capacitor/catalog/MLARA-e.PDF,https://www.chemi-con.co.jp/products/relatedfiles/capacitor/catalog/MLARA-c.PDF
EMLA250ARA331MHA0G,"In Production",,MLA,-40,105,25,330,M,8,10,,600,105,100kHz,,,,,,,,,,0.16,20,100kHz,,,,0.16,20,120,,82.5,,,20,105,3000,DC,,,,0.96,500,,Compliant,,https://www.chemi-con.co.jp/products/detail-condenser.php?part_number=EMLA250ARA331MHA0G,https://www.chemi-con.co.jp/en/products/detail-condenser.php?part_number=EMLA250ARA331MHA0G,https://www.chemi-con.co.jp/cn/products/detail-condenser.php?part_number=EMLA250ARA331MHA0G,https://www.chemi-con.co.jp/products/relatedfiles/capacitor/catalog/MLARA-j.PDF,https://www.chemi-con.co.jp/products/relatedfiles/capacitor/catalog/MLARA-e.PDF,https://www.chemi-con.co.jp/products/relatedfiles/capacitor/catalog/MLARA-c.PDF
EMLA250ARA331MJA0G,"In Production",,MLA,-40,105,25,330,M,10,10,,850,105,100kHz,,,,,,,,,,0.08,20,100kHz,,,,0.16,20,120,,82.5,,,20,105,3000,DC,,,,1.43,500,,Compliant,,https://www.chemi-con.co.jp/products/detail-condenser.php?part_number=EMLA250ARA331MJA0G,https://www.chemi-con.co.jp/en/products/detail-condenser.php?part_number=EMLA250ARA331MJA0G,https://www.chemi-con.co.jp/cn/products/detail-condenser.php?part_number=EMLA250ARA331MJA0G,https://www.chemi-con.co.jp/products/relatedfiles/capacitor/catalog/MLARA-j.PDF,https://www.chemi-con.co.jp/products/relatedfiles/capacitor/catalog/MLARA-e.PDF,https://www.chemi-con.co.jp/products/relatedfiles/capacitor/catalog/MLARA-c.PDF
EMLA250ARA471MJA0G,"In Production",,MLA,-40,105,25,470,M,10,10,,850,105,100kHz,,,,,,,,,,0.08,20,100kHz,,,,0.16,20,120,,117,,,20,105,3000,DC,,,,1.43,500,,Compliant,,https://www.chemi-con.co.jp/products/detail-condenser.php?part_number=EMLA250ARA471MJA0G,https://www.chemi-con.co.jp/en/products/detail-condenser.php?part_number=EMLA250ARA471MJA0G,https://www.chemi-con.co.jp/cn/products/detail-condenser.php?part_number=EMLA250ARA471MJA0G,https://www.chemi-con.co.jp/products/relatedfiles/capacitor/catalog/MLARA-j.PDF,https://www.chemi-con.co.jp/products/relatedfiles/capacitor/catalog/MLARA-e.PDF,https://www.chemi-con.co.jp/products/relatedfiles/capacitor/catalog/MLARA-c.PDF
EMLA350ARA100ME61G,"In Production",,MLA,-40,105,35,10,M,5,5.8,,95,105,100kHz,,,,,,,,,,1.3,20,100kHz,,,,0.13,20,120,,3.5,,,20,105,3000,DC,,,,0.26,1000,,Compliant,,https://www.chemi-con.co.jp/products/detail-condenser.php?part_number=EMLA350ARA100ME61G,https://www.chemi-con.co.jp/en/products/detail-condenser.php?part_number=EMLA350ARA100ME61G,https://www.chemi-con.co.jp/cn/products/detail-condenser.php?part_number=EMLA350ARA100ME61G,https://www.chemi-con.co.jp/products/relatedfiles/capacitor/catalog/MLARA-j.PDF,https://www.chemi-con.co.jp/products/relatedfiles/capacitor/catalog/MLARA-e.PDF,https://www.chemi-con.co.jp/products/relatedfiles/capacitor/catalog/MLARA-c.PDF
EMLA350ARA220MF61G,"In Production",,MLA,-40,105,35,22,M,6.3,5.8,,140,105,100kHz,,,,,,,,,,0.7,20,100kHz,,,,0.13,20,120,,7.7,,,20,105,3000,DC,,,,0.4,1000,,Compliant,,https://www.chemi-con.co.jp/products/detail-condenser.php?part_number=EMLA350ARA220MF61G,https://www.chemi-con.co.jp/en/products/detail-condenser.php?part_number=EMLA350ARA220MF61G,https://www.chemi-con.co.jp/cn/products/detail-condenser.php?part_number=EMLA350ARA220MF61G,https://www.chemi-con.co.jp/products/relatedfiles/capacitor/catalog/MLARA-j.PDF,https://www.chemi-con.co.jp/products/relatedfiles/capacitor/catalog/MLARA-e.PDF,https://www.chemi-con.co.jp/products/relatedfiles/capacitor/catalog/MLARA-c.PDF
EMLA350ARA330MF61G,"In Production",,MLA,-40,105,35,33,M,6.3,5.8,,140,105,100kHz,,,,,,,,,,0.7,20,100kHz,,,,0.13,20,120,,11.5,,,20,105,3000,DC,,,,0.4,1000,,Compliant,,https://www.chemi-con.co.jp/products/detail-condenser.php?part_number=EMLA350ARA330MF61G,https://www.chemi-con.co.jp/en/products/detail-condenser.php?part_number=EMLA350ARA330MF61G,https://www.chemi-con.co.jp/cn/products/detail-condenser.php?part_number=EMLA350ARA330MF61G,https://www.chemi-con.co.jp/products/relatedfiles/capacitor/catalog/MLARA-j.PDF,https://www.chemi-con.co.jp/products/relatedfiles/capacitor/catalog/MLARA-e.PDF,https://www.chemi-con.co.jp/products/relatedfiles/capacitor/catalog/MLARA-c.PDF
EMLA350ARA330MF80G,"In Production",,MLA,-40,105,35,33,M,6.3,7.7,,230,105,100kHz,,,,,,,,,,0.7,20,100kHz,,,,0.13,20,120,,11.5,,,20,105,3000,DC,,,,0.53,900,,Compliant,,https://www.chemi-con.co.jp/products/detail-condenser.php?part_number=EMLA350ARA330MF80G,https://www.chemi-con.co.jp/en/products/detail-condenser.php?part_number=EMLA350ARA330MF80G,https://www.chemi-con.co.jp/cn/products/detail-condenser.php?part_number=EMLA350ARA330MF80G,https://www.chemi-con.co.jp/products/relatedfiles/capacitor/catalog/MLARA-j.PDF,https://www.chemi-con.co.jp/products/relatedfiles/capacitor/catalog/MLARA-e.PDF,https://www.chemi-con.co.jp/products/relatedfiles/capacitor/catalog/MLARA-c.PDF
EMLA350ARA470MF80G,"In Production",,MLA,-40,105,35,47,M,6.3,7.7,,230,105,100kHz,,,,,,,,,,0.7,20,100kHz,,,,0.13,20,120,,16.4,,,20,105,3000,DC,,,,0.53,900,,Compliant,,https://www.chemi-con.co.jp/products/detail-condenser.php?part_number=EMLA350ARA470MF80G,https://www.chemi-con.co.jp/en/products/detail-condenser.php?part_number=EMLA350ARA470MF80G,https://www.chemi-con.co.jp/cn/products/detail-condenser.php?part_number=EMLA350ARA470MF80G,https://www.chemi-con.co.jp/products/relatedfiles/capacitor/catalog/MLARA-j.PDF,https://www.chemi-con.co.jp/products/relatedfiles/capacitor/catalog/MLARA-e.PDF,https://www.chemi-con.co.jp/products/relatedfiles/capacitor/catalog/MLARA-c.PDF
EMLA350ARA101MF80G,"In Production",,MLA,-40,105,35,100,M,6.3,7.7,,230,105,100kHz,,,,,,,,,,0.7,20,100kHz,,,,0.13,20,120,,35,,,20,105,3000,DC,,,,0.53,900,,Compliant,,https://www.chemi-con.co.jp/products/detail-condenser.php?part_number=EMLA350ARA101MF80G,https://www.chemi-con.co.jp/en/products/detail-condenser.php?part_number=EMLA350ARA101MF80G,https://www.chemi-con.co.jp/cn/products/detail-condenser.php?part_number=EMLA350ARA101MF80G,https://www.chemi-con.co.jp/products/relatedfiles/capacitor/catalog/MLARA-j.PDF,https://www.chemi-con.co.jp/products/relatedfiles/capacitor/catalog/MLARA-e.PDF,https://www.chemi-con.co.jp/products/relatedfiles/capacitor/catalog/MLARA-c.PDF
EMLA350ARA101MHA0G,"In Production",,MLA,-40,105,35,100,M,8,10,,600,105,100kHz,,,,,,,,,,0.16,20,100kHz,,,,0.13,20,120,,35,,,20,105,3000,DC,,,,0.96,500,,Compliant,,https://www.chemi-con.co.jp/products/detail-condenser.php?part_number=EMLA350ARA101MHA0G,https://www.chemi-con.co.jp/en/products/detail-condenser.php?part_number=EMLA350ARA101MHA0G,https://www.chemi-con.co.jp/cn/products/detail-condenser.php?part_number=EMLA350ARA101MHA0G,https://www.chemi-con.co.jp/products/relatedfiles/capacitor/catalog/MLARA-j.PDF,https://www.chemi-con.co.jp/products/relatedfiles/capacitor/catalog/MLARA-e.PDF,https://www.chemi-con.co.jp/products/relatedfiles/capacitor/catalog/MLARA-c.PDF
EMLA350ARA151MHA0G,"In Production",,MLA,-40,105,35,150,M,8,10,,600,105,100kHz,,,,,,,,,,0.16,20,100kHz,,,,0.13,20,120,,52.5,,,20,105,3000,DC,,,,0.96,500,,Compliant,,https://www.chemi-con.co.jp/products/detail-condenser.php?part_number=EMLA350ARA151MHA0G,https://www.chemi-con.co.jp/en/products/detail-condenser.php?part_number=EMLA350ARA151MHA0G,https://www.chemi-con.co.jp/cn/products/detail-condenser.php?part_number=EMLA350ARA151MHA0G,https://www.chemi-con.co.jp/products/relatedfiles/capacitor/catalog/MLARA-j.PDF,https://www.chemi-con.co.jp/products/relatedfiles/capacitor/catalog/MLARA-e.PDF,https://www.chemi-con.co.jp/products/relatedfiles/capacitor/catalog/MLARA-c.PDF
EMLA350ARA221MHA0G,"In Production",,MLA,-40,105,35,220,M,8,10,,600,105,100kHz,,,,,,,,,,0.16,20,100kHz,,,,0.13,20,120,,77,,,20,105,3000,DC,,,,0.96,500,,Compliant,,https://www.chemi-con.co.jp/products/detail-condenser.php?part_number=EMLA350ARA221MHA0G,https://www.chemi-con.co.jp/en/products/detail-condenser.php?part_number=EMLA350ARA221MHA0G,https://www.chemi-con.co.jp/cn/products/detail-condenser.php?part_number=EMLA350ARA221MHA0G,https://www.chemi-con.co.jp/products/relatedfiles/capacitor/catalog/MLARA-j.PDF,https://www.chemi-con.co.jp/products/relatedfiles/capacitor/catalog/MLARA-e.PDF,https://www.chemi-con.co.jp/products/relatedfiles/capacitor/catalog/MLARA-c.PDF
EMLA350ARA221MJA0G,"In Production",,MLA,-40,105,35,220,M,10,10,,850,105,100kHz,,,,,,,,,,0.08,20,100kHz,,,,0.13,20,120,,77,,,20,105,3000,DC,,,,1.43,500,,Compliant,,https://www.chemi-con.co.jp/products/detail-condenser.php?part_number=EMLA350ARA221MJA0G,https://www.chemi-con.co.jp/en/products/detail-condenser.php?part_number=EMLA350ARA221MJA0G,https://www.chemi-con.co.jp/cn/products/detail-condenser.php?part_number=EMLA350ARA221MJA0G,https://www.chemi-con.co.jp/products/relatedfiles/capacitor/catalog/MLARA-j.PDF,https://www.chemi-con.co.jp/products/relatedfiles/capacitor/catalog/MLARA-e.PDF,https://www.chemi-con.co.jp/products/relatedfiles/capacitor/catalog/MLARA-c.PDF
EMLA350ARA331MJA0G,"In Production",,MLA,-40,105,35,330,M,10,10,,850,105,100kHz,,,,,,,,,,0.08,20,100kHz,,,,0.13,20,120,,115,,,20,105,3000,DC,,,,1.43,500,,Compliant,,https://www.chemi-con.co.jp/products/detail-condenser.php?part_number=EMLA350ARA331MJA0G,https://www.chemi-con.co.jp/en/products/detail-condenser.php?part_number=EMLA350ARA331MJA0G,https://www.chemi-con.co.jp/cn/products/detail-condenser.php?part_number=EMLA350ARA331MJA0G,https://www.chemi-con.co.jp/products/relatedfiles/capacitor/catalog/MLARA-j.PDF,https://www.chemi-con.co.jp/products/relatedfiles/capacitor/catalog/MLARA-e.PDF,https://www.chemi-con.co.jp/products/relatedfiles/capacitor/catalog/MLARA-c.PDF
EMLA500ARA100MF61G,"In Production",,MLA,-40,105,50,10,M,6.3,5.8,,70,105,100kHz,,,,,,,,,,2,20,100kHz,,,,0.12,20,120,,5,,,20,105,3000,DC,,,,0.4,1000,,Compliant,,https://www.chemi-con.co.jp/products/detail-condenser.php?part_number=EMLA500ARA100MF61G,https://www.chemi-con.co.jp/en/products/detail-condenser.php?part_number=EMLA500ARA100MF61G,https://www.chemi-con.co.jp/cn/products/detail-condenser.php?part_number=EMLA500ARA100MF61G,https://www.chemi-con.co.jp/products/relatedfiles/capacitor/catalog/MLARA-j.PDF,https://www.chemi-con.co.jp/products/relatedfiles/capacitor/catalog/MLARA-e.PDF,https://www.chemi-con.co.jp/products/relatedfiles/capacitor/catalog/MLARA-c.PDF
EMLA500ARA220MF61G,"In Production",,MLA,-40,105,50,22,M,6.3,5.8,,70,105,100kHz,,,,,,,,,,2,20,100kHz,,,,0.12,20,120,,11,,,20,105,3000,DC,,,,0.4,1000,,Compliant,,https://www.chemi-con.co.jp/products/detail-condenser.php?part_number=EMLA500ARA220MF61G,https://www.chemi-con.co.jp/en/products/detail-condenser.php?part_number=EMLA500ARA220MF61G,https://www.chemi-con.co.jp/cn/products/detail-condenser.php?part_number=EMLA500ARA220MF61G,https://www.chemi-con.co.jp/products/relatedfiles/capacitor/catalog/MLARA-j.PDF,https://www.chemi-con.co.jp/products/relatedfiles/capacitor/catalog/MLARA-e.PDF,https://www.chemi-con.co.jp/products/relatedfiles/capacitor/catalog/MLARA-c.PDF
EMLA500ARA330MF80G,"In Production",,MLA,-40,105,50,33,M,6.3,7.7,,100,105,100kHz,,,,,,,,,,1.6,20,100kHz,,,,0.12,20,120,,16.5,,,20,105,3000,DC,,,,0.53,900,,Compliant,,https://www.chemi-con.co.jp/products/detail-condenser.php?part_number=EMLA500ARA330MF80G,https://www.chemi-con.co.jp/en/products/detail-condenser.php?part_number=EMLA500ARA330MF80G,https://www.chemi-con.co.jp/cn/products/detail-condenser.php?part_number=EMLA500ARA330MF80G,https://www.chemi-con.co.jp/products/relatedfiles/capacitor/catalog/MLARA-j.PDF,https://www.chemi-con.co.jp/products/relatedfiles/capacitor/catalog/MLARA-e.PDF,https://www.chemi-con.co.jp/products/relatedfiles/capacitor/catalog/MLARA-c.PDF
EMLA500ARA470MF80G,"In Production",,MLA,-40,105,50,47,M,6.3,7.7,,100,105,100kHz,,,,,,,,,,1.6,20,100kHz,,,,0.12,20,120,,23.5,,,20,105,3000,DC,,,,0.53,900,,Compliant,,https://www.chemi-con.co.jp/products/detail-condenser.php?part_number=EMLA500ARA470MF80G,https://www.chemi-con.co.jp/en/products/detail-condenser.php?part_number=EMLA500ARA470MF80G,https://www.chemi-con.co.jp/cn/products/detail-condenser.php?part_number=EMLA500ARA470MF80G,https://www.chemi-con.co.jp/products/relatedfiles/capacitor/catalog/MLARA-j.PDF,https://www.chemi-con.co.jp/products/relatedfiles/capacitor/catalog/MLARA-e.PDF,https://www.chemi-con.co.jp/products/relatedfiles/capacitor/catalog/MLARA-c.PDF
EMLA500ARA470MHA0G,"In Production",,MLA,-40,105,50,47,M,8,10,,350,105,100kHz,,,,,,,,,,0.34,20,100kHz,,,,0.12,20,120,,23.5,,,20,105,3000,DC,,,,0.96,500,,Compliant,,https://www.chemi-con.co.jp/products/detail-condenser.php?part_number=EMLA500ARA470MHA0G,https://www.chemi-con.co.jp/en/products/detail-condenser.php?part_number=EMLA500ARA470MHA0G,https://www.chemi-con.co.jp/cn/products/detail-condenser.php?part_number=EMLA500ARA470MHA0G,https://www.chemi-con.co.jp/products/relatedfiles/capacitor/catalog/MLARA-j.PDF,https://www.chemi-con.co.jp/products/relatedfiles/capacitor/catalog/MLARA-e.PDF,https://www.chemi-con.co.jp/products/relatedfiles/capacitor/catalog/MLARA-c.PDF
EMLA500ARA101MHA0G,"In Production",,MLA,-40,105,50,100,M,8,10,,350,105,100kHz,,,,,,,,,,0.34,20,100kHz,,,,0.12,20,120,,50,,,20,105,3000,DC,,,,0.96,500,,Compliant,,https://www.chemi-con.co.jp/products/detail-condenser.php?part_number=EMLA500ARA101MHA0G,https://www.chemi-con.co.jp/en/products/detail-condenser.php?part_number=EMLA500ARA101MHA0G,https://www.chemi-con.co.jp/cn/products/detail-condenser.php?part_number=EMLA500ARA101MHA0G,https://www.chemi-con.co.jp/products/relatedfiles/capacitor/catalog/MLARA-j.PDF,https://www.chemi-con.co.jp/products/relatedfiles/capacitor/catalog/MLARA-e.PDF,https://www.chemi-con.co.jp/products/relatedfiles/capacitor/catalog/MLARA-c.PDF
EMLA500ARA101MJA0G,"In Production",,MLA,-40,105,50,100,M,10,10,,670,105,100kHz,,,,,,,,,,0.18,20,100kHz,,,,0.12,20,120,,50,,,20,105,3000,DC,,,,1.43,500,,Compliant,,https://www.chemi-con.co.jp/products/detail-condenser.php?part_number=EMLA500ARA101MJA0G,https://www.chemi-con.co.jp/en/products/detail-condenser.php?part_number=EMLA500ARA101MJA0G,https://www.chemi-con.co.jp/cn/products/detail-condenser.php?part_number=EMLA500ARA101MJA0G,https://www.chemi-con.co.jp/products/relatedfiles/capacitor/catalog/MLARA-j.PDF,https://www.chemi-con.co.jp/products/relatedfiles/capacitor/catalog/MLARA-e.PDF,https://www.chemi-con.co.jp/products/relatedfiles/capacitor/catalog/MLARA-c.PDF
EMLA500ARA151MJA0G,"In Production",,MLA,-40,105,50,150,M,10,10,,670,105,100kHz,,,,,,,,,,0.18,20,100kHz,,,,0.12,20,120,,75,,,20,105,3000,DC,,,,1.43,500,,Compliant,,https://www.chemi-con.co.jp/products/detail-condenser.php?part_number=EMLA500ARA151MJA0G,https://www.chemi-con.co.jp/en/products/detail-condenser.php?part_number=EMLA500ARA151MJA0G,https://www.chemi-con.co.jp/cn/products/detail-condenser.php?part_number=EMLA500ARA151MJA0G,https://www.chemi-con.co.jp/products/relatedfiles/capacitor/catalog/MLARA-j.PDF,https://www.chemi-con.co.jp/products/relatedfiles/capacitor/catalog/MLARA-e.PDF,https://www.chemi-con.co.jp/products/relatedfiles/capacitor/catalog/MLARA-c.PDF
EMLA500ARA221MJA0G,"In Production",,MLA,-40,105,50,220,M,10,10,,670,105,100kHz,,,,,,,,,,0.18,20,100kHz,,,,0.12,20,120,,110,,,20,105,3000,DC,,,,1.43,500,,Compliant,,https://www.chemi-con.co.jp/products/detail-condenser.php?part_number=EMLA500ARA221MJA0G,https://www.chemi-con.co.jp/en/products/detail-condenser.php?part_number=EMLA500ARA221MJA0G,https://www.chemi-con.co.jp/cn/products/detail-condenser.php?part_number=EMLA500ARA221MJA0G,https://www.chemi-con.co.jp/products/relatedfiles/capacitor/catalog/MLARA-j.PDF,https://www.chemi-con.co.jp/products/relatedfiles/capacitor/catalog/MLARA-e.PDF,https://www.chemi-con.co.jp/products/relatedfiles/capacitor/catalog/MLARA-c.PDF
EMVL6R3ARA221MF80G,"In Production",,MVL,-40,105,6.3,220,M,6.3,7.7,,101,105,120Hz,,,,,,,,,,,,,,,,0.28,20,120,,41.5,,,20,105,3000,DC,,,,0.53,900,,Compliant,,https://www.chemi-con.co.jp/products/detail-condenser.php?part_number=EMVL6R3ARA221MF80G,https://www.chemi-con.co.jp/en/products/detail-condenser.php?part_number=EMVL6R3ARA221MF80G,https://www.chemi-con.co.jp/cn/products/detail-condenser.php?part_number=EMVL6R3ARA221MF80G,https://www.chemi-con.co.jp/products/relatedfiles/capacitor/catalog/MVLRA-j.PDF,https://www.chemi-con.co.jp/products/relatedfiles/capacitor/catalog/MVLRA-e.PDF,https://www.chemi-con.co.jp/products/relatedfiles/capacitor/catalog/MVLRA-c.PDF
EMVL6R3ARA331MHA0G,"In Production",,MVL,-40,105,6.3,330,M,8,10,,160,105,120Hz,,,,,,,,,,,,,,,,0.28,20,120,,62.3,,,20,105,5000,DC,,,,0.96,500,,Compliant,,https://www.chemi-con.co.jp/products/detail-condenser.php?part_number=EMVL6R3ARA331MHA0G,https://www.chemi-con.co.jp/en/products/detail-condenser.php?part_number=EMVL6R3ARA331MHA0G,https://www.chemi-con.co.jp/cn/products/detail-condenser.php?part_number=EMVL6R3ARA331MHA0G,https://www.chemi-con.co.jp/products/relatedfiles/capacitor/catalog/MVLRA-j.PDF,https://www.chemi-con.co.jp/products/relatedfiles/capacitor/catalog/MVLRA-e.PDF,https://www.chemi-con.co.jp/products/relatedfiles/capacitor/catalog/MVLRA-c.PDF
EMVL6R3ARA102MJA0G,"In Production",,MVL,-40,105,6.3,1000,M,10,10,,313,105,120Hz,,,,,,,,,,,,,,,,0.28,20,120,,189,,,20,105,5000,DC,,,,1.43,500,,Compliant,,https://www.chemi-con.co.jp/products/detail-condenser.php?part_number=EMVL6R3ARA102MJA0G,https://www.chemi-con.co.jp/en/products/detail-condenser.php?part_number=EMVL6R3ARA102MJA0G,https://www.chemi-con.co.jp/cn/products/detail-condenser.php?part_number=EMVL6R3ARA102MJA0G,https://www.chemi-con.co.jp/products/relatedfiles/capacitor/catalog/MVLRA-j.PDF,https://www.chemi-con.co.jp/products/relatedfiles/capacitor/catalog/MVLRA-e.PDF,https://www.chemi-con.co.jp/products/relatedfiles/capacitor/catalog/MVLRA-c.PDF
EMVL100ARA221MHA0G,"In Production",,MVL,-40,105,10,220,M,8,10,,141,105,120Hz,,,,,,,,,,,,,,,,0.24,20,120,,66,,,20,105,5000,DC,,,,0.96,500,,Compliant,,https://www.chemi-con.co.jp/products/detail-condenser.php?part_number=EMVL100ARA221MHA0G,https://www.chemi-con.co.jp/en/products/detail-condenser.php?part_number=EMVL100ARA221MHA0G,https://www.chemi-con.co.jp/cn/products/detail-condenser.php?part_number=EMVL100ARA221MHA0G,https://www.chemi-con.co.jp/products/relatedfiles/capacitor/catalog/MVLRA-j.PDF,https://www.chemi-con.co.jp/products/relatedfiles/capacitor/catalog/MVLRA-e.PDF,https://www.chemi-con.co.jp/products/relatedfiles/capacitor/catalog/MVLRA-c.PDF
EMVL160ARA101MF80G,"In Production",,MVL,-40,105,16,100,M,6.3,7.7,,81,105,120Hz,,,,,,,,,,,,,,,,0.2,20,120,,48,,,20,105,3000,DC,,,,0.53,900,,Compliant,,https://www.chemi-con.co.jp/products/detail-condenser.php?part_number=EMVL160ARA101MF80G,https://www.chemi-con.co.jp/en/products/detail-condenser.php?part_number=EMVL160ARA101MF80G,https://www.chemi-con.co.jp/cn/products/detail-condenser.php?part_number=EMVL160ARA101MF80G,https://www.chemi-con.co.jp/products/relatedfiles/capacitor/catalog/MVLRA-j.PDF,https://www.chemi-con.co.jp/products/relatedfiles/capacitor/catalog/MVLRA-e.PDF,https://www.chemi-con.co.jp/products/relatedfiles/capacitor/catalog/MVLRA-c.PDF
EMVL160ARA471MJA0G,"In Production",,MVL,-40,105,16,470,M,10,10,,254,105,120Hz,,,,,,,,,,,,,,,,0.2,20,120,,225,,,20,105,5000,DC,,,,1.43,500,,Compliant,,https://www.chemi-con.co.jp/products/detail-condenser.php?part_number=EMVL160ARA471MJA0G,https://www.chemi-con.co.jp/en/products/detail-condenser.php?part_number=EMVL160ARA471MJA0G,https://www.chemi-con.co.jp/cn/products/detail-condenser.php?part_number=EMVL160ARA471MJA0G,https://www.chemi-con.co.jp/products/relatedfiles/capacitor/catalog/MVLRA-j.PDF,https://www.chemi-con.co.jp/products/relatedfiles/capacitor/catalog/MVLRA-e.PDF,https://www.chemi-con.co.jp/products/relatedfiles/capacitor/catalog/MVLRA-c.PDF
EMVL250ARA470MF80G,"In Production",,MVL,-40,105,25,47,M,6.3,7.7,,63,105,120Hz,,,,,,,,,,,,,,,,0.16,20,120,,35.2,,,20,105,3000,DC,,,,0.53,900,,Compliant,,https://www.chemi-con.co.jp/products/detail-condenser.php?part_number=EMVL250ARA470MF80G,https://www.chemi-con.co.jp/en/products/detail-condenser.php?part_number=EMVL250ARA470MF80G,https://www.chemi-con.co.jp/cn/products/detail-condenser.php?part_number=EMVL250ARA470MF80G,https://www.chemi-con.co.jp/products/relatedfiles/capacitor/catalog/MVLRA-j.PDF,https://www.chemi-con.co.jp/products/relatedfiles/capacitor/catalog/MVLRA-e.PDF,https://www.chemi-con.co.jp/products/relatedfiles/capacitor/catalog/MVLRA-c.PDF
EMVL250ARA101MHA0G,"In Production",,MVL,-40,105,25,100,M,8,10,,116,105,120Hz,,,,,,,,,,,,,,,,0.16,20,120,,75,,,20,105,5000,DC,,,,0.96,500,,Compliant,,https://www.chemi-con.co.jp/products/detail-condenser.php?part_number=EMVL250ARA101MHA0G,https://www.chemi-con.co.jp/en/products/detail-condenser.php?part_number=EMVL250ARA101MHA0G,https://www.chemi-con.co.jp/cn/products/detail-condenser.php?part_number=EMVL250ARA101MHA0G,https://www.chemi-con.co.jp/products/relatedfiles/capacitor/catalog/MVLRA-j.PDF,https://www.chemi-con.co.jp/products/relatedfiles/capacitor/catalog/MVLRA-e.PDF,https://www.chemi-con.co.jp/products/relatedfiles/capacitor/catalog/MVLRA-c.PDF
EMVL250ARA331MJA0G,"In Production",,MVL,-40,105,25,330,M,10,10,,238,105,120Hz,,,,,,,,,,,,,,,,0.16,20,120,,247,,,20,105,5000,DC,,,,1.43,500,,Compliant,,https://www.chemi-con.co.jp/products/detail-condenser.php?part_number=EMVL250ARA331MJA0G,https://www.chemi-con.co.jp/en/products/detail-condenser.php?part_number=EMVL250ARA331MJA0G,https://www.chemi-con.co.jp/cn/products/detail-condenser.php?part_number=EMVL250ARA331MJA0G,https://www.chemi-con.co.jp/products/relatedfiles/capacitor/catalog/MVLRA-j.PDF,https://www.chemi-con.co.jp/products/relatedfiles/capacitor/catalog/MVLRA-e.PDF,https://www.chemi-con.co.jp/products/relatedfiles/capacitor/catalog/MVLRA-c.PDF
EMVL350ARA330MF80G,"In Production",,MVL,-40,105,35,33,M,6.3,7.7,,57,105,120Hz,,,,,,,,,,,,,,,,0.13,20,120,,34.6,,,20,105,3000,DC,,,,0.53,900,,Compliant,,https://www.chemi-con.co.jp/products/detail-condenser.php?part_number=EMVL350ARA330MF80G,https://www.chemi-con.co.jp/en/products/detail-condenser.php?part_number=EMVL350ARA330MF80G,https://www.chemi-con.co.jp/cn/products/detail-condenser.php?part_number=EMVL350ARA330MF80G,https://www.chemi-con.co.jp/products/relatedfiles/capacitor/catalog/MVLRA-j.PDF,https://www.chemi-con.co.jp/products/relatedfiles/capacitor/catalog/MVLRA-e.PDF,https://www.chemi-con.co.jp/products/relatedfiles/capacitor/catalog/MVLRA-c.PDF
EMVL350ARA221MJA0G,"In Production",,MVL,-40,105,35,220,M,10,10,,216,105,120Hz,,,,,,,,,,,,,,,,0.13,20,120,,231,,,20,105,5000,DC,,,,1.43,500,,Compliant,,https://www.chemi-con.co.jp/products/detail-condenser.php?part_number=EMVL350ARA221MJA0G,https://www.chemi-con.co.jp/en/products/detail-condenser.php?part_number=EMVL350ARA221MJA0G,https://www.chemi-con.co.jp/cn/products/detail-condenser.php?part_number=EMVL350ARA221MJA0G,https://www.chemi-con.co.jp/products/relatedfiles/capacitor/catalog/MVLRA-j.PDF,https://www.chemi-con.co.jp/products/relatedfiles/capacitor/catalog/MVLRA-e.PDF,https://www.chemi-con.co.jp/products/relatedfiles/capacitor/catalog/MVLRA-c.PDF
EMVL500ARA220MF80G,"In Production",,MVL,-40,105,50,22,M,6.3,7.7,,49,105,120Hz,,,,,,,,,,,,,,,,0.12,20,120,,33,,,20,105,3000,DC,,,,0.53,900,,Compliant,,https://www.chemi-con.co.jp/products/detail-condenser.php?part_number=EMVL500ARA220MF80G,https://www.chemi-con.co.jp/en/products/detail-condenser.php?part_number=EMVL500ARA220MF80G,https://www.chemi-con.co.jp/cn/products/detail-condenser.php?part_number=EMVL500ARA220MF80G,https://www.chemi-con.co.jp/products/relatedfiles/capacitor/catalog/MVLRA-j.PDF,https://www.chemi-con.co.jp/products/relatedfiles/capacitor/catalog/MVLRA-e.PDF,https://www.chemi-con.co.jp/products/relatedfiles/capacitor/catalog/MVLRA-c.PDF
EMVL500ARA330MHA0G,"In Production",,MVL,-40,105,50,33,M,8,10,,77,105,120Hz,,,,,,,,,,,,,,,,0.12,20,120,,49.5,,,20,105,5000,DC,,,,0.96,500,,Compliant,,https://www.chemi-con.co.jp/products/detail-condenser.php?part_number=EMVL500ARA330MHA0G,https://www.chemi-con.co.jp/en/products/detail-condenser.php?part_number=EMVL500ARA330MHA0G,https://www.chemi-con.co.jp/cn/products/detail-condenser.php?part_number=EMVL500ARA330MHA0G,https://www.chemi-con.co.jp/products/relatedfiles/capacitor/catalog/MVLRA-j.PDF,https://www.chemi-con.co.jp/products/relatedfiles/capacitor/catalog/MVLRA-e.PDF,https://www.chemi-con.co.jp/products/relatedfiles/capacitor/catalog/MVLRA-c.PDF
EMVL500ARA470MHA0G,"In Production",,MVL,-40,105,50,47,M,8,10,,92,105,120Hz,,,,,,,,,,,,,,,,0.12,20,120,,70.5,,,20,105,5000,DC,,,,0.96,500,,Compliant,,https://www.chemi-con.co.jp/products/detail-condenser.php?part_number=EMVL500ARA470MHA0G,https://www.chemi-con.co.jp/en/products/detail-condenser.php?part_number=EMVL500ARA470MHA0G,https://www.chemi-con.co.jp/cn/products/detail-condenser.php?part_number=EMVL500ARA470MHA0G,https://www.chemi-con.co.jp/products/relatedfiles/capacitor/catalog/MVLRA-j.PDF,https://www.chemi-con.co.jp/products/relatedfiles/capacitor/catalog/MVLRA-e.PDF,https://www.chemi-con.co.jp/products/relatedfiles/capacitor/catalog/MVLRA-c.PDF
EMVL500ARA101MJA0G,"In Production",,MVL,-40,105,50,100,M,10,10,,151,105,120Hz,,,,,,,,,,,,,,,,0.12,20,120,,150,,,20,105,5000,DC,,,,1.43,500,,Compliant,,https://www.chemi-con.co.jp/products/detail-condenser.php?part_number=EMVL500ARA101MJA0G,https://www.chemi-con.co.jp/en/products/detail-condenser.php?part_number=EMVL500ARA101MJA0G,https://www.chemi-con.co.jp/cn/products/detail-condenser.php?part_number=EMVL500ARA101MJA0G,https://www.chemi-con.co.jp/products/relatedfiles/capacitor/catalog/MVLRA-j.PDF,https://www.chemi-con.co.jp/products/relatedfiles/capacitor/catalog/MVLRA-e.PDF,https://www.chemi-con.co.jp/products/relatedfiles/capacitor/catalog/MVLRA-c.PDF
EMAR6R3ARA101MF55G,"In Production",,MAR,-40,85,6.3,100,M,6.3,5.2,,55,85,120Hz,,,,,,,,,,,,,,,,0.3,20,120,,6.3,,,20,85,2000,DC,,,,0.36,1000,,Compliant,,https://www.chemi-con.co.jp/products/detail-condenser.php?part_number=EMAR6R3ARA101MF55G,https://www.chemi-con.co.jp/en/products/detail-condenser.php?part_number=EMAR6R3ARA101MF55G,https://www.chemi-con.co.jp/cn/products/detail-condenser.php?part_number=EMAR6R3ARA101MF55G,https://www.chemi-con.co.jp/products/relatedfiles/capacitor/catalog/MARRA-j.PDF,https://www.chemi-con.co.jp/products/relatedfiles/capacitor/catalog/MARRA-e.PDF,https://www.chemi-con.co.jp/products/relatedfiles/capacitor/catalog/MARRA-c.PDF
EMAR6R3ARA471MHA0G,"In Production",,MAR,-40,85,6.3,470,M,8,10,,226,85,120Hz,,,,,,,,,,,,,,,,0.4,20,120,,29.6,,,20,85,2000,DC,,,,0.96,500,,Compliant,,https://www.chemi-con.co.jp/products/detail-condenser.php?part_number=EMAR6R3ARA471MHA0G,https://www.chemi-con.co.jp/en/products/detail-condenser.php?part_number=EMAR6R3ARA471MHA0G,https://www.chemi-con.co.jp/cn/products/detail-condenser.php?part_number=EMAR6R3ARA471MHA0G,https://www.chemi-con.co.jp/products/relatedfiles/capacitor/catalog/MARRA-j.PDF,https://www.chemi-con.co.jp/products/relatedfiles/capacitor/catalog/MARRA-e.PDF,https://www.chemi-con.co.jp/products/relatedfiles/capacitor/catalog/MARRA-c.PDF
EMAR6R3ARA102MJA0G,"In Production",,MAR,-40,85,6.3,1000,M,10,10,,371,85,120Hz,,,,,,,,,,,,,,,,0.4,20,120,,63,,,20,85,2000,DC,,,,1.43,500,,Compliant,,https://www.chemi-con.co.jp/products/detail-condenser.php?part_number=EMAR6R3ARA102MJA0G,https://www.chemi-con.co.jp/en/products/detail-condenser.php?part_number=EMAR6R3ARA102MJA0G,https://www.chemi-con.co.jp/cn/products/detail-condenser.php?part_number=EMAR6R3ARA102MJA0G,https://www.chemi-con.co.jp/products/relatedfiles/capacitor/catalog/MARRA-j.PDF,https://www.chemi-con.co.jp/products/relatedfiles/capacitor/catalog/MARRA-e.PDF,https://www.chemi-con.co.jp/products/relatedfiles/capacitor/catalog/MARRA-c.PDF
EMAR100ARA470MF55G,"In Production",,MAR,-40,85,10,47,M,6.3,5.2,,36,85,120Hz,,,,,,,,,,,,,,,,0.24,20,120,,4.7,,,20,85,2000,DC,,,,0.36,1000,,Compliant,,https://www.chemi-con.co.jp/products/detail-condenser.php?part_number=EMAR100ARA470MF55G,https://www.chemi-con.co.jp/en/products/detail-condenser.php?part_number=EMAR100ARA470MF55G,https://www.chemi-con.co.jp/cn/products/detail-condenser.php?part_number=EMAR100ARA470MF55G,https://www.chemi-con.co.jp/products/relatedfiles/capacitor/catalog/MARRA-j.PDF,https://www.chemi-con.co.jp/products/relatedfiles/capacitor/catalog/MARRA-e.PDF,https://www.chemi-con.co.jp/products/relatedfiles/capacitor/catalog/MARRA-c.PDF
EMAR100ARA101MF55G,"In Production",,MAR,-40,85,10,100,M,6.3,5.2,,60,85,120Hz,,,,,,,,,,,,,,,,0.24,20,120,,10,,,20,85,2000,DC,,,,0.36,1000,,Compliant,,https://www.chemi-con.co.jp/products/detail-condenser.php?part_number=EMAR100ARA101MF55G,https://www.chemi-con.co.jp/en/products/detail-condenser.php?part_number=EMAR100ARA101MF55G,https://www.chemi-con.co.jp/cn/products/detail-condenser.php?part_number=EMAR100ARA101MF55G,https://www.chemi-con.co.jp/products/relatedfiles/capacitor/catalog/MARRA-j.PDF,https://www.chemi-con.co.jp/products/relatedfiles/capacitor/catalog/MARRA-e.PDF,https://www.chemi-con.co.jp/products/relatedfiles/capacitor/catalog/MARRA-c.PDF
EMAR100ARA331MHA0G,"In Production",,MAR,-40,85,10,330,M,8,10,,219,85,120Hz,,,,,,,,,,,,,,,,0.3,20,120,,33,,,20,85,2000,DC,,,,0.96,500,,Compliant,,https://www.chemi-con.co.jp/products/detail-condenser.php?part_number=EMAR100ARA331MHA0G,https://www.chemi-con.co.jp/en/products/detail-condenser.php?part_number=EMAR100ARA331MHA0G,https://www.chemi-con.co.jp/cn/products/detail-condenser.php?part_number=EMAR100ARA331MHA0G,https://www.chemi-con.co.jp/products/relatedfiles/capacitor/catalog/MARRA-j.PDF,https://www.chemi-con.co.jp/products/relatedfiles/capacitor/catalog/MARRA-e.PDF,https://www.chemi-con.co.jp/products/relatedfiles/capacitor/catalog/MARRA-c.PDF
EMAR100ARA471MJA0G,"In Production",,MAR,-40,85,10,470,M,10,10,,294,85,120Hz,,,,,,,,,,,,,,,,0.3,20,120,,47,,,20,85,2000,DC,,,,1.43,500,,Compliant,,https://www.chemi-con.co.jp/products/detail-condenser.php?part_number=EMAR100ARA471MJA0G,https://www.chemi-con.co.jp/en/products/detail-condenser.php?part_number=EMAR100ARA471MJA0G,https://www.chemi-con.co.jp/cn/products/detail-condenser.php?part_number=EMAR100ARA471MJA0G,https://www.chemi-con.co.jp/products/relatedfiles/capacitor/catalog/MARRA-j.PDF,https://www.chemi-con.co.jp/products/relatedfiles/capacitor/catalog/MARRA-e.PDF,https://www.chemi-con.co.jp/products/relatedfiles/capacitor/catalog/MARRA-c.PDF
EMAR160ARA330MF55G,"In Production",,MAR,-40,85,16,33,M,6.3,5.2,,33,85,120Hz,,,,,,,,,,,,,,,,0.2,20,120,,5.2,,,20,85,2000,DC,,,,0.36,1000,,Compliant,,https://www.chemi-con.co.jp/products/detail-condenser.php?part_number=EMAR160ARA330MF55G,https://www.chemi-con.co.jp/en/products/detail-condenser.php?part_number=EMAR160ARA330MF55G,https://www.chemi-con.co.jp/cn/products/detail-condenser.php?part_number=EMAR160ARA330MF55G,https://www.chemi-con.co.jp/products/relatedfiles/capacitor/catalog/MARRA-j.PDF,https://www.chemi-con.co.jp/products/relatedfiles/capacitor/catalog/MARRA-e.PDF,https://www.chemi-con.co.jp/products/relatedfiles/capacitor/catalog/MARRA-c.PDF
EMAR160ARA470MF55G,"In Production",,MAR,-40,85,16,47,M,6.3,5.2,,48,85,120Hz,,,,,,,,,,,,,,,,0.2,20,120,,7.5,,,20,85,2000,DC,,,,0.36,1000,,Compliant,,https://www.chemi-con.co.jp/products/detail-condenser.php?part_number=EMAR160ARA470MF55G,https://www.chemi-con.co.jp/en/products/detail-condenser.php?part_number=EMAR160ARA470MF55G,https://www.chemi-con.co.jp/cn/products/detail-condenser.php?part_number=EMAR160ARA470MF55G,https://www.chemi-con.co.jp/products/relatedfiles/capacitor/catalog/MARRA-j.PDF,https://www.chemi-con.co.jp/products/relatedfiles/capacitor/catalog/MARRA-e.PDF,https://www.chemi-con.co.jp/products/relatedfiles/capacitor/catalog/MARRA-c.PDF
EMAR160ARA221MHA0G,"In Production",,MAR,-40,85,16,220,M,8,10,,192,85,120Hz,,,,,,,,,,,,,,,,0.26,20,120,,35.2,,,20,85,2000,DC,,,,0.96,500,,Compliant,,https://www.chemi-con.co.jp/products/detail-condenser.php?part_number=EMAR160ARA221MHA0G,https://www.chemi-con.co.jp/en/products/detail-condenser.php?part_number=EMAR160ARA221MHA0G,https://www.chemi-con.co.jp/cn/products/detail-condenser.php?part_number=EMAR160ARA221MHA0G,https://www.chemi-con.co.jp/products/relatedfiles/capacitor/catalog/MARRA-j.PDF,https://www.chemi-con.co.jp/products/relatedfiles/capacitor/catalog/MARRA-e.PDF,https://www.chemi-con.co.jp/products/relatedfiles/capacitor/catalog/MARRA-c.PDF
EMAR160ARA331MHA0G,"In Production",,MAR,-40,85,16,330,M,8,10,,235,85,120Hz,,,,,,,,,,,,,,,,0.26,20,120,,52.8,,,20,85,2000,DC,,,,0.96,500,,Compliant,,https://www.chemi-con.co.jp/products/detail-condenser.php?part_number=EMAR160ARA331MHA0G,https://www.chemi-con.co.jp/en/products/detail-condenser.php?part_number=EMAR160ARA331MHA0G,https://www.chemi-con.co.jp/cn/products/detail-condenser.php?part_number=EMAR160ARA331MHA0G,https://www.chemi-con.co.jp/products/relatedfiles/capacitor/catalog/MARRA-j.PDF,https://www.chemi-con.co.jp/products/relatedfiles/capacitor/catalog/MARRA-e.PDF,https://www.chemi-con.co.jp/products/relatedfiles/capacitor/catalog/MARRA-c.PDF
EMAR160ARA471MJA0G,"In Production",,MAR,-40,85,16,470,M,10,10,,315,85,120Hz,,,,,,,,,,,,,,,,0.26,20,120,,75.2,,,20,85,2000,DC,,,,1.43,500,,Compliant,,https://www.chemi-con.co.jp/products/detail-condenser.php?part_number=EMAR160ARA471MJA0G,https://www.chemi-con.co.jp/en/products/detail-condenser.php?part_number=EMAR160ARA471MJA0G,https://www.chemi-con.co.jp/cn/products/detail-condenser.php?part_number=EMAR160ARA471MJA0G,https://www.chemi-con.co.jp/products/relatedfiles/capacitor/catalog/MARRA-j.PDF,https://www.chemi-con.co.jp/products/relatedfiles/capacitor/catalog/MARRA-e.PDF,https://www.chemi-con.co.jp/products/relatedfiles/capacitor/catalog/MARRA-c.PDF
EMAR250ARA220MF55G,"In Production",,MAR,-40,85,25,22,M,6.3,5.2,,34,85,120Hz,,,,,,,,,,,,,,,,0.16,20,120,,5.5,,,20,85,2000,DC,,,,0.36,1000,,Compliant,,https://www.chemi-con.co.jp/products/detail-condenser.php?part_number=EMAR250ARA220MF55G,https://www.chemi-con.co.jp/en/products/detail-condenser.php?part_number=EMAR250ARA220MF55G,https://www.chemi-con.co.jp/cn/products/detail-condenser.php?part_number=EMAR250ARA220MF55G,https://www.chemi-con.co.jp/products/relatedfiles/capacitor/catalog/MARRA-j.PDF,https://www.chemi-con.co.jp/products/relatedfiles/capacitor/catalog/MARRA-e.PDF,https://www.chemi-con.co.jp/products/relatedfiles/capacitor/catalog/MARRA-c.PDF
EMAR250ARA330MF55G,"In Production",,MAR,-40,85,25,33,M,6.3,5.2,,45,85,120Hz,,,,,,,,,,,,,,,,0.16,20,120,,8.2,,,20,85,2000,DC,,,,0.36,1000,,Compliant,,https://www.chemi-con.co.jp/products/detail-condenser.php?part_number=EMAR250ARA330MF55G,https://www.chemi-con.co.jp/en/products/detail-condenser.php?part_number=EMAR250ARA330MF55G,https://www.chemi-con.co.jp/cn/products/detail-condenser.php?part_number=EMAR250ARA330MF55G,https://www.chemi-con.co.jp/products/relatedfiles/capacitor/catalog/MARRA-j.PDF,https://www.chemi-con.co.jp/products/relatedfiles/capacitor/catalog/MARRA-e.PDF,https://www.chemi-con.co.jp/products/relatedfiles/capacitor/catalog/MARRA-c.PDF
EMAR250ARA221MHA0G,"In Production",,MAR,-40,85,25,220,M,8,10,,244,85,120Hz,,,,,,,,,,,,,,,,0.16,20,120,,55,,,20,85,2000,DC,,,,0.96,500,,Compliant,,https://www.chemi-con.co.jp/products/detail-condenser.php?part_number=EMAR250ARA221MHA0G,https://www.chemi-con.co.jp/en/products/detail-condenser.php?part_number=EMAR250ARA221MHA0G,https://www.chemi-con.co.jp/cn/products/detail-condenser.php?part_number=EMAR250ARA221MHA0G,https://www.chemi-con.co.jp/products/relatedfiles/capacitor/catalog/MARRA-j.PDF,https://www.chemi-con.co.jp/products/relatedfiles/capacitor/catalog/MARRA-e.PDF,https://www.chemi-con.co.jp/products/relatedfiles/capacitor/catalog/MARRA-c.PDF
EMAR250ARA331MJA0G,"In Production",,MAR,-40,85,25,330,M,10,10,,305,85,120Hz,,,,,,,,,,,,,,,,0.16,20,120,,82.5,,,20,85,2000,DC,,,,1.43,500,,Compliant,,https://www.chemi-con.co.jp/products/detail-condenser.php?part_number=EMAR250ARA331MJA0G,https://www.chemi-con.co.jp/en/products/detail-condenser.php?part_number=EMAR250ARA331MJA0G,https://www.chemi-con.co.jp/cn/products/detail-condenser.php?part_number=EMAR250ARA331MJA0G,https://www.chemi-con.co.jp/products/relatedfiles/capacitor/catalog/MARRA-j.PDF,https://www.chemi-con.co.jp/products/relatedfiles/capacitor/catalog/MARRA-e.PDF,https://www.chemi-con.co.jp/products/relatedfiles/capacitor/catalog/MARRA-c.PDF
EMAR350ARA220MF55G,"In Production",,MAR,-40,85,35,22,M,6.3,5.2,,40,85,120Hz,,,,,,,,,,,,,,,,0.14,20,120,,7.7,,,20,85,2000,DC,,,,0.36,1000,,Compliant,,https://www.chemi-con.co.jp/products/detail-condenser.php?part_number=EMAR350ARA220MF55G,https://www.chemi-con.co.jp/en/products/detail-condenser.php?part_number=EMAR350ARA220MF55G,https://www.chemi-con.co.jp/cn/products/detail-condenser.php?part_number=EMAR350ARA220MF55G,https://www.chemi-con.co.jp/products/relatedfiles/capacitor/catalog/MARRA-j.PDF,https://www.chemi-con.co.jp/products/relatedfiles/capacitor/catalog/MARRA-e.PDF,https://www.chemi-con.co.jp/products/relatedfiles/capacitor/catalog/MARRA-c.PDF
EMAR350ARA101MHA0G,"In Production",,MAR,-40,85,35,100,M,8,10,,175,85,120Hz,,,,,,,,,,,,,,,,0.14,20,120,,35,,,20,85,2000,DC,,,,0.96,500,,Compliant,,https://www.chemi-con.co.jp/products/detail-condenser.php?part_number=EMAR350ARA101MHA0G,https://www.chemi-con.co.jp/en/products/detail-condenser.php?part_number=EMAR350ARA101MHA0G,https://www.chemi-con.co.jp/cn/products/detail-condenser.php?part_number=EMAR350ARA101MHA0G,https://www.chemi-con.co.jp/products/relatedfiles/capacitor/catalog/MARRA-j.PDF,https://www.chemi-con.co.jp/products/relatedfiles/capacitor/catalog/MARRA-e.PDF,https://www.chemi-con.co.jp/products/relatedfiles/capacitor/catalog/MARRA-c.PDF
EMAR350ARA221MJA0G,"In Production",,MAR,-40,85,35,220,M,10,10,,265,85,120Hz,,,,,,,,,,,,,,,,0.14,20,120,,77,,,20,85,2000,DC,,,,1.43,500,,Compliant,,https://www.chemi-con.co.jp/products/detail-condenser.php?part_number=EMAR350ARA221MJA0G,https://www.chemi-con.co.jp/en/products/detail-condenser.php?part_number=EMAR350ARA221MJA0G,https://www.chemi-con.co.jp/cn/products/detail-condenser.php?part_number=EMAR350ARA221MJA0G,https://www.chemi-con.co.jp/products/relatedfiles/capacitor/catalog/MARRA-j.PDF,https://www.chemi-con.co.jp/products/relatedfiles/capacitor/catalog/MARRA-e.PDF,https://www.chemi-con.co.jp/products/relatedfiles/capacitor/catalog/MARRA-c.PDF
EMAR500ARA100MF55G,"In Production",,MAR,-40,85,50,10,M,6.3,5.2,,29,85,120Hz,,,,,,,,,,,,,,,,0.12,20,120,,5,,,20,85,2000,DC,,,,0.36,1000,,Compliant,,https://www.chemi-con.co.jp/products/detail-condenser.php?part_number=EMAR500ARA100MF55G,https://www.chemi-con.co.jp/en/products/detail-condenser.php?part_number=EMAR500ARA100MF55G,https://www.chemi-con.co.jp/cn/products/detail-condenser.php?part_number=EMAR500ARA100MF55G,https://www.chemi-con.co.jp/products/relatedfiles/capacitor/catalog/MARRA-j.PDF,https://www.chemi-con.co.jp/products/relatedfiles/capacitor/catalog/MARRA-e.PDF,https://www.chemi-con.co.jp/products/relatedfiles/capacitor/catalog/MARRA-c.PDF
EMAR500ARA470MHA0G,"In Production",,MAR,-40,85,50,47,M,8,10,,130,85,120Hz,,,,,,,,,,,,,,,,0.12,20,120,,23.5,,,20,85,2000,DC,,,,0.96,500,,Compliant,,https://www.chemi-con.co.jp/products/detail-condenser.php?part_number=EMAR500ARA470MHA0G,https://www.chemi-con.co.jp/en/products/detail-condenser.php?part_number=EMAR500ARA470MHA0G,https://www.chemi-con.co.jp/cn/products/detail-condenser.php?part_number=EMAR500ARA470MHA0G,https://www.chemi-con.co.jp/products/relatedfiles/capacitor/catalog/MARRA-j.PDF,https://www.chemi-con.co.jp/products/relatedfiles/capacitor/catalog/MARRA-e.PDF,https://www.chemi-con.co.jp/products/relatedfiles/capacitor/catalog/MARRA-c.PDF
EMAR500ARA101MJA0G,"In Production",,MAR,-40,85,50,100,M,10,10,,195,85,120Hz,,,,,,,,,,,,,,,,0.12,20,120,,50,,,20,85,2000,DC,,,,1.43,500,,Compliant,,https://www.chemi-con.co.jp/products/detail-condenser.php?part_number=EMAR500ARA101MJA0G,https://www.chemi-con.co.jp/en/products/detail-condenser.php?part_number=EMAR500ARA101MJA0G,https://www.chemi-con.co.jp/cn/products/detail-condenser.php?part_number=EMAR500ARA101MJA0G,https://www.chemi-con.co.jp/products/relatedfiles/capacitor/catalog/MARRA-j.PDF,https://www.chemi-con.co.jp/products/relatedfiles/capacitor/catalog/MARRA-e.PDF,https://www.chemi-con.co.jp/products/relatedfiles/capacitor/catalog/MARRA-c.PDF
EMAK6R3ARA101MF55G,"In Production",,MAK,-40,105,6.3,100,M,6.3,5.2,,60,105,120Hz,,,,,,,,,,,,,,,,0.3,20,120,,6.3,,,20,105,1000,DC,,,,0.36,1000,,Compliant,,https://www.chemi-con.co.jp/products/detail-condenser.php?part_number=EMAK6R3ARA101MF55G,https://www.chemi-con.co.jp/en/products/detail-condenser.php?part_number=EMAK6R3ARA101MF55G,https://www.chemi-con.co.jp/cn/products/detail-condenser.php?part_number=EMAK6R3ARA101MF55G,https://www.chemi-con.co.jp/products/relatedfiles/capacitor/catalog/MAKRA-j.PDF,https://www.chemi-con.co.jp/products/relatedfiles/capacitor/catalog/MAKRA-e.PDF,https://www.chemi-con.co.jp/products/relatedfiles/capacitor/catalog/MAKRA-c.PDF
EMAK6R3ARA471MHA0G,"In Production",,MAK,-40,105,6.3,470,M,8,10,,210,105,120Hz,,,,,,,,,,,,,,,,0.3,20,120,,29.6,,,20,105,1000,DC,,,,0.96,500,,Compliant,,https://www.chemi-con.co.jp/products/detail-condenser.php?part_number=EMAK6R3ARA471MHA0G,https://www.chemi-con.co.jp/en/products/detail-condenser.php?part_number=EMAK6R3ARA471MHA0G,https://www.chemi-con.co.jp/cn/products/detail-condenser.php?part_number=EMAK6R3ARA471MHA0G,https://www.chemi-con.co.jp/products/relatedfiles/capacitor/catalog/MAKRA-j.PDF,https://www.chemi-con.co.jp/products/relatedfiles/capacitor/catalog/MAKRA-e.PDF,https://www.chemi-con.co.jp/products/relatedfiles/capacitor/catalog/MAKRA-c.PDF
EMAK6R3ARA102MJA0G,"In Production",,MAK,-40,105,6.3,1000,M,10,10,,310,105,120Hz,,,,,,,,,,,,,,,,0.3,20,120,,63,,,20,105,1000,DC,,,,1.43,500,,Compliant,,https://www.chemi-con.co.jp/products/detail-condenser.php?part_number=EMAK6R3ARA102MJA0G,https://www.chemi-con.co.jp/en/products/detail-condenser.php?part_number=EMAK6R3ARA102MJA0G,https://www.chemi-con.co.jp/cn/products/detail-condenser.php?part_number=EMAK6R3ARA102MJA0G,https://www.chemi-con.co.jp/products/relatedfiles/capacitor/catalog/MAKRA-j.PDF,https://www.chemi-con.co.jp/products/relatedfiles/capacitor/catalog/MAKRA-e.PDF,https://www.chemi-con.co.jp/products/relatedfiles/capacitor/catalog/MAKRA-c.PDF
EMAK100ARA470MF55G,"In Production",,MAK,-40,105,10,47,M,6.3,5.2,,46,105,120Hz,,,,,,,,,,,,,,,,0.26,20,120,,4.7,,,20,105,1000,DC,,,,0.36,1000,,Compliant,,https://www.chemi-con.co.jp/products/detail-condenser.php?part_number=EMAK100ARA470MF55G,https://www.chemi-con.co.jp/en/products/detail-condenser.php?part_number=EMAK100ARA470MF55G,https://www.chemi-con.co.jp/cn/products/detail-condenser.php?part_number=EMAK100ARA470MF55G,https://www.chemi-con.co.jp/products/relatedfiles/capacitor/catalog/MAKRA-j.PDF,https://www.chemi-con.co.jp/products/relatedfiles/capacitor/catalog/MAKRA-e.PDF,https://www.chemi-con.co.jp/products/relatedfiles/capacitor/catalog/MAKRA-c.PDF
EMAK100ARA101MF55G,"In Production",,MAK,-40,105,10,100,M,6.3,5.2,,60,105,120Hz,,,,,,,,,,,,,,,,0.26,20,120,,10,,,20,105,1000,DC,,,,0.36,1000,,Compliant,,https://www.chemi-con.co.jp/products/detail-condenser.php?part_number=EMAK100ARA101MF55G,https://www.chemi-con.co.jp/en/products/detail-condenser.php?part_number=EMAK100ARA101MF55G,https://www.chemi-con.co.jp/cn/products/detail-condenser.php?part_number=EMAK100ARA101MF55G,https://www.chemi-con.co.jp/products/relatedfiles/capacitor/catalog/MAKRA-j.PDF,https://www.chemi-con.co.jp/products/relatedfiles/capacitor/catalog/MAKRA-e.PDF,https://www.chemi-con.co.jp/products/relatedfiles/capacitor/catalog/MAKRA-c.PDF
EMAK100ARA331MHA0G,"In Production",,MAK,-40,105,10,330,M,8,10,,210,105,120Hz,,,,,,,,,,,,,,,,0.26,20,120,,33,,,20,105,1000,DC,,,,0.96,500,,Compliant,,https://www.chemi-con.co.jp/products/detail-condenser.php?part_number=EMAK100ARA331MHA0G,https://www.chemi-con.co.jp/en/products/detail-condenser.php?part_number=EMAK100ARA331MHA0G,https://www.chemi-con.co.jp/cn/products/detail-condenser.php?part_number=EMAK100ARA331MHA0G,https://www.chemi-con.co.jp/products/relatedfiles/capacitor/catalog/MAKRA-j.PDF,https://www.chemi-con.co.jp/products/relatedfiles/capacitor/catalog/MAKRA-e.PDF,https://www.chemi-con.co.jp/products/relatedfiles/capacitor/catalog/MAKRA-c.PDF
EMAK100ARA471MJA0G,"In Production",,MAK,-40,105,10,470,M,10,10,,310,105,120Hz,,,,,,,,,,,,,,,,0.26,20,120,,47,,,20,105,1000,DC,,,,1.43,500,,Compliant,,https://www.chemi-con.co.jp/products/detail-condenser.php?part_number=EMAK100ARA471MJA0G,https://www.chemi-con.co.jp/en/products/detail-condenser.php?part_number=EMAK100ARA471MJA0G,https://www.chemi-con.co.jp/cn/products/detail-condenser.php?part_number=EMAK100ARA471MJA0G,https://www.chemi-con.co.jp/products/relatedfiles/capacitor/catalog/MAKRA-j.PDF,https://www.chemi-con.co.jp/products/relatedfiles/capacitor/catalog/MAKRA-e.PDF,https://www.chemi-con.co.jp/products/relatedfiles/capacitor/catalog/MAKRA-c.PDF
EMAK160ARA470MF55G,"In Production",,MAK,-40,105,16,47,M,6.3,5.2,,50,105,120Hz,,,,,,,,,,,,,,,,0.22,20,120,,7.5,,,20,105,1000,DC,,,,0.36,1000,,Compliant,,https://www.chemi-con.co.jp/products/detail-condenser.php?part_number=EMAK160ARA470MF55G,https://www.chemi-con.co.jp/en/products/detail-condenser.php?part_number=EMAK160ARA470MF55G,https://www.chemi-con.co.jp/cn/products/detail-condenser.php?part_number=EMAK160ARA470MF55G,https://www.chemi-con.co.jp/products/relatedfiles/capacitor/catalog/MAKRA-j.PDF,https://www.chemi-con.co.jp/products/relatedfiles/capacitor/catalog/MAKRA-e.PDF,https://www.chemi-con.co.jp/products/relatedfiles/capacitor/catalog/MAKRA-c.PDF
EMAK160ARA221MHA0G,"In Production",,MAK,-40,105,16,220,M,8,10,,210,105,120Hz,,,,,,,,,,,,,,,,0.22,20,120,,35.2,,,20,105,1000,DC,,,,0.96,500,,Compliant,,https://www.chemi-con.co.jp/products/detail-condenser.php?part_number=EMAK160ARA221MHA0G,https://www.chemi-con.co.jp/en/products/detail-condenser.php?part_number=EMAK160ARA221MHA0G,https://www.chemi-con.co.jp/cn/products/detail-condenser.php?part_number=EMAK160ARA221MHA0G,https://www.chemi-con.co.jp/products/relatedfiles/capacitor/catalog/MAKRA-j.PDF,https://www.chemi-con.co.jp/products/relatedfiles/capacitor/catalog/MAKRA-e.PDF,https://www.chemi-con.co.jp/products/relatedfiles/capacitor/catalog/MAKRA-c.PDF
EMAK160ARA331MHA0G,"In Production",,MAK,-40,105,16,330,M,8,10,,210,105,120Hz,,,,,,,,,,,,,,,,0.22,20,120,,52.8,,,20,105,1000,DC,,,,0.96,500,,Compliant,,https://www.chemi-con.co.jp/products/detail-condenser.php?part_number=EMAK160ARA331MHA0G,https://www.chemi-con.co.jp/en/products/detail-condenser.php?part_number=EMAK160ARA331MHA0G,https://www.chemi-con.co.jp/cn/products/detail-condenser.php?part_number=EMAK160ARA331MHA0G,https://www.chemi-con.co.jp/products/relatedfiles/capacitor/catalog/MAKRA-j.PDF,https://www.chemi-con.co.jp/products/relatedfiles/capacitor/catalog/MAKRA-e.PDF,https://www.chemi-con.co.jp/products/relatedfiles/capacitor/catalog/MAKRA-c.PDF
EMAK160ARA471MJA0G,"In Production",,MAK,-40,105,16,470,M,10,10,,310,105,120Hz,,,,,,,,,,,,,,,,0.22,20,120,,75.2,,,20,105,1000,DC,,,,1.43,500,,Compliant,,https://www.chemi-con.co.jp/products/detail-condenser.php?part_number=EMAK160ARA471MJA0G,https://www.chemi-con.co.jp/en/products/detail-condenser.php?part_number=EMAK160ARA471MJA0G,https://www.chemi-con.co.jp/cn/products/detail-condenser.php?part_number=EMAK160ARA471MJA0G,https://www.chemi-con.co.jp/products/relatedfiles/capacitor/catalog/MAKRA-j.PDF,https://www.chemi-con.co.jp/products/relatedfiles/capacitor/catalog/MAKRA-e.PDF,https://www.chemi-con.co.jp/products/relatedfiles/capacitor/catalog/MAKRA-c.PDF
EMAK250ARA220MF55G,"In Production",,MAK,-40,105,25,22,M,6.3,5.2,,38,105,120Hz,,,,,,,,,,,,,,,,0.16,20,120,,5.5,,,20,105,1000,DC,,,,0.36,1000,,Compliant,,https://www.chemi-con.co.jp/products/detail-condenser.php?part_number=EMAK250ARA220MF55G,https://www.chemi-con.co.jp/en/products/detail-condenser.php?part_number=EMAK250ARA220MF55G,https://www.chemi-con.co.jp/cn/products/detail-condenser.php?part_number=EMAK250ARA220MF55G,https://www.chemi-con.co.jp/products/relatedfiles/capacitor/catalog/MAKRA-j.PDF,https://www.chemi-con.co.jp/products/relatedfiles/capacitor/catalog/MAKRA-e.PDF,https://www.chemi-con.co.jp/products/relatedfiles/capacitor/catalog/MAKRA-c.PDF
EMAK250ARA330MF55G,"In Production",,MAK,-40,105,25,33,M,6.3,5.2,,48,105,120Hz,,,,,,,,,,,,,,,,0.16,20,120,,8.2,,,20,105,1000,DC,,,,0.36,1000,,Compliant,,https://www.chemi-con.co.jp/products/detail-condenser.php?part_number=EMAK250ARA330MF55G,https://www.chemi-con.co.jp/en/products/detail-condenser.php?part_number=EMAK250ARA330MF55G,https://www.chemi-con.co.jp/cn/products/detail-condenser.php?part_number=EMAK250ARA330MF55G,https://www.chemi-con.co.jp/products/relatedfiles/capacitor/catalog/MAKRA-j.PDF,https://www.chemi-con.co.jp/products/relatedfiles/capacitor/catalog/MAKRA-e.PDF,https://www.chemi-con.co.jp/products/relatedfiles/capacitor/catalog/MAKRA-c.PDF
EMAK250ARA101MHA0G,"In Production",,MAK,-40,105,25,100,M,8,10,,155,105,120Hz,,,,,,,,,,,,,,,,0.16,20,120,,25,,,20,105,1000,DC,,,,0.96,500,,Compliant,,https://www.chemi-con.co.jp/products/detail-condenser.php?part_number=EMAK250ARA101MHA0G,https://www.chemi-con.co.jp/en/products/detail-condenser.php?part_number=EMAK250ARA101MHA0G,https://www.chemi-con.co.jp/cn/products/detail-condenser.php?part_number=EMAK250ARA101MHA0G,https://www.chemi-con.co.jp/products/relatedfiles/capacitor/catalog/MAKRA-j.PDF,https://www.chemi-con.co.jp/products/relatedfiles/capacitor/catalog/MAKRA-e.PDF,https://www.chemi-con.co.jp/products/relatedfiles/capacitor/catalog/MAKRA-c.PDF
EMAK250ARA331MJA0G,"In Production",,MAK,-40,105,25,330,M,10,10,,300,105,120Hz,,,,,,,,,,,,,,,,0.16,20,120,,82.5,,,20,105,1000,DC,,,,1.43,500,,Compliant,,https://www.chemi-con.co.jp/products/detail-condenser.php?part_number=EMAK250ARA331MJA0G,https://www.chemi-con.co.jp/en/products/detail-condenser.php?part_number=EMAK250ARA331MJA0G,https://www.chemi-con.co.jp/cn/products/detail-condenser.php?part_number=EMAK250ARA331MJA0G,https://www.chemi-con.co.jp/products/relatedfiles/capacitor/catalog/MAKRA-j.PDF,https://www.chemi-con.co.jp/products/relatedfiles/capacitor/catalog/MAKRA-e.PDF,https://www.chemi-con.co.jp/products/relatedfiles/capacitor/catalog/MAKRA-c.PDF
EMAK350ARA220MF55G,"In Production",,MAK,-40,105,35,22,M,6.3,5.2,,42,105,120Hz,,,,,,,,,,,,,,,,0.13,20,120,,7.7,,,20,105,1000,DC,,,,0.36,1000,,Compliant,,https://www.chemi-con.co.jp/products/detail-condenser.php?part_number=EMAK350ARA220MF55G,https://www.chemi-con.co.jp/en/products/detail-condenser.php?part_number=EMAK350ARA220MF55G,https://www.chemi-con.co.jp/cn/products/detail-condenser.php?part_number=EMAK350ARA220MF55G,https://www.chemi-con.co.jp/products/relatedfiles/capacitor/catalog/MAKRA-j.PDF,https://www.chemi-con.co.jp/products/relatedfiles/capacitor/catalog/MAKRA-e.PDF,https://www.chemi-con.co.jp/products/relatedfiles/capacitor/catalog/MAKRA-c.PDF
EMAK350ARA470MHA0G,"In Production",,MAK,-40,105,35,47,M,8,10,,155,105,120Hz,,,,,,,,,,,,,,,,0.13,20,120,,16.4,,,20,105,1000,DC,,,,0.96,500,,Compliant,,https://www.chemi-con.co.jp/products/detail-condenser.php?part_number=EMAK350ARA470MHA0G,https://www.chemi-con.co.jp/en/products/detail-condenser.php?part_number=EMAK350ARA470MHA0G,https://www.chemi-con.co.jp/cn/products/detail-condenser.php?part_number=EMAK350ARA470MHA0G,https://www.chemi-con.co.jp/products/relatedfiles/capacitor/catalog/MAKRA-j.PDF,https://www.chemi-con.co.jp/products/relatedfiles/capacitor/catalog/MAKRA-e.PDF,https://www.chemi-con.co.jp/products/relatedfiles/capacitor/catalog/MAKRA-c.PDF
EMAK350ARA101MJA0G,"In Production",,MAK,-40,105,35,100,M,10,10,,300,105,120Hz,,,,,,,,,,,,,,,,0.13,20,120,,35,,,20,105,1000,DC,,,,1.43,500,,Compliant,,https://www.chemi-con.co.jp/products/detail-condenser.php?part_number=EMAK350ARA101MJA0G,https://www.chemi-con.co.jp/en/products/detail-condenser.php?part_number=EMAK350ARA101MJA0G,https://www.chemi-con.co.jp/cn/products/detail-condenser.php?part_number=EMAK350ARA101MJA0G,https://www.chemi-con.co.jp/products/relatedfiles/capacitor/catalog/MAKRA-j.PDF,https://www.chemi-con.co.jp/products/relatedfiles/capacitor/catalog/MAKRA-e.PDF,https://www.chemi-con.co.jp/products/relatedfiles/capacitor/catalog/MAKRA-c.PDF
EMAK350ARA221MJA0G,"In Production",,MAK,-40,105,35,220,M,10,10,,300,105,120Hz,,,,,,,,,,,,,,,,0.13,20,120,,77,,,20,105,1000,DC,,,,1.43,500,,Compliant,,https://www.chemi-con.co.jp/products/detail-condenser.php?part_number=EMAK350ARA221MJA0G,https://www.chemi-con.co.jp/en/products/detail-condenser.php?part_number=EMAK350ARA221MJA0G,https://www.chemi-con.co.jp/cn/products/detail-condenser.php?part_number=EMAK350ARA221MJA0G,https://www.chemi-con.co.jp/products/relatedfiles/capacitor/catalog/MAKRA-j.PDF,https://www.chemi-con.co.jp/products/relatedfiles/capacitor/catalog/MAKRA-e.PDF,https://www.chemi-con.co.jp/products/relatedfiles/capacitor/catalog/MAKRA-c.PDF
EMAK500ARA100MF55G,"In Production",,MAK,-40,105,50,10,M,6.3,5.2,,30,105,120Hz,,,,,,,,,,,,,,,,0.12,20,120,,5,,,20,105,1000,DC,,,,0.36,1000,,Compliant,,https://www.chemi-con.co.jp/products/detail-condenser.php?part_number=EMAK500ARA100MF55G,https://www.chemi-con.co.jp/en/products/detail-condenser.php?part_number=EMAK500ARA100MF55G,https://www.chemi-con.co.jp/cn/products/detail-condenser.php?part_number=EMAK500ARA100MF55G,https://www.chemi-con.co.jp/products/relatedfiles/capacitor/catalog/MAKRA-j.PDF,https://www.chemi-con.co.jp/products/relatedfiles/capacitor/catalog/MAKRA-e.PDF,https://www.chemi-con.co.jp/products/relatedfiles/capacitor/catalog/MAKRA-c.PDF
EMAK500ARA330MHA0G,"In Production",,MAK,-40,105,50,33,M,8,10,,140,105,120Hz,,,,,,,,,,,,,,,,0.12,20,120,,16.5,,,20,105,1000,DC,,,,0.96,500,,Compliant,,https://www.chemi-con.co.jp/products/detail-condenser.php?part_number=EMAK500ARA330MHA0G,https://www.chemi-con.co.jp/en/products/detail-condenser.php?part_number=EMAK500ARA330MHA0G,https://www.chemi-con.co.jp/cn/products/detail-condenser.php?part_number=EMAK500ARA330MHA0G,https://www.chemi-con.co.jp/products/relatedfiles/capacitor/catalog/MAKRA-j.PDF,https://www.chemi-con.co.jp/products/relatedfiles/capacitor/catalog/MAKRA-e.PDF,https://www.chemi-con.co.jp/products/relatedfiles/capacitor/catalog/MAKRA-c.PDF
EMAK500ARA470MHA0G,"In Production",,MAK,-40,105,50,47,M,8,10,,180,105,120Hz,,,,,,,,,,,,,,,,0.12,20,120,,23.5,,,20,105,1000,DC,,,,0.96,500,,Compliant,,https://www.chemi-con.co.jp/products/detail-condenser.php?part_number=EMAK500ARA470MHA0G,https://www.chemi-con.co.jp/en/products/detail-condenser.php?part_number=EMAK500ARA470MHA0G,https://www.chemi-con.co.jp/cn/products/detail-condenser.php?part_number=EMAK500ARA470MHA0G,https://www.chemi-con.co.jp/products/relatedfiles/capacitor/catalog/MAKRA-j.PDF,https://www.chemi-con.co.jp/products/relatedfiles/capacitor/catalog/MAKRA-e.PDF,https://www.chemi-con.co.jp/products/relatedfiles/capacitor/catalog/MAKRA-c.PDF
EMAK500ARA101MJA0G,"In Production",,MAK,-40,105,50,100,M,10,10,,220,105,120Hz,,,,,,,,,,,,,,,,0.12,20,120,,50,,,20,105,1000,DC,,,,1.43,500,,Compliant,,https://www.chemi-con.co.jp/products/detail-condenser.php?part_number=EMAK500ARA101MJA0G,https://www.chemi-con.co.jp/en/products/detail-condenser.php?part_number=EMAK500ARA101MJA0G,https://www.chemi-con.co.jp/cn/products/detail-condenser.php?part_number=EMAK500ARA101MJA0G,https://www.chemi-con.co.jp/products/relatedfiles/capacitor/catalog/MAKRA-j.PDF,https://www.chemi-con.co.jp/products/relatedfiles/capacitor/catalog/MAKRA-e.PDF,https://www.chemi-con.co.jp/products/relatedfiles/capacitor/catalog/MAKRA-c.PDF
