part_number,file_path,size_code,length_mm,width_mm,thickness_mm,capacitance_pF,capacitance_code,voltage_rating_V,voltage_code,temp_coefficient,temp_coefficient_code,tolerance,tolerance_code,dielectric,termination,termination_code,packaging,option_code,series,notes
02011J0R1ZBSTR,AccuP-0201_S2P/AccuP_0201/C0201SE0r1.s2p,0201,0.60±0.05,0.325±0.050,0.225±0.050,0.1,0R1,100,1,0 ±30 ppm/°C,J,±0.01 pF,Z,Thin-film SiO2 / SiON (silicon dioxide / silicon oxynitride) on Alumina (Al2O3) substrate,"Nickel/Lead Free Solder Coated (Sn63,Pb37 or Sn100)",S,Tape & Reel,,Accu-P (Kyocera AVX),
02011J0R2ZBSTR,AccuP-0201_S2P/AccuP_0201/C0201SE0r2.s2p,0201,0.60±0.05,0.325±0.050,0.225±0.050,0.2,0R2,100,1,0 ±30 ppm/°C,J,±0.01 pF,Z,Thin-film SiO2 / SiON (silicon dioxide / silicon oxynitride) on Alumina (Al2O3) substrate,"Nickel/Lead Free Solder Coated (Sn63,Pb37 or Sn100)",S,Tape & Reel,,Accu-P (Kyocera AVX),
02011J0R3ZBSTR,AccuP-0201_S2P/AccuP_0201/C0201SE0r3.s2p,0201,0.60±0.05,0.325±0.050,0.225±0.050,0.3,0R3,100,1,0 ±30 ppm/°C,J,±0.01 pF,Z,Thin-film SiO2 / SiON (silicon dioxide / silicon oxynitride) on Alumina (Al2O3) substrate,"Nickel/Lead Free Solder Coated (Sn63,Pb37 or Sn100)",S,Tape & Reel,,Accu-P (Kyocera AVX),
02011J0R4ZBSTR,AccuP-0201_S2P/AccuP_0201/C0201SE0r4.s2p,0201,0.60±0.05,0.325±0.050,0.225±0.050,0.4,0R4,100,1,0 ±30 ppm/°C,J,±0.01 pF,Z,Thin-film SiO2 / SiON (silicon dioxide / silicon oxynitride) on Alumina (Al2O3) substrate,"Nickel/Lead Free Solder Coated (Sn63,Pb37 or Sn100)",S,Tape & Reel,,Accu-P (Kyocera AVX),
02011J0R5ZBSTR,AccuP-0201_S2P/AccuP_0201/C0201SE0r5.s2p,0201,0.60±0.05,0.325±0.050,0.225±0.050,0.5,0R5,100,1,0 ±30 ppm/°C,J,±0.01 pF,Z,Thin-film SiO2 / SiON (silicon dioxide / silicon oxynitride) on Alumina (Al2O3) substrate,"Nickel/Lead Free Solder Coated (Sn63,Pb37 or Sn100)",S,Tape & Reel,,Accu-P (Kyocera AVX),
02015J0R6PBSTR,AccuP-0201_S2P/AccuP_0201/C0201SE0r6.s2p,0201,0.60±0.05,0.325±0.050,0.225±0.050,0.6,0R6,50,5,0 ±30 ppm/°C,J,±0.02 pF,P,Thin-film SiO2 / SiON (silicon dioxide / silicon oxynitride) on Alumina (Al2O3) substrate,"Nickel/Lead Free Solder Coated (Sn63,Pb37 or Sn100)",S,Tape & Reel,,Accu-P (Kyocera AVX),
02015J0R7PBSTR,AccuP-0201_S2P/AccuP_0201/C0201SE0r7.s2p,0201,0.60±0.05,0.325±0.050,0.225±0.050,0.7,0R7,50,5,0 ±30 ppm/°C,J,±0.02 pF,P,Thin-film SiO2 / SiON (silicon dioxide / silicon oxynitride) on Alumina (Al2O3) substrate,"Nickel/Lead Free Solder Coated (Sn63,Pb37 or Sn100)",S,Tape & Reel,,Accu-P (Kyocera AVX),
02015J0R8PBSTR,AccuP-0201_S2P/AccuP_0201/C0201SE0r8.s2p,0201,0.60±0.05,0.325±0.050,0.225±0.050,0.8,0R8,50,5,0 ±30 ppm/°C,J,±0.02 pF,P,Thin-film SiO2 / SiON (silicon dioxide / silicon oxynitride) on Alumina (Al2O3) substrate,"Nickel/Lead Free Solder Coated (Sn63,Pb37 or Sn100)",S,Tape & Reel,,Accu-P (Kyocera AVX),
02015J0R9PBSTR,AccuP-0201_S2P/AccuP_0201/C0201SE0r9.s2p,0201,0.60±0.05,0.325±0.050,0.225±0.050,0.9,0R9,50,5,0 ±30 ppm/°C,J,±0.02 pF,P,Thin-film SiO2 / SiON (silicon dioxide / silicon oxynitride) on Alumina (Al2O3) substrate,"Nickel/Lead Free Solder Coated (Sn63,Pb37 or Sn100)",S,Tape & Reel,,Accu-P (Kyocera AVX),
0201YK100FBSTR,AccuP-0201_S2P/AccuP_0201/C0201SE100.s2p,0201,0.60±0.05,0.325±0.050,0.225±0.050,10.0,100,16,Y,0 ±60 ppm/°C,K,±1%,F,Thin-film SiO2 / SiON (silicon dioxide / silicon oxynitride) on Alumina (Al2O3) substrate,"Nickel/Lead Free Solder Coated (Sn63,Pb37 or Sn100)",S,Tape & Reel,,Accu-P (Kyocera AVX),
0201YK110FBSTR,AccuP-0201_S2P/AccuP_0201/C0201SE110.s2p,0201,0.60±0.05,0.325±0.050,0.225±0.050,11.0,110,16,Y,0 ±60 ppm/°C,K,±1%,F,Thin-film SiO2 / SiON (silicon dioxide / silicon oxynitride) on Alumina (Al2O3) substrate,"Nickel/Lead Free Solder Coated (Sn63,Pb37 or Sn100)",S,Tape & Reel,,Accu-P (Kyocera AVX),
0201YK120FBSTR,AccuP-0201_S2P/AccuP_0201/C0201SE120.s2p,0201,0.60±0.05,0.325±0.050,0.225±0.050,12.0,120,16,Y,0 ±60 ppm/°C,K,±1%,F,Thin-film SiO2 / SiON (silicon dioxide / silicon oxynitride) on Alumina (Al2O3) substrate,"Nickel/Lead Free Solder Coated (Sn63,Pb37 or Sn100)",S,Tape & Reel,,Accu-P (Kyocera AVX),
0201YK130FBSTR,AccuP-0201_S2P/AccuP_0201/C0201SE130.s2p,0201,0.60±0.05,0.325±0.050,0.225±0.050,13.0,130,16,Y,0 ±60 ppm/°C,K,±1%,F,Thin-film SiO2 / SiON (silicon dioxide / silicon oxynitride) on Alumina (Al2O3) substrate,"Nickel/Lead Free Solder Coated (Sn63,Pb37 or Sn100)",S,Tape & Reel,,Accu-P (Kyocera AVX),
0201YK140FBSTR,AccuP-0201_S2P/AccuP_0201/C0201SE140.s2p,0201,0.60±0.05,0.325±0.050,0.225±0.050,14.0,140,16,Y,0 ±60 ppm/°C,K,±1%,F,Thin-film SiO2 / SiON (silicon dioxide / silicon oxynitride) on Alumina (Al2O3) substrate,"Nickel/Lead Free Solder Coated (Sn63,Pb37 or Sn100)",S,Tape & Reel,,Accu-P (Kyocera AVX),
0201YK150FBSTR,AccuP-0201_S2P/AccuP_0201/C0201SE150.s2p,0201,0.60±0.05,0.325±0.050,0.225±0.050,15.0,150,16,Y,0 ±60 ppm/°C,K,±1%,F,Thin-film SiO2 / SiON (silicon dioxide / silicon oxynitride) on Alumina (Al2O3) substrate,"Nickel/Lead Free Solder Coated (Sn63,Pb37 or Sn100)",S,Tape & Reel,,Accu-P (Kyocera AVX),
0201YK160FBSTR,AccuP-0201_S2P/AccuP_0201/C0201SE160.s2p,0201,0.60±0.05,0.325±0.050,0.225±0.050,16.0,160,16,Y,0 ±60 ppm/°C,K,±1%,F,Thin-film SiO2 / SiON (silicon dioxide / silicon oxynitride) on Alumina (Al2O3) substrate,"Nickel/Lead Free Solder Coated (Sn63,Pb37 or Sn100)",S,Tape & Reel,,Accu-P (Kyocera AVX),
0201YK170FBSTR,AccuP-0201_S2P/AccuP_0201/C0201SE170.s2p,0201,0.60±0.05,0.325±0.050,0.225±0.050,17.0,170,16,Y,0 ±60 ppm/°C,K,±1%,F,Thin-film SiO2 / SiON (silicon dioxide / silicon oxynitride) on Alumina (Al2O3) substrate,"Nickel/Lead Free Solder Coated (Sn63,Pb37 or Sn100)",S,Tape & Reel,,Accu-P (Kyocera AVX),
0201YK180FBSTR,AccuP-0201_S2P/AccuP_0201/C0201SE180.s2p,0201,0.60±0.05,0.325±0.050,0.225±0.050,18.0,180,16,Y,0 ±60 ppm/°C,K,±1%,F,Thin-film SiO2 / SiON (silicon dioxide / silicon oxynitride) on Alumina (Al2O3) substrate,"Nickel/Lead Free Solder Coated (Sn63,Pb37 or Sn100)",S,Tape & Reel,,Accu-P (Kyocera AVX),
0201YK190FBSTR,AccuP-0201_S2P/AccuP_0201/C0201SE190.s2p,0201,0.60±0.05,0.325±0.050,0.225±0.050,19.0,190,16,Y,0 ±60 ppm/°C,K,±1%,F,Thin-film SiO2 / SiON (silicon dioxide / silicon oxynitride) on Alumina (Al2O3) substrate,"Nickel/Lead Free Solder Coated (Sn63,Pb37 or Sn100)",S,Tape & Reel,,Accu-P (Kyocera AVX),
02015J1R0PBSTR,AccuP-0201_S2P/AccuP_0201/C0201SE1r0.s2p,0201,0.60±0.05,0.325±0.050,0.225±0.050,1.0,1R0,50,5,0 ±30 ppm/°C,J,±0.02 pF,P,Thin-film SiO2 / SiON (silicon dioxide / silicon oxynitride) on Alumina (Al2O3) substrate,"Nickel/Lead Free Solder Coated (Sn63,Pb37 or Sn100)",S,Tape & Reel,,Accu-P (Kyocera AVX),
02015J1R1PBSTR,AccuP-0201_S2P/AccuP_0201/C0201SE1r1.s2p,0201,0.60±0.05,0.325±0.050,0.225±0.050,1.1,1R1,50,5,0 ±30 ppm/°C,J,±0.02 pF,P,Thin-film SiO2 / SiON (silicon dioxide / silicon oxynitride) on Alumina (Al2O3) substrate,"Nickel/Lead Free Solder Coated (Sn63,Pb37 or Sn100)",S,Tape & Reel,,Accu-P (Kyocera AVX),
02015J1R2PBSTR,AccuP-0201_S2P/AccuP_0201/C0201SE1r2.s2p,0201,0.60±0.05,0.325±0.050,0.225±0.050,1.2,1R2,50,5,0 ±30 ppm/°C,J,±0.02 pF,P,Thin-film SiO2 / SiON (silicon dioxide / silicon oxynitride) on Alumina (Al2O3) substrate,"Nickel/Lead Free Solder Coated (Sn63,Pb37 or Sn100)",S,Tape & Reel,,Accu-P (Kyocera AVX),
02015J1R3PBSTR,AccuP-0201_S2P/AccuP_0201/C0201SE1r3.s2p,0201,0.60±0.05,0.325±0.050,0.225±0.050,1.3,1R3,50,5,0 ±30 ppm/°C,J,±0.02 pF,P,Thin-film SiO2 / SiON (silicon dioxide / silicon oxynitride) on Alumina (Al2O3) substrate,"Nickel/Lead Free Solder Coated (Sn63,Pb37 or Sn100)",S,Tape & Reel,,Accu-P (Kyocera AVX),
02015J1R4PBSTR,AccuP-0201_S2P/AccuP_0201/C0201SE1r4.s2p,0201,0.60±0.05,0.325±0.050,0.225±0.050,1.4,1R4,50,5,0 ±30 ppm/°C,J,±0.02 pF,P,Thin-film SiO2 / SiON (silicon dioxide / silicon oxynitride) on Alumina (Al2O3) substrate,"Nickel/Lead Free Solder Coated (Sn63,Pb37 or Sn100)",S,Tape & Reel,,Accu-P (Kyocera AVX),
02015J1R5PBSTR,AccuP-0201_S2P/AccuP_0201/C0201SE1r5.s2p,0201,0.60±0.05,0.325±0.050,0.225±0.050,1.5,1R5,50,5,0 ±30 ppm/°C,J,±0.02 pF,P,Thin-film SiO2 / SiON (silicon dioxide / silicon oxynitride) on Alumina (Al2O3) substrate,"Nickel/Lead Free Solder Coated (Sn63,Pb37 or Sn100)",S,Tape & Reel,,Accu-P (Kyocera AVX),
02015J1R6PBSTR,AccuP-0201_S2P/AccuP_0201/C0201SE1r6.s2p,0201,0.60±0.05,0.325±0.050,0.225±0.050,1.6,1R6,50,5,0 ±30 ppm/°C,J,±0.02 pF,P,Thin-film SiO2 / SiON (silicon dioxide / silicon oxynitride) on Alumina (Al2O3) substrate,"Nickel/Lead Free Solder Coated (Sn63,Pb37 or Sn100)",S,Tape & Reel,,Accu-P (Kyocera AVX),
02015J1R7PBSTR,AccuP-0201_S2P/AccuP_0201/C0201SE1r7.s2p,0201,0.60±0.05,0.325±0.050,0.225±0.050,1.7,1R7,50,5,0 ±30 ppm/°C,J,±0.02 pF,P,Thin-film SiO2 / SiON (silicon dioxide / silicon oxynitride) on Alumina (Al2O3) substrate,"Nickel/Lead Free Solder Coated (Sn63,Pb37 or Sn100)",S,Tape & Reel,,Accu-P (Kyocera AVX),
02013J1R8PBSTR,AccuP-0201_S2P/AccuP_0201/C0201SE1r8.s2p,0201,0.60±0.05,0.325±0.050,0.225±0.050,1.8,1R8,25,3,0 ±30 ppm/°C,J,±0.02 pF,P,Thin-film SiO2 / SiON (silicon dioxide / silicon oxynitride) on Alumina (Al2O3) substrate,"Nickel/Lead Free Solder Coated (Sn63,Pb37 or Sn100)",S,Tape & Reel,,Accu-P (Kyocera AVX),
02013J1R9PBSTR,AccuP-0201_S2P/AccuP_0201/C0201SE1r9.s2p,0201,0.60±0.05,0.325±0.050,0.225±0.050,1.9,1R9,25,3,0 ±30 ppm/°C,J,±0.02 pF,P,Thin-film SiO2 / SiON (silicon dioxide / silicon oxynitride) on Alumina (Al2O3) substrate,"Nickel/Lead Free Solder Coated (Sn63,Pb37 or Sn100)",S,Tape & Reel,,Accu-P (Kyocera AVX),
0201ZK200FBSTR,AccuP-0201_S2P/AccuP_0201/C0201SE200.s2p,0201,0.60±0.05,0.325±0.050,0.225±0.050,20.0,200,10,Z,0 ±60 ppm/°C,K,±1%,F,Thin-film SiO2 / SiON (silicon dioxide / silicon oxynitride) on Alumina (Al2O3) substrate,"Nickel/Lead Free Solder Coated (Sn63,Pb37 or Sn100)",S,Tape & Reel,,Accu-P (Kyocera AVX),
0201ZK210FBSTR,AccuP-0201_S2P/AccuP_0201/C0201SE210.s2p,0201,0.60±0.05,0.325±0.050,0.225±0.050,21.0,210,10,Z,0 ±60 ppm/°C,K,±1%,F,Thin-film SiO2 / SiON (silicon dioxide / silicon oxynitride) on Alumina (Al2O3) substrate,"Nickel/Lead Free Solder Coated (Sn63,Pb37 or Sn100)",S,Tape & Reel,,Accu-P (Kyocera AVX),
0201ZK220FBSTR,AccuP-0201_S2P/AccuP_0201/C0201SE220.s2p,0201,0.60±0.05,0.325±0.050,0.225±0.050,22.0,220,10,Z,0 ±60 ppm/°C,K,±1%,F,Thin-film SiO2 / SiON (silicon dioxide / silicon oxynitride) on Alumina (Al2O3) substrate,"Nickel/Lead Free Solder Coated (Sn63,Pb37 or Sn100)",S,Tape & Reel,,Accu-P (Kyocera AVX),
02013J2R0PBSTR,AccuP-0201_S2P/AccuP_0201/C0201SE2r0.s2p,0201,0.60±0.05,0.325±0.050,0.225±0.050,2.0,2R0,25,3,0 ±30 ppm/°C,J,±0.02 pF,P,Thin-film SiO2 / SiON (silicon dioxide / silicon oxynitride) on Alumina (Al2O3) substrate,"Nickel/Lead Free Solder Coated (Sn63,Pb37 or Sn100)",S,Tape & Reel,,Accu-P (Kyocera AVX),
02013J2R1QBSTR,AccuP-0201_S2P/AccuP_0201/C0201SE2r1.s2p,0201,0.60±0.05,0.325±0.050,0.225±0.050,2.1,2R1,25,3,0 ±30 ppm/°C,J,±0.03 pF,Q,Thin-film SiO2 / SiON (silicon dioxide / silicon oxynitride) on Alumina (Al2O3) substrate,"Nickel/Lead Free Solder Coated (Sn63,Pb37 or Sn100)",S,Tape & Reel,,Accu-P (Kyocera AVX),
02013J2R2QBSTR,AccuP-0201_S2P/AccuP_0201/C0201SE2r2.s2p,0201,0.60±0.05,0.325±0.050,0.225±0.050,2.2,2R2,25,3,0 ±30 ppm/°C,J,±0.03 pF,Q,Thin-film SiO2 / SiON (silicon dioxide / silicon oxynitride) on Alumina (Al2O3) substrate,"Nickel/Lead Free Solder Coated (Sn63,Pb37 or Sn100)",S,Tape & Reel,,Accu-P (Kyocera AVX),
02013J2R3QBSTR,AccuP-0201_S2P/AccuP_0201/C0201SE2r3.s2p,0201,0.60±0.05,0.325±0.050,0.225±0.050,2.3,2R3,25,3,0 ±30 ppm/°C,J,±0.03 pF,Q,Thin-film SiO2 / SiON (silicon dioxide / silicon oxynitride) on Alumina (Al2O3) substrate,"Nickel/Lead Free Solder Coated (Sn63,Pb37 or Sn100)",S,Tape & Reel,,Accu-P (Kyocera AVX),
02013J2R4QBSTR,AccuP-0201_S2P/AccuP_0201/C0201SE2r4.s2p,0201,0.60±0.05,0.325±0.050,0.225±0.050,2.4,2R4,25,3,0 ±30 ppm/°C,J,±0.03 pF,Q,Thin-film SiO2 / SiON (silicon dioxide / silicon oxynitride) on Alumina (Al2O3) substrate,"Nickel/Lead Free Solder Coated (Sn63,Pb37 or Sn100)",S,Tape & Reel,,Accu-P (Kyocera AVX),
02013J2R5QBSTR,AccuP-0201_S2P/AccuP_0201/C0201SE2r5.s2p,0201,0.60±0.05,0.325±0.050,0.225±0.050,2.5,2R5,25,3,0 ±30 ppm/°C,J,±0.03 pF,Q,Thin-film SiO2 / SiON (silicon dioxide / silicon oxynitride) on Alumina (Al2O3) substrate,"Nickel/Lead Free Solder Coated (Sn63,Pb37 or Sn100)",S,Tape & Reel,,Accu-P (Kyocera AVX),
02013J2R6QBSTR,AccuP-0201_S2P/AccuP_0201/C0201SE2r6.s2p,0201,0.60±0.05,0.325±0.050,0.225±0.050,2.6,2R6,25,3,0 ±30 ppm/°C,J,±0.03 pF,Q,Thin-film SiO2 / SiON (silicon dioxide / silicon oxynitride) on Alumina (Al2O3) substrate,"Nickel/Lead Free Solder Coated (Sn63,Pb37 or Sn100)",S,Tape & Reel,,Accu-P (Kyocera AVX),
02013J2R7QBSTR,AccuP-0201_S2P/AccuP_0201/C0201SE2r7.s2p,0201,0.60±0.05,0.325±0.050,0.225±0.050,2.7,2R7,25,3,0 ±30 ppm/°C,J,±0.03 pF,Q,Thin-film SiO2 / SiON (silicon dioxide / silicon oxynitride) on Alumina (Al2O3) substrate,"Nickel/Lead Free Solder Coated (Sn63,Pb37 or Sn100)",S,Tape & Reel,,Accu-P (Kyocera AVX),
02013J2R8QBSTR,AccuP-0201_S2P/AccuP_0201/C0201SE2r8.s2p,0201,0.60±0.05,0.325±0.050,0.225±0.050,2.8,2R8,25,3,0 ±30 ppm/°C,J,±0.03 pF,Q,Thin-film SiO2 / SiON (silicon dioxide / silicon oxynitride) on Alumina (Al2O3) substrate,"Nickel/Lead Free Solder Coated (Sn63,Pb37 or Sn100)",S,Tape & Reel,,Accu-P (Kyocera AVX),
02013J2R9QBSTR,AccuP-0201_S2P/AccuP_0201/C0201SE2r9.s2p,0201,0.60±0.05,0.325±0.050,0.225±0.050,2.9,2R9,25,3,0 ±30 ppm/°C,J,±0.03 pF,Q,Thin-film SiO2 / SiON (silicon dioxide / silicon oxynitride) on Alumina (Al2O3) substrate,"Nickel/Lead Free Solder Coated (Sn63,Pb37 or Sn100)",S,Tape & Reel,,Accu-P (Kyocera AVX),
02013J3R0QBSTR,AccuP-0201_S2P/AccuP_0201/C0201SE3r0.s2p,0201,0.60±0.05,0.325±0.050,0.225±0.050,3.0,3R0,25,3,0 ±30 ppm/°C,J,±0.03 pF,Q,Thin-film SiO2 / SiON (silicon dioxide / silicon oxynitride) on Alumina (Al2O3) substrate,"Nickel/Lead Free Solder Coated (Sn63,Pb37 or Sn100)",S,Tape & Reel,,Accu-P (Kyocera AVX),
02013J3R1ABSTR,AccuP-0201_S2P/AccuP_0201/C0201SE3r1.s2p,0201,0.60±0.05,0.325±0.050,0.225±0.050,3.1,3R1,25,3,0 ±30 ppm/°C,J,±0.05 pF,A,Thin-film SiO2 / SiON (silicon dioxide / silicon oxynitride) on Alumina (Al2O3) substrate,"Nickel/Lead Free Solder Coated (Sn63,Pb37 or Sn100)",S,Tape & Reel,,Accu-P (Kyocera AVX),
02013J3R2ABSTR,AccuP-0201_S2P/AccuP_0201/C0201SE3r2.s2p,0201,0.60±0.05,0.325±0.050,0.225±0.050,3.2,3R2,25,3,0 ±30 ppm/°C,J,±0.05 pF,A,Thin-film SiO2 / SiON (silicon dioxide / silicon oxynitride) on Alumina (Al2O3) substrate,"Nickel/Lead Free Solder Coated (Sn63,Pb37 or Sn100)",S,Tape & Reel,,Accu-P (Kyocera AVX),
02013J3R3ABSTR,AccuP-0201_S2P/AccuP_0201/C0201SE3r3.s2p,0201,0.60±0.05,0.325±0.050,0.225±0.050,3.3,3R3,25,3,0 ±30 ppm/°C,J,±0.05 pF,A,Thin-film SiO2 / SiON (silicon dioxide / silicon oxynitride) on Alumina (Al2O3) substrate,"Nickel/Lead Free Solder Coated (Sn63,Pb37 or Sn100)",S,Tape & Reel,,Accu-P (Kyocera AVX),
02013J3R4ABSTR,AccuP-0201_S2P/AccuP_0201/C0201SE3r4.s2p,0201,0.60±0.05,0.325±0.050,0.225±0.050,3.4,3R4,25,3,0 ±30 ppm/°C,J,±0.05 pF,A,Thin-film SiO2 / SiON (silicon dioxide / silicon oxynitride) on Alumina (Al2O3) substrate,"Nickel/Lead Free Solder Coated (Sn63,Pb37 or Sn100)",S,Tape & Reel,,Accu-P (Kyocera AVX),
02013J3R5ABSTR,AccuP-0201_S2P/AccuP_0201/C0201SE3r5.s2p,0201,0.60±0.05,0.325±0.050,0.225±0.050,3.5,3R5,25,3,0 ±30 ppm/°C,J,±0.05 pF,A,Thin-film SiO2 / SiON (silicon dioxide / silicon oxynitride) on Alumina (Al2O3) substrate,"Nickel/Lead Free Solder Coated (Sn63,Pb37 or Sn100)",S,Tape & Reel,,Accu-P (Kyocera AVX),
02013J3R6ABSTR,AccuP-0201_S2P/AccuP_0201/C0201SE3r6.s2p,0201,0.60±0.05,0.325±0.050,0.225±0.050,3.6,3R6,25,3,0 ±30 ppm/°C,J,±0.05 pF,A,Thin-film SiO2 / SiON (silicon dioxide / silicon oxynitride) on Alumina (Al2O3) substrate,"Nickel/Lead Free Solder Coated (Sn63,Pb37 or Sn100)",S,Tape & Reel,,Accu-P (Kyocera AVX),
02013J3R7ABSTR,AccuP-0201_S2P/AccuP_0201/C0201SE3r7.s2p,0201,0.60±0.05,0.325±0.050,0.225±0.050,3.7,3R7,25,3,0 ±30 ppm/°C,J,±0.05 pF,A,Thin-film SiO2 / SiON (silicon dioxide / silicon oxynitride) on Alumina (Al2O3) substrate,"Nickel/Lead Free Solder Coated (Sn63,Pb37 or Sn100)",S,Tape & Reel,,Accu-P (Kyocera AVX),
02013J3R8ABSTR,AccuP-0201_S2P/AccuP_0201/C0201SE3r8.s2p,0201,0.60±0.05,0.325±0.050,0.225±0.050,3.8,3R8,25,3,0 ±30 ppm/°C,J,±0.05 pF,A,Thin-film SiO2 / SiON (silicon dioxide / silicon oxynitride) on Alumina (Al2O3) substrate,"Nickel/Lead Free Solder Coated (Sn63,Pb37 or Sn100)",S,Tape & Reel,,Accu-P (Kyocera AVX),
02013J3R9ABSTR,AccuP-0201_S2P/AccuP_0201/C0201SE3r9.s2p,0201,0.60±0.05,0.325±0.050,0.225±0.050,3.9,3R9,25,3,0 ±30 ppm/°C,J,±0.05 pF,A,Thin-film SiO2 / SiON (silicon dioxide / silicon oxynitride) on Alumina (Al2O3) substrate,"Nickel/Lead Free Solder Coated (Sn63,Pb37 or Sn100)",S,Tape & Reel,,Accu-P (Kyocera AVX),
02013K4R0ABSTR,AccuP-0201_S2P/AccuP_0201/C0201SE4r0.s2p,0201,0.60±0.05,0.325±0.050,0.225±0.050,4.0,4R0,25,3,0 ±60 ppm/°C,K,±0.05 pF,A,Thin-film SiO2 / SiON (silicon dioxide / silicon oxynitride) on Alumina (Al2O3) substrate,"Nickel/Lead Free Solder Coated (Sn63,Pb37 or Sn100)",S,Tape & Reel,,Accu-P (Kyocera AVX),
02013K4R1ABSTR,AccuP-0201_S2P/AccuP_0201/C0201SE4r1.s2p,0201,0.60±0.05,0.325±0.050,0.225±0.050,4.1,4R1,25,3,0 ±60 ppm/°C,K,±0.05 pF,A,Thin-film SiO2 / SiON (silicon dioxide / silicon oxynitride) on Alumina (Al2O3) substrate,"Nickel/Lead Free Solder Coated (Sn63,Pb37 or Sn100)",S,Tape & Reel,,Accu-P (Kyocera AVX),
02013K4R2ABSTR,AccuP-0201_S2P/AccuP_0201/C0201SE4r2.s2p,0201,0.60±0.05,0.325±0.050,0.225±0.050,4.2,4R2,25,3,0 ±60 ppm/°C,K,±0.05 pF,A,Thin-film SiO2 / SiON (silicon dioxide / silicon oxynitride) on Alumina (Al2O3) substrate,"Nickel/Lead Free Solder Coated (Sn63,Pb37 or Sn100)",S,Tape & Reel,,Accu-P (Kyocera AVX),
02013K4R3ABSTR,AccuP-0201_S2P/AccuP_0201/C0201SE4r3.s2p,0201,0.60±0.05,0.325±0.050,0.225±0.050,4.3,4R3,25,3,0 ±60 ppm/°C,K,±0.05 pF,A,Thin-film SiO2 / SiON (silicon dioxide / silicon oxynitride) on Alumina (Al2O3) substrate,"Nickel/Lead Free Solder Coated (Sn63,Pb37 or Sn100)",S,Tape & Reel,,Accu-P (Kyocera AVX),
02013K4R4ABSTR,AccuP-0201_S2P/AccuP_0201/C0201SE4r4.s2p,0201,0.60±0.05,0.325±0.050,0.225±0.050,4.4,4R4,25,3,0 ±60 ppm/°C,K,±0.05 pF,A,Thin-film SiO2 / SiON (silicon dioxide / silicon oxynitride) on Alumina (Al2O3) substrate,"Nickel/Lead Free Solder Coated (Sn63,Pb37 or Sn100)",S,Tape & Reel,,Accu-P (Kyocera AVX),
02013K4R5ABSTR,AccuP-0201_S2P/AccuP_0201/C0201SE4r5.s2p,0201,0.60±0.05,0.325±0.050,0.225±0.050,4.5,4R5,25,3,0 ±60 ppm/°C,K,±0.05 pF,A,Thin-film SiO2 / SiON (silicon dioxide / silicon oxynitride) on Alumina (Al2O3) substrate,"Nickel/Lead Free Solder Coated (Sn63,Pb37 or Sn100)",S,Tape & Reel,,Accu-P (Kyocera AVX),
02013K4R6ABSTR,AccuP-0201_S2P/AccuP_0201/C0201SE4r6.s2p,0201,0.60±0.05,0.325±0.050,0.225±0.050,4.6,4R6,25,3,0 ±60 ppm/°C,K,±0.05 pF,A,Thin-film SiO2 / SiON (silicon dioxide / silicon oxynitride) on Alumina (Al2O3) substrate,"Nickel/Lead Free Solder Coated (Sn63,Pb37 or Sn100)",S,Tape & Reel,,Accu-P (Kyocera AVX),
02013K4R7ABSTR,AccuP-0201_S2P/AccuP_0201/C0201SE4r7.s2p,0201,0.60±0.05,0.325±0.050,0.225±0.050,4.7,4R7,25,3,0 ±60 ppm/°C,K,±0.05 pF,A,Thin-film SiO2 / SiON (silicon dioxide / silicon oxynitride) on Alumina (Al2O3) substrate,"Nickel/Lead Free Solder Coated (Sn63,Pb37 or Sn100)",S,Tape & Reel,,Accu-P (Kyocera AVX),
02013K5R0ABSTR,AccuP-0201_S2P/AccuP_0201/C0201SE5r0.s2p,0201,0.60±0.05,0.325±0.050,0.225±0.050,5.0,5R0,25,3,0 ±60 ppm/°C,K,±0.05 pF,A,Thin-film SiO2 / SiON (silicon dioxide / silicon oxynitride) on Alumina (Al2O3) substrate,"Nickel/Lead Free Solder Coated (Sn63,Pb37 or Sn100)",S,Tape & Reel,,Accu-P (Kyocera AVX),
02013K5R1ABSTR,AccuP-0201_S2P/AccuP_0201/C0201SE5r1.s2p,0201,0.60±0.05,0.325±0.050,0.225±0.050,5.1,5R1,25,3,0 ±60 ppm/°C,K,±0.05 pF,A,Thin-film SiO2 / SiON (silicon dioxide / silicon oxynitride) on Alumina (Al2O3) substrate,"Nickel/Lead Free Solder Coated (Sn63,Pb37 or Sn100)",S,Tape & Reel,,Accu-P (Kyocera AVX),
02013K5R6ABSTR,AccuP-0201_S2P/AccuP_0201/C0201SE5r6.s2p,0201,0.60±0.05,0.325±0.050,0.225±0.050,5.6,5R6,25,3,0 ±60 ppm/°C,K,±0.05 pF,A,Thin-film SiO2 / SiON (silicon dioxide / silicon oxynitride) on Alumina (Al2O3) substrate,"Nickel/Lead Free Solder Coated (Sn63,Pb37 or Sn100)",S,Tape & Reel,,Accu-P (Kyocera AVX),
02013K6R2BBSTR,AccuP-0201_S2P/AccuP_0201/C0201SE6r2.s2p,0201,0.60±0.05,0.325±0.050,0.225±0.050,6.2,6R2,25,3,0 ±60 ppm/°C,K,±0.1 pF,B,Thin-film SiO2 / SiON (silicon dioxide / silicon oxynitride) on Alumina (Al2O3) substrate,"Nickel/Lead Free Solder Coated (Sn63,Pb37 or Sn100)",S,Tape & Reel,,Accu-P (Kyocera AVX),
02013K6R8BBSTR,AccuP-0201_S2P/AccuP_0201/C0201SE6r8.s2p,0201,0.60±0.05,0.325±0.050,0.225±0.050,6.8,6R8,25,3,0 ±60 ppm/°C,K,±0.1 pF,B,Thin-film SiO2 / SiON (silicon dioxide / silicon oxynitride) on Alumina (Al2O3) substrate,"Nickel/Lead Free Solder Coated (Sn63,Pb37 or Sn100)",S,Tape & Reel,,Accu-P (Kyocera AVX),
0201YK7R5BBSTR,AccuP-0201_S2P/AccuP_0201/C0201SE7r5.s2p,0201,0.60±0.05,0.325±0.050,0.225±0.050,7.5,7R5,16,Y,0 ±60 ppm/°C,K,±0.1 pF,B,Thin-film SiO2 / SiON (silicon dioxide / silicon oxynitride) on Alumina (Al2O3) substrate,"Nickel/Lead Free Solder Coated (Sn63,Pb37 or Sn100)",S,Tape & Reel,,Accu-P (Kyocera AVX),
0201YK8R2BBSTR,AccuP-0201_S2P/AccuP_0201/C0201SE8r2.s2p,0201,0.60±0.05,0.325±0.050,0.225±0.050,8.2,8R2,16,Y,0 ±60 ppm/°C,K,±0.1 pF,B,Thin-film SiO2 / SiON (silicon dioxide / silicon oxynitride) on Alumina (Al2O3) substrate,"Nickel/Lead Free Solder Coated (Sn63,Pb37 or Sn100)",S,Tape & Reel,,Accu-P (Kyocera AVX),
0201YK9R1BBSTR,AccuP-0201_S2P/AccuP_0201/C0201SE9r1.s2p,0201,0.60±0.05,0.325±0.050,0.225±0.050,9.1,9R1,16,Y,0 ±60 ppm/°C,K,±0.1 pF,B,Thin-film SiO2 / SiON (silicon dioxide / silicon oxynitride) on Alumina (Al2O3) substrate,"Nickel/Lead Free Solder Coated (Sn63,Pb37 or Sn100)",S,Tape & Reel,,Accu-P (Kyocera AVX),
02015JA05PBSTR,AccuP-0201_S2P/AccuP_0201/C0201SEA05.s2p,0201,0.60±0.05,0.325±0.050,0.225±0.050,1.05,A05,50,5,0 ±30 ppm/°C,J,±0.02 pF,P,Thin-film SiO2 / SiON (silicon dioxide / silicon oxynitride) on Alumina (Al2O3) substrate,"Nickel/Lead Free Solder Coated (Sn63,Pb37 or Sn100)",S,Tape & Reel,,Accu-P (Kyocera AVX),
02015JA15PBSTR,AccuP-0201_S2P/AccuP_0201/C0201SEA15.s2p,0201,0.60±0.05,0.325±0.050,0.225±0.050,1.15,A15,50,5,0 ±30 ppm/°C,J,±0.02 pF,P,Thin-film SiO2 / SiON (silicon dioxide / silicon oxynitride) on Alumina (Al2O3) substrate,"Nickel/Lead Free Solder Coated (Sn63,Pb37 or Sn100)",S,Tape & Reel,,Accu-P (Kyocera AVX),
02015JA25PBSTR,AccuP-0201_S2P/AccuP_0201/C0201SEA25.s2p,0201,0.60±0.05,0.325±0.050,0.225±0.050,1.25,A25,50,5,0 ±30 ppm/°C,J,±0.02 pF,P,Thin-film SiO2 / SiON (silicon dioxide / silicon oxynitride) on Alumina (Al2O3) substrate,"Nickel/Lead Free Solder Coated (Sn63,Pb37 or Sn100)",S,Tape & Reel,,Accu-P (Kyocera AVX),
02015JA35PBSTR,AccuP-0201_S2P/AccuP_0201/C0201SEA35.s2p,0201,0.60±0.05,0.325±0.050,0.225±0.050,1.35,A35,50,5,0 ±30 ppm/°C,J,±0.02 pF,P,Thin-film SiO2 / SiON (silicon dioxide / silicon oxynitride) on Alumina (Al2O3) substrate,"Nickel/Lead Free Solder Coated (Sn63,Pb37 or Sn100)",S,Tape & Reel,,Accu-P (Kyocera AVX),
02015JA45PBSTR,AccuP-0201_S2P/AccuP_0201/C0201SEA45.s2p,0201,0.60±0.05,0.325±0.050,0.225±0.050,1.45,A45,50,5,0 ±30 ppm/°C,J,±0.02 pF,P,Thin-film SiO2 / SiON (silicon dioxide / silicon oxynitride) on Alumina (Al2O3) substrate,"Nickel/Lead Free Solder Coated (Sn63,Pb37 or Sn100)",S,Tape & Reel,,Accu-P (Kyocera AVX),
02015JA55PBSTR,AccuP-0201_S2P/AccuP_0201/C0201SEA55.s2p,0201,0.60±0.05,0.325±0.050,0.225±0.050,1.55,A55,50,5,0 ±30 ppm/°C,J,±0.02 pF,P,Thin-film SiO2 / SiON (silicon dioxide / silicon oxynitride) on Alumina (Al2O3) substrate,"Nickel/Lead Free Solder Coated (Sn63,Pb37 or Sn100)",S,Tape & Reel,,Accu-P (Kyocera AVX),
02015JA65PBSTR,AccuP-0201_S2P/AccuP_0201/C0201SEA65.s2p,0201,0.60±0.05,0.325±0.050,0.225±0.050,1.65,A65,50,5,0 ±30 ppm/°C,J,±0.02 pF,P,Thin-film SiO2 / SiON (silicon dioxide / silicon oxynitride) on Alumina (Al2O3) substrate,"Nickel/Lead Free Solder Coated (Sn63,Pb37 or Sn100)",S,Tape & Reel,,Accu-P (Kyocera AVX),
02013JA75PBSTR,AccuP-0201_S2P/AccuP_0201/C0201SEA75.s2p,0201,0.60±0.05,0.325±0.050,0.225±0.050,1.75,A75,25,3,0 ±30 ppm/°C,J,±0.02 pF,P,Thin-film SiO2 / SiON (silicon dioxide / silicon oxynitride) on Alumina (Al2O3) substrate,"Nickel/Lead Free Solder Coated (Sn63,Pb37 or Sn100)",S,Tape & Reel,,Accu-P (Kyocera AVX),
02013JA85PBSTR,AccuP-0201_S2P/AccuP_0201/C0201SEA85.s2p,0201,0.60±0.05,0.325±0.050,0.225±0.050,1.85,A85,25,3,0 ±30 ppm/°C,J,±0.02 pF,P,Thin-film SiO2 / SiON (silicon dioxide / silicon oxynitride) on Alumina (Al2O3) substrate,"Nickel/Lead Free Solder Coated (Sn63,Pb37 or Sn100)",S,Tape & Reel,,Accu-P (Kyocera AVX),
02013JA95PBSTR,AccuP-0201_S2P/AccuP_0201/C0201SEA95.s2p,0201,0.60±0.05,0.325±0.050,0.225±0.050,1.95,A95,25,3,0 ±30 ppm/°C,J,±0.02 pF,P,Thin-film SiO2 / SiON (silicon dioxide / silicon oxynitride) on Alumina (Al2O3) substrate,"Nickel/Lead Free Solder Coated (Sn63,Pb37 or Sn100)",S,Tape & Reel,,Accu-P (Kyocera AVX),
02011JR05ZBSTR,AccuP-0201_S2P/AccuP_0201/C0201SEr05.s2p,0201,0.60±0.05,0.325±0.050,0.225±0.050,0.05,R05,100,1,0 ±30 ppm/°C,J,±0.01 pF,Z,Thin-film SiO2 / SiON (silicon dioxide / silicon oxynitride) on Alumina (Al2O3) substrate,"Nickel/Lead Free Solder Coated (Sn63,Pb37 or Sn100)",S,Tape & Reel,,Accu-P (Kyocera AVX),
02011JR15ZBSTR,AccuP-0201_S2P/AccuP_0201/C0201SEr15.s2p,0201,0.60±0.05,0.325±0.050,0.225±0.050,0.15,R15,100,1,0 ±30 ppm/°C,J,±0.01 pF,Z,Thin-film SiO2 / SiON (silicon dioxide / silicon oxynitride) on Alumina (Al2O3) substrate,"Nickel/Lead Free Solder Coated (Sn63,Pb37 or Sn100)",S,Tape & Reel,,Accu-P (Kyocera AVX),
02011JR25ZBSTR,AccuP-0201_S2P/AccuP_0201/C0201SEr25.s2p,0201,0.60±0.05,0.325±0.050,0.225±0.050,0.25,R25,100,1,0 ±30 ppm/°C,J,±0.01 pF,Z,Thin-film SiO2 / SiON (silicon dioxide / silicon oxynitride) on Alumina (Al2O3) substrate,"Nickel/Lead Free Solder Coated (Sn63,Pb37 or Sn100)",S,Tape & Reel,,Accu-P (Kyocera AVX),
02011JR35ZBSTR,AccuP-0201_S2P/AccuP_0201/C0201SEr35.s2p,0201,0.60±0.05,0.325±0.050,0.225±0.050,0.35,R35,100,1,0 ±30 ppm/°C,J,±0.01 pF,Z,Thin-film SiO2 / SiON (silicon dioxide / silicon oxynitride) on Alumina (Al2O3) substrate,"Nickel/Lead Free Solder Coated (Sn63,Pb37 or Sn100)",S,Tape & Reel,,Accu-P (Kyocera AVX),
02011JR45ZBSTR,AccuP-0201_S2P/AccuP_0201/C0201SEr45.s2p,0201,0.60±0.05,0.325±0.050,0.225±0.050,0.45,R45,100,1,0 ±30 ppm/°C,J,±0.01 pF,Z,Thin-film SiO2 / SiON (silicon dioxide / silicon oxynitride) on Alumina (Al2O3) substrate,"Nickel/Lead Free Solder Coated (Sn63,Pb37 or Sn100)",S,Tape & Reel,,Accu-P (Kyocera AVX),
02011JR55PBSTR,AccuP-0201_S2P/AccuP_0201/C0201SEr55.s2p,0201,0.60±0.05,0.325±0.050,0.225±0.050,0.55,R55,100,1,0 ±30 ppm/°C,J,±0.02 pF,P,Thin-film SiO2 / SiON (silicon dioxide / silicon oxynitride) on Alumina (Al2O3) substrate,"Nickel/Lead Free Solder Coated (Sn63,Pb37 or Sn100)",S,Tape & Reel,,Accu-P (Kyocera AVX),
02015JR65PBSTR,AccuP-0201_S2P/AccuP_0201/C0201SEr65.s2p,0201,0.60±0.05,0.325±0.050,0.225±0.050,0.65,R65,50,5,0 ±30 ppm/°C,J,±0.02 pF,P,Thin-film SiO2 / SiON (silicon dioxide / silicon oxynitride) on Alumina (Al2O3) substrate,"Nickel/Lead Free Solder Coated (Sn63,Pb37 or Sn100)",S,Tape & Reel,,Accu-P (Kyocera AVX),
02015JR75PBSTR,AccuP-0201_S2P/AccuP_0201/C0201SEr75.s2p,0201,0.60±0.05,0.325±0.050,0.225±0.050,0.75,R75,50,5,0 ±30 ppm/°C,J,±0.02 pF,P,Thin-film SiO2 / SiON (silicon dioxide / silicon oxynitride) on Alumina (Al2O3) substrate,"Nickel/Lead Free Solder Coated (Sn63,Pb37 or Sn100)",S,Tape & Reel,,Accu-P (Kyocera AVX),
02015JR85PBSTR,AccuP-0201_S2P/AccuP_0201/C0201SEr85.s2p,0201,0.60±0.05,0.325±0.050,0.225±0.050,0.85,R85,50,5,0 ±30 ppm/°C,J,±0.02 pF,P,Thin-film SiO2 / SiON (silicon dioxide / silicon oxynitride) on Alumina (Al2O3) substrate,"Nickel/Lead Free Solder Coated (Sn63,Pb37 or Sn100)",S,Tape & Reel,,Accu-P (Kyocera AVX),
02015JR95PBSTR,AccuP-0201_S2P/AccuP_0201/C0201SEr95.s2p,0201,0.60±0.05,0.325±0.050,0.225±0.050,0.95,R95,50,5,0 ±30 ppm/°C,J,±0.02 pF,P,Thin-film SiO2 / SiON (silicon dioxide / silicon oxynitride) on Alumina (Al2O3) substrate,"Nickel/Lead Free Solder Coated (Sn63,Pb37 or Sn100)",S,Tape & Reel,,Accu-P (Kyocera AVX),
04021J0R1ZBSTR,AccuP-0402_S2P/AccuP_0402/C0402SE0r1.s2p,0402,1.00±0.1,0.55±0.07,0.40±0.1,0.1,0R1,100,1,0 ±30 ppm/°C,J,±0.01 pF,Z,Thin-film SiO2 / SiON (silicon dioxide / silicon oxynitride) on Alumina (Al2O3) substrate,"Nickel/Lead Free Solder Coated (Sn63,Pb37 or Sn100)",S,Tape & Reel,,Accu-P (Kyocera AVX),
04021J0R2ZBSTR,AccuP-0402_S2P/AccuP_0402/C0402SE0r2.s2p,0402,1.00±0.1,0.55±0.07,0.40±0.1,0.2,0R2,100,1,0 ±30 ppm/°C,J,±0.01 pF,Z,Thin-film SiO2 / SiON (silicon dioxide / silicon oxynitride) on Alumina (Al2O3) substrate,"Nickel/Lead Free Solder Coated (Sn63,Pb37 or Sn100)",S,Tape & Reel,,Accu-P (Kyocera AVX),
04021J0R3ZBSTR,AccuP-0402_S2P/AccuP_0402/C0402SE0r3.s2p,0402,1.00±0.1,0.55±0.07,0.40±0.1,0.3,0R3,100,1,0 ±30 ppm/°C,J,±0.01 pF,Z,Thin-film SiO2 / SiON (silicon dioxide / silicon oxynitride) on Alumina (Al2O3) substrate,"Nickel/Lead Free Solder Coated (Sn63,Pb37 or Sn100)",S,Tape & Reel,,Accu-P (Kyocera AVX),
04021J0R4ZBSTR,AccuP-0402_S2P/AccuP_0402/C0402SE0r4.s2p,0402,1.00±0.1,0.55±0.07,0.40±0.1,0.4,0R4,100,1,0 ±30 ppm/°C,J,±0.01 pF,Z,Thin-film SiO2 / SiON (silicon dioxide / silicon oxynitride) on Alumina (Al2O3) substrate,"Nickel/Lead Free Solder Coated (Sn63,Pb37 or Sn100)",S,Tape & Reel,,Accu-P (Kyocera AVX),
04021J0R5ZBSTR,AccuP-0402_S2P/AccuP_0402/C0402SE0r5.s2p,0402,1.00±0.1,0.55±0.07,0.40±0.1,0.5,0R5,100,1,0 ±30 ppm/°C,J,±0.01 pF,Z,Thin-film SiO2 / SiON (silicon dioxide / silicon oxynitride) on Alumina (Al2O3) substrate,"Nickel/Lead Free Solder Coated (Sn63,Pb37 or Sn100)",S,Tape & Reel,,Accu-P (Kyocera AVX),
04021J0R6PBSTR,AccuP-0402_S2P/AccuP_0402/C0402SE0r6.s2p,0402,1.00±0.1,0.55±0.07,0.40±0.1,0.6,0R6,100,1,0 ±30 ppm/°C,J,±0.02 pF,P,Thin-film SiO2 / SiON (silicon dioxide / silicon oxynitride) on Alumina (Al2O3) substrate,"Nickel/Lead Free Solder Coated (Sn63,Pb37 or Sn100)",S,Tape & Reel,,Accu-P (Kyocera AVX),
04021J0R7PBSTR,AccuP-0402_S2P/AccuP_0402/C0402SE0r7.s2p,0402,1.00±0.1,0.55±0.07,0.40±0.1,0.7,0R7,100,1,0 ±30 ppm/°C,J,±0.02 pF,P,Thin-film SiO2 / SiON (silicon dioxide / silicon oxynitride) on Alumina (Al2O3) substrate,"Nickel/Lead Free Solder Coated (Sn63,Pb37 or Sn100)",S,Tape & Reel,,Accu-P (Kyocera AVX),
04021J0R8PBSTR,AccuP-0402_S2P/AccuP_0402/C0402SE0r8.s2p,0402,1.00±0.1,0.55±0.07,0.40±0.1,0.8,0R8,100,1,0 ±30 ppm/°C,J,±0.02 pF,P,Thin-film SiO2 / SiON (silicon dioxide / silicon oxynitride) on Alumina (Al2O3) substrate,"Nickel/Lead Free Solder Coated (Sn63,Pb37 or Sn100)",S,Tape & Reel,,Accu-P (Kyocera AVX),
04021J0R9PBSTR,AccuP-0402_S2P/AccuP_0402/C0402SE0r9.s2p,0402,1.00±0.1,0.55±0.07,0.40±0.1,0.9,0R9,100,1,0 ±30 ppm/°C,J,±0.02 pF,P,Thin-film SiO2 / SiON (silicon dioxide / silicon oxynitride) on Alumina (Al2O3) substrate,"Nickel/Lead Free Solder Coated (Sn63,Pb37 or Sn100)",S,Tape & Reel,,Accu-P (Kyocera AVX),
04023J100FBSTR,AccuP-0402_S2P/AccuP_0402/C0402SE100.s2p,0402,1.00±0.1,0.55±0.07,0.40±0.1,10.0,100,25,3,0 ±30 ppm/°C,J,±1%,F,Thin-film SiO2 / SiON (silicon dioxide / silicon oxynitride) on Alumina (Al2O3) substrate,"Nickel/Lead Free Solder Coated (Sn63,Pb37 or Sn100)",S,Tape & Reel,,Accu-P (Kyocera AVX),
04023J110FBSTR,AccuP-0402_S2P/AccuP_0402/C0402SE110.s2p,0402,1.00±0.1,0.55±0.07,0.40±0.1,11.0,110,25,3,0 ±30 ppm/°C,J,±1%,F,Thin-film SiO2 / SiON (silicon dioxide / silicon oxynitride) on Alumina (Al2O3) substrate,"Nickel/Lead Free Solder Coated (Sn63,Pb37 or Sn100)",S,Tape & Reel,,Accu-P (Kyocera AVX),
04023K120FBSTR,AccuP-0402_S2P/AccuP_0402/C0402SE120.s2p,0402,1.00±0.1,0.55±0.07,0.40±0.1,12.0,120,25,3,0 ±60 ppm/°C,K,±1%,F,Thin-film SiO2 / SiON (silicon dioxide / silicon oxynitride) on Alumina (Al2O3) substrate,"Nickel/Lead Free Solder Coated (Sn63,Pb37 or Sn100)",S,Tape & Reel,,Accu-P (Kyocera AVX),
04023K130FBSTR,AccuP-0402_S2P/AccuP_0402/C0402SE130.s2p,0402,1.00±0.1,0.55±0.07,0.40±0.1,13.0,130,25,3,0 ±60 ppm/°C,K,±1%,F,Thin-film SiO2 / SiON (silicon dioxide / silicon oxynitride) on Alumina (Al2O3) substrate,"Nickel/Lead Free Solder Coated (Sn63,Pb37 or Sn100)",S,Tape & Reel,,Accu-P (Kyocera AVX),
04023K140FBSTR,AccuP-0402_S2P/AccuP_0402/C0402SE140.s2p,0402,1.00±0.1,0.55±0.07,0.40±0.1,14.0,140,25,3,0 ±60 ppm/°C,K,±1%,F,Thin-film SiO2 / SiON (silicon dioxide / silicon oxynitride) on Alumina (Al2O3) substrate,"Nickel/Lead Free Solder Coated (Sn63,Pb37 or Sn100)",S,Tape & Reel,,Accu-P (Kyocera AVX),
04023K150FBSTR,AccuP-0402_S2P/AccuP_0402/C0402SE150.s2p,0402,1.00±0.1,0.55±0.07,0.40±0.1,15.0,150,25,3,0 ±60 ppm/°C,K,±1%,F,Thin-film SiO2 / SiON (silicon dioxide / silicon oxynitride) on Alumina (Al2O3) substrate,"Nickel/Lead Free Solder Coated (Sn63,Pb37 or Sn100)",S,Tape & Reel,,Accu-P (Kyocera AVX),
04023K160FBSTR,AccuP-0402_S2P/AccuP_0402/C0402SE160.s2p,0402,1.00±0.1,0.55±0.07,0.40±0.1,16.0,160,25,3,0 ±60 ppm/°C,K,±1%,F,Thin-film SiO2 / SiON (silicon dioxide / silicon oxynitride) on Alumina (Al2O3) substrate,"Nickel/Lead Free Solder Coated (Sn63,Pb37 or Sn100)",S,Tape & Reel,,Accu-P (Kyocera AVX),
04023K170FBSTR,AccuP-0402_S2P/AccuP_0402/C0402SE170.s2p,0402,1.00±0.1,0.55±0.07,0.40±0.1,17.0,170,25,3,0 ±60 ppm/°C,K,±1%,F,Thin-film SiO2 / SiON (silicon dioxide / silicon oxynitride) on Alumina (Al2O3) substrate,"Nickel/Lead Free Solder Coated (Sn63,Pb37 or Sn100)",S,Tape & Reel,,Accu-P (Kyocera AVX),
04023K180FBSTR,AccuP-0402_S2P/AccuP_0402/C0402SE180.s2p,0402,1.00±0.1,0.55±0.07,0.40±0.1,18.0,180,25,3,0 ±60 ppm/°C,K,±1%,F,Thin-film SiO2 / SiON (silicon dioxide / silicon oxynitride) on Alumina (Al2O3) substrate,"Nickel/Lead Free Solder Coated (Sn63,Pb37 or Sn100)",S,Tape & Reel,,Accu-P (Kyocera AVX),
04023K190FBSTR,AccuP-0402_S2P/AccuP_0402/C0402SE190.s2p,0402,1.00±0.1,0.55±0.07,0.40±0.1,19.0,190,25,3,0 ±60 ppm/°C,K,±1%,F,Thin-film SiO2 / SiON (silicon dioxide / silicon oxynitride) on Alumina (Al2O3) substrate,"Nickel/Lead Free Solder Coated (Sn63,Pb37 or Sn100)",S,Tape & Reel,,Accu-P (Kyocera AVX),
04021J1R0PBSTR,AccuP-0402_S2P/AccuP_0402/C0402SE1r0.s2p,0402,1.00±0.1,0.55±0.07,0.40±0.1,1.0,1R0,100,1,0 ±30 ppm/°C,J,±0.02 pF,P,Thin-film SiO2 / SiON (silicon dioxide / silicon oxynitride) on Alumina (Al2O3) substrate,"Nickel/Lead Free Solder Coated (Sn63,Pb37 or Sn100)",S,Tape & Reel,,Accu-P (Kyocera AVX),
04021J1R1PBSTR,AccuP-0402_S2P/AccuP_0402/C0402SE1r1.s2p,0402,1.00±0.1,0.55±0.07,0.40±0.1,1.1,1R1,100,1,0 ±30 ppm/°C,J,±0.02 pF,P,Thin-film SiO2 / SiON (silicon dioxide / silicon oxynitride) on Alumina (Al2O3) substrate,"Nickel/Lead Free Solder Coated (Sn63,Pb37 or Sn100)",S,Tape & Reel,,Accu-P (Kyocera AVX),
04021J1R2PBSTR,AccuP-0402_S2P/AccuP_0402/C0402SE1r2.s2p,0402,1.00±0.1,0.55±0.07,0.40±0.1,1.2,1R2,100,1,0 ±30 ppm/°C,J,±0.02 pF,P,Thin-film SiO2 / SiON (silicon dioxide / silicon oxynitride) on Alumina (Al2O3) substrate,"Nickel/Lead Free Solder Coated (Sn63,Pb37 or Sn100)",S,Tape & Reel,,Accu-P (Kyocera AVX),
04021J1R3PBSTR,AccuP-0402_S2P/AccuP_0402/C0402SE1r3.s2p,0402,1.00±0.1,0.55±0.07,0.40±0.1,1.3,1R3,100,1,0 ±30 ppm/°C,J,±0.02 pF,P,Thin-film SiO2 / SiON (silicon dioxide / silicon oxynitride) on Alumina (Al2O3) substrate,"Nickel/Lead Free Solder Coated (Sn63,Pb37 or Sn100)",S,Tape & Reel,,Accu-P (Kyocera AVX),
04021J1R4PBSTR,AccuP-0402_S2P/AccuP_0402/C0402SE1r4.s2p,0402,1.00±0.1,0.55±0.07,0.40±0.1,1.4,1R4,100,1,0 ±30 ppm/°C,J,±0.02 pF,P,Thin-film SiO2 / SiON (silicon dioxide / silicon oxynitride) on Alumina (Al2O3) substrate,"Nickel/Lead Free Solder Coated (Sn63,Pb37 or Sn100)",S,Tape & Reel,,Accu-P (Kyocera AVX),
04021J1R5PBSTR,AccuP-0402_S2P/AccuP_0402/C0402SE1r5.s2p,0402,1.00±0.1,0.55±0.07,0.40±0.1,1.5,1R5,100,1,0 ±30 ppm/°C,J,±0.02 pF,P,Thin-film SiO2 / SiON (silicon dioxide / silicon oxynitride) on Alumina (Al2O3) substrate,"Nickel/Lead Free Solder Coated (Sn63,Pb37 or Sn100)",S,Tape & Reel,,Accu-P (Kyocera AVX),
04021J1R6PBSTR,AccuP-0402_S2P/AccuP_0402/C0402SE1r6.s2p,0402,1.00±0.1,0.55±0.07,0.40±0.1,1.6,1R6,100,1,0 ±30 ppm/°C,J,±0.02 pF,P,Thin-film SiO2 / SiON (silicon dioxide / silicon oxynitride) on Alumina (Al2O3) substrate,"Nickel/Lead Free Solder Coated (Sn63,Pb37 or Sn100)",S,Tape & Reel,,Accu-P (Kyocera AVX),
04021J1R7PBSTR,AccuP-0402_S2P/AccuP_0402/C0402SE1r7.s2p,0402,1.00±0.1,0.55±0.07,0.40±0.1,1.7,1R7,100,1,0 ±30 ppm/°C,J,±0.02 pF,P,Thin-film SiO2 / SiON (silicon dioxide / silicon oxynitride) on Alumina (Al2O3) substrate,"Nickel/Lead Free Solder Coated (Sn63,Pb37 or Sn100)",S,Tape & Reel,,Accu-P (Kyocera AVX),
04021J1R8PBSTR,AccuP-0402_S2P/AccuP_0402/C0402SE1r8.s2p,0402,1.00±0.1,0.55±0.07,0.40±0.1,1.8,1R8,100,1,0 ±30 ppm/°C,J,±0.02 pF,P,Thin-film SiO2 / SiON (silicon dioxide / silicon oxynitride) on Alumina (Al2O3) substrate,"Nickel/Lead Free Solder Coated (Sn63,Pb37 or Sn100)",S,Tape & Reel,,Accu-P (Kyocera AVX),
04025J1R9PBSTR,AccuP-0402_S2P/AccuP_0402/C0402SE1r9.s2p,0402,1.00±0.1,0.55±0.07,0.40±0.1,1.9,1R9,50,5,0 ±30 ppm/°C,J,±0.02 pF,P,Thin-film SiO2 / SiON (silicon dioxide / silicon oxynitride) on Alumina (Al2O3) substrate,"Nickel/Lead Free Solder Coated (Sn63,Pb37 or Sn100)",S,Tape & Reel,,Accu-P (Kyocera AVX),
04023K200FBSTR,AccuP-0402_S2P/AccuP_0402/C0402SE200.s2p,0402,1.00±0.1,0.55±0.07,0.40±0.1,20.0,200,25,3,0 ±60 ppm/°C,K,±1%,F,Thin-film SiO2 / SiON (silicon dioxide / silicon oxynitride) on Alumina (Al2O3) substrate,"Nickel/Lead Free Solder Coated (Sn63,Pb37 or Sn100)",S,Tape & Reel,,Accu-P (Kyocera AVX),
04023K210FBSTR,AccuP-0402_S2P/AccuP_0402/C0402SE210.s2p,0402,1.00±0.1,0.55±0.07,0.40±0.1,21.0,210,25,3,0 ±60 ppm/°C,K,±1%,F,Thin-film SiO2 / SiON (silicon dioxide / silicon oxynitride) on Alumina (Al2O3) substrate,"Nickel/Lead Free Solder Coated (Sn63,Pb37 or Sn100)",S,Tape & Reel,,Accu-P (Kyocera AVX),
04023K220FBSTR,AccuP-0402_S2P/AccuP_0402/C0402SE220.s2p,0402,1.00±0.1,0.55±0.07,0.40±0.1,22.0,220,25,3,0 ±60 ppm/°C,K,±1%,F,Thin-film SiO2 / SiON (silicon dioxide / silicon oxynitride) on Alumina (Al2O3) substrate,"Nickel/Lead Free Solder Coated (Sn63,Pb37 or Sn100)",S,Tape & Reel,,Accu-P (Kyocera AVX),
04023K240FBSTR,AccuP-0402_S2P/AccuP_0402/C0402SE240.s2p,0402,1.00±0.1,0.55±0.07,0.40±0.1,24.0,240,25,3,0 ±60 ppm/°C,K,±1%,F,Thin-film SiO2 / SiON (silicon dioxide / silicon oxynitride) on Alumina (Al2O3) substrate,"Nickel/Lead Free Solder Coated (Sn63,Pb37 or Sn100)",S,Tape & Reel,,Accu-P (Kyocera AVX),
04023K270FBSTR,AccuP-0402_S2P/AccuP_0402/C0402SE270.s2p,0402,1.00±0.1,0.55±0.07,0.40±0.1,27.0,270,25,3,0 ±60 ppm/°C,K,±1%,F,Thin-film SiO2 / SiON (silicon dioxide / silicon oxynitride) on Alumina (Al2O3) substrate,"Nickel/Lead Free Solder Coated (Sn63,Pb37 or Sn100)",S,Tape & Reel,,Accu-P (Kyocera AVX),
04025J2R0PBSTR,AccuP-0402_S2P/AccuP_0402/C0402SE2r0.s2p,0402,1.00±0.1,0.55±0.07,0.40±0.1,2.0,2R0,50,5,0 ±30 ppm/°C,J,±0.02 pF,P,Thin-film SiO2 / SiON (silicon dioxide / silicon oxynitride) on Alumina (Al2O3) substrate,"Nickel/Lead Free Solder Coated (Sn63,Pb37 or Sn100)",S,Tape & Reel,,Accu-P (Kyocera AVX),
04025J2R1QBSTR,AccuP-0402_S2P/AccuP_0402/C0402SE2r1.s2p,0402,1.00±0.1,0.55±0.07,0.40±0.1,2.1,2R1,50,5,0 ±30 ppm/°C,J,±0.03 pF,Q,Thin-film SiO2 / SiON (silicon dioxide / silicon oxynitride) on Alumina (Al2O3) substrate,"Nickel/Lead Free Solder Coated (Sn63,Pb37 or Sn100)",S,Tape & Reel,,Accu-P (Kyocera AVX),
04025J2R2QBSTR,AccuP-0402_S2P/AccuP_0402/C0402SE2r2.s2p,0402,1.00±0.1,0.55±0.07,0.40±0.1,2.2,2R2,50,5,0 ±30 ppm/°C,J,±0.03 pF,Q,Thin-film SiO2 / SiON (silicon dioxide / silicon oxynitride) on Alumina (Al2O3) substrate,"Nickel/Lead Free Solder Coated (Sn63,Pb37 or Sn100)",S,Tape & Reel,,Accu-P (Kyocera AVX),
04025J2R3QBSTR,AccuP-0402_S2P/AccuP_0402/C0402SE2r3.s2p,0402,1.00±0.1,0.55±0.07,0.40±0.1,2.3,2R3,50,5,0 ±30 ppm/°C,J,±0.03 pF,Q,Thin-film SiO2 / SiON (silicon dioxide / silicon oxynitride) on Alumina (Al2O3) substrate,"Nickel/Lead Free Solder Coated (Sn63,Pb37 or Sn100)",S,Tape & Reel,,Accu-P (Kyocera AVX),
04025J2R4QBSTR,AccuP-0402_S2P/AccuP_0402/C0402SE2r4.s2p,0402,1.00±0.1,0.55±0.07,0.40±0.1,2.4,2R4,50,5,0 ±30 ppm/°C,J,±0.03 pF,Q,Thin-film SiO2 / SiON (silicon dioxide / silicon oxynitride) on Alumina (Al2O3) substrate,"Nickel/Lead Free Solder Coated (Sn63,Pb37 or Sn100)",S,Tape & Reel,,Accu-P (Kyocera AVX),
04025J2R5QBSTR,AccuP-0402_S2P/AccuP_0402/C0402SE2r5.s2p,0402,1.00±0.1,0.55±0.07,0.40±0.1,2.5,2R5,50,5,0 ±30 ppm/°C,J,±0.03 pF,Q,Thin-film SiO2 / SiON (silicon dioxide / silicon oxynitride) on Alumina (Al2O3) substrate,"Nickel/Lead Free Solder Coated (Sn63,Pb37 or Sn100)",S,Tape & Reel,,Accu-P (Kyocera AVX),
04025J2R6QBSTR,AccuP-0402_S2P/AccuP_0402/C0402SE2r6.s2p,0402,1.00±0.1,0.55±0.07,0.40±0.1,2.6,2R6,50,5,0 ±30 ppm/°C,J,±0.03 pF,Q,Thin-film SiO2 / SiON (silicon dioxide / silicon oxynitride) on Alumina (Al2O3) substrate,"Nickel/Lead Free Solder Coated (Sn63,Pb37 or Sn100)",S,Tape & Reel,,Accu-P (Kyocera AVX),
04025J2R7QBSTR,AccuP-0402_S2P/AccuP_0402/C0402SE2r7.s2p,0402,1.00±0.1,0.55±0.07,0.40±0.1,2.7,2R7,50,5,0 ±30 ppm/°C,J,±0.03 pF,Q,Thin-film SiO2 / SiON (silicon dioxide / silicon oxynitride) on Alumina (Al2O3) substrate,"Nickel/Lead Free Solder Coated (Sn63,Pb37 or Sn100)",S,Tape & Reel,,Accu-P (Kyocera AVX),
04025J2R8QBSTR,AccuP-0402_S2P/AccuP_0402/C0402SE2r8.s2p,0402,1.00±0.1,0.55±0.07,0.40±0.1,2.8,2R8,50,5,0 ±30 ppm/°C,J,±0.03 pF,Q,Thin-film SiO2 / SiON (silicon dioxide / silicon oxynitride) on Alumina (Al2O3) substrate,"Nickel/Lead Free Solder Coated (Sn63,Pb37 or Sn100)",S,Tape & Reel,,Accu-P (Kyocera AVX),
04025J2R9QBSTR,AccuP-0402_S2P/AccuP_0402/C0402SE2r9.s2p,0402,1.00±0.1,0.55±0.07,0.40±0.1,2.9,2R9,50,5,0 ±30 ppm/°C,J,±0.03 pF,Q,Thin-film SiO2 / SiON (silicon dioxide / silicon oxynitride) on Alumina (Al2O3) substrate,"Nickel/Lead Free Solder Coated (Sn63,Pb37 or Sn100)",S,Tape & Reel,,Accu-P (Kyocera AVX),
04023K300FBSTR,AccuP-0402_S2P/AccuP_0402/C0402SE300.s2p,0402,1.00±0.1,0.55±0.07,0.40±0.1,30.0,300,25,3,0 ±60 ppm/°C,K,±1%,F,Thin-film SiO2 / SiON (silicon dioxide / silicon oxynitride) on Alumina (Al2O3) substrate,"Nickel/Lead Free Solder Coated (Sn63,Pb37 or Sn100)",S,Tape & Reel,,Accu-P (Kyocera AVX),
04023K330FBSTR,AccuP-0402_S2P/AccuP_0402/C0402SE330.s2p,0402,1.00±0.1,0.55±0.07,0.40±0.1,33.0,330,25,3,0 ±60 ppm/°C,K,±1%,F,Thin-film SiO2 / SiON (silicon dioxide / silicon oxynitride) on Alumina (Al2O3) substrate,"Nickel/Lead Free Solder Coated (Sn63,Pb37 or Sn100)",S,Tape & Reel,,Accu-P (Kyocera AVX),
04023K360FBSTR,AccuP-0402_S2P/AccuP_0402/C0402SE360.s2p,0402,1.00±0.1,0.55±0.07,0.40±0.1,36.0,360,25,3,0 ±60 ppm/°C,K,±1%,F,Thin-film SiO2 / SiON (silicon dioxide / silicon oxynitride) on Alumina (Al2O3) substrate,"Nickel/Lead Free Solder Coated (Sn63,Pb37 or Sn100)",S,Tape & Reel,,Accu-P (Kyocera AVX),
04023K390FBSTR,AccuP-0402_S2P/AccuP_0402/C0402SE390.s2p,0402,1.00±0.1,0.55±0.07,0.40±0.1,39.0,390,25,3,0 ±60 ppm/°C,K,±1%,F,Thin-film SiO2 / SiON (silicon dioxide / silicon oxynitride) on Alumina (Al2O3) substrate,"Nickel/Lead Free Solder Coated (Sn63,Pb37 or Sn100)",S,Tape & Reel,,Accu-P (Kyocera AVX),
04025J3R0QBSTR,AccuP-0402_S2P/AccuP_0402/C0402SE3r0.s2p,0402,1.00±0.1,0.55±0.07,0.40±0.1,3.0,3R0,50,5,0 ±30 ppm/°C,J,±0.03 pF,Q,Thin-film SiO2 / SiON (silicon dioxide / silicon oxynitride) on Alumina (Al2O3) substrate,"Nickel/Lead Free Solder Coated (Sn63,Pb37 or Sn100)",S,Tape & Reel,,Accu-P (Kyocera AVX),
04025J3R1ABSTR,AccuP-0402_S2P/AccuP_0402/C0402SE3r1.s2p,0402,1.00±0.1,0.55±0.07,0.40±0.1,3.1,3R1,50,5,0 ±30 ppm/°C,J,±0.05 pF,A,Thin-film SiO2 / SiON (silicon dioxide / silicon oxynitride) on Alumina (Al2O3) substrate,"Nickel/Lead Free Solder Coated (Sn63,Pb37 or Sn100)",S,Tape & Reel,,Accu-P (Kyocera AVX),
04025J3R2ABSTR,AccuP-0402_S2P/AccuP_0402/C0402SE3r2.s2p,0402,1.00±0.1,0.55±0.07,0.40±0.1,3.2,3R2,50,5,0 ±30 ppm/°C,J,±0.05 pF,A,Thin-film SiO2 / SiON (silicon dioxide / silicon oxynitride) on Alumina (Al2O3) substrate,"Nickel/Lead Free Solder Coated (Sn63,Pb37 or Sn100)",S,Tape & Reel,,Accu-P (Kyocera AVX),
04025J3R3ABSTR,AccuP-0402_S2P/AccuP_0402/C0402SE3r3.s2p,0402,1.00±0.1,0.55±0.07,0.40±0.1,3.3,3R3,50,5,0 ±30 ppm/°C,J,±0.05 pF,A,Thin-film SiO2 / SiON (silicon dioxide / silicon oxynitride) on Alumina (Al2O3) substrate,"Nickel/Lead Free Solder Coated (Sn63,Pb37 or Sn100)",S,Tape & Reel,,Accu-P (Kyocera AVX),
04025J3R4ABSTR,AccuP-0402_S2P/AccuP_0402/C0402SE3r4.s2p,0402,1.00±0.1,0.55±0.07,0.40±0.1,3.4,3R4,50,5,0 ±30 ppm/°C,J,±0.05 pF,A,Thin-film SiO2 / SiON (silicon dioxide / silicon oxynitride) on Alumina (Al2O3) substrate,"Nickel/Lead Free Solder Coated (Sn63,Pb37 or Sn100)",S,Tape & Reel,,Accu-P (Kyocera AVX),
04025J3R5ABSTR,AccuP-0402_S2P/AccuP_0402/C0402SE3r5.s2p,0402,1.00±0.1,0.55±0.07,0.40±0.1,3.5,3R5,50,5,0 ±30 ppm/°C,J,±0.05 pF,A,Thin-film SiO2 / SiON (silicon dioxide / silicon oxynitride) on Alumina (Al2O3) substrate,"Nickel/Lead Free Solder Coated (Sn63,Pb37 or Sn100)",S,Tape & Reel,,Accu-P (Kyocera AVX),
04025J3R6ABSTR,AccuP-0402_S2P/AccuP_0402/C0402SE3r6.s2p,0402,1.00±0.1,0.55±0.07,0.40±0.1,3.6,3R6,50,5,0 ±30 ppm/°C,J,±0.05 pF,A,Thin-film SiO2 / SiON (silicon dioxide / silicon oxynitride) on Alumina (Al2O3) substrate,"Nickel/Lead Free Solder Coated (Sn63,Pb37 or Sn100)",S,Tape & Reel,,Accu-P (Kyocera AVX),
04025J3R7ABSTR,AccuP-0402_S2P/AccuP_0402/C0402SE3r7.s2p,0402,1.00±0.1,0.55±0.07,0.40±0.1,3.7,3R7,50,5,0 ±30 ppm/°C,J,±0.05 pF,A,Thin-film SiO2 / SiON (silicon dioxide / silicon oxynitride) on Alumina (Al2O3) substrate,"Nickel/Lead Free Solder Coated (Sn63,Pb37 or Sn100)",S,Tape & Reel,,Accu-P (Kyocera AVX),
04025J3R8ABSTR,AccuP-0402_S2P/AccuP_0402/C0402SE3r8.s2p,0402,1.00±0.1,0.55±0.07,0.40±0.1,3.8,3R8,50,5,0 ±30 ppm/°C,J,±0.05 pF,A,Thin-film SiO2 / SiON (silicon dioxide / silicon oxynitride) on Alumina (Al2O3) substrate,"Nickel/Lead Free Solder Coated (Sn63,Pb37 or Sn100)",S,Tape & Reel,,Accu-P (Kyocera AVX),
04025J3R9ABSTR,AccuP-0402_S2P/AccuP_0402/C0402SE3r9.s2p,0402,1.00±0.1,0.55±0.07,0.40±0.1,3.9,3R9,50,5,0 ±30 ppm/°C,J,±0.05 pF,A,Thin-film SiO2 / SiON (silicon dioxide / silicon oxynitride) on Alumina (Al2O3) substrate,"Nickel/Lead Free Solder Coated (Sn63,Pb37 or Sn100)",S,Tape & Reel,,Accu-P (Kyocera AVX),
04023K470FBSTR,AccuP-0402_S2P/AccuP_0402/C0402SE470.s2p,0402,1.00±0.1,0.55±0.07,0.40±0.1,47.0,470,25,3,0 ±60 ppm/°C,K,±1%,F,Thin-film SiO2 / SiON (silicon dioxide / silicon oxynitride) on Alumina (Al2O3) substrate,"Nickel/Lead Free Solder Coated (Sn63,Pb37 or Sn100)",S,Tape & Reel,,Accu-P (Kyocera AVX),
04025J4R0ABSTR,AccuP-0402_S2P/AccuP_0402/C0402SE4r0.s2p,0402,1.00±0.1,0.55±0.07,0.40±0.1,4.0,4R0,50,5,0 ±30 ppm/°C,J,±0.05 pF,A,Thin-film SiO2 / SiON (silicon dioxide / silicon oxynitride) on Alumina (Al2O3) substrate,"Nickel/Lead Free Solder Coated (Sn63,Pb37 or Sn100)",S,Tape & Reel,,Accu-P (Kyocera AVX),
04025J4R1ABSTR,AccuP-0402_S2P/AccuP_0402/C0402SE4r1.s2p,0402,1.00±0.1,0.55±0.07,0.40±0.1,4.1,4R1,50,5,0 ±30 ppm/°C,J,±0.05 pF,A,Thin-film SiO2 / SiON (silicon dioxide / silicon oxynitride) on Alumina (Al2O3) substrate,"Nickel/Lead Free Solder Coated (Sn63,Pb37 or Sn100)",S,Tape & Reel,,Accu-P (Kyocera AVX),
04025J4R2ABSTR,AccuP-0402_S2P/AccuP_0402/C0402SE4r2.s2p,0402,1.00±0.1,0.55±0.07,0.40±0.1,4.2,4R2,50,5,0 ±30 ppm/°C,J,±0.05 pF,A,Thin-film SiO2 / SiON (silicon dioxide / silicon oxynitride) on Alumina (Al2O3) substrate,"Nickel/Lead Free Solder Coated (Sn63,Pb37 or Sn100)",S,Tape & Reel,,Accu-P (Kyocera AVX),
04025J4R3ABSTR,AccuP-0402_S2P/AccuP_0402/C0402SE4r3.s2p,0402,1.00±0.1,0.55±0.07,0.40±0.1,4.3,4R3,50,5,0 ±30 ppm/°C,J,±0.05 pF,A,Thin-film SiO2 / SiON (silicon dioxide / silicon oxynitride) on Alumina (Al2O3) substrate,"Nickel/Lead Free Solder Coated (Sn63,Pb37 or Sn100)",S,Tape & Reel,,Accu-P (Kyocera AVX),
04025J4R4ABSTR,AccuP-0402_S2P/AccuP_0402/C0402SE4r4.s2p,0402,1.00±0.1,0.55±0.07,0.40±0.1,4.4,4R4,50,5,0 ±30 ppm/°C,J,±0.05 pF,A,Thin-film SiO2 / SiON (silicon dioxide / silicon oxynitride) on Alumina (Al2O3) substrate,"Nickel/Lead Free Solder Coated (Sn63,Pb37 or Sn100)",S,Tape & Reel,,Accu-P (Kyocera AVX),
04025J4R5ABSTR,AccuP-0402_S2P/AccuP_0402/C0402SE4r5.s2p,0402,1.00±0.1,0.55±0.07,0.40±0.1,4.5,4R5,50,5,0 ±30 ppm/°C,J,±0.05 pF,A,Thin-film SiO2 / SiON (silicon dioxide / silicon oxynitride) on Alumina (Al2O3) substrate,"Nickel/Lead Free Solder Coated (Sn63,Pb37 or Sn100)",S,Tape & Reel,,Accu-P (Kyocera AVX),
04025J4R6ABSTR,AccuP-0402_S2P/AccuP_0402/C0402SE4r6.s2p,0402,1.00±0.1,0.55±0.07,0.40±0.1,4.6,4R6,50,5,0 ±30 ppm/°C,J,±0.05 pF,A,Thin-film SiO2 / SiON (silicon dioxide / silicon oxynitride) on Alumina (Al2O3) substrate,"Nickel/Lead Free Solder Coated (Sn63,Pb37 or Sn100)",S,Tape & Reel,,Accu-P (Kyocera AVX),
04025J4R7ABSTR,AccuP-0402_S2P/AccuP_0402/C0402SE4r7.s2p,0402,1.00±0.1,0.55±0.07,0.40±0.1,4.7,4R7,50,5,0 ±30 ppm/°C,J,±0.05 pF,A,Thin-film SiO2 / SiON (silicon dioxide / silicon oxynitride) on Alumina (Al2O3) substrate,"Nickel/Lead Free Solder Coated (Sn63,Pb37 or Sn100)",S,Tape & Reel,,Accu-P (Kyocera AVX),
04023K560FBSTR,AccuP-0402_S2P/AccuP_0402/C0402SE560.s2p,0402,1.00±0.1,0.55±0.07,0.40±0.1,56.0,560,25,3,0 ±60 ppm/°C,K,±1%,F,Thin-film SiO2 / SiON (silicon dioxide / silicon oxynitride) on Alumina (Al2O3) substrate,"Nickel/Lead Free Solder Coated (Sn63,Pb37 or Sn100)",S,Tape & Reel,,Accu-P (Kyocera AVX),
04025J5R1ABSTR,AccuP-0402_S2P/AccuP_0402/C0402SE5r1.s2p,0402,1.00±0.1,0.55±0.07,0.40±0.1,5.1,5R1,50,5,0 ±30 ppm/°C,J,±0.05 pF,A,Thin-film SiO2 / SiON (silicon dioxide / silicon oxynitride) on Alumina (Al2O3) substrate,"Nickel/Lead Free Solder Coated (Sn63,Pb37 or Sn100)",S,Tape & Reel,,Accu-P (Kyocera AVX),
04025J5R6ABSTR,AccuP-0402_S2P/AccuP_0402/C0402SE5r6.s2p,0402,1.00±0.1,0.55±0.07,0.40±0.1,5.6,5R6,50,5,0 ±30 ppm/°C,J,±0.05 pF,A,Thin-film SiO2 / SiON (silicon dioxide / silicon oxynitride) on Alumina (Al2O3) substrate,"Nickel/Lead Free Solder Coated (Sn63,Pb37 or Sn100)",S,Tape & Reel,,Accu-P (Kyocera AVX),
04023K680FBSTR,AccuP-0402_S2P/AccuP_0402/C0402SE680.s2p,0402,1.00±0.1,0.55±0.07,0.40±0.1,68.0,680,25,3,0 ±60 ppm/°C,K,±1%,F,Thin-film SiO2 / SiON (silicon dioxide / silicon oxynitride) on Alumina (Al2O3) substrate,"Nickel/Lead Free Solder Coated (Sn63,Pb37 or Sn100)",S,Tape & Reel,,Accu-P (Kyocera AVX),
04025J6R2BBSTR,AccuP-0402_S2P/AccuP_0402/C0402SE6r2.s2p,0402,1.00±0.1,0.55±0.07,0.40±0.1,6.2,6R2,50,5,0 ±30 ppm/°C,J,±0.1 pF,B,Thin-film SiO2 / SiON (silicon dioxide / silicon oxynitride) on Alumina (Al2O3) substrate,"Nickel/Lead Free Solder Coated (Sn63,Pb37 or Sn100)",S,Tape & Reel,,Accu-P (Kyocera AVX),
04025J6R8BBSTR,AccuP-0402_S2P/AccuP_0402/C0402SE6r8.s2p,0402,1.00±0.1,0.55±0.07,0.40±0.1,6.8,6R8,50,5,0 ±30 ppm/°C,J,±0.1 pF,B,Thin-film SiO2 / SiON (silicon dioxide / silicon oxynitride) on Alumina (Al2O3) substrate,"Nickel/Lead Free Solder Coated (Sn63,Pb37 or Sn100)",S,Tape & Reel,,Accu-P (Kyocera AVX),
04025J7R5BBSTR,AccuP-0402_S2P/AccuP_0402/C0402SE7r5.s2p,0402,1.00±0.1,0.55±0.07,0.40±0.1,7.5,7R5,50,5,0 ±30 ppm/°C,J,±0.1 pF,B,Thin-film SiO2 / SiON (silicon dioxide / silicon oxynitride) on Alumina (Al2O3) substrate,"Nickel/Lead Free Solder Coated (Sn63,Pb37 or Sn100)",S,Tape & Reel,,Accu-P (Kyocera AVX),
04025J8R2BBSTR,AccuP-0402_S2P/AccuP_0402/C0402SE8r2.s2p,0402,1.00±0.1,0.55±0.07,0.40±0.1,8.2,8R2,50,5,0 ±30 ppm/°C,J,±0.1 pF,B,Thin-film SiO2 / SiON (silicon dioxide / silicon oxynitride) on Alumina (Al2O3) substrate,"Nickel/Lead Free Solder Coated (Sn63,Pb37 or Sn100)",S,Tape & Reel,,Accu-P (Kyocera AVX),
04023J9R1BBSTR,AccuP-0402_S2P/AccuP_0402/C0402SE9r1.s2p,0402,1.00±0.1,0.55±0.07,0.40±0.1,9.1,9R1,25,3,0 ±30 ppm/°C,J,±0.1 pF,B,Thin-film SiO2 / SiON (silicon dioxide / silicon oxynitride) on Alumina (Al2O3) substrate,"Nickel/Lead Free Solder Coated (Sn63,Pb37 or Sn100)",S,Tape & Reel,,Accu-P (Kyocera AVX),
04021JA05ZBSTR,AccuP-0402_S2P/AccuP_0402/C0402SEA05.s2p,0402,1.00±0.1,0.55±0.07,0.40±0.1,1.05,A05,100,1,0 ±30 ppm/°C,J,±0.01 pF,Z,Thin-film SiO2 / SiON (silicon dioxide / silicon oxynitride) on Alumina (Al2O3) substrate,"Nickel/Lead Free Solder Coated (Sn63,Pb37 or Sn100)",S,Tape & Reel,,Accu-P (Kyocera AVX),
04021JA15ZBSTR,AccuP-0402_S2P/AccuP_0402/C0402SEA15.s2p,0402,1.00±0.1,0.55±0.07,0.40±0.1,1.15,A15,100,1,0 ±30 ppm/°C,J,±0.01 pF,Z,Thin-film SiO2 / SiON (silicon dioxide / silicon oxynitride) on Alumina (Al2O3) substrate,"Nickel/Lead Free Solder Coated (Sn63,Pb37 or Sn100)",S,Tape & Reel,,Accu-P (Kyocera AVX),
04021JA25ZBSTR,AccuP-0402_S2P/AccuP_0402/C0402SEA25.s2p,0402,1.00±0.1,0.55±0.07,0.40±0.1,1.25,A25,100,1,0 ±30 ppm/°C,J,±0.01 pF,Z,Thin-film SiO2 / SiON (silicon dioxide / silicon oxynitride) on Alumina (Al2O3) substrate,"Nickel/Lead Free Solder Coated (Sn63,Pb37 or Sn100)",S,Tape & Reel,,Accu-P (Kyocera AVX),
04021JA35ZBSTR,AccuP-0402_S2P/AccuP_0402/C0402SEA35.s2p,0402,1.00±0.1,0.55±0.07,0.40±0.1,1.35,A35,100,1,0 ±30 ppm/°C,J,±0.01 pF,Z,Thin-film SiO2 / SiON (silicon dioxide / silicon oxynitride) on Alumina (Al2O3) substrate,"Nickel/Lead Free Solder Coated (Sn63,Pb37 or Sn100)",S,Tape & Reel,,Accu-P (Kyocera AVX),
04021JA45ZBSTR,AccuP-0402_S2P/AccuP_0402/C0402SEA45.s2p,0402,1.00±0.1,0.55±0.07,0.40±0.1,1.45,A45,100,1,0 ±30 ppm/°C,J,±0.01 pF,Z,Thin-film SiO2 / SiON (silicon dioxide / silicon oxynitride) on Alumina (Al2O3) substrate,"Nickel/Lead Free Solder Coated (Sn63,Pb37 or Sn100)",S,Tape & Reel,,Accu-P (Kyocera AVX),
04021JA55ZBSTR,AccuP-0402_S2P/AccuP_0402/C0402SEA55.s2p,0402,1.00±0.1,0.55±0.07,0.40±0.1,1.55,A55,100,1,0 ±30 ppm/°C,J,±0.01 pF,Z,Thin-film SiO2 / SiON (silicon dioxide / silicon oxynitride) on Alumina (Al2O3) substrate,"Nickel/Lead Free Solder Coated (Sn63,Pb37 or Sn100)",S,Tape & Reel,,Accu-P (Kyocera AVX),
04021JA65ZBSTR,AccuP-0402_S2P/AccuP_0402/C0402SEA65.s2p,0402,1.00±0.1,0.55±0.07,0.40±0.1,1.65,A65,100,1,0 ±30 ppm/°C,J,±0.01 pF,Z,Thin-film SiO2 / SiON (silicon dioxide / silicon oxynitride) on Alumina (Al2O3) substrate,"Nickel/Lead Free Solder Coated (Sn63,Pb37 or Sn100)",S,Tape & Reel,,Accu-P (Kyocera AVX),
04021JA75ZBSTR,AccuP-0402_S2P/AccuP_0402/C0402SEA75.s2p,0402,1.00±0.1,0.55±0.07,0.40±0.1,1.75,A75,100,1,0 ±30 ppm/°C,J,±0.01 pF,Z,Thin-film SiO2 / SiON (silicon dioxide / silicon oxynitride) on Alumina (Al2O3) substrate,"Nickel/Lead Free Solder Coated (Sn63,Pb37 or Sn100)",S,Tape & Reel,,Accu-P (Kyocera AVX),
04021JA85ZBSTR,AccuP-0402_S2P/AccuP_0402/C0402SEA85.s2p,0402,1.00±0.1,0.55±0.07,0.40±0.1,1.85,A85,100,1,0 ±30 ppm/°C,J,±0.01 pF,Z,Thin-film SiO2 / SiON (silicon dioxide / silicon oxynitride) on Alumina (Al2O3) substrate,"Nickel/Lead Free Solder Coated (Sn63,Pb37 or Sn100)",S,Tape & Reel,,Accu-P (Kyocera AVX),
04021JA95ZBSTR,AccuP-0402_S2P/AccuP_0402/C0402SEA95.s2p,0402,1.00±0.1,0.55±0.07,0.40±0.1,1.95,A95,100,1,0 ±30 ppm/°C,J,±0.01 pF,Z,Thin-film SiO2 / SiON (silicon dioxide / silicon oxynitride) on Alumina (Al2O3) substrate,"Nickel/Lead Free Solder Coated (Sn63,Pb37 or Sn100)",S,Tape & Reel,,Accu-P (Kyocera AVX),
04021JR05ZBSTR,AccuP-0402_S2P/AccuP_0402/C0402SEr05.s2p,0402,1.00±0.1,0.55±0.07,0.40±0.1,0.05,R05,100,1,0 ±30 ppm/°C,J,±0.01 pF,Z,Thin-film SiO2 / SiON (silicon dioxide / silicon oxynitride) on Alumina (Al2O3) substrate,"Nickel/Lead Free Solder Coated (Sn63,Pb37 or Sn100)",S,Tape & Reel,,Accu-P (Kyocera AVX),
04021JR15ZBSTR,AccuP-0402_S2P/AccuP_0402/C0402SEr15.s2p,0402,1.00±0.1,0.55±0.07,0.40±0.1,0.15,R15,100,1,0 ±30 ppm/°C,J,±0.01 pF,Z,Thin-film SiO2 / SiON (silicon dioxide / silicon oxynitride) on Alumina (Al2O3) substrate,"Nickel/Lead Free Solder Coated (Sn63,Pb37 or Sn100)",S,Tape & Reel,,Accu-P (Kyocera AVX),
04021JR25ZBSTR,AccuP-0402_S2P/AccuP_0402/C0402SEr25.s2p,0402,1.00±0.1,0.55±0.07,0.40±0.1,0.25,R25,100,1,0 ±30 ppm/°C,J,±0.01 pF,Z,Thin-film SiO2 / SiON (silicon dioxide / silicon oxynitride) on Alumina (Al2O3) substrate,"Nickel/Lead Free Solder Coated (Sn63,Pb37 or Sn100)",S,Tape & Reel,,Accu-P (Kyocera AVX),
04021JR35ZBSTR,AccuP-0402_S2P/AccuP_0402/C0402SEr35.s2p,0402,1.00±0.1,0.55±0.07,0.40±0.1,0.35,R35,100,1,0 ±30 ppm/°C,J,±0.01 pF,Z,Thin-film SiO2 / SiON (silicon dioxide / silicon oxynitride) on Alumina (Al2O3) substrate,"Nickel/Lead Free Solder Coated (Sn63,Pb37 or Sn100)",S,Tape & Reel,,Accu-P (Kyocera AVX),
04021JR45ZBSTR,AccuP-0402_S2P/AccuP_0402/C0402SEr45.s2p,0402,1.00±0.1,0.55±0.07,0.40±0.1,0.45,R45,100,1,0 ±30 ppm/°C,J,±0.01 pF,Z,Thin-film SiO2 / SiON (silicon dioxide / silicon oxynitride) on Alumina (Al2O3) substrate,"Nickel/Lead Free Solder Coated (Sn63,Pb37 or Sn100)",S,Tape & Reel,,Accu-P (Kyocera AVX),
04021JR55ZBSTR,AccuP-0402_S2P/AccuP_0402/C0402SEr55.s2p,0402,1.00±0.1,0.55±0.07,0.40±0.1,0.55,R55,100,1,0 ±30 ppm/°C,J,±0.01 pF,Z,Thin-film SiO2 / SiON (silicon dioxide / silicon oxynitride) on Alumina (Al2O3) substrate,"Nickel/Lead Free Solder Coated (Sn63,Pb37 or Sn100)",S,Tape & Reel,,Accu-P (Kyocera AVX),
04021JR65ZBSTR,AccuP-0402_S2P/AccuP_0402/C0402SEr65.s2p,0402,1.00±0.1,0.55±0.07,0.40±0.1,0.65,R65,100,1,0 ±30 ppm/°C,J,±0.01 pF,Z,Thin-film SiO2 / SiON (silicon dioxide / silicon oxynitride) on Alumina (Al2O3) substrate,"Nickel/Lead Free Solder Coated (Sn63,Pb37 or Sn100)",S,Tape & Reel,,Accu-P (Kyocera AVX),
04021JR75ZBSTR,AccuP-0402_S2P/AccuP_0402/C0402SEr75.s2p,0402,1.00±0.1,0.55±0.07,0.40±0.1,0.75,R75,100,1,0 ±30 ppm/°C,J,±0.01 pF,Z,Thin-film SiO2 / SiON (silicon dioxide / silicon oxynitride) on Alumina (Al2O3) substrate,"Nickel/Lead Free Solder Coated (Sn63,Pb37 or Sn100)",S,Tape & Reel,,Accu-P (Kyocera AVX),
04021JR85ZBSTR,AccuP-0402_S2P/AccuP_0402/C0402SEr85.s2p,0402,1.00±0.1,0.55±0.07,0.40±0.1,0.85,R85,100,1,0 ±30 ppm/°C,J,±0.01 pF,Z,Thin-film SiO2 / SiON (silicon dioxide / silicon oxynitride) on Alumina (Al2O3) substrate,"Nickel/Lead Free Solder Coated (Sn63,Pb37 or Sn100)",S,Tape & Reel,,Accu-P (Kyocera AVX),
04021JR95ZBSTR,AccuP-0402_S2P/AccuP_0402/C0402SEr95.s2p,0402,1.00±0.1,0.55±0.07,0.40±0.1,0.95,R95,100,1,0 ±30 ppm/°C,J,±0.01 pF,Z,Thin-film SiO2 / SiON (silicon dioxide / silicon oxynitride) on Alumina (Al2O3) substrate,"Nickel/Lead Free Solder Coated (Sn63,Pb37 or Sn100)",S,Tape & Reel,,Accu-P (Kyocera AVX),
06031J0R1ZBSTR,AccuP-0603_S2P/AccuP_0603/C0603SE0r1.s2p,0603,1.60±0.1,0.81±0.1,0.63±0.1,0.1,0R1,100,1,0 ±30 ppm/°C,J,±0.01 pF,Z,Thin-film SiO2 / SiON (silicon dioxide / silicon oxynitride) on Alumina (Al2O3) substrate,"Nickel/Lead Free Solder Coated (Sn63,Pb37 or Sn100)",S,Tape & Reel,,Accu-P (Kyocera AVX),
06031J0R2ZBSTR,AccuP-0603_S2P/AccuP_0603/C0603SE0r2.s2p,0603,1.60±0.1,0.81±0.1,0.63±0.1,0.2,0R2,100,1,0 ±30 ppm/°C,J,±0.01 pF,Z,Thin-film SiO2 / SiON (silicon dioxide / silicon oxynitride) on Alumina (Al2O3) substrate,"Nickel/Lead Free Solder Coated (Sn63,Pb37 or Sn100)",S,Tape & Reel,,Accu-P (Kyocera AVX),
06031J0R3ZBSTR,AccuP-0603_S2P/AccuP_0603/C0603SE0r3.s2p,0603,1.60±0.1,0.81±0.1,0.63±0.1,0.3,0R3,100,1,0 ±30 ppm/°C,J,±0.01 pF,Z,Thin-film SiO2 / SiON (silicon dioxide / silicon oxynitride) on Alumina (Al2O3) substrate,"Nickel/Lead Free Solder Coated (Sn63,Pb37 or Sn100)",S,Tape & Reel,,Accu-P (Kyocera AVX),
06031J0R4ZBSTR,AccuP-0603_S2P/AccuP_0603/C0603SE0r4.s2p,0603,1.60±0.1,0.81±0.1,0.63±0.1,0.4,0R4,100,1,0 ±30 ppm/°C,J,±0.01 pF,Z,Thin-film SiO2 / SiON (silicon dioxide / silicon oxynitride) on Alumina (Al2O3) substrate,"Nickel/Lead Free Solder Coated (Sn63,Pb37 or Sn100)",S,Tape & Reel,,Accu-P (Kyocera AVX),
06031J0R5ZBSTR,AccuP-0603_S2P/AccuP_0603/C0603SE0r5.s2p,0603,1.60±0.1,0.81±0.1,0.63±0.1,0.5,0R5,100,1,0 ±30 ppm/°C,J,±0.01 pF,Z,Thin-film SiO2 / SiON (silicon dioxide / silicon oxynitride) on Alumina (Al2O3) substrate,"Nickel/Lead Free Solder Coated (Sn63,Pb37 or Sn100)",S,Tape & Reel,,Accu-P (Kyocera AVX),
06031J0R6PBSTR,AccuP-0603_S2P/AccuP_0603/C0603SE0r6.s2p,0603,1.60±0.1,0.81±0.1,0.63±0.1,0.6,0R6,100,1,0 ±30 ppm/°C,J,±0.02 pF,P,Thin-film SiO2 / SiON (silicon dioxide / silicon oxynitride) on Alumina (Al2O3) substrate,"Nickel/Lead Free Solder Coated (Sn63,Pb37 or Sn100)",S,Tape & Reel,,Accu-P (Kyocera AVX),
06031J0R7PBSTR,AccuP-0603_S2P/AccuP_0603/C0603SE0r7.s2p,0603,1.60±0.1,0.81±0.1,0.63±0.1,0.7,0R7,100,1,0 ±30 ppm/°C,J,±0.02 pF,P,Thin-film SiO2 / SiON (silicon dioxide / silicon oxynitride) on Alumina (Al2O3) substrate,"Nickel/Lead Free Solder Coated (Sn63,Pb37 or Sn100)",S,Tape & Reel,,Accu-P (Kyocera AVX),
06031J0R8PBSTR,AccuP-0603_S2P/AccuP_0603/C0603SE0r8.s2p,0603,1.60±0.1,0.81±0.1,0.63±0.1,0.8,0R8,100,1,0 ±30 ppm/°C,J,±0.02 pF,P,Thin-film SiO2 / SiON (silicon dioxide / silicon oxynitride) on Alumina (Al2O3) substrate,"Nickel/Lead Free Solder Coated (Sn63,Pb37 or Sn100)",S,Tape & Reel,,Accu-P (Kyocera AVX),
06031J0R9PBSTR,AccuP-0603_S2P/AccuP_0603/C0603SE0r9.s2p,0603,1.60±0.1,0.81±0.1,0.63±0.1,0.9,0R9,100,1,0 ±30 ppm/°C,J,±0.02 pF,P,Thin-film SiO2 / SiON (silicon dioxide / silicon oxynitride) on Alumina (Al2O3) substrate,"Nickel/Lead Free Solder Coated (Sn63,Pb37 or Sn100)",S,Tape & Reel,,Accu-P (Kyocera AVX),
06035J100FBSTR,AccuP-0603_S2P/AccuP_0603/C0603SE100.s2p,0603,1.60±0.1,0.81±0.1,0.63±0.1,10.0,100,50,5,0 ±30 ppm/°C,J,±1%,F,Thin-film SiO2 / SiON (silicon dioxide / silicon oxynitride) on Alumina (Al2O3) substrate,"Nickel/Lead Free Solder Coated (Sn63,Pb37 or Sn100)",S,Tape & Reel,,Accu-P (Kyocera AVX),
06035J110FBSTR,AccuP-0603_S2P/AccuP_0603/C0603SE110.s2p,0603,1.60±0.1,0.81±0.1,0.63±0.1,11.0,110,50,5,0 ±30 ppm/°C,J,±1%,F,Thin-film SiO2 / SiON (silicon dioxide / silicon oxynitride) on Alumina (Al2O3) substrate,"Nickel/Lead Free Solder Coated (Sn63,Pb37 or Sn100)",S,Tape & Reel,,Accu-P (Kyocera AVX),
06035J120FBSTR,AccuP-0603_S2P/AccuP_0603/C0603SE120.s2p,0603,1.60±0.1,0.81±0.1,0.63±0.1,12.0,120,50,5,0 ±30 ppm/°C,J,±1%,F,Thin-film SiO2 / SiON (silicon dioxide / silicon oxynitride) on Alumina (Al2O3) substrate,"Nickel/Lead Free Solder Coated (Sn63,Pb37 or Sn100)",S,Tape & Reel,,Accu-P (Kyocera AVX),
06035J130FBSTR,AccuP-0603_S2P/AccuP_0603/C0603SE130.s2p,0603,1.60±0.1,0.81±0.1,0.63±0.1,13.0,130,50,5,0 ±30 ppm/°C,J,±1%,F,Thin-film SiO2 / SiON (silicon dioxide / silicon oxynitride) on Alumina (Al2O3) substrate,"Nickel/Lead Free Solder Coated (Sn63,Pb37 or Sn100)",S,Tape & Reel,,Accu-P (Kyocera AVX),
06035J140FBSTR,AccuP-0603_S2P/AccuP_0603/C0603SE140.s2p,0603,1.60±0.1,0.81±0.1,0.63±0.1,14.0,140,50,5,0 ±30 ppm/°C,J,±1%,F,Thin-film SiO2 / SiON (silicon dioxide / silicon oxynitride) on Alumina (Al2O3) substrate,"Nickel/Lead Free Solder Coated (Sn63,Pb37 or Sn100)",S,Tape & Reel,,Accu-P (Kyocera AVX),
06035J150FBSTR,AccuP-0603_S2P/AccuP_0603/C0603SE150.s2p,0603,1.60±0.1,0.81±0.1,0.63±0.1,15.0,150,50,5,0 ±30 ppm/°C,J,±1%,F,Thin-film SiO2 / SiON (silicon dioxide / silicon oxynitride) on Alumina (Al2O3) substrate,"Nickel/Lead Free Solder Coated (Sn63,Pb37 or Sn100)",S,Tape & Reel,,Accu-P (Kyocera AVX),
06035J160FBSTR,AccuP-0603_S2P/AccuP_0603/C0603SE160.s2p,0603,1.60±0.1,0.81±0.1,0.63±0.1,16.0,160,50,5,0 ±30 ppm/°C,J,±1%,F,Thin-film SiO2 / SiON (silicon dioxide / silicon oxynitride) on Alumina (Al2O3) substrate,"Nickel/Lead Free Solder Coated (Sn63,Pb37 or Sn100)",S,Tape & Reel,,Accu-P (Kyocera AVX),
06035J170FBSTR,AccuP-0603_S2P/AccuP_0603/C0603SE170.s2p,0603,1.60±0.1,0.81±0.1,0.63±0.1,17.0,170,50,5,0 ±30 ppm/°C,J,±1%,F,Thin-film SiO2 / SiON (silicon dioxide / silicon oxynitride) on Alumina (Al2O3) substrate,"Nickel/Lead Free Solder Coated (Sn63,Pb37 or Sn100)",S,Tape & Reel,,Accu-P (Kyocera AVX),
06035J180FBSTR,AccuP-0603_S2P/AccuP_0603/C0603SE180.s2p,0603,1.60±0.1,0.81±0.1,0.63±0.1,18.0,180,50,5,0 ±30 ppm/°C,J,±1%,F,Thin-film SiO2 / SiON (silicon dioxide / silicon oxynitride) on Alumina (Al2O3) substrate,"Nickel/Lead Free Solder Coated (Sn63,Pb37 or Sn100)",S,Tape & Reel,,Accu-P (Kyocera AVX),
06033J190FBSTR,AccuP-0603_S2P/AccuP_0603/C0603SE190.s2p,0603,1.60±0.1,0.81±0.1,0.63±0.1,19.0,190,25,3,0 ±30 ppm/°C,J,±1%,F,Thin-film SiO2 / SiON (silicon dioxide / silicon oxynitride) on Alumina (Al2O3) substrate,"Nickel/Lead Free Solder Coated (Sn63,Pb37 or Sn100)",S,Tape & Reel,,Accu-P (Kyocera AVX),
06031J1R0PBSTR,AccuP-0603_S2P/AccuP_0603/C0603SE1r0.s2p,0603,1.60±0.1,0.81±0.1,0.63±0.1,1.0,1R0,100,1,0 ±30 ppm/°C,J,±0.02 pF,P,Thin-film SiO2 / SiON (silicon dioxide / silicon oxynitride) on Alumina (Al2O3) substrate,"Nickel/Lead Free Solder Coated (Sn63,Pb37 or Sn100)",S,Tape & Reel,,Accu-P (Kyocera AVX),
06031J1R1PBSTR,AccuP-0603_S2P/AccuP_0603/C0603SE1r1.s2p,0603,1.60±0.1,0.81±0.1,0.63±0.1,1.1,1R1,100,1,0 ±30 ppm/°C,J,±0.02 pF,P,Thin-film SiO2 / SiON (silicon dioxide / silicon oxynitride) on Alumina (Al2O3) substrate,"Nickel/Lead Free Solder Coated (Sn63,Pb37 or Sn100)",S,Tape & Reel,,Accu-P (Kyocera AVX),
06031J1R2PBSTR,AccuP-0603_S2P/AccuP_0603/C0603SE1r2.s2p,0603,1.60±0.1,0.81±0.1,0.63±0.1,1.2,1R2,100,1,0 ±30 ppm/°C,J,±0.02 pF,P,Thin-film SiO2 / SiON (silicon dioxide / silicon oxynitride) on Alumina (Al2O3) substrate,"Nickel/Lead Free Solder Coated (Sn63,Pb37 or Sn100)",S,Tape & Reel,,Accu-P (Kyocera AVX),
06031J1R3PBSTR,AccuP-0603_S2P/AccuP_0603/C0603SE1r3.s2p,0603,1.60±0.1,0.81±0.1,0.63±0.1,1.3,1R3,100,1,0 ±30 ppm/°C,J,±0.02 pF,P,Thin-film SiO2 / SiON (silicon dioxide / silicon oxynitride) on Alumina (Al2O3) substrate,"Nickel/Lead Free Solder Coated (Sn63,Pb37 or Sn100)",S,Tape & Reel,,Accu-P (Kyocera AVX),
06031J1R4PBSTR,AccuP-0603_S2P/AccuP_0603/C0603SE1r4.s2p,0603,1.60±0.1,0.81±0.1,0.63±0.1,1.4,1R4,100,1,0 ±30 ppm/°C,J,±0.02 pF,P,Thin-film SiO2 / SiON (silicon dioxide / silicon oxynitride) on Alumina (Al2O3) substrate,"Nickel/Lead Free Solder Coated (Sn63,Pb37 or Sn100)",S,Tape & Reel,,Accu-P (Kyocera AVX),
06031J1R5PBSTR,AccuP-0603_S2P/AccuP_0603/C0603SE1r5.s2p,0603,1.60±0.1,0.81±0.1,0.63±0.1,1.5,1R5,100,1,0 ±30 ppm/°C,J,±0.02 pF,P,Thin-film SiO2 / SiON (silicon dioxide / silicon oxynitride) on Alumina (Al2O3) substrate,"Nickel/Lead Free Solder Coated (Sn63,Pb37 or Sn100)",S,Tape & Reel,,Accu-P (Kyocera AVX),
06031J1R6PBSTR,AccuP-0603_S2P/AccuP_0603/C0603SE1r6.s2p,0603,1.60±0.1,0.81±0.1,0.63±0.1,1.6,1R6,100,1,0 ±30 ppm/°C,J,±0.02 pF,P,Thin-film SiO2 / SiON (silicon dioxide / silicon oxynitride) on Alumina (Al2O3) substrate,"Nickel/Lead Free Solder Coated (Sn63,Pb37 or Sn100)",S,Tape & Reel,,Accu-P (Kyocera AVX),
06031J1R7PBSTR,AccuP-0603_S2P/AccuP_0603/C0603SE1r7.s2p,0603,1.60±0.1,0.81±0.1,0.63±0.1,1.7,1R7,100,1,0 ±30 ppm/°C,J,±0.02 pF,P,Thin-film SiO2 / SiON (silicon dioxide / silicon oxynitride) on Alumina (Al2O3) substrate,"Nickel/Lead Free Solder Coated (Sn63,Pb37 or Sn100)",S,Tape & Reel,,Accu-P (Kyocera AVX),
06031J1R8PBSTR,AccuP-0603_S2P/AccuP_0603/C0603SE1r8.s2p,0603,1.60±0.1,0.81±0.1,0.63±0.1,1.8,1R8,100,1,0 ±30 ppm/°C,J,±0.02 pF,P,Thin-film SiO2 / SiON (silicon dioxide / silicon oxynitride) on Alumina (Al2O3) substrate,"Nickel/Lead Free Solder Coated (Sn63,Pb37 or Sn100)",S,Tape & Reel,,Accu-P (Kyocera AVX),
06031J1R9PBSTR,AccuP-0603_S2P/AccuP_0603/C0603SE1r9.s2p,0603,1.60±0.1,0.81±0.1,0.63±0.1,1.9,1R9,100,1,0 ±30 ppm/°C,J,±0.02 pF,P,Thin-film SiO2 / SiON (silicon dioxide / silicon oxynitride) on Alumina (Al2O3) substrate,"Nickel/Lead Free Solder Coated (Sn63,Pb37 or Sn100)",S,Tape & Reel,,Accu-P (Kyocera AVX),
06033J200FBSTR,AccuP-0603_S2P/AccuP_0603/C0603SE200.s2p,0603,1.60±0.1,0.81±0.1,0.63±0.1,20.0,200,25,3,0 ±30 ppm/°C,J,±1%,F,Thin-film SiO2 / SiON (silicon dioxide / silicon oxynitride) on Alumina (Al2O3) substrate,"Nickel/Lead Free Solder Coated (Sn63,Pb37 or Sn100)",S,Tape & Reel,,Accu-P (Kyocera AVX),
06033J220FBSTR,AccuP-0603_S2P/AccuP_0603/C0603SE220.s2p,0603,1.60±0.1,0.81±0.1,0.63±0.1,22.0,220,25,3,0 ±30 ppm/°C,J,±1%,F,Thin-film SiO2 / SiON (silicon dioxide / silicon oxynitride) on Alumina (Al2O3) substrate,"Nickel/Lead Free Solder Coated (Sn63,Pb37 or Sn100)",S,Tape & Reel,,Accu-P (Kyocera AVX),
06033J240FBSTR,AccuP-0603_S2P/AccuP_0603/C0603SE240.s2p,0603,1.60±0.1,0.81±0.1,0.63±0.1,24.0,240,25,3,0 ±30 ppm/°C,J,±1%,F,Thin-film SiO2 / SiON (silicon dioxide / silicon oxynitride) on Alumina (Al2O3) substrate,"Nickel/Lead Free Solder Coated (Sn63,Pb37 or Sn100)",S,Tape & Reel,,Accu-P (Kyocera AVX),
06033K270FBSTR,AccuP-0603_S2P/AccuP_0603/C0603SE270.s2p,0603,1.60±0.1,0.81±0.1,0.63±0.1,27.0,270,25,3,0 ±60 ppm/°C,K,±1%,F,Thin-film SiO2 / SiON (silicon dioxide / silicon oxynitride) on Alumina (Al2O3) substrate,"Nickel/Lead Free Solder Coated (Sn63,Pb37 or Sn100)",S,Tape & Reel,,Accu-P (Kyocera AVX),
06031J2R0PBSTR,AccuP-0603_S2P/AccuP_0603/C0603SE2r0.s2p,0603,1.60±0.1,0.81±0.1,0.63±0.1,2.0,2R0,100,1,0 ±30 ppm/°C,J,±0.02 pF,P,Thin-film SiO2 / SiON (silicon dioxide / silicon oxynitride) on Alumina (Al2O3) substrate,"Nickel/Lead Free Solder Coated (Sn63,Pb37 or Sn100)",S,Tape & Reel,,Accu-P (Kyocera AVX),
06031J2R1QBSTR,AccuP-0603_S2P/AccuP_0603/C0603SE2r1.s2p,0603,1.60±0.1,0.81±0.1,0.63±0.1,2.1,2R1,100,1,0 ±30 ppm/°C,J,±0.03 pF,Q,Thin-film SiO2 / SiON (silicon dioxide / silicon oxynitride) on Alumina (Al2O3) substrate,"Nickel/Lead Free Solder Coated (Sn63,Pb37 or Sn100)",S,Tape & Reel,,Accu-P (Kyocera AVX),
06031J2R2QBSTR,AccuP-0603_S2P/AccuP_0603/C0603SE2r2.s2p,0603,1.60±0.1,0.81±0.1,0.63±0.1,2.2,2R2,100,1,0 ±30 ppm/°C,J,±0.03 pF,Q,Thin-film SiO2 / SiON (silicon dioxide / silicon oxynitride) on Alumina (Al2O3) substrate,"Nickel/Lead Free Solder Coated (Sn63,Pb37 or Sn100)",S,Tape & Reel,,Accu-P (Kyocera AVX),
06031J2R3QBSTR,AccuP-0603_S2P/AccuP_0603/C0603SE2r3.s2p,0603,1.60±0.1,0.81±0.1,0.63±0.1,2.3,2R3,100,1,0 ±30 ppm/°C,J,±0.03 pF,Q,Thin-film SiO2 / SiON (silicon dioxide / silicon oxynitride) on Alumina (Al2O3) substrate,"Nickel/Lead Free Solder Coated (Sn63,Pb37 or Sn100)",S,Tape & Reel,,Accu-P (Kyocera AVX),
06031J2R4QBSTR,AccuP-0603_S2P/AccuP_0603/C0603SE2r4.s2p,0603,1.60±0.1,0.81±0.1,0.63±0.1,2.4,2R4,100,1,0 ±30 ppm/°C,J,±0.03 pF,Q,Thin-film SiO2 / SiON (silicon dioxide / silicon oxynitride) on Alumina (Al2O3) substrate,"Nickel/Lead Free Solder Coated (Sn63,Pb37 or Sn100)",S,Tape & Reel,,Accu-P (Kyocera AVX),
06031J2R5QBSTR,AccuP-0603_S2P/AccuP_0603/C0603SE2r5.s2p,0603,1.60±0.1,0.81±0.1,0.63±0.1,2.5,2R5,100,1,0 ±30 ppm/°C,J,±0.03 pF,Q,Thin-film SiO2 / SiON (silicon dioxide / silicon oxynitride) on Alumina (Al2O3) substrate,"Nickel/Lead Free Solder Coated (Sn63,Pb37 or Sn100)",S,Tape & Reel,,Accu-P (Kyocera AVX),
06031J2R6QBSTR,AccuP-0603_S2P/AccuP_0603/C0603SE2r6.s2p,0603,1.60±0.1,0.81±0.1,0.63±0.1,2.6,2R6,100,1,0 ±30 ppm/°C,J,±0.03 pF,Q,Thin-film SiO2 / SiON (silicon dioxide / silicon oxynitride) on Alumina (Al2O3) substrate,"Nickel/Lead Free Solder Coated (Sn63,Pb37 or Sn100)",S,Tape & Reel,,Accu-P (Kyocera AVX),
06031J2R7QBSTR,AccuP-0603_S2P/AccuP_0603/C0603SE2r7.s2p,0603,1.60±0.1,0.81±0.1,0.63±0.1,2.7,2R7,100,1,0 ±30 ppm/°C,J,±0.03 pF,Q,Thin-film SiO2 / SiON (silicon dioxide / silicon oxynitride) on Alumina (Al2O3) substrate,"Nickel/Lead Free Solder Coated (Sn63,Pb37 or Sn100)",S,Tape & Reel,,Accu-P (Kyocera AVX),
06031J2R8QBSTR,AccuP-0603_S2P/AccuP_0603/C0603SE2r8.s2p,0603,1.60±0.1,0.81±0.1,0.63±0.1,2.8,2R8,100,1,0 ±30 ppm/°C,J,±0.03 pF,Q,Thin-film SiO2 / SiON (silicon dioxide / silicon oxynitride) on Alumina (Al2O3) substrate,"Nickel/Lead Free Solder Coated (Sn63,Pb37 or Sn100)",S,Tape & Reel,,Accu-P (Kyocera AVX),
06031J2R9QBSTR,AccuP-0603_S2P/AccuP_0603/C0603SE2r9.s2p,0603,1.60±0.1,0.81±0.1,0.63±0.1,2.9,2R9,100,1,0 ±30 ppm/°C,J,±0.03 pF,Q,Thin-film SiO2 / SiON (silicon dioxide / silicon oxynitride) on Alumina (Al2O3) substrate,"Nickel/Lead Free Solder Coated (Sn63,Pb37 or Sn100)",S,Tape & Reel,,Accu-P (Kyocera AVX),
06033K300FBSTR,AccuP-0603_S2P/AccuP_0603/C0603SE300.s2p,0603,1.60±0.1,0.81±0.1,0.63±0.1,30.0,300,25,3,0 ±60 ppm/°C,K,±1%,F,Thin-film SiO2 / SiON (silicon dioxide / silicon oxynitride) on Alumina (Al2O3) substrate,"Nickel/Lead Free Solder Coated (Sn63,Pb37 or Sn100)",S,Tape & Reel,,Accu-P (Kyocera AVX),
06033K330FBSTR,AccuP-0603_S2P/AccuP_0603/C0603SE330.s2p,0603,1.60±0.1,0.81±0.1,0.63±0.1,33.0,330,25,3,0 ±60 ppm/°C,K,±1%,F,Thin-film SiO2 / SiON (silicon dioxide / silicon oxynitride) on Alumina (Al2O3) substrate,"Nickel/Lead Free Solder Coated (Sn63,Pb37 or Sn100)",S,Tape & Reel,,Accu-P (Kyocera AVX),
06033K360FBSTR,AccuP-0603_S2P/AccuP_0603/C0603SE360.s2p,0603,1.60±0.1,0.81±0.1,0.63±0.1,36.0,360,25,3,0 ±60 ppm/°C,K,±1%,F,Thin-film SiO2 / SiON (silicon dioxide / silicon oxynitride) on Alumina (Al2O3) substrate,"Nickel/Lead Free Solder Coated (Sn63,Pb37 or Sn100)",S,Tape & Reel,,Accu-P (Kyocera AVX),
06033K390FBSTR,AccuP-0603_S2P/AccuP_0603/C0603SE390.s2p,0603,1.60±0.1,0.81±0.1,0.63±0.1,39.0,390,25,3,0 ±60 ppm/°C,K,±1%,F,Thin-film SiO2 / SiON (silicon dioxide / silicon oxynitride) on Alumina (Al2O3) substrate,"Nickel/Lead Free Solder Coated (Sn63,Pb37 or Sn100)",S,Tape & Reel,,Accu-P (Kyocera AVX),
06031J3R0QBSTR,AccuP-0603_S2P/AccuP_0603/C0603SE3r0.s2p,0603,1.60±0.1,0.81±0.1,0.63±0.1,3.0,3R0,100,1,0 ±30 ppm/°C,J,±0.03 pF,Q,Thin-film SiO2 / SiON (silicon dioxide / silicon oxynitride) on Alumina (Al2O3) substrate,"Nickel/Lead Free Solder Coated (Sn63,Pb37 or Sn100)",S,Tape & Reel,,Accu-P (Kyocera AVX),
06031J3R1ABSTR,AccuP-0603_S2P/AccuP_0603/C0603SE3r1.s2p,0603,1.60±0.1,0.81±0.1,0.63±0.1,3.1,3R1,100,1,0 ±30 ppm/°C,J,±0.05 pF,A,Thin-film SiO2 / SiON (silicon dioxide / silicon oxynitride) on Alumina (Al2O3) substrate,"Nickel/Lead Free Solder Coated (Sn63,Pb37 or Sn100)",S,Tape & Reel,,Accu-P (Kyocera AVX),
06031J3R2ABSTR,AccuP-0603_S2P/AccuP_0603/C0603SE3r2.s2p,0603,1.60±0.1,0.81±0.1,0.63±0.1,3.2,3R2,100,1,0 ±30 ppm/°C,J,±0.05 pF,A,Thin-film SiO2 / SiON (silicon dioxide / silicon oxynitride) on Alumina (Al2O3) substrate,"Nickel/Lead Free Solder Coated (Sn63,Pb37 or Sn100)",S,Tape & Reel,,Accu-P (Kyocera AVX),
06031J3R3ABSTR,AccuP-0603_S2P/AccuP_0603/C0603SE3r3.s2p,0603,1.60±0.1,0.81±0.1,0.63±0.1,3.3,3R3,100,1,0 ±30 ppm/°C,J,±0.05 pF,A,Thin-film SiO2 / SiON (silicon dioxide / silicon oxynitride) on Alumina (Al2O3) substrate,"Nickel/Lead Free Solder Coated (Sn63,Pb37 or Sn100)",S,Tape & Reel,,Accu-P (Kyocera AVX),
06031J3R4ABSTR,AccuP-0603_S2P/AccuP_0603/C0603SE3r4.s2p,0603,1.60±0.1,0.81±0.1,0.63±0.1,3.4,3R4,100,1,0 ±30 ppm/°C,J,±0.05 pF,A,Thin-film SiO2 / SiON (silicon dioxide / silicon oxynitride) on Alumina (Al2O3) substrate,"Nickel/Lead Free Solder Coated (Sn63,Pb37 or Sn100)",S,Tape & Reel,,Accu-P (Kyocera AVX),
06031J3R5ABSTR,AccuP-0603_S2P/AccuP_0603/C0603SE3r5.s2p,0603,1.60±0.1,0.81±0.1,0.63±0.1,3.5,3R5,100,1,0 ±30 ppm/°C,J,±0.05 pF,A,Thin-film SiO2 / SiON (silicon dioxide / silicon oxynitride) on Alumina (Al2O3) substrate,"Nickel/Lead Free Solder Coated (Sn63,Pb37 or Sn100)",S,Tape & Reel,,Accu-P (Kyocera AVX),
06031J3R6ABSTR,AccuP-0603_S2P/AccuP_0603/C0603SE3r6.s2p,0603,1.60±0.1,0.81±0.1,0.63±0.1,3.6,3R6,100,1,0 ±30 ppm/°C,J,±0.05 pF,A,Thin-film SiO2 / SiON (silicon dioxide / silicon oxynitride) on Alumina (Al2O3) substrate,"Nickel/Lead Free Solder Coated (Sn63,Pb37 or Sn100)",S,Tape & Reel,,Accu-P (Kyocera AVX),
06031J3R7ABSTR,AccuP-0603_S2P/AccuP_0603/C0603SE3r7.s2p,0603,1.60±0.1,0.81±0.1,0.63±0.1,3.7,3R7,100,1,0 ±30 ppm/°C,J,±0.05 pF,A,Thin-film SiO2 / SiON (silicon dioxide / silicon oxynitride) on Alumina (Al2O3) substrate,"Nickel/Lead Free Solder Coated (Sn63,Pb37 or Sn100)",S,Tape & Reel,,Accu-P (Kyocera AVX),
06031J3R8ABSTR,AccuP-0603_S2P/AccuP_0603/C0603SE3r8.s2p,0603,1.60±0.1,0.81±0.1,0.63±0.1,3.8,3R8,100,1,0 ±30 ppm/°C,J,±0.05 pF,A,Thin-film SiO2 / SiON (silicon dioxide / silicon oxynitride) on Alumina (Al2O3) substrate,"Nickel/Lead Free Solder Coated (Sn63,Pb37 or Sn100)",S,Tape & Reel,,Accu-P (Kyocera AVX),
06031J3R9ABSTR,AccuP-0603_S2P/AccuP_0603/C0603SE3r9.s2p,0603,1.60±0.1,0.81±0.1,0.63±0.1,3.9,3R9,100,1,0 ±30 ppm/°C,J,±0.05 pF,A,Thin-film SiO2 / SiON (silicon dioxide / silicon oxynitride) on Alumina (Al2O3) substrate,"Nickel/Lead Free Solder Coated (Sn63,Pb37 or Sn100)",S,Tape & Reel,,Accu-P (Kyocera AVX),
06033K470FBSTR,AccuP-0603_S2P/AccuP_0603/C0603SE470.s2p,0603,1.60±0.1,0.81±0.1,0.63±0.1,47.0,470,25,3,0 ±60 ppm/°C,K,±1%,F,Thin-film SiO2 / SiON (silicon dioxide / silicon oxynitride) on Alumina (Al2O3) substrate,"Nickel/Lead Free Solder Coated (Sn63,Pb37 or Sn100)",S,Tape & Reel,,Accu-P (Kyocera AVX),
06031J4R0ABSTR,AccuP-0603_S2P/AccuP_0603/C0603SE4r0.s2p,0603,1.60±0.1,0.81±0.1,0.63±0.1,4.0,4R0,100,1,0 ±30 ppm/°C,J,±0.05 pF,A,Thin-film SiO2 / SiON (silicon dioxide / silicon oxynitride) on Alumina (Al2O3) substrate,"Nickel/Lead Free Solder Coated (Sn63,Pb37 or Sn100)",S,Tape & Reel,,Accu-P (Kyocera AVX),
06031J4R1ABSTR,AccuP-0603_S2P/AccuP_0603/C0603SE4r1.s2p,0603,1.60±0.1,0.81±0.1,0.63±0.1,4.1,4R1,100,1,0 ±30 ppm/°C,J,±0.05 pF,A,Thin-film SiO2 / SiON (silicon dioxide / silicon oxynitride) on Alumina (Al2O3) substrate,"Nickel/Lead Free Solder Coated (Sn63,Pb37 or Sn100)",S,Tape & Reel,,Accu-P (Kyocera AVX),
06031J4R2ABSTR,AccuP-0603_S2P/AccuP_0603/C0603SE4r2.s2p,0603,1.60±0.1,0.81±0.1,0.63±0.1,4.2,4R2,100,1,0 ±30 ppm/°C,J,±0.05 pF,A,Thin-film SiO2 / SiON (silicon dioxide / silicon oxynitride) on Alumina (Al2O3) substrate,"Nickel/Lead Free Solder Coated (Sn63,Pb37 or Sn100)",S,Tape & Reel,,Accu-P (Kyocera AVX),
06031J4R3ABSTR,AccuP-0603_S2P/AccuP_0603/C0603SE4r3.s2p,0603,1.60±0.1,0.81±0.1,0.63±0.1,4.3,4R3,100,1,0 ±30 ppm/°C,J,±0.05 pF,A,Thin-film SiO2 / SiON (silicon dioxide / silicon oxynitride) on Alumina (Al2O3) substrate,"Nickel/Lead Free Solder Coated (Sn63,Pb37 or Sn100)",S,Tape & Reel,,Accu-P (Kyocera AVX),
06035J4R4ABSTR,AccuP-0603_S2P/AccuP_0603/C0603SE4r4.s2p,0603,1.60±0.1,0.81±0.1,0.63±0.1,4.4,4R4,50,5,0 ±30 ppm/°C,J,±0.05 pF,A,Thin-film SiO2 / SiON (silicon dioxide / silicon oxynitride) on Alumina (Al2O3) substrate,"Nickel/Lead Free Solder Coated (Sn63,Pb37 or Sn100)",S,Tape & Reel,,Accu-P (Kyocera AVX),
06035J4R5ABSTR,AccuP-0603_S2P/AccuP_0603/C0603SE4r5.s2p,0603,1.60±0.1,0.81±0.1,0.63±0.1,4.5,4R5,50,5,0 ±30 ppm/°C,J,±0.05 pF,A,Thin-film SiO2 / SiON (silicon dioxide / silicon oxynitride) on Alumina (Al2O3) substrate,"Nickel/Lead Free Solder Coated (Sn63,Pb37 or Sn100)",S,Tape & Reel,,Accu-P (Kyocera AVX),
06035J4R6ABSTR,AccuP-0603_S2P/AccuP_0603/C0603SE4r6.s2p,0603,1.60±0.1,0.81±0.1,0.63±0.1,4.6,4R6,50,5,0 ±30 ppm/°C,J,±0.05 pF,A,Thin-film SiO2 / SiON (silicon dioxide / silicon oxynitride) on Alumina (Al2O3) substrate,"Nickel/Lead Free Solder Coated (Sn63,Pb37 or Sn100)",S,Tape & Reel,,Accu-P (Kyocera AVX),
06035J4R7ABSTR,AccuP-0603_S2P/AccuP_0603/C0603SE4r7.s2p,0603,1.60±0.1,0.81±0.1,0.63±0.1,4.7,4R7,50,5,0 ±30 ppm/°C,J,±0.05 pF,A,Thin-film SiO2 / SiON (silicon dioxide / silicon oxynitride) on Alumina (Al2O3) substrate,"Nickel/Lead Free Solder Coated (Sn63,Pb37 or Sn100)",S,Tape & Reel,,Accu-P (Kyocera AVX),
06035J5R1ABSTR,AccuP-0603_S2P/AccuP_0603/C0603SE5r1.s2p,0603,1.60±0.1,0.81±0.1,0.63±0.1,5.1,5R1,50,5,0 ±30 ppm/°C,J,±0.05 pF,A,Thin-film SiO2 / SiON (silicon dioxide / silicon oxynitride) on Alumina (Al2O3) substrate,"Nickel/Lead Free Solder Coated (Sn63,Pb37 or Sn100)",S,Tape & Reel,,Accu-P (Kyocera AVX),
06035J5R6ABSTR,AccuP-0603_S2P/AccuP_0603/C0603SE5r6.s2p,0603,1.60±0.1,0.81±0.1,0.63±0.1,5.6,5R6,50,5,0 ±30 ppm/°C,J,±0.05 pF,A,Thin-film SiO2 / SiON (silicon dioxide / silicon oxynitride) on Alumina (Al2O3) substrate,"Nickel/Lead Free Solder Coated (Sn63,Pb37 or Sn100)",S,Tape & Reel,,Accu-P (Kyocera AVX),
06035J6R2BBSTR,AccuP-0603_S2P/AccuP_0603/C0603SE6r2.s2p,0603,1.60±0.1,0.81±0.1,0.63±0.1,6.2,6R2,50,5,0 ±30 ppm/°C,J,±0.1 pF,B,Thin-film SiO2 / SiON (silicon dioxide / silicon oxynitride) on Alumina (Al2O3) substrate,"Nickel/Lead Free Solder Coated (Sn63,Pb37 or Sn100)",S,Tape & Reel,,Accu-P (Kyocera AVX),
06035J6R8BBSTR,AccuP-0603_S2P/AccuP_0603/C0603SE6r8.s2p,0603,1.60±0.1,0.81±0.1,0.63±0.1,6.8,6R8,50,5,0 ±30 ppm/°C,J,±0.1 pF,B,Thin-film SiO2 / SiON (silicon dioxide / silicon oxynitride) on Alumina (Al2O3) substrate,"Nickel/Lead Free Solder Coated (Sn63,Pb37 or Sn100)",S,Tape & Reel,,Accu-P (Kyocera AVX),
06035J7R5BBSTR,AccuP-0603_S2P/AccuP_0603/C0603SE7r5.s2p,0603,1.60±0.1,0.81±0.1,0.63±0.1,7.5,7R5,50,5,0 ±30 ppm/°C,J,±0.1 pF,B,Thin-film SiO2 / SiON (silicon dioxide / silicon oxynitride) on Alumina (Al2O3) substrate,"Nickel/Lead Free Solder Coated (Sn63,Pb37 or Sn100)",S,Tape & Reel,,Accu-P (Kyocera AVX),
06035J8R2BBSTR,AccuP-0603_S2P/AccuP_0603/C0603SE8r2.s2p,0603,1.60±0.1,0.81±0.1,0.63±0.1,8.2,8R2,50,5,0 ±30 ppm/°C,J,±0.1 pF,B,Thin-film SiO2 / SiON (silicon dioxide / silicon oxynitride) on Alumina (Al2O3) substrate,"Nickel/Lead Free Solder Coated (Sn63,Pb37 or Sn100)",S,Tape & Reel,,Accu-P (Kyocera AVX),
06035J9R1BBSTR,AccuP-0603_S2P/AccuP_0603/C0603SE9r1.s2p,0603,1.60±0.1,0.81±0.1,0.63±0.1,9.1,9R1,50,5,0 ±30 ppm/°C,J,±0.1 pF,B,Thin-film SiO2 / SiON (silicon dioxide / silicon oxynitride) on Alumina (Al2O3) substrate,"Nickel/Lead Free Solder Coated (Sn63,Pb37 or Sn100)",S,Tape & Reel,,Accu-P (Kyocera AVX),
06031JA05PBSTR,AccuP-0603_S2P/AccuP_0603/C0603SEA05.s2p,0603,1.60±0.1,0.81±0.1,0.63±0.1,1.05,A05,100,1,0 ±30 ppm/°C,J,±0.02 pF,P,Thin-film SiO2 / SiON (silicon dioxide / silicon oxynitride) on Alumina (Al2O3) substrate,"Nickel/Lead Free Solder Coated (Sn63,Pb37 or Sn100)",S,Tape & Reel,,Accu-P (Kyocera AVX),
06031JA15PBSTR,AccuP-0603_S2P/AccuP_0603/C0603SEA15.s2p,0603,1.60±0.1,0.81±0.1,0.63±0.1,1.15,A15,100,1,0 ±30 ppm/°C,J,±0.02 pF,P,Thin-film SiO2 / SiON (silicon dioxide / silicon oxynitride) on Alumina (Al2O3) substrate,"Nickel/Lead Free Solder Coated (Sn63,Pb37 or Sn100)",S,Tape & Reel,,Accu-P (Kyocera AVX),
06031JA25PBSTR,AccuP-0603_S2P/AccuP_0603/C0603SEA25.s2p,0603,1.60±0.1,0.81±0.1,0.63±0.1,1.25,A25,100,1,0 ±30 ppm/°C,J,±0.02 pF,P,Thin-film SiO2 / SiON (silicon dioxide / silicon oxynitride) on Alumina (Al2O3) substrate,"Nickel/Lead Free Solder Coated (Sn63,Pb37 or Sn100)",S,Tape & Reel,,Accu-P (Kyocera AVX),
06031JA35PBSTR,AccuP-0603_S2P/AccuP_0603/C0603SEA35.s2p,0603,1.60±0.1,0.81±0.1,0.63±0.1,1.35,A35,100,1,0 ±30 ppm/°C,J,±0.02 pF,P,Thin-film SiO2 / SiON (silicon dioxide / silicon oxynitride) on Alumina (Al2O3) substrate,"Nickel/Lead Free Solder Coated (Sn63,Pb37 or Sn100)",S,Tape & Reel,,Accu-P (Kyocera AVX),
06031JA45PBSTR,AccuP-0603_S2P/AccuP_0603/C0603SEA45.s2p,0603,1.60±0.1,0.81±0.1,0.63±0.1,1.45,A45,100,1,0 ±30 ppm/°C,J,±0.02 pF,P,Thin-film SiO2 / SiON (silicon dioxide / silicon oxynitride) on Alumina (Al2O3) substrate,"Nickel/Lead Free Solder Coated (Sn63,Pb37 or Sn100)",S,Tape & Reel,,Accu-P (Kyocera AVX),
06031JA55PBSTR,AccuP-0603_S2P/AccuP_0603/C0603SEA55.s2p,0603,1.60±0.1,0.81±0.1,0.63±0.1,1.55,A55,100,1,0 ±30 ppm/°C,J,±0.02 pF,P,Thin-film SiO2 / SiON (silicon dioxide / silicon oxynitride) on Alumina (Al2O3) substrate,"Nickel/Lead Free Solder Coated (Sn63,Pb37 or Sn100)",S,Tape & Reel,,Accu-P (Kyocera AVX),
06031JA65PBSTR,AccuP-0603_S2P/AccuP_0603/C0603SEA65.s2p,0603,1.60±0.1,0.81±0.1,0.63±0.1,1.65,A65,100,1,0 ±30 ppm/°C,J,±0.02 pF,P,Thin-film SiO2 / SiON (silicon dioxide / silicon oxynitride) on Alumina (Al2O3) substrate,"Nickel/Lead Free Solder Coated (Sn63,Pb37 or Sn100)",S,Tape & Reel,,Accu-P (Kyocera AVX),
06031JA75PBSTR,AccuP-0603_S2P/AccuP_0603/C0603SEA75.s2p,0603,1.60±0.1,0.81±0.1,0.63±0.1,1.75,A75,100,1,0 ±30 ppm/°C,J,±0.02 pF,P,Thin-film SiO2 / SiON (silicon dioxide / silicon oxynitride) on Alumina (Al2O3) substrate,"Nickel/Lead Free Solder Coated (Sn63,Pb37 or Sn100)",S,Tape & Reel,,Accu-P (Kyocera AVX),
06031JA85PBSTR,AccuP-0603_S2P/AccuP_0603/C0603SEA85.s2p,0603,1.60±0.1,0.81±0.1,0.63±0.1,1.85,A85,100,1,0 ±30 ppm/°C,J,±0.02 pF,P,Thin-film SiO2 / SiON (silicon dioxide / silicon oxynitride) on Alumina (Al2O3) substrate,"Nickel/Lead Free Solder Coated (Sn63,Pb37 or Sn100)",S,Tape & Reel,,Accu-P (Kyocera AVX),
06031JA95PBSTR,AccuP-0603_S2P/AccuP_0603/C0603SEA95.s2p,0603,1.60±0.1,0.81±0.1,0.63±0.1,1.95,A95,100,1,0 ±30 ppm/°C,J,±0.02 pF,P,Thin-film SiO2 / SiON (silicon dioxide / silicon oxynitride) on Alumina (Al2O3) substrate,"Nickel/Lead Free Solder Coated (Sn63,Pb37 or Sn100)",S,Tape & Reel,,Accu-P (Kyocera AVX),
06031JR05ZBSTR,AccuP-0603_S2P/AccuP_0603/C0603SEr05.s2p,0603,1.60±0.1,0.81±0.1,0.63±0.1,0.05,R05,100,1,0 ±30 ppm/°C,J,±0.01 pF,Z,Thin-film SiO2 / SiON (silicon dioxide / silicon oxynitride) on Alumina (Al2O3) substrate,"Nickel/Lead Free Solder Coated (Sn63,Pb37 or Sn100)",S,Tape & Reel,,Accu-P (Kyocera AVX),
06031JR15ZBSTR,AccuP-0603_S2P/AccuP_0603/C0603SEr15.s2p,0603,1.60±0.1,0.81±0.1,0.63±0.1,0.15,R15,100,1,0 ±30 ppm/°C,J,±0.01 pF,Z,Thin-film SiO2 / SiON (silicon dioxide / silicon oxynitride) on Alumina (Al2O3) substrate,"Nickel/Lead Free Solder Coated (Sn63,Pb37 or Sn100)",S,Tape & Reel,,Accu-P (Kyocera AVX),
06031JR25ZBSTR,AccuP-0603_S2P/AccuP_0603/C0603SEr25.s2p,0603,1.60±0.1,0.81±0.1,0.63±0.1,0.25,R25,100,1,0 ±30 ppm/°C,J,±0.01 pF,Z,Thin-film SiO2 / SiON (silicon dioxide / silicon oxynitride) on Alumina (Al2O3) substrate,"Nickel/Lead Free Solder Coated (Sn63,Pb37 or Sn100)",S,Tape & Reel,,Accu-P (Kyocera AVX),
06031JR35ZBSTR,AccuP-0603_S2P/AccuP_0603/C0603SEr35.s2p,0603,1.60±0.1,0.81±0.1,0.63±0.1,0.35,R35,100,1,0 ±30 ppm/°C,J,±0.01 pF,Z,Thin-film SiO2 / SiON (silicon dioxide / silicon oxynitride) on Alumina (Al2O3) substrate,"Nickel/Lead Free Solder Coated (Sn63,Pb37 or Sn100)",S,Tape & Reel,,Accu-P (Kyocera AVX),
06031JR45ZBSTR,AccuP-0603_S2P/AccuP_0603/C0603SEr45.s2p,0603,1.60±0.1,0.81±0.1,0.63±0.1,0.45,R45,100,1,0 ±30 ppm/°C,J,±0.01 pF,Z,Thin-film SiO2 / SiON (silicon dioxide / silicon oxynitride) on Alumina (Al2O3) substrate,"Nickel/Lead Free Solder Coated (Sn63,Pb37 or Sn100)",S,Tape & Reel,,Accu-P (Kyocera AVX),
06031JR55PBSTR,AccuP-0603_S2P/AccuP_0603/C0603SEr55.s2p,0603,1.60±0.1,0.81±0.1,0.63±0.1,0.55,R55,100,1,0 ±30 ppm/°C,J,±0.02 pF,P,Thin-film SiO2 / SiON (silicon dioxide / silicon oxynitride) on Alumina (Al2O3) substrate,"Nickel/Lead Free Solder Coated (Sn63,Pb37 or Sn100)",S,Tape & Reel,,Accu-P (Kyocera AVX),
06031JR65PBSTR,AccuP-0603_S2P/AccuP_0603/C0603SEr65.s2p,0603,1.60±0.1,0.81±0.1,0.63±0.1,0.65,R65,100,1,0 ±30 ppm/°C,J,±0.02 pF,P,Thin-film SiO2 / SiON (silicon dioxide / silicon oxynitride) on Alumina (Al2O3) substrate,"Nickel/Lead Free Solder Coated (Sn63,Pb37 or Sn100)",S,Tape & Reel,,Accu-P (Kyocera AVX),
06031JR75PBSTR,AccuP-0603_S2P/AccuP_0603/C0603SEr75.s2p,0603,1.60±0.1,0.81±0.1,0.63±0.1,0.75,R75,100,1,0 ±30 ppm/°C,J,±0.02 pF,P,Thin-film SiO2 / SiON (silicon dioxide / silicon oxynitride) on Alumina (Al2O3) substrate,"Nickel/Lead Free Solder Coated (Sn63,Pb37 or Sn100)",S,Tape & Reel,,Accu-P (Kyocera AVX),
06031JR85PBSTR,AccuP-0603_S2P/AccuP_0603/C0603SEr85.s2p,0603,1.60±0.1,0.81±0.1,0.63±0.1,0.85,R85,100,1,0 ±30 ppm/°C,J,±0.02 pF,P,Thin-film SiO2 / SiON (silicon dioxide / silicon oxynitride) on Alumina (Al2O3) substrate,"Nickel/Lead Free Solder Coated (Sn63,Pb37 or Sn100)",S,Tape & Reel,,Accu-P (Kyocera AVX),
06031JR95PBSTR,AccuP-0603_S2P/AccuP_0603/C0603SEr95.s2p,0603,1.60±0.1,0.81±0.1,0.63±0.1,0.95,R95,100,1,0 ±30 ppm/°C,J,±0.02 pF,P,Thin-film SiO2 / SiON (silicon dioxide / silicon oxynitride) on Alumina (Al2O3) substrate,"Nickel/Lead Free Solder Coated (Sn63,Pb37 or Sn100)",S,Tape & Reel,,Accu-P (Kyocera AVX),
08051J0R1PBTTR,AccuP-0805_S2P/AccuP_0805/C0805SE0r1.s2p,0805,2.01±0.1,1.27±0.1,0.93±0.1,0.1,0R1,100,1,0 ±30 ppm/°C,J,±0.02 pF,P,Thin-film SiO2 / SiON (silicon dioxide / silicon oxynitride) on Alumina (Al2O3) substrate,"Nickel/High Temp Solder Coated (Sn96, Ag4)",T,Tape & Reel,,Accu-P (Kyocera AVX),
08051J0R2PBTTR,AccuP-0805_S2P/AccuP_0805/C0805SE0r2.s2p,0805,2.01±0.1,1.27±0.1,0.93±0.1,0.2,0R2,100,1,0 ±30 ppm/°C,J,±0.02 pF,P,Thin-film SiO2 / SiON (silicon dioxide / silicon oxynitride) on Alumina (Al2O3) substrate,"Nickel/High Temp Solder Coated (Sn96, Ag4)",T,Tape & Reel,,Accu-P (Kyocera AVX),
08051J0R3PBTTR,AccuP-0805_S2P/AccuP_0805/C0805SE0r3.s2p,0805,2.01±0.1,1.27±0.1,0.93±0.1,0.3,0R3,100,1,0 ±30 ppm/°C,J,±0.02 pF,P,Thin-film SiO2 / SiON (silicon dioxide / silicon oxynitride) on Alumina (Al2O3) substrate,"Nickel/High Temp Solder Coated (Sn96, Ag4)",T,Tape & Reel,,Accu-P (Kyocera AVX),
08051J0R4PBTTR,AccuP-0805_S2P/AccuP_0805/C0805SE0r4.s2p,0805,2.01±0.1,1.27±0.1,0.93±0.1,0.4,0R4,100,1,0 ±30 ppm/°C,J,±0.02 pF,P,Thin-film SiO2 / SiON (silicon dioxide / silicon oxynitride) on Alumina (Al2O3) substrate,"Nickel/High Temp Solder Coated (Sn96, Ag4)",T,Tape & Reel,,Accu-P (Kyocera AVX),
08051J0R5PBTTR,AccuP-0805_S2P/AccuP_0805/C0805SE0r5.s2p,0805,2.01±0.1,1.27±0.1,0.93±0.1,0.5,0R5,100,1,0 ±30 ppm/°C,J,±0.02 pF,P,Thin-film SiO2 / SiON (silicon dioxide / silicon oxynitride) on Alumina (Al2O3) substrate,"Nickel/High Temp Solder Coated (Sn96, Ag4)",T,Tape & Reel,,Accu-P (Kyocera AVX),
08051J0R6PBTTR,AccuP-0805_S2P/AccuP_0805/C0805SE0r6.s2p,0805,2.01±0.1,1.27±0.1,0.93±0.1,0.6,0R6,100,1,0 ±30 ppm/°C,J,±0.02 pF,P,Thin-film SiO2 / SiON (silicon dioxide / silicon oxynitride) on Alumina (Al2O3) substrate,"Nickel/High Temp Solder Coated (Sn96, Ag4)",T,Tape & Reel,,Accu-P (Kyocera AVX),
08051J0R7PBTTR,AccuP-0805_S2P/AccuP_0805/C0805SE0r7.s2p,0805,2.01±0.1,1.27±0.1,0.93±0.1,0.7,0R7,100,1,0 ±30 ppm/°C,J,±0.02 pF,P,Thin-film SiO2 / SiON (silicon dioxide / silicon oxynitride) on Alumina (Al2O3) substrate,"Nickel/High Temp Solder Coated (Sn96, Ag4)",T,Tape & Reel,,Accu-P (Kyocera AVX),
08051J0R8PBTTR,AccuP-0805_S2P/AccuP_0805/C0805SE0r8.s2p,0805,2.01±0.1,1.27±0.1,0.93±0.1,0.8,0R8,100,1,0 ±30 ppm/°C,J,±0.02 pF,P,Thin-film SiO2 / SiON (silicon dioxide / silicon oxynitride) on Alumina (Al2O3) substrate,"Nickel/High Temp Solder Coated (Sn96, Ag4)",T,Tape & Reel,,Accu-P (Kyocera AVX),
08051J0R9PBTTR,AccuP-0805_S2P/AccuP_0805/C0805SE0r9.s2p,0805,2.01±0.1,1.27±0.1,0.93±0.1,0.9,0R9,100,1,0 ±30 ppm/°C,J,±0.02 pF,P,Thin-film SiO2 / SiON (silicon dioxide / silicon oxynitride) on Alumina (Al2O3) substrate,"Nickel/High Temp Solder Coated (Sn96, Ag4)",T,Tape & Reel,,Accu-P (Kyocera AVX),
08051J100FBTTR,AccuP-0805_S2P/AccuP_0805/C0805SE100.s2p,0805,2.01±0.1,1.27±0.1,0.93±0.1,10.0,100,100,1,0 ±30 ppm/°C,J,±1%,F,Thin-film SiO2 / SiON (silicon dioxide / silicon oxynitride) on Alumina (Al2O3) substrate,"Nickel/High Temp Solder Coated (Sn96, Ag4)",T,Tape & Reel,,Accu-P (Kyocera AVX),
08051K110FBTTR,AccuP-0805_S2P/AccuP_0805/C0805SE110.s2p,0805,2.01±0.1,1.27±0.1,0.93±0.1,11.0,110,100,1,0 ±60 ppm/°C,K,±1%,F,Thin-film SiO2 / SiON (silicon dioxide / silicon oxynitride) on Alumina (Al2O3) substrate,"Nickel/High Temp Solder Coated (Sn96, Ag4)",T,Tape & Reel,,Accu-P (Kyocera AVX),
08051K120FBTTR,AccuP-0805_S2P/AccuP_0805/C0805SE120.s2p,0805,2.01±0.1,1.27±0.1,0.93±0.1,12.0,120,100,1,0 ±60 ppm/°C,K,±1%,F,Thin-film SiO2 / SiON (silicon dioxide / silicon oxynitride) on Alumina (Al2O3) substrate,"Nickel/High Temp Solder Coated (Sn96, Ag4)",T,Tape & Reel,,Accu-P (Kyocera AVX),
08051K130FBTTR,AccuP-0805_S2P/AccuP_0805/C0805SE130.s2p,0805,2.01±0.1,1.27±0.1,0.93±0.1,13.0,130,100,1,0 ±60 ppm/°C,K,±1%,F,Thin-film SiO2 / SiON (silicon dioxide / silicon oxynitride) on Alumina (Al2O3) substrate,"Nickel/High Temp Solder Coated (Sn96, Ag4)",T,Tape & Reel,,Accu-P (Kyocera AVX),
08051K140FBTTR,AccuP-0805_S2P/AccuP_0805/C0805SE140.s2p,0805,2.01±0.1,1.27±0.1,0.93±0.1,14.0,140,100,1,0 ±60 ppm/°C,K,±1%,F,Thin-film SiO2 / SiON (silicon dioxide / silicon oxynitride) on Alumina (Al2O3) substrate,"Nickel/High Temp Solder Coated (Sn96, Ag4)",T,Tape & Reel,,Accu-P (Kyocera AVX),
08051K150FBTTR,AccuP-0805_S2P/AccuP_0805/C0805SE150.s2p,0805,2.01±0.1,1.27±0.1,0.93±0.1,15.0,150,100,1,0 ±60 ppm/°C,K,±1%,F,Thin-film SiO2 / SiON (silicon dioxide / silicon oxynitride) on Alumina (Al2O3) substrate,"Nickel/High Temp Solder Coated (Sn96, Ag4)",T,Tape & Reel,,Accu-P (Kyocera AVX),
08055J160FBTTR,AccuP-0805_S2P/AccuP_0805/C0805SE160.s2p,0805,2.01±0.1,1.27±0.1,0.93±0.1,16.0,160,50,5,0 ±30 ppm/°C,J,±1%,F,Thin-film SiO2 / SiON (silicon dioxide / silicon oxynitride) on Alumina (Al2O3) substrate,"Nickel/High Temp Solder Coated (Sn96, Ag4)",T,Tape & Reel,,Accu-P (Kyocera AVX),
08055J170FBTTR,AccuP-0805_S2P/AccuP_0805/C0805SE170.s2p,0805,2.01±0.1,1.27±0.1,0.93±0.1,17.0,170,50,5,0 ±30 ppm/°C,J,±1%,F,Thin-film SiO2 / SiON (silicon dioxide / silicon oxynitride) on Alumina (Al2O3) substrate,"Nickel/High Temp Solder Coated (Sn96, Ag4)",T,Tape & Reel,,Accu-P (Kyocera AVX),
08055J180FBTTR,AccuP-0805_S2P/AccuP_0805/C0805SE180.s2p,0805,2.01±0.1,1.27±0.1,0.93±0.1,18.0,180,50,5,0 ±30 ppm/°C,J,±1%,F,Thin-film SiO2 / SiON (silicon dioxide / silicon oxynitride) on Alumina (Al2O3) substrate,"Nickel/High Temp Solder Coated (Sn96, Ag4)",T,Tape & Reel,,Accu-P (Kyocera AVX),
08055J190FBTTR,AccuP-0805_S2P/AccuP_0805/C0805SE190.s2p,0805,2.01±0.1,1.27±0.1,0.93±0.1,19.0,190,50,5,0 ±30 ppm/°C,J,±1%,F,Thin-film SiO2 / SiON (silicon dioxide / silicon oxynitride) on Alumina (Al2O3) substrate,"Nickel/High Temp Solder Coated (Sn96, Ag4)",T,Tape & Reel,,Accu-P (Kyocera AVX),
08051J1R0PBTTR,AccuP-0805_S2P/AccuP_0805/C0805SE1r0.s2p,0805,2.01±0.1,1.27±0.1,0.93±0.1,1.0,1R0,100,1,0 ±30 ppm/°C,J,±0.02 pF,P,Thin-film SiO2 / SiON (silicon dioxide / silicon oxynitride) on Alumina (Al2O3) substrate,"Nickel/High Temp Solder Coated (Sn96, Ag4)",T,Tape & Reel,,Accu-P (Kyocera AVX),
08051J1R1PBTTR,AccuP-0805_S2P/AccuP_0805/C0805SE1r1.s2p,0805,2.01±0.1,1.27±0.1,0.93±0.1,1.1,1R1,100,1,0 ±30 ppm/°C,J,±0.02 pF,P,Thin-film SiO2 / SiON (silicon dioxide / silicon oxynitride) on Alumina (Al2O3) substrate,"Nickel/High Temp Solder Coated (Sn96, Ag4)",T,Tape & Reel,,Accu-P (Kyocera AVX),
08051J1R2PBTTR,AccuP-0805_S2P/AccuP_0805/C0805SE1r2.s2p,0805,2.01±0.1,1.27±0.1,0.93±0.1,1.2,1R2,100,1,0 ±30 ppm/°C,J,±0.02 pF,P,Thin-film SiO2 / SiON (silicon dioxide / silicon oxynitride) on Alumina (Al2O3) substrate,"Nickel/High Temp Solder Coated (Sn96, Ag4)",T,Tape & Reel,,Accu-P (Kyocera AVX),
08051J1R3PBTTR,AccuP-0805_S2P/AccuP_0805/C0805SE1r3.s2p,0805,2.01±0.1,1.27±0.1,0.93±0.1,1.3,1R3,100,1,0 ±30 ppm/°C,J,±0.02 pF,P,Thin-film SiO2 / SiON (silicon dioxide / silicon oxynitride) on Alumina (Al2O3) substrate,"Nickel/High Temp Solder Coated (Sn96, Ag4)",T,Tape & Reel,,Accu-P (Kyocera AVX),
08051J1R4PBTTR,AccuP-0805_S2P/AccuP_0805/C0805SE1r4.s2p,0805,2.01±0.1,1.27±0.1,0.93±0.1,1.4,1R4,100,1,0 ±30 ppm/°C,J,±0.02 pF,P,Thin-film SiO2 / SiON (silicon dioxide / silicon oxynitride) on Alumina (Al2O3) substrate,"Nickel/High Temp Solder Coated (Sn96, Ag4)",T,Tape & Reel,,Accu-P (Kyocera AVX),
08051J1R5PBTTR,AccuP-0805_S2P/AccuP_0805/C0805SE1r5.s2p,0805,2.01±0.1,1.27±0.1,0.93±0.1,1.5,1R5,100,1,0 ±30 ppm/°C,J,±0.02 pF,P,Thin-film SiO2 / SiON (silicon dioxide / silicon oxynitride) on Alumina (Al2O3) substrate,"Nickel/High Temp Solder Coated (Sn96, Ag4)",T,Tape & Reel,,Accu-P (Kyocera AVX),
08051J1R6PBTTR,AccuP-0805_S2P/AccuP_0805/C0805SE1r6.s2p,0805,2.01±0.1,1.27±0.1,0.93±0.1,1.6,1R6,100,1,0 ±30 ppm/°C,J,±0.02 pF,P,Thin-film SiO2 / SiON (silicon dioxide / silicon oxynitride) on Alumina (Al2O3) substrate,"Nickel/High Temp Solder Coated (Sn96, Ag4)",T,Tape & Reel,,Accu-P (Kyocera AVX),
08051J1R7PBTTR,AccuP-0805_S2P/AccuP_0805/C0805SE1r7.s2p,0805,2.01±0.1,1.27±0.1,0.93±0.1,1.7,1R7,100,1,0 ±30 ppm/°C,J,±0.02 pF,P,Thin-film SiO2 / SiON (silicon dioxide / silicon oxynitride) on Alumina (Al2O3) substrate,"Nickel/High Temp Solder Coated (Sn96, Ag4)",T,Tape & Reel,,Accu-P (Kyocera AVX),
08051J1R8PBTTR,AccuP-0805_S2P/AccuP_0805/C0805SE1r8.s2p,0805,2.01±0.1,1.27±0.1,0.93±0.1,1.8,1R8,100,1,0 ±30 ppm/°C,J,±0.02 pF,P,Thin-film SiO2 / SiON (silicon dioxide / silicon oxynitride) on Alumina (Al2O3) substrate,"Nickel/High Temp Solder Coated (Sn96, Ag4)",T,Tape & Reel,,Accu-P (Kyocera AVX),
08051J1R9PBTTR,AccuP-0805_S2P/AccuP_0805/C0805SE1r9.s2p,0805,2.01±0.1,1.27±0.1,0.93±0.1,1.9,1R9,100,1,0 ±30 ppm/°C,J,±0.02 pF,P,Thin-film SiO2 / SiON (silicon dioxide / silicon oxynitride) on Alumina (Al2O3) substrate,"Nickel/High Temp Solder Coated (Sn96, Ag4)",T,Tape & Reel,,Accu-P (Kyocera AVX),
08055J200FBTTR,AccuP-0805_S2P/AccuP_0805/C0805SE200.s2p,0805,2.01±0.1,1.27±0.1,0.93±0.1,20.0,200,50,5,0 ±30 ppm/°C,J,±1%,F,Thin-film SiO2 / SiON (silicon dioxide / silicon oxynitride) on Alumina (Al2O3) substrate,"Nickel/High Temp Solder Coated (Sn96, Ag4)",T,Tape & Reel,,Accu-P (Kyocera AVX),
08055J210FBTTR,AccuP-0805_S2P/AccuP_0805/C0805SE210.s2p,0805,2.01±0.1,1.27±0.1,0.93±0.1,21.0,210,50,5,0 ±30 ppm/°C,J,±1%,F,Thin-film SiO2 / SiON (silicon dioxide / silicon oxynitride) on Alumina (Al2O3) substrate,"Nickel/High Temp Solder Coated (Sn96, Ag4)",T,Tape & Reel,,Accu-P (Kyocera AVX),
08055J220FBTTR,AccuP-0805_S2P/AccuP_0805/C0805SE220.s2p,0805,2.01±0.1,1.27±0.1,0.93±0.1,22.0,220,50,5,0 ±30 ppm/°C,J,±1%,F,Thin-film SiO2 / SiON (silicon dioxide / silicon oxynitride) on Alumina (Al2O3) substrate,"Nickel/High Temp Solder Coated (Sn96, Ag4)",T,Tape & Reel,,Accu-P (Kyocera AVX),
08053J240FBTTR,AccuP-0805_S2P/AccuP_0805/C0805SE240.s2p,0805,2.01±0.1,1.27±0.1,0.93±0.1,24.0,240,25,3,0 ±30 ppm/°C,J,±1%,F,Thin-film SiO2 / SiON (silicon dioxide / silicon oxynitride) on Alumina (Al2O3) substrate,"Nickel/High Temp Solder Coated (Sn96, Ag4)",T,Tape & Reel,,Accu-P (Kyocera AVX),
08053J270FBTTR,AccuP-0805_S2P/AccuP_0805/C0805SE270.s2p,0805,2.01±0.1,1.27±0.1,0.93±0.1,27.0,270,25,3,0 ±30 ppm/°C,J,±1%,F,Thin-film SiO2 / SiON (silicon dioxide / silicon oxynitride) on Alumina (Al2O3) substrate,"Nickel/High Temp Solder Coated (Sn96, Ag4)",T,Tape & Reel,,Accu-P (Kyocera AVX),
08051J2R0PBTTR,AccuP-0805_S2P/AccuP_0805/C0805SE2r0.s2p,0805,2.01±0.1,1.27±0.1,0.93±0.1,2.0,2R0,100,1,0 ±30 ppm/°C,J,±0.02 pF,P,Thin-film SiO2 / SiON (silicon dioxide / silicon oxynitride) on Alumina (Al2O3) substrate,"Nickel/High Temp Solder Coated (Sn96, Ag4)",T,Tape & Reel,,Accu-P (Kyocera AVX),
08051J2R1QBTTR,AccuP-0805_S2P/AccuP_0805/C0805SE2r1.s2p,0805,2.01±0.1,1.27±0.1,0.93±0.1,2.1,2R1,100,1,0 ±30 ppm/°C,J,±0.03 pF,Q,Thin-film SiO2 / SiON (silicon dioxide / silicon oxynitride) on Alumina (Al2O3) substrate,"Nickel/High Temp Solder Coated (Sn96, Ag4)",T,Tape & Reel,,Accu-P (Kyocera AVX),
08051J2R2QBTTR,AccuP-0805_S2P/AccuP_0805/C0805SE2r2.s2p,0805,2.01±0.1,1.27±0.1,0.93±0.1,2.2,2R2,100,1,0 ±30 ppm/°C,J,±0.03 pF,Q,Thin-film SiO2 / SiON (silicon dioxide / silicon oxynitride) on Alumina (Al2O3) substrate,"Nickel/High Temp Solder Coated (Sn96, Ag4)",T,Tape & Reel,,Accu-P (Kyocera AVX),
08051J2R3QBTTR,AccuP-0805_S2P/AccuP_0805/C0805SE2r3.s2p,0805,2.01±0.1,1.27±0.1,0.93±0.1,2.3,2R3,100,1,0 ±30 ppm/°C,J,±0.03 pF,Q,Thin-film SiO2 / SiON (silicon dioxide / silicon oxynitride) on Alumina (Al2O3) substrate,"Nickel/High Temp Solder Coated (Sn96, Ag4)",T,Tape & Reel,,Accu-P (Kyocera AVX),
08051J2R4QBTTR,AccuP-0805_S2P/AccuP_0805/C0805SE2r4.s2p,0805,2.01±0.1,1.27±0.1,0.93±0.1,2.4,2R4,100,1,0 ±30 ppm/°C,J,±0.03 pF,Q,Thin-film SiO2 / SiON (silicon dioxide / silicon oxynitride) on Alumina (Al2O3) substrate,"Nickel/High Temp Solder Coated (Sn96, Ag4)",T,Tape & Reel,,Accu-P (Kyocera AVX),
08051J2R5QBTTR,AccuP-0805_S2P/AccuP_0805/C0805SE2r5.s2p,0805,2.01±0.1,1.27±0.1,0.93±0.1,2.5,2R5,100,1,0 ±30 ppm/°C,J,±0.03 pF,Q,Thin-film SiO2 / SiON (silicon dioxide / silicon oxynitride) on Alumina (Al2O3) substrate,"Nickel/High Temp Solder Coated (Sn96, Ag4)",T,Tape & Reel,,Accu-P (Kyocera AVX),
08051J2R6QBTTR,AccuP-0805_S2P/AccuP_0805/C0805SE2r6.s2p,0805,2.01±0.1,1.27±0.1,0.93±0.1,2.6,2R6,100,1,0 ±30 ppm/°C,J,±0.03 pF,Q,Thin-film SiO2 / SiON (silicon dioxide / silicon oxynitride) on Alumina (Al2O3) substrate,"Nickel/High Temp Solder Coated (Sn96, Ag4)",T,Tape & Reel,,Accu-P (Kyocera AVX),
08051J2R7QBTTR,AccuP-0805_S2P/AccuP_0805/C0805SE2r7.s2p,0805,2.01±0.1,1.27±0.1,0.93±0.1,2.7,2R7,100,1,0 ±30 ppm/°C,J,±0.03 pF,Q,Thin-film SiO2 / SiON (silicon dioxide / silicon oxynitride) on Alumina (Al2O3) substrate,"Nickel/High Temp Solder Coated (Sn96, Ag4)",T,Tape & Reel,,Accu-P (Kyocera AVX),
08051J2R8QBTTR,AccuP-0805_S2P/AccuP_0805/C0805SE2r8.s2p,0805,2.01±0.1,1.27±0.1,0.93±0.1,2.8,2R8,100,1,0 ±30 ppm/°C,J,±0.03 pF,Q,Thin-film SiO2 / SiON (silicon dioxide / silicon oxynitride) on Alumina (Al2O3) substrate,"Nickel/High Temp Solder Coated (Sn96, Ag4)",T,Tape & Reel,,Accu-P (Kyocera AVX),
08051J2R9QBTTR,AccuP-0805_S2P/AccuP_0805/C0805SE2r9.s2p,0805,2.01±0.1,1.27±0.1,0.93±0.1,2.9,2R9,100,1,0 ±30 ppm/°C,J,±0.03 pF,Q,Thin-film SiO2 / SiON (silicon dioxide / silicon oxynitride) on Alumina (Al2O3) substrate,"Nickel/High Temp Solder Coated (Sn96, Ag4)",T,Tape & Reel,,Accu-P (Kyocera AVX),
08053J300FBTTR,AccuP-0805_S2P/AccuP_0805/C0805SE300.s2p,0805,2.01±0.1,1.27±0.1,0.93±0.1,30.0,300,25,3,0 ±30 ppm/°C,J,±1%,F,Thin-film SiO2 / SiON (silicon dioxide / silicon oxynitride) on Alumina (Al2O3) substrate,"Nickel/High Temp Solder Coated (Sn96, Ag4)",T,Tape & Reel,,Accu-P (Kyocera AVX),
08053J330FBTTR,AccuP-0805_S2P/AccuP_0805/C0805SE330.s2p,0805,2.01±0.1,1.27±0.1,0.93±0.1,33.0,330,25,3,0 ±30 ppm/°C,J,±1%,F,Thin-film SiO2 / SiON (silicon dioxide / silicon oxynitride) on Alumina (Al2O3) substrate,"Nickel/High Temp Solder Coated (Sn96, Ag4)",T,Tape & Reel,,Accu-P (Kyocera AVX),
08053K390FBTTR,AccuP-0805_S2P/AccuP_0805/C0805SE390.s2p,0805,2.01±0.1,1.27±0.1,0.93±0.1,39.0,390,25,3,0 ±60 ppm/°C,K,±1%,F,Thin-film SiO2 / SiON (silicon dioxide / silicon oxynitride) on Alumina (Al2O3) substrate,"Nickel/High Temp Solder Coated (Sn96, Ag4)",T,Tape & Reel,,Accu-P (Kyocera AVX),
08051J3R0QBTTR,AccuP-0805_S2P/AccuP_0805/C0805SE3r0.s2p,0805,2.01±0.1,1.27±0.1,0.93±0.1,3.0,3R0,100,1,0 ±30 ppm/°C,J,±0.03 pF,Q,Thin-film SiO2 / SiON (silicon dioxide / silicon oxynitride) on Alumina (Al2O3) substrate,"Nickel/High Temp Solder Coated (Sn96, Ag4)",T,Tape & Reel,,Accu-P (Kyocera AVX),
08051J3R1ABTTR,AccuP-0805_S2P/AccuP_0805/C0805SE3r1.s2p,0805,2.01±0.1,1.27±0.1,0.93±0.1,3.1,3R1,100,1,0 ±30 ppm/°C,J,±0.05 pF,A,Thin-film SiO2 / SiON (silicon dioxide / silicon oxynitride) on Alumina (Al2O3) substrate,"Nickel/High Temp Solder Coated (Sn96, Ag4)",T,Tape & Reel,,Accu-P (Kyocera AVX),
08051J3R2ABTTR,AccuP-0805_S2P/AccuP_0805/C0805SE3r2.s2p,0805,2.01±0.1,1.27±0.1,0.93±0.1,3.2,3R2,100,1,0 ±30 ppm/°C,J,±0.05 pF,A,Thin-film SiO2 / SiON (silicon dioxide / silicon oxynitride) on Alumina (Al2O3) substrate,"Nickel/High Temp Solder Coated (Sn96, Ag4)",T,Tape & Reel,,Accu-P (Kyocera AVX),
08051J3R3ABTTR,AccuP-0805_S2P/AccuP_0805/C0805SE3r3.s2p,0805,2.01±0.1,1.27±0.1,0.93±0.1,3.3,3R3,100,1,0 ±30 ppm/°C,J,±0.05 pF,A,Thin-film SiO2 / SiON (silicon dioxide / silicon oxynitride) on Alumina (Al2O3) substrate,"Nickel/High Temp Solder Coated (Sn96, Ag4)",T,Tape & Reel,,Accu-P (Kyocera AVX),
08051J3R4ABTTR,AccuP-0805_S2P/AccuP_0805/C0805SE3r4.s2p,0805,2.01±0.1,1.27±0.1,0.93±0.1,3.4,3R4,100,1,0 ±30 ppm/°C,J,±0.05 pF,A,Thin-film SiO2 / SiON (silicon dioxide / silicon oxynitride) on Alumina (Al2O3) substrate,"Nickel/High Temp Solder Coated (Sn96, Ag4)",T,Tape & Reel,,Accu-P (Kyocera AVX),
08051J3R5ABTTR,AccuP-0805_S2P/AccuP_0805/C0805SE3r5.s2p,0805,2.01±0.1,1.27±0.1,0.93±0.1,3.5,3R5,100,1,0 ±30 ppm/°C,J,±0.05 pF,A,Thin-film SiO2 / SiON (silicon dioxide / silicon oxynitride) on Alumina (Al2O3) substrate,"Nickel/High Temp Solder Coated (Sn96, Ag4)",T,Tape & Reel,,Accu-P (Kyocera AVX),
08051J3R6ABTTR,AccuP-0805_S2P/AccuP_0805/C0805SE3r6.s2p,0805,2.01±0.1,1.27±0.1,0.93±0.1,3.6,3R6,100,1,0 ±30 ppm/°C,J,±0.05 pF,A,Thin-film SiO2 / SiON (silicon dioxide / silicon oxynitride) on Alumina (Al2O3) substrate,"Nickel/High Temp Solder Coated (Sn96, Ag4)",T,Tape & Reel,,Accu-P (Kyocera AVX),
08051J3R7ABTTR,AccuP-0805_S2P/AccuP_0805/C0805SE3r7.s2p,0805,2.01±0.1,1.27±0.1,0.93±0.1,3.7,3R7,100,1,0 ±30 ppm/°C,J,±0.05 pF,A,Thin-film SiO2 / SiON (silicon dioxide / silicon oxynitride) on Alumina (Al2O3) substrate,"Nickel/High Temp Solder Coated (Sn96, Ag4)",T,Tape & Reel,,Accu-P (Kyocera AVX),
08051J3R8ABTTR,AccuP-0805_S2P/AccuP_0805/C0805SE3r8.s2p,0805,2.01±0.1,1.27±0.1,0.93±0.1,3.8,3R8,100,1,0 ±30 ppm/°C,J,±0.05 pF,A,Thin-film SiO2 / SiON (silicon dioxide / silicon oxynitride) on Alumina (Al2O3) substrate,"Nickel/High Temp Solder Coated (Sn96, Ag4)",T,Tape & Reel,,Accu-P (Kyocera AVX),
08051J3R9ABTTR,AccuP-0805_S2P/AccuP_0805/C0805SE3r9.s2p,0805,2.01±0.1,1.27±0.1,0.93±0.1,3.9,3R9,100,1,0 ±30 ppm/°C,J,±0.05 pF,A,Thin-film SiO2 / SiON (silicon dioxide / silicon oxynitride) on Alumina (Al2O3) substrate,"Nickel/High Temp Solder Coated (Sn96, Ag4)",T,Tape & Reel,,Accu-P (Kyocera AVX),
08053K470FBTTR,AccuP-0805_S2P/AccuP_0805/C0805SE470.s2p,0805,2.01±0.1,1.27±0.1,0.93±0.1,47.0,470,25,3,0 ±60 ppm/°C,K,±1%,F,Thin-film SiO2 / SiON (silicon dioxide / silicon oxynitride) on Alumina (Al2O3) substrate,"Nickel/High Temp Solder Coated (Sn96, Ag4)",T,Tape & Reel,,Accu-P (Kyocera AVX),
08051J4R0ABTTR,AccuP-0805_S2P/AccuP_0805/C0805SE4r0.s2p,0805,2.01±0.1,1.27±0.1,0.93±0.1,4.0,4R0,100,1,0 ±30 ppm/°C,J,±0.05 pF,A,Thin-film SiO2 / SiON (silicon dioxide / silicon oxynitride) on Alumina (Al2O3) substrate,"Nickel/High Temp Solder Coated (Sn96, Ag4)",T,Tape & Reel,,Accu-P (Kyocera AVX),
08051J4R1ABTTR,AccuP-0805_S2P/AccuP_0805/C0805SE4r1.s2p,0805,2.01±0.1,1.27±0.1,0.93±0.1,4.1,4R1,100,1,0 ±30 ppm/°C,J,±0.05 pF,A,Thin-film SiO2 / SiON (silicon dioxide / silicon oxynitride) on Alumina (Al2O3) substrate,"Nickel/High Temp Solder Coated (Sn96, Ag4)",T,Tape & Reel,,Accu-P (Kyocera AVX),
08051J4R2ABTTR,AccuP-0805_S2P/AccuP_0805/C0805SE4r2.s2p,0805,2.01±0.1,1.27±0.1,0.93±0.1,4.2,4R2,100,1,0 ±30 ppm/°C,J,±0.05 pF,A,Thin-film SiO2 / SiON (silicon dioxide / silicon oxynitride) on Alumina (Al2O3) substrate,"Nickel/High Temp Solder Coated (Sn96, Ag4)",T,Tape & Reel,,Accu-P (Kyocera AVX),
08051J4R3ABTTR,AccuP-0805_S2P/AccuP_0805/C0805SE4r3.s2p,0805,2.01±0.1,1.27±0.1,0.93±0.1,4.3,4R3,100,1,0 ±30 ppm/°C,J,±0.05 pF,A,Thin-film SiO2 / SiON (silicon dioxide / silicon oxynitride) on Alumina (Al2O3) substrate,"Nickel/High Temp Solder Coated (Sn96, Ag4)",T,Tape & Reel,,Accu-P (Kyocera AVX),
08051J4R4ABTTR,AccuP-0805_S2P/AccuP_0805/C0805SE4r4.s2p,0805,2.01±0.1,1.27±0.1,0.93±0.1,4.4,4R4,100,1,0 ±30 ppm/°C,J,±0.05 pF,A,Thin-film SiO2 / SiON (silicon dioxide / silicon oxynitride) on Alumina (Al2O3) substrate,"Nickel/High Temp Solder Coated (Sn96, Ag4)",T,Tape & Reel,,Accu-P (Kyocera AVX),
08051J4R5ABTTR,AccuP-0805_S2P/AccuP_0805/C0805SE4r5.s2p,0805,2.01±0.1,1.27±0.1,0.93±0.1,4.5,4R5,100,1,0 ±30 ppm/°C,J,±0.05 pF,A,Thin-film SiO2 / SiON (silicon dioxide / silicon oxynitride) on Alumina (Al2O3) substrate,"Nickel/High Temp Solder Coated (Sn96, Ag4)",T,Tape & Reel,,Accu-P (Kyocera AVX),
08051J4R6ABTTR,AccuP-0805_S2P/AccuP_0805/C0805SE4r6.s2p,0805,2.01±0.1,1.27±0.1,0.93±0.1,4.6,4R6,100,1,0 ±30 ppm/°C,J,±0.05 pF,A,Thin-film SiO2 / SiON (silicon dioxide / silicon oxynitride) on Alumina (Al2O3) substrate,"Nickel/High Temp Solder Coated (Sn96, Ag4)",T,Tape & Reel,,Accu-P (Kyocera AVX),
08051J4R7ABTTR,AccuP-0805_S2P/AccuP_0805/C0805SE4r7.s2p,0805,2.01±0.1,1.27±0.1,0.93±0.1,4.7,4R7,100,1,0 ±30 ppm/°C,J,±0.05 pF,A,Thin-film SiO2 / SiON (silicon dioxide / silicon oxynitride) on Alumina (Al2O3) substrate,"Nickel/High Temp Solder Coated (Sn96, Ag4)",T,Tape & Reel,,Accu-P (Kyocera AVX),
08053K560FBTTR,AccuP-0805_S2P/AccuP_0805/C0805SE560.s2p,0805,2.01±0.1,1.27±0.1,0.93±0.1,56.0,560,25,3,0 ±60 ppm/°C,K,±1%,F,Thin-film SiO2 / SiON (silicon dioxide / silicon oxynitride) on Alumina (Al2O3) substrate,"Nickel/High Temp Solder Coated (Sn96, Ag4)",T,Tape & Reel,,Accu-P (Kyocera AVX),
08051J5R1ABTTR,AccuP-0805_S2P/AccuP_0805/C0805SE5r1.s2p,0805,2.01±0.1,1.27±0.1,0.93±0.1,5.1,5R1,100,1,0 ±30 ppm/°C,J,±0.05 pF,A,Thin-film SiO2 / SiON (silicon dioxide / silicon oxynitride) on Alumina (Al2O3) substrate,"Nickel/High Temp Solder Coated (Sn96, Ag4)",T,Tape & Reel,,Accu-P (Kyocera AVX),
08051J5R6ABTTR,AccuP-0805_S2P/AccuP_0805/C0805SE5r6.s2p,0805,2.01±0.1,1.27±0.1,0.93±0.1,5.6,5R6,100,1,0 ±30 ppm/°C,J,±0.05 pF,A,Thin-film SiO2 / SiON (silicon dioxide / silicon oxynitride) on Alumina (Al2O3) substrate,"Nickel/High Temp Solder Coated (Sn96, Ag4)",T,Tape & Reel,,Accu-P (Kyocera AVX),
08053K680FBTTR,AccuP-0805_S2P/AccuP_0805/C0805SE680.s2p,0805,2.01±0.1,1.27±0.1,0.93±0.1,68.0,680,25,3,0 ±60 ppm/°C,K,±1%,F,Thin-film SiO2 / SiON (silicon dioxide / silicon oxynitride) on Alumina (Al2O3) substrate,"Nickel/High Temp Solder Coated (Sn96, Ag4)",T,Tape & Reel,,Accu-P (Kyocera AVX),
08051J6R2BBTTR,AccuP-0805_S2P/AccuP_0805/C0805SE6r2.s2p,0805,2.01±0.1,1.27±0.1,0.93±0.1,6.2,6R2,100,1,0 ±30 ppm/°C,J,±0.1 pF,B,Thin-film SiO2 / SiON (silicon dioxide / silicon oxynitride) on Alumina (Al2O3) substrate,"Nickel/High Temp Solder Coated (Sn96, Ag4)",T,Tape & Reel,,Accu-P (Kyocera AVX),
08051J6R8BBTTR,AccuP-0805_S2P/AccuP_0805/C0805SE6r8.s2p,0805,2.01±0.1,1.27±0.1,0.93±0.1,6.8,6R8,100,1,0 ±30 ppm/°C,J,±0.1 pF,B,Thin-film SiO2 / SiON (silicon dioxide / silicon oxynitride) on Alumina (Al2O3) substrate,"Nickel/High Temp Solder Coated (Sn96, Ag4)",T,Tape & Reel,,Accu-P (Kyocera AVX),
08051J7R5BBTTR,AccuP-0805_S2P/AccuP_0805/C0805SE7r5.s2p,0805,2.01±0.1,1.27±0.1,0.93±0.1,7.5,7R5,100,1,0 ±30 ppm/°C,J,±0.1 pF,B,Thin-film SiO2 / SiON (silicon dioxide / silicon oxynitride) on Alumina (Al2O3) substrate,"Nickel/High Temp Solder Coated (Sn96, Ag4)",T,Tape & Reel,,Accu-P (Kyocera AVX),
08051J8R2BBTTR,AccuP-0805_S2P/AccuP_0805/C0805SE8r2.s2p,0805,2.01±0.1,1.27±0.1,0.93±0.1,8.2,8R2,100,1,0 ±30 ppm/°C,J,±0.1 pF,B,Thin-film SiO2 / SiON (silicon dioxide / silicon oxynitride) on Alumina (Al2O3) substrate,"Nickel/High Temp Solder Coated (Sn96, Ag4)",T,Tape & Reel,,Accu-P (Kyocera AVX),
08051J9R1BBTTR,AccuP-0805_S2P/AccuP_0805/C0805SE9r1.s2p,0805,2.01±0.1,1.27±0.1,0.93±0.1,9.1,9R1,100,1,0 ±30 ppm/°C,J,±0.1 pF,B,Thin-film SiO2 / SiON (silicon dioxide / silicon oxynitride) on Alumina (Al2O3) substrate,"Nickel/High Temp Solder Coated (Sn96, Ag4)",T,Tape & Reel,,Accu-P (Kyocera AVX),
12101J0R1PBTTR,AccuP-1210_S2P/AccuP_1210/C1210SE0r1.s2p,1210,,,,0.1,0R1,100,1,0 ±30 ppm/°C,J,±0.02 pF,P,Thin-film SiO2 / SiON (silicon dioxide / silicon oxynitride) on Alumina (Al2O3) substrate,"Nickel/High Temp Solder Coated (Sn96, Ag4)",T,Tape & Reel,,Accu-P (Kyocera AVX),
12101J0R2PBTTR,AccuP-1210_S2P/AccuP_1210/C1210SE0r2.s2p,1210,,,,0.2,0R2,100,1,0 ±30 ppm/°C,J,±0.02 pF,P,Thin-film SiO2 / SiON (silicon dioxide / silicon oxynitride) on Alumina (Al2O3) substrate,"Nickel/High Temp Solder Coated (Sn96, Ag4)",T,Tape & Reel,,Accu-P (Kyocera AVX),
12101J0R3PBTTR,AccuP-1210_S2P/AccuP_1210/C1210SE0r3.s2p,1210,,,,0.3,0R3,100,1,0 ±30 ppm/°C,J,±0.02 pF,P,Thin-film SiO2 / SiON (silicon dioxide / silicon oxynitride) on Alumina (Al2O3) substrate,"Nickel/High Temp Solder Coated (Sn96, Ag4)",T,Tape & Reel,,Accu-P (Kyocera AVX),
12101J0R4PBTTR,AccuP-1210_S2P/AccuP_1210/C1210SE0r4.s2p,1210,,,,0.4,0R4,100,1,0 ±30 ppm/°C,J,±0.02 pF,P,Thin-film SiO2 / SiON (silicon dioxide / silicon oxynitride) on Alumina (Al2O3) substrate,"Nickel/High Temp Solder Coated (Sn96, Ag4)",T,Tape & Reel,,Accu-P (Kyocera AVX),
12101J0R5PBTTR,AccuP-1210_S2P/AccuP_1210/C1210SE0r5.s2p,1210,,,,0.5,0R5,100,1,0 ±30 ppm/°C,J,±0.02 pF,P,Thin-film SiO2 / SiON (silicon dioxide / silicon oxynitride) on Alumina (Al2O3) substrate,"Nickel/High Temp Solder Coated (Sn96, Ag4)",T,Tape & Reel,,Accu-P (Kyocera AVX),
12101J0R6PBTTR,AccuP-1210_S2P/AccuP_1210/C1210SE0r6.s2p,1210,,,,0.6,0R6,100,1,0 ±30 ppm/°C,J,±0.02 pF,P,Thin-film SiO2 / SiON (silicon dioxide / silicon oxynitride) on Alumina (Al2O3) substrate,"Nickel/High Temp Solder Coated (Sn96, Ag4)",T,Tape & Reel,,Accu-P (Kyocera AVX),
12101J0R7PBTTR,AccuP-1210_S2P/AccuP_1210/C1210SE0r7.s2p,1210,,,,0.7,0R7,100,1,0 ±30 ppm/°C,J,±0.02 pF,P,Thin-film SiO2 / SiON (silicon dioxide / silicon oxynitride) on Alumina (Al2O3) substrate,"Nickel/High Temp Solder Coated (Sn96, Ag4)",T,Tape & Reel,,Accu-P (Kyocera AVX),
12101J0R8PBTTR,AccuP-1210_S2P/AccuP_1210/C1210SE0r8.s2p,1210,,,,0.8,0R8,100,1,0 ±30 ppm/°C,J,±0.02 pF,P,Thin-film SiO2 / SiON (silicon dioxide / silicon oxynitride) on Alumina (Al2O3) substrate,"Nickel/High Temp Solder Coated (Sn96, Ag4)",T,Tape & Reel,,Accu-P (Kyocera AVX),
12101J0R9PBTTR,AccuP-1210_S2P/AccuP_1210/C1210SE0r9.s2p,1210,,,,0.9,0R9,100,1,0 ±30 ppm/°C,J,±0.02 pF,P,Thin-film SiO2 / SiON (silicon dioxide / silicon oxynitride) on Alumina (Al2O3) substrate,"Nickel/High Temp Solder Coated (Sn96, Ag4)",T,Tape & Reel,,Accu-P (Kyocera AVX),
12101J100FBTTR,AccuP-1210_S2P/AccuP_1210/C1210SE100.s2p,1210,,,,10.0,100,100,1,0 ±30 ppm/°C,J,±1%,F,Thin-film SiO2 / SiON (silicon dioxide / silicon oxynitride) on Alumina (Al2O3) substrate,"Nickel/High Temp Solder Coated (Sn96, Ag4)",T,Tape & Reel,,Accu-P (Kyocera AVX),
12101J110FBTTR,AccuP-1210_S2P/AccuP_1210/C1210SE110.s2p,1210,,,,11.0,110,100,1,0 ±30 ppm/°C,J,±1%,F,Thin-film SiO2 / SiON (silicon dioxide / silicon oxynitride) on Alumina (Al2O3) substrate,"Nickel/High Temp Solder Coated (Sn96, Ag4)",T,Tape & Reel,,Accu-P (Kyocera AVX),
12101J120FBTTR,AccuP-1210_S2P/AccuP_1210/C1210SE120.s2p,1210,,,,12.0,120,100,1,0 ±30 ppm/°C,J,±1%,F,Thin-film SiO2 / SiON (silicon dioxide / silicon oxynitride) on Alumina (Al2O3) substrate,"Nickel/High Temp Solder Coated (Sn96, Ag4)",T,Tape & Reel,,Accu-P (Kyocera AVX),
12101J130FBTTR,AccuP-1210_S2P/AccuP_1210/C1210SE130.s2p,1210,,,,13.0,130,100,1,0 ±30 ppm/°C,J,±1%,F,Thin-film SiO2 / SiON (silicon dioxide / silicon oxynitride) on Alumina (Al2O3) substrate,"Nickel/High Temp Solder Coated (Sn96, Ag4)",T,Tape & Reel,,Accu-P (Kyocera AVX),
12101J140FBTTR,AccuP-1210_S2P/AccuP_1210/C1210SE140.s2p,1210,,,,14.0,140,100,1,0 ±30 ppm/°C,J,±1%,F,Thin-film SiO2 / SiON (silicon dioxide / silicon oxynitride) on Alumina (Al2O3) substrate,"Nickel/High Temp Solder Coated (Sn96, Ag4)",T,Tape & Reel,,Accu-P (Kyocera AVX),
12101J150FBTTR,AccuP-1210_S2P/AccuP_1210/C1210SE150.s2p,1210,,,,15.0,150,100,1,0 ±30 ppm/°C,J,±1%,F,Thin-film SiO2 / SiON (silicon dioxide / silicon oxynitride) on Alumina (Al2O3) substrate,"Nickel/High Temp Solder Coated (Sn96, Ag4)",T,Tape & Reel,,Accu-P (Kyocera AVX),
12101J160FBTTR,AccuP-1210_S2P/AccuP_1210/C1210SE160.s2p,1210,,,,16.0,160,100,1,0 ±30 ppm/°C,J,±1%,F,Thin-film SiO2 / SiON (silicon dioxide / silicon oxynitride) on Alumina (Al2O3) substrate,"Nickel/High Temp Solder Coated (Sn96, Ag4)",T,Tape & Reel,,Accu-P (Kyocera AVX),
12101J170FBTTR,AccuP-1210_S2P/AccuP_1210/C1210SE170.s2p,1210,,,,17.0,170,100,1,0 ±30 ppm/°C,J,±1%,F,Thin-film SiO2 / SiON (silicon dioxide / silicon oxynitride) on Alumina (Al2O3) substrate,"Nickel/High Temp Solder Coated (Sn96, Ag4)",T,Tape & Reel,,Accu-P (Kyocera AVX),
12101J180FBTTR,AccuP-1210_S2P/AccuP_1210/C1210SE180.s2p,1210,,,,18.0,180,100,1,0 ±30 ppm/°C,J,±1%,F,Thin-film SiO2 / SiON (silicon dioxide / silicon oxynitride) on Alumina (Al2O3) substrate,"Nickel/High Temp Solder Coated (Sn96, Ag4)",T,Tape & Reel,,Accu-P (Kyocera AVX),
12101J190FBTTR,AccuP-1210_S2P/AccuP_1210/C1210SE190.s2p,1210,,,,19.0,190,100,1,0 ±30 ppm/°C,J,±1%,F,Thin-film SiO2 / SiON (silicon dioxide / silicon oxynitride) on Alumina (Al2O3) substrate,"Nickel/High Temp Solder Coated (Sn96, Ag4)",T,Tape & Reel,,Accu-P (Kyocera AVX),
12101J1R0PBTTR,AccuP-1210_S2P/AccuP_1210/C1210SE1r0.s2p,1210,,,,1.0,1R0,100,1,0 ±30 ppm/°C,J,±0.02 pF,P,Thin-film SiO2 / SiON (silicon dioxide / silicon oxynitride) on Alumina (Al2O3) substrate,"Nickel/High Temp Solder Coated (Sn96, Ag4)",T,Tape & Reel,,Accu-P (Kyocera AVX),
12101J1R1PBTTR,AccuP-1210_S2P/AccuP_1210/C1210SE1r1.s2p,1210,,,,1.1,1R1,100,1,0 ±30 ppm/°C,J,±0.02 pF,P,Thin-film SiO2 / SiON (silicon dioxide / silicon oxynitride) on Alumina (Al2O3) substrate,"Nickel/High Temp Solder Coated (Sn96, Ag4)",T,Tape & Reel,,Accu-P (Kyocera AVX),
12101J1R2PBTTR,AccuP-1210_S2P/AccuP_1210/C1210SE1r2.s2p,1210,,,,1.2,1R2,100,1,0 ±30 ppm/°C,J,±0.02 pF,P,Thin-film SiO2 / SiON (silicon dioxide / silicon oxynitride) on Alumina (Al2O3) substrate,"Nickel/High Temp Solder Coated (Sn96, Ag4)",T,Tape & Reel,,Accu-P (Kyocera AVX),
12101J1R3PBTTR,AccuP-1210_S2P/AccuP_1210/C1210SE1r3.s2p,1210,,,,1.3,1R3,100,1,0 ±30 ppm/°C,J,±0.02 pF,P,Thin-film SiO2 / SiON (silicon dioxide / silicon oxynitride) on Alumina (Al2O3) substrate,"Nickel/High Temp Solder Coated (Sn96, Ag4)",T,Tape & Reel,,Accu-P (Kyocera AVX),
12101J1R4PBTTR,AccuP-1210_S2P/AccuP_1210/C1210SE1r4.s2p,1210,,,,1.4,1R4,100,1,0 ±30 ppm/°C,J,±0.02 pF,P,Thin-film SiO2 / SiON (silicon dioxide / silicon oxynitride) on Alumina (Al2O3) substrate,"Nickel/High Temp Solder Coated (Sn96, Ag4)",T,Tape & Reel,,Accu-P (Kyocera AVX),
12101J1R5PBTTR,AccuP-1210_S2P/AccuP_1210/C1210SE1r5.s2p,1210,,,,1.5,1R5,100,1,0 ±30 ppm/°C,J,±0.02 pF,P,Thin-film SiO2 / SiON (silicon dioxide / silicon oxynitride) on Alumina (Al2O3) substrate,"Nickel/High Temp Solder Coated (Sn96, Ag4)",T,Tape & Reel,,Accu-P (Kyocera AVX),
12101J1R6PBTTR,AccuP-1210_S2P/AccuP_1210/C1210SE1r6.s2p,1210,,,,1.6,1R6,100,1,0 ±30 ppm/°C,J,±0.02 pF,P,Thin-film SiO2 / SiON (silicon dioxide / silicon oxynitride) on Alumina (Al2O3) substrate,"Nickel/High Temp Solder Coated (Sn96, Ag4)",T,Tape & Reel,,Accu-P (Kyocera AVX),
12101J1R7PBTTR,AccuP-1210_S2P/AccuP_1210/C1210SE1r7.s2p,1210,,,,1.7,1R7,100,1,0 ±30 ppm/°C,J,±0.02 pF,P,Thin-film SiO2 / SiON (silicon dioxide / silicon oxynitride) on Alumina (Al2O3) substrate,"Nickel/High Temp Solder Coated (Sn96, Ag4)",T,Tape & Reel,,Accu-P (Kyocera AVX),
12101J1R8PBTTR,AccuP-1210_S2P/AccuP_1210/C1210SE1r8.s2p,1210,,,,1.8,1R8,100,1,0 ±30 ppm/°C,J,±0.02 pF,P,Thin-film SiO2 / SiON (silicon dioxide / silicon oxynitride) on Alumina (Al2O3) substrate,"Nickel/High Temp Solder Coated (Sn96, Ag4)",T,Tape & Reel,,Accu-P (Kyocera AVX),
12101J1R9PBTTR,AccuP-1210_S2P/AccuP_1210/C1210SE1r9.s2p,1210,,,,1.9,1R9,100,1,0 ±30 ppm/°C,J,±0.02 pF,P,Thin-film SiO2 / SiON (silicon dioxide / silicon oxynitride) on Alumina (Al2O3) substrate,"Nickel/High Temp Solder Coated (Sn96, Ag4)",T,Tape & Reel,,Accu-P (Kyocera AVX),
12101J200FBTTR,AccuP-1210_S2P/AccuP_1210/C1210SE200.s2p,1210,,,,20.0,200,100,1,0 ±30 ppm/°C,J,±1%,F,Thin-film SiO2 / SiON (silicon dioxide / silicon oxynitride) on Alumina (Al2O3) substrate,"Nickel/High Temp Solder Coated (Sn96, Ag4)",T,Tape & Reel,,Accu-P (Kyocera AVX),
12101J210FBTTR,AccuP-1210_S2P/AccuP_1210/C1210SE210.s2p,1210,,,,21.0,210,100,1,0 ±30 ppm/°C,J,±1%,F,Thin-film SiO2 / SiON (silicon dioxide / silicon oxynitride) on Alumina (Al2O3) substrate,"Nickel/High Temp Solder Coated (Sn96, Ag4)",T,Tape & Reel,,Accu-P (Kyocera AVX),
12101J220FBTTR,AccuP-1210_S2P/AccuP_1210/C1210SE220.s2p,1210,,,,22.0,220,100,1,0 ±30 ppm/°C,J,±1%,F,Thin-film SiO2 / SiON (silicon dioxide / silicon oxynitride) on Alumina (Al2O3) substrate,"Nickel/High Temp Solder Coated (Sn96, Ag4)",T,Tape & Reel,,Accu-P (Kyocera AVX),
12101J240FBTTR,AccuP-1210_S2P/AccuP_1210/C1210SE240.s2p,1210,,,,24.0,240,100,1,0 ±30 ppm/°C,J,±1%,F,Thin-film SiO2 / SiON (silicon dioxide / silicon oxynitride) on Alumina (Al2O3) substrate,"Nickel/High Temp Solder Coated (Sn96, Ag4)",T,Tape & Reel,,Accu-P (Kyocera AVX),
12101J270FBTTR,AccuP-1210_S2P/AccuP_1210/C1210SE270.s2p,1210,,,,27.0,270,100,1,0 ±30 ppm/°C,J,±1%,F,Thin-film SiO2 / SiON (silicon dioxide / silicon oxynitride) on Alumina (Al2O3) substrate,"Nickel/High Temp Solder Coated (Sn96, Ag4)",T,Tape & Reel,,Accu-P (Kyocera AVX),
12101J2R0PBTTR,AccuP-1210_S2P/AccuP_1210/C1210SE2r0.s2p,1210,,,,2.0,2R0,100,1,0 ±30 ppm/°C,J,±0.02 pF,P,Thin-film SiO2 / SiON (silicon dioxide / silicon oxynitride) on Alumina (Al2O3) substrate,"Nickel/High Temp Solder Coated (Sn96, Ag4)",T,Tape & Reel,,Accu-P (Kyocera AVX),
12101J2R1QBTTR,AccuP-1210_S2P/AccuP_1210/C1210SE2r1.s2p,1210,,,,2.1,2R1,100,1,0 ±30 ppm/°C,J,±0.03 pF,Q,Thin-film SiO2 / SiON (silicon dioxide / silicon oxynitride) on Alumina (Al2O3) substrate,"Nickel/High Temp Solder Coated (Sn96, Ag4)",T,Tape & Reel,,Accu-P (Kyocera AVX),
12101J2R2QBTTR,AccuP-1210_S2P/AccuP_1210/C1210SE2r2.s2p,1210,,,,2.2,2R2,100,1,0 ±30 ppm/°C,J,±0.03 pF,Q,Thin-film SiO2 / SiON (silicon dioxide / silicon oxynitride) on Alumina (Al2O3) substrate,"Nickel/High Temp Solder Coated (Sn96, Ag4)",T,Tape & Reel,,Accu-P (Kyocera AVX),
12101J2R3QBTTR,AccuP-1210_S2P/AccuP_1210/C1210SE2r3.s2p,1210,,,,2.3,2R3,100,1,0 ±30 ppm/°C,J,±0.03 pF,Q,Thin-film SiO2 / SiON (silicon dioxide / silicon oxynitride) on Alumina (Al2O3) substrate,"Nickel/High Temp Solder Coated (Sn96, Ag4)",T,Tape & Reel,,Accu-P (Kyocera AVX),
12101J2R4QBTTR,AccuP-1210_S2P/AccuP_1210/C1210SE2r4.s2p,1210,,,,2.4,2R4,100,1,0 ±30 ppm/°C,J,±0.03 pF,Q,Thin-film SiO2 / SiON (silicon dioxide / silicon oxynitride) on Alumina (Al2O3) substrate,"Nickel/High Temp Solder Coated (Sn96, Ag4)",T,Tape & Reel,,Accu-P (Kyocera AVX),
12101J2R5QBTTR,AccuP-1210_S2P/AccuP_1210/C1210SE2r5.s2p,1210,,,,2.5,2R5,100,1,0 ±30 ppm/°C,J,±0.03 pF,Q,Thin-film SiO2 / SiON (silicon dioxide / silicon oxynitride) on Alumina (Al2O3) substrate,"Nickel/High Temp Solder Coated (Sn96, Ag4)",T,Tape & Reel,,Accu-P (Kyocera AVX),
12101J2R6QBTTR,AccuP-1210_S2P/AccuP_1210/C1210SE2r6.s2p,1210,,,,2.6,2R6,100,1,0 ±30 ppm/°C,J,±0.03 pF,Q,Thin-film SiO2 / SiON (silicon dioxide / silicon oxynitride) on Alumina (Al2O3) substrate,"Nickel/High Temp Solder Coated (Sn96, Ag4)",T,Tape & Reel,,Accu-P (Kyocera AVX),
12101J2R7QBTTR,AccuP-1210_S2P/AccuP_1210/C1210SE2r7.s2p,1210,,,,2.7,2R7,100,1,0 ±30 ppm/°C,J,±0.03 pF,Q,Thin-film SiO2 / SiON (silicon dioxide / silicon oxynitride) on Alumina (Al2O3) substrate,"Nickel/High Temp Solder Coated (Sn96, Ag4)",T,Tape & Reel,,Accu-P (Kyocera AVX),
12101J2R8QBTTR,AccuP-1210_S2P/AccuP_1210/C1210SE2r8.s2p,1210,,,,2.8,2R8,100,1,0 ±30 ppm/°C,J,±0.03 pF,Q,Thin-film SiO2 / SiON (silicon dioxide / silicon oxynitride) on Alumina (Al2O3) substrate,"Nickel/High Temp Solder Coated (Sn96, Ag4)",T,Tape & Reel,,Accu-P (Kyocera AVX),
12101J2R9QBTTR,AccuP-1210_S2P/AccuP_1210/C1210SE2r9.s2p,1210,,,,2.9,2R9,100,1,0 ±30 ppm/°C,J,±0.03 pF,Q,Thin-film SiO2 / SiON (silicon dioxide / silicon oxynitride) on Alumina (Al2O3) substrate,"Nickel/High Temp Solder Coated (Sn96, Ag4)",T,Tape & Reel,,Accu-P (Kyocera AVX),
12101J300FBTTR,AccuP-1210_S2P/AccuP_1210/C1210SE300.s2p,1210,,,,30.0,300,100,1,0 ±30 ppm/°C,J,±1%,F,Thin-film SiO2 / SiON (silicon dioxide / silicon oxynitride) on Alumina (Al2O3) substrate,"Nickel/High Temp Solder Coated (Sn96, Ag4)",T,Tape & Reel,,Accu-P (Kyocera AVX),
12101J330FBTTR,AccuP-1210_S2P/AccuP_1210/C1210SE330.s2p,1210,,,,33.0,330,100,1,0 ±30 ppm/°C,J,±1%,F,Thin-film SiO2 / SiON (silicon dioxide / silicon oxynitride) on Alumina (Al2O3) substrate,"Nickel/High Temp Solder Coated (Sn96, Ag4)",T,Tape & Reel,,Accu-P (Kyocera AVX),
12101J360FBTTR,AccuP-1210_S2P/AccuP_1210/C1210SE360.s2p,1210,,,,36.0,360,100,1,0 ±30 ppm/°C,J,±1%,F,Thin-film SiO2 / SiON (silicon dioxide / silicon oxynitride) on Alumina (Al2O3) substrate,"Nickel/High Temp Solder Coated (Sn96, Ag4)",T,Tape & Reel,,Accu-P (Kyocera AVX),
12101J390FBTTR,AccuP-1210_S2P/AccuP_1210/C1210SE390.s2p,1210,,,,39.0,390,100,1,0 ±30 ppm/°C,J,±1%,F,Thin-film SiO2 / SiON (silicon dioxide / silicon oxynitride) on Alumina (Al2O3) substrate,"Nickel/High Temp Solder Coated (Sn96, Ag4)",T,Tape & Reel,,Accu-P (Kyocera AVX),
12101J3R0QBTTR,AccuP-1210_S2P/AccuP_1210/C1210SE3r0.s2p,1210,,,,3.0,3R0,100,1,0 ±30 ppm/°C,J,±0.03 pF,Q,Thin-film SiO2 / SiON (silicon dioxide / silicon oxynitride) on Alumina (Al2O3) substrate,"Nickel/High Temp Solder Coated (Sn96, Ag4)",T,Tape & Reel,,Accu-P (Kyocera AVX),
12101J3R1ABTTR,AccuP-1210_S2P/AccuP_1210/C1210SE3r1.s2p,1210,,,,3.1,3R1,100,1,0 ±30 ppm/°C,J,±0.05 pF,A,Thin-film SiO2 / SiON (silicon dioxide / silicon oxynitride) on Alumina (Al2O3) substrate,"Nickel/High Temp Solder Coated (Sn96, Ag4)",T,Tape & Reel,,Accu-P (Kyocera AVX),
12101J3R2ABTTR,AccuP-1210_S2P/AccuP_1210/C1210SE3r2.s2p,1210,,,,3.2,3R2,100,1,0 ±30 ppm/°C,J,±0.05 pF,A,Thin-film SiO2 / SiON (silicon dioxide / silicon oxynitride) on Alumina (Al2O3) substrate,"Nickel/High Temp Solder Coated (Sn96, Ag4)",T,Tape & Reel,,Accu-P (Kyocera AVX),
12101J3R3ABTTR,AccuP-1210_S2P/AccuP_1210/C1210SE3r3.s2p,1210,,,,3.3,3R3,100,1,0 ±30 ppm/°C,J,±0.05 pF,A,Thin-film SiO2 / SiON (silicon dioxide / silicon oxynitride) on Alumina (Al2O3) substrate,"Nickel/High Temp Solder Coated (Sn96, Ag4)",T,Tape & Reel,,Accu-P (Kyocera AVX),
12101J3R4ABTTR,AccuP-1210_S2P/AccuP_1210/C1210SE3r4.s2p,1210,,,,3.4,3R4,100,1,0 ±30 ppm/°C,J,±0.05 pF,A,Thin-film SiO2 / SiON (silicon dioxide / silicon oxynitride) on Alumina (Al2O3) substrate,"Nickel/High Temp Solder Coated (Sn96, Ag4)",T,Tape & Reel,,Accu-P (Kyocera AVX),
12101J3R5ABTTR,AccuP-1210_S2P/AccuP_1210/C1210SE3r5.s2p,1210,,,,3.5,3R5,100,1,0 ±30 ppm/°C,J,±0.05 pF,A,Thin-film SiO2 / SiON (silicon dioxide / silicon oxynitride) on Alumina (Al2O3) substrate,"Nickel/High Temp Solder Coated (Sn96, Ag4)",T,Tape & Reel,,Accu-P (Kyocera AVX),
12101J3R6ABTTR,AccuP-1210_S2P/AccuP_1210/C1210SE3r6.s2p,1210,,,,3.6,3R6,100,1,0 ±30 ppm/°C,J,±0.05 pF,A,Thin-film SiO2 / SiON (silicon dioxide / silicon oxynitride) on Alumina (Al2O3) substrate,"Nickel/High Temp Solder Coated (Sn96, Ag4)",T,Tape & Reel,,Accu-P (Kyocera AVX),
12101J3R7ABTTR,AccuP-1210_S2P/AccuP_1210/C1210SE3r7.s2p,1210,,,,3.7,3R7,100,1,0 ±30 ppm/°C,J,±0.05 pF,A,Thin-film SiO2 / SiON (silicon dioxide / silicon oxynitride) on Alumina (Al2O3) substrate,"Nickel/High Temp Solder Coated (Sn96, Ag4)",T,Tape & Reel,,Accu-P (Kyocera AVX),
12101J3R8ABTTR,AccuP-1210_S2P/AccuP_1210/C1210SE3r8.s2p,1210,,,,3.8,3R8,100,1,0 ±30 ppm/°C,J,±0.05 pF,A,Thin-film SiO2 / SiON (silicon dioxide / silicon oxynitride) on Alumina (Al2O3) substrate,"Nickel/High Temp Solder Coated (Sn96, Ag4)",T,Tape & Reel,,Accu-P (Kyocera AVX),
12101J3R9ABTTR,AccuP-1210_S2P/AccuP_1210/C1210SE3r9.s2p,1210,,,,3.9,3R9,100,1,0 ±30 ppm/°C,J,±0.05 pF,A,Thin-film SiO2 / SiON (silicon dioxide / silicon oxynitride) on Alumina (Al2O3) substrate,"Nickel/High Temp Solder Coated (Sn96, Ag4)",T,Tape & Reel,,Accu-P (Kyocera AVX),
12101J430FBTTR,AccuP-1210_S2P/AccuP_1210/C1210SE430.s2p,1210,,,,43.0,430,100,1,0 ±30 ppm/°C,J,±1%,F,Thin-film SiO2 / SiON (silicon dioxide / silicon oxynitride) on Alumina (Al2O3) substrate,"Nickel/High Temp Solder Coated (Sn96, Ag4)",T,Tape & Reel,,Accu-P (Kyocera AVX),
12101J470FBTTR,AccuP-1210_S2P/AccuP_1210/C1210SE470.s2p,1210,,,,47.0,470,100,1,0 ±30 ppm/°C,J,±1%,F,Thin-film SiO2 / SiON (silicon dioxide / silicon oxynitride) on Alumina (Al2O3) substrate,"Nickel/High Temp Solder Coated (Sn96, Ag4)",T,Tape & Reel,,Accu-P (Kyocera AVX),
12101J4R0ABTTR,AccuP-1210_S2P/AccuP_1210/C1210SE4r0.s2p,1210,,,,4.0,4R0,100,1,0 ±30 ppm/°C,J,±0.05 pF,A,Thin-film SiO2 / SiON (silicon dioxide / silicon oxynitride) on Alumina (Al2O3) substrate,"Nickel/High Temp Solder Coated (Sn96, Ag4)",T,Tape & Reel,,Accu-P (Kyocera AVX),
12101J4R1ABTTR,AccuP-1210_S2P/AccuP_1210/C1210SE4r1.s2p,1210,,,,4.1,4R1,100,1,0 ±30 ppm/°C,J,±0.05 pF,A,Thin-film SiO2 / SiON (silicon dioxide / silicon oxynitride) on Alumina (Al2O3) substrate,"Nickel/High Temp Solder Coated (Sn96, Ag4)",T,Tape & Reel,,Accu-P (Kyocera AVX),
12101J4R2ABTTR,AccuP-1210_S2P/AccuP_1210/C1210SE4r2.s2p,1210,,,,4.2,4R2,100,1,0 ±30 ppm/°C,J,±0.05 pF,A,Thin-film SiO2 / SiON (silicon dioxide / silicon oxynitride) on Alumina (Al2O3) substrate,"Nickel/High Temp Solder Coated (Sn96, Ag4)",T,Tape & Reel,,Accu-P (Kyocera AVX),
12101J4R3ABTTR,AccuP-1210_S2P/AccuP_1210/C1210SE4r3.s2p,1210,,,,4.3,4R3,100,1,0 ±30 ppm/°C,J,±0.05 pF,A,Thin-film SiO2 / SiON (silicon dioxide / silicon oxynitride) on Alumina (Al2O3) substrate,"Nickel/High Temp Solder Coated (Sn96, Ag4)",T,Tape & Reel,,Accu-P (Kyocera AVX),
12101J4R4ABTTR,AccuP-1210_S2P/AccuP_1210/C1210SE4r4.s2p,1210,,,,4.4,4R4,100,1,0 ±30 ppm/°C,J,±0.05 pF,A,Thin-film SiO2 / SiON (silicon dioxide / silicon oxynitride) on Alumina (Al2O3) substrate,"Nickel/High Temp Solder Coated (Sn96, Ag4)",T,Tape & Reel,,Accu-P (Kyocera AVX),
12101J4R5ABTTR,AccuP-1210_S2P/AccuP_1210/C1210SE4r5.s2p,1210,,,,4.5,4R5,100,1,0 ±30 ppm/°C,J,±0.05 pF,A,Thin-film SiO2 / SiON (silicon dioxide / silicon oxynitride) on Alumina (Al2O3) substrate,"Nickel/High Temp Solder Coated (Sn96, Ag4)",T,Tape & Reel,,Accu-P (Kyocera AVX),
12101J4R6ABTTR,AccuP-1210_S2P/AccuP_1210/C1210SE4r6.s2p,1210,,,,4.6,4R6,100,1,0 ±30 ppm/°C,J,±0.05 pF,A,Thin-film SiO2 / SiON (silicon dioxide / silicon oxynitride) on Alumina (Al2O3) substrate,"Nickel/High Temp Solder Coated (Sn96, Ag4)",T,Tape & Reel,,Accu-P (Kyocera AVX),
12101J4R7ABTTR,AccuP-1210_S2P/AccuP_1210/C1210SE4r7.s2p,1210,,,,4.7,4R7,100,1,0 ±30 ppm/°C,J,±0.05 pF,A,Thin-film SiO2 / SiON (silicon dioxide / silicon oxynitride) on Alumina (Al2O3) substrate,"Nickel/High Temp Solder Coated (Sn96, Ag4)",T,Tape & Reel,,Accu-P (Kyocera AVX),
12101J5R1ABTTR,AccuP-1210_S2P/AccuP_1210/C1210SE5r1.s2p,1210,,,,5.1,5R1,100,1,0 ±30 ppm/°C,J,±0.05 pF,A,Thin-film SiO2 / SiON (silicon dioxide / silicon oxynitride) on Alumina (Al2O3) substrate,"Nickel/High Temp Solder Coated (Sn96, Ag4)",T,Tape & Reel,,Accu-P (Kyocera AVX),
12101J0R1PBTTR,AccuP-1210_S2P/AccuP_1210/C1210SE5r6.s2p,1210,,,,0.1,0R1,100,1,0 ±30 ppm/°C,J,±0.02 pF,P,Thin-film SiO2 / SiON (silicon dioxide / silicon oxynitride) on Alumina (Al2O3) substrate,"Nickel/High Temp Solder Coated (Sn96, Ag4)",T,Tape & Reel,,Accu-P (Kyocera AVX),Capacitance mismatch: header part number implies 0.1 pF but filename implies 5.6 pF -- likely a typo in the source file's header comment
12101J6R2BBTTR,AccuP-1210_S2P/AccuP_1210/C1210SE6r2.s2p,1210,,,,6.2,6R2,100,1,0 ±30 ppm/°C,J,±0.1 pF,B,Thin-film SiO2 / SiON (silicon dioxide / silicon oxynitride) on Alumina (Al2O3) substrate,"Nickel/High Temp Solder Coated (Sn96, Ag4)",T,Tape & Reel,,Accu-P (Kyocera AVX),
12101J6R8BBTTR,AccuP-1210_S2P/AccuP_1210/C1210SE6r8.s2p,1210,,,,6.8,6R8,100,1,0 ±30 ppm/°C,J,±0.1 pF,B,Thin-film SiO2 / SiON (silicon dioxide / silicon oxynitride) on Alumina (Al2O3) substrate,"Nickel/High Temp Solder Coated (Sn96, Ag4)",T,Tape & Reel,,Accu-P (Kyocera AVX),
12101J7R5BBTTR,AccuP-1210_S2P/AccuP_1210/C1210SE7r5.s2p,1210,,,,7.5,7R5,100,1,0 ±30 ppm/°C,J,±0.1 pF,B,Thin-film SiO2 / SiON (silicon dioxide / silicon oxynitride) on Alumina (Al2O3) substrate,"Nickel/High Temp Solder Coated (Sn96, Ag4)",T,Tape & Reel,,Accu-P (Kyocera AVX),
12101J8R2BBTTR,AccuP-1210_S2P/AccuP_1210/C1210SE8r2.s2p,1210,,,,8.2,8R2,100,1,0 ±30 ppm/°C,J,±0.1 pF,B,Thin-film SiO2 / SiON (silicon dioxide / silicon oxynitride) on Alumina (Al2O3) substrate,"Nickel/High Temp Solder Coated (Sn96, Ag4)",T,Tape & Reel,,Accu-P (Kyocera AVX),
12101J9R1BBTTR,AccuP-1210_S2P/AccuP_1210/C1210SE9r1.s2p,1210,,,,9.1,9R1,100,1,0 ±30 ppm/°C,J,±0.1 pF,B,Thin-film SiO2 / SiON (silicon dioxide / silicon oxynitride) on Alumina (Al2O3) substrate,"Nickel/High Temp Solder Coated (Sn96, Ag4)",T,Tape & Reel,,Accu-P (Kyocera AVX),
