"Part Number","Product Status","Specific Applications","Characteristic","Recommended Applications","Appearance","Size code in mm(inch)","Thickness(max.)","Inductance","Rated Current (Temperature Rise) / Max.","Rated Current (Temperature Rise) / Typ.","Rated Current (L Change) / Max.","Rated Current (L Change) / Typ.","DC Resistance(max.)","Self-resonant frequency(min.)","Maximum operating temperature","Applicable circuit classification","Series","Brand","Rated Current","Downloadable"
"LQW15AN10NG80#","In Production","CE×Consumer equipment,IeT×Industrial equipment except for transportation & facility & energy equipment,MeS×Medical equipment [GHTF A/B/C] except for implant & surgery & auto injector","Up to 125℃,Wire wound type (Non mag),Low Rdc,Tight,Reflow soldering,HiQtype,ComplieswithRoHS,ComplieswithREACH","Consumer equipment","Appearance","1005/0402","0.6mm","10nH ±2%","1,400mA",,,,"0.081Ω","6GHz","125℃","High frequency circuits","LQW15AN_80","Murata",,
"LQW15AN10NJ80#","In Production","CE×Consumer equipment,IeT×Industrial equipment except for transportation & facility & energy equipment,MeS×Medical equipment [GHTF A/B/C] except for implant & surgery & auto injector","Up to 125℃,Wire wound type (Non mag),Low Rdc,Reflow soldering,HiQtype,ComplieswithRoHS,ComplieswithREACH","Consumer equipment","Appearance","1005/0402","0.6mm","10nH ±5%","1,400mA",,,,"0.081Ω","6GHz","125℃","High frequency circuits","LQW15AN_80","Murata",,
"LQW15AN11NG80#","In Production","CE×Consumer equipment,IeT×Industrial equipment except for transportation & facility & energy equipment,MeS×Medical equipment [GHTF A/B/C] except for implant & surgery & auto injector","Up to 125℃,Wire wound type (Non mag),Low Rdc,Tight,Reflow soldering,HiQtype,ComplieswithRoHS,ComplieswithREACH","Consumer equipment","Appearance","1005/0402","0.6mm","11nH ±2%","1,400mA",,,,"0.083Ω","6.2GHz","125℃","High frequency circuits","LQW15AN_80","Murata",,
"LQW15AN11NJ80#","In Production","CE×Consumer equipment,IeT×Industrial equipment except for transportation & facility & energy equipment,MeS×Medical equipment [GHTF A/B/C] except for implant & surgery & auto injector","Up to 125℃,Wire wound type (Non mag),Low Rdc,Reflow soldering,HiQtype,ComplieswithRoHS,ComplieswithREACH","Consumer equipment","Appearance","1005/0402","0.6mm","11nH ±5%","1,400mA",,,,"0.083Ω","6.2GHz","125℃","High frequency circuits","LQW15AN_80","Murata",,
"LQW15AN12NG80#","In Production","CE×Consumer equipment,IeT×Industrial equipment except for transportation & facility & energy equipment,MeS×Medical equipment [GHTF A/B/C] except for implant & surgery & auto injector","Up to 125℃,Wire wound type (Non mag),Low Rdc,Tight,Reflow soldering,HiQtype,ComplieswithRoHS,ComplieswithREACH","Consumer equipment","Appearance","1005/0402","0.6mm","12nH ±2%","1,240mA",,,,"0.093Ω","5.2GHz","125℃","High frequency circuits","LQW15AN_80","Murata",,
"LQW15AN12NJ80#","In Production","CE×Consumer equipment,IeT×Industrial equipment except for transportation & facility & energy equipment,MeS×Medical equipment [GHTF A/B/C] except for implant & surgery & auto injector","Up to 125℃,Wire wound type (Non mag),Low Rdc,Reflow soldering,HiQtype,ComplieswithRoHS,ComplieswithREACH","Consumer equipment","Appearance","1005/0402","0.6mm","12nH ±5%","1,240mA",,,,"0.093Ω","5.2GHz","125℃","High frequency circuits","LQW15AN_80","Murata",,
"LQW15AN13NG80#","In Production","CE×Consumer equipment,IeT×Industrial equipment except for transportation & facility & energy equipment,MeS×Medical equipment [GHTF A/B/C] except for implant & surgery & auto injector","Up to 125℃,Wire wound type (Non mag),Low Rdc,Tight,Reflow soldering,HiQtype,ComplieswithRoHS,ComplieswithREACH","Consumer equipment","Appearance","1005/0402","0.6mm","13nH ±2%","1,240mA",,,,"0.093Ω","5.2GHz","125℃","High frequency circuits","LQW15AN_80","Murata",,
"LQW15AN13NJ80#","In Production","CE×Consumer equipment,IeT×Industrial equipment except for transportation & facility & energy equipment,MeS×Medical equipment [GHTF A/B/C] except for implant & surgery & auto injector","Up to 125℃,Wire wound type (Non mag),Low Rdc,Reflow soldering,HiQtype,ComplieswithRoHS,ComplieswithREACH","Consumer equipment","Appearance","1005/0402","0.6mm","13nH ±5%","1,240mA",,,,"0.093Ω","5.2GHz","125℃","High frequency circuits","LQW15AN_80","Murata",,
"LQW15AN14NG80#","In Production","CE×Consumer equipment,IeT×Industrial equipment except for transportation & facility & energy equipment,MeS×Medical equipment [GHTF A/B/C] except for implant & surgery & auto injector","Up to 125℃,Wire wound type (Non mag),Low Rdc,Tight,Reflow soldering,HiQtype,ComplieswithRoHS,ComplieswithREACH","Consumer equipment","Appearance","1005/0402","0.6mm","14nH ±2%","1,150mA",,,,"0.111Ω","5.2GHz","125℃","High frequency circuits","LQW15AN_80","Murata",,
"LQW15AN14NJ80#","In Production","CE×Consumer equipment,IeT×Industrial equipment except for transportation & facility & energy equipment,MeS×Medical equipment [GHTF A/B/C] except for implant & surgery & auto injector","Up to 125℃,Wire wound type (Non mag),Low Rdc,Reflow soldering,HiQtype,ComplieswithRoHS,ComplieswithREACH","Consumer equipment","Appearance","1005/0402","0.6mm","14nH ±5%","1,150mA",,,,"0.111Ω","5.2GHz","125℃","High frequency circuits","LQW15AN_80","Murata",,
"LQW15AN15NG80#","In Production","CE×Consumer equipment,IeT×Industrial equipment except for transportation & facility & energy equipment,MeS×Medical equipment [GHTF A/B/C] except for implant & surgery & auto injector","Up to 125℃,Wire wound type (Non mag),Low Rdc,Tight,Reflow soldering,HiQtype,ComplieswithRoHS,ComplieswithREACH","Consumer equipment","Appearance","1005/0402","0.6mm","15nH ±2%","1,150mA",,,,"0.114Ω","5.5GHz","125℃","High frequency circuits","LQW15AN_80","Murata",,
"LQW15AN15NJ80#","In Production","CE×Consumer equipment,IeT×Industrial equipment except for transportation & facility & energy equipment,MeS×Medical equipment [GHTF A/B/C] except for implant & surgery & auto injector","Up to 125℃,Wire wound type (Non mag),Low Rdc,Reflow soldering,HiQtype,ComplieswithRoHS,ComplieswithREACH","Consumer equipment","Appearance","1005/0402","0.6mm","15nH ±5%","1,150mA",,,,"0.114Ω","5.5GHz","125℃","High frequency circuits","LQW15AN_80","Murata",,
"LQW15AN16NG80#","In Production","CE×Consumer equipment,IeT×Industrial equipment except for transportation & facility & energy equipment,MeS×Medical equipment [GHTF A/B/C] except for implant & surgery & auto injector","Up to 125℃,Wire wound type (Non mag),Low Rdc,Tight,Reflow soldering,HiQtype,ComplieswithRoHS,ComplieswithREACH","Consumer equipment","Appearance","1005/0402","0.6mm","16nH ±2%","1,000mA",,,,"0.126Ω","5GHz","125℃","High frequency circuits","LQW15AN_80","Murata",,
"LQW15AN16NJ80#","In Production","CE×Consumer equipment,IeT×Industrial equipment except for transportation & facility & energy equipment,MeS×Medical equipment [GHTF A/B/C] except for implant & surgery & auto injector","Up to 125℃,Wire wound type (Non mag),Low Rdc,Reflow soldering,HiQtype,ComplieswithRoHS,ComplieswithREACH","Consumer equipment","Appearance","1005/0402","0.6mm","16nH ±5%","1,000mA",,,,"0.126Ω","5GHz","125℃","High frequency circuits","LQW15AN_80","Murata",,
"LQW15AN17NG80#","In Production","CE×Consumer equipment,IeT×Industrial equipment except for transportation & facility & energy equipment,MeS×Medical equipment [GHTF A/B/C] except for implant & surgery & auto injector","Up to 125℃,Wire wound type (Non mag),Low Rdc,Tight,Reflow soldering,HiQtype,ComplieswithRoHS,ComplieswithREACH","Consumer equipment","Appearance","1005/0402","0.6mm","17nH ±2%","1,000mA",,,,"0.126Ω","5GHz","125℃","High frequency circuits","LQW15AN_80","Murata",,
"LQW15AN17NJ80#","In Production","CE×Consumer equipment,IeT×Industrial equipment except for transportation & facility & energy equipment,MeS×Medical equipment [GHTF A/B/C] except for implant & surgery & auto injector","Up to 125℃,Wire wound type (Non mag),Low Rdc,Reflow soldering,HiQtype,ComplieswithRoHS,ComplieswithREACH","Consumer equipment","Appearance","1005/0402","0.6mm","17nH ±5%","1,000mA",,,,"0.126Ω","5GHz","125℃","High frequency circuits","LQW15AN_80","Murata",,
"LQW15AN18NG80#","In Production","CE×Consumer equipment,IeT×Industrial equipment except for transportation & facility & energy equipment,MeS×Medical equipment [GHTF A/B/C] except for implant & surgery & auto injector","Up to 125℃,Wire wound type (Non mag),Low Rdc,Tight,Reflow soldering,HiQtype,ComplieswithRoHS,ComplieswithREACH","Consumer equipment","Appearance","1005/0402","0.6mm","18nH ±2%","1,050mA",,,,"0.13Ω","5.2GHz","125℃","High frequency circuits","LQW15AN_80","Murata",,
"LQW15AN18NJ80#","In Production","CE×Consumer equipment,IeT×Industrial equipment except for transportation & facility & energy equipment,MeS×Medical equipment [GHTF A/B/C] except for implant & surgery & auto injector","Up to 125℃,Wire wound type (Non mag),Low Rdc,Reflow soldering,HiQtype,ComplieswithRoHS,ComplieswithREACH","Consumer equipment","Appearance","1005/0402","0.6mm","18nH ±5%","1,050mA",,,,"0.13Ω","5.2GHz","125℃","High frequency circuits","LQW15AN_80","Murata",,
"LQW15AN19NG80#","In Production","CE×Consumer equipment,IeT×Industrial equipment except for transportation & facility & energy equipment,MeS×Medical equipment [GHTF A/B/C] except for implant & surgery & auto injector","Up to 125℃,Wire wound type (Non mag),Low Rdc,Tight,Reflow soldering,HiQtype,ComplieswithRoHS,ComplieswithREACH","Consumer equipment","Appearance","1005/0402","0.6mm","19nH ±2%","920mA",,,,"0.156Ω","5GHz","125℃","High frequency circuits","LQW15AN_80","Murata",,
"LQW15AN19NJ80#","In Production","CE×Consumer equipment,IeT×Industrial equipment except for transportation & facility & energy equipment,MeS×Medical equipment [GHTF A/B/C] except for implant & surgery & auto injector","Up to 125℃,Wire wound type (Non mag),Low Rdc,Reflow soldering,HiQtype,ComplieswithRoHS,ComplieswithREACH","Consumer equipment","Appearance","1005/0402","0.6mm","19nH ±5%","920mA",,,,"0.156Ω","5GHz","125℃","High frequency circuits","LQW15AN_80","Murata",,
"LQW15AN1N3C80#","In Production","CE×Consumer equipment,IeT×Industrial equipment except for transportation & facility & energy equipment,MeS×Medical equipment [GHTF A/B/C] except for implant & surgery & auto injector","Up to 125℃,Wire wound type (Non mag),Low Rdc,Reflow soldering,HiQtype,ComplieswithRoHS,ComplieswithREACH","Consumer equipment","Appearance","1005/0402","0.6mm","1.3nH ±0.2nH","3,150mA",,,,"0.012Ω","18GHz","125℃","High frequency circuits","LQW15AN_80","Murata",,
"LQW15AN1N3D80#","In Production","CE×Consumer equipment,IeT×Industrial equipment except for transportation & facility & energy equipment,MeS×Medical equipment [GHTF A/B/C] except for implant & surgery & auto injector","Up to 125℃,Wire wound type (Non mag),Low Rdc,Reflow soldering,HiQtype,ComplieswithRoHS,ComplieswithREACH","Consumer equipment","Appearance","1005/0402","0.6mm","1.3nH ±0.5nH","3,150mA",,,,"0.012Ω","18GHz","125℃","High frequency circuits","LQW15AN_80","Murata",,
"LQW15AN1N5C80#","In Production","CE×Consumer equipment,IeT×Industrial equipment except for transportation & facility & energy equipment,MeS×Medical equipment [GHTF A/B/C] except for implant & surgery & auto injector","Up to 125℃,Wire wound type (Non mag),Low Rdc,Reflow soldering,HiQtype,ComplieswithRoHS,ComplieswithREACH","Consumer equipment","Appearance","1005/0402","0.6mm","1.5nH ±0.2nH","2,100mA",,,,"0.028Ω","18GHz","125℃","High frequency circuits","LQW15AN_80","Murata",,
"LQW15AN1N5D80#","In Production","CE×Consumer equipment,IeT×Industrial equipment except for transportation & facility & energy equipment,MeS×Medical equipment [GHTF A/B/C] except for implant & surgery & auto injector","Up to 125℃,Wire wound type (Non mag),Low Rdc,Reflow soldering,HiQtype,ComplieswithRoHS,ComplieswithREACH","Consumer equipment","Appearance","1005/0402","0.6mm","1.5nH ±0.5nH","2,100mA",,,,"0.028Ω","18GHz","125℃","High frequency circuits","LQW15AN_80","Murata",,
"LQW15AN1N6C80#","In Production","CE×Consumer equipment,IeT×Industrial equipment except for transportation & facility & energy equipment,MeS×Medical equipment [GHTF A/B/C] except for implant & surgery & auto injector","Up to 125℃,Wire wound type (Non mag),Low Rdc,Reflow soldering,HiQtype,ComplieswithRoHS,ComplieswithREACH","Consumer equipment","Appearance","1005/0402","0.6mm","1.6nH ±0.2nH","1,450mA",,,,"0.045Ω","18GHz","125℃","High frequency circuits","LQW15AN_80","Murata",,
"LQW15AN1N6D80#","In Production","CE×Consumer equipment,IeT×Industrial equipment except for transportation & facility & energy equipment,MeS×Medical equipment [GHTF A/B/C] except for implant & surgery & auto injector","Up to 125℃,Wire wound type (Non mag),Low Rdc,Reflow soldering,HiQtype,ComplieswithRoHS,ComplieswithREACH","Consumer equipment","Appearance","1005/0402","0.6mm","1.6nH ±0.5nH","1,450mA",,,,"0.045Ω","18GHz","125℃","High frequency circuits","LQW15AN_80","Murata",,
"LQW15AN1N7C80#","In Production","CE×Consumer equipment,IeT×Industrial equipment except for transportation & facility & energy equipment,MeS×Medical equipment [GHTF A/B/C] except for implant & surgery & auto injector","Up to 125℃,Wire wound type (Non mag),Low Rdc,Reflow soldering,HiQtype,ComplieswithRoHS,ComplieswithREACH","Consumer equipment","Appearance","1005/0402","0.6mm","1.7nH ±0.2nH","1,150mA",,,,"0.065Ω","18GHz","125℃","High frequency circuits","LQW15AN_80","Murata",,
"LQW15AN1N7D80#","In Production","CE×Consumer equipment,IeT×Industrial equipment except for transportation & facility & energy equipment,MeS×Medical equipment [GHTF A/B/C] except for implant & surgery & auto injector","Up to 125℃,Wire wound type (Non mag),Low Rdc,Reflow soldering,HiQtype,ComplieswithRoHS,ComplieswithREACH","Consumer equipment","Appearance","1005/0402","0.6mm","1.7nH ±0.5nH","1,150mA",,,,"0.065Ω","18GHz","125℃","High frequency circuits","LQW15AN_80","Murata",,
"LQW15AN20NG80#","In Production","CE×Consumer equipment,IeT×Industrial equipment except for transportation & facility & energy equipment,MeS×Medical equipment [GHTF A/B/C] except for implant & surgery & auto injector","Up to 125℃,Wire wound type (Non mag),Low Rdc,Tight,Reflow soldering,HiQtype,ComplieswithRoHS,ComplieswithREACH","Consumer equipment","Appearance","1005/0402","0.6mm","20nH ±2%","800mA",,,,"0.186Ω","4.5GHz","125℃","High frequency circuits","LQW15AN_80","Murata",,
"LQW15AN20NJ80#","In Production","CE×Consumer equipment,IeT×Industrial equipment except for transportation & facility & energy equipment,MeS×Medical equipment [GHTF A/B/C] except for implant & surgery & auto injector","Up to 125℃,Wire wound type (Non mag),Low Rdc,Reflow soldering,HiQtype,ComplieswithRoHS,ComplieswithREACH","Consumer equipment","Appearance","1005/0402","0.6mm","20nH ±5%","800mA",,,,"0.186Ω","4.5GHz","125℃","High frequency circuits","LQW15AN_80","Murata",,
"LQW15AN21NG80#","In Production","CE×Consumer equipment,IeT×Industrial equipment except for transportation & facility & energy equipment,MeS×Medical equipment [GHTF A/B/C] except for implant & surgery & auto injector","Up to 125℃,Wire wound type (Non mag),Low Rdc,Tight,Reflow soldering,HiQtype,ComplieswithRoHS,ComplieswithREACH","Consumer equipment","Appearance","1005/0402","0.6mm","21nH ±2%","780mA",,,,"0.202Ω","4.5GHz","125℃","High frequency circuits","LQW15AN_80","Murata",,
"LQW15AN21NJ80#","In Production","CE×Consumer equipment,IeT×Industrial equipment except for transportation & facility & energy equipment,MeS×Medical equipment [GHTF A/B/C] except for implant & surgery & auto injector","Up to 125℃,Wire wound type (Non mag),Low Rdc,Reflow soldering,HiQtype,ComplieswithRoHS,ComplieswithREACH","Consumer equipment","Appearance","1005/0402","0.6mm","21nH ±5%","780mA",,,,"0.202Ω","4.5GHz","125℃","High frequency circuits","LQW15AN_80","Murata",,
"LQW15AN22NG80#","In Production","CE×Consumer equipment,IeT×Industrial equipment except for transportation & facility & energy equipment,MeS×Medical equipment [GHTF A/B/C] except for implant & surgery & auto injector","Up to 125℃,Wire wound type (Non mag),Low Rdc,Tight,Reflow soldering,HiQtype,ComplieswithRoHS,ComplieswithREACH","Consumer equipment","Appearance","1005/0402","0.6mm","22nH ±2%","780mA",,,,"0.202Ω","4.5GHz","125℃","High frequency circuits","LQW15AN_80","Murata",,
"LQW15AN22NJ80#","In Production","CE×Consumer equipment,IeT×Industrial equipment except for transportation & facility & energy equipment,MeS×Medical equipment [GHTF A/B/C] except for implant & surgery & auto injector","Up to 125℃,Wire wound type (Non mag),Low Rdc,Reflow soldering,HiQtype,ComplieswithRoHS,ComplieswithREACH","Consumer equipment","Appearance","1005/0402","0.6mm","22nH ±5%","780mA",,,,"0.202Ω","4.5GHz","125℃","High frequency circuits","LQW15AN_80","Murata",,
"LQW15AN23NG80#","In Production","CE×Consumer equipment,IeT×Industrial equipment except for transportation & facility & energy equipment,MeS×Medical equipment [GHTF A/B/C] except for implant & surgery & auto injector","Up to 125℃,Wire wound type (Non mag),Low Rdc,Tight,Reflow soldering,HiQtype,ComplieswithRoHS,ComplieswithREACH","Consumer equipment","Appearance","1005/0402","0.6mm","23nH ±2%","760mA",,,,"0.201Ω","4.5GHz","125℃","High frequency circuits","LQW15AN_80","Murata",,
"LQW15AN23NJ80#","In Production","CE×Consumer equipment,IeT×Industrial equipment except for transportation & facility & energy equipment,MeS×Medical equipment [GHTF A/B/C] except for implant & surgery & auto injector","Up to 125℃,Wire wound type (Non mag),Low Rdc,Reflow soldering,HiQtype,ComplieswithRoHS,ComplieswithREACH","Consumer equipment","Appearance","1005/0402","0.6mm","23nH ±5%","760mA",,,,"0.201Ω","4.5GHz","125℃","High frequency circuits","LQW15AN_80","Murata",,
"LQW15AN24NG80#","In Production","CE×Consumer equipment,IeT×Industrial equipment except for transportation & facility & energy equipment,MeS×Medical equipment [GHTF A/B/C] except for implant & surgery & auto injector","Up to 125℃,Wire wound type (Non mag),Low Rdc,Tight,Reflow soldering,HiQtype,ComplieswithRoHS,ComplieswithREACH","Consumer equipment","Appearance","1005/0402","0.6mm","24nH ±2%","770mA",,,,"0.212Ω","4GHz","125℃","High frequency circuits","LQW15AN_80","Murata",,
"LQW15AN24NJ80#","In Production","CE×Consumer equipment,IeT×Industrial equipment except for transportation & facility & energy equipment,MeS×Medical equipment [GHTF A/B/C] except for implant & surgery & auto injector","Up to 125℃,Wire wound type (Non mag),Low Rdc,Reflow soldering,HiQtype,ComplieswithRoHS,ComplieswithREACH","Consumer equipment","Appearance","1005/0402","0.6mm","24nH ±5%","770mA",,,,"0.212Ω","4GHz","125℃","High frequency circuits","LQW15AN_80","Murata",,
"LQW15AN25NG80#","In Production","CE×Consumer equipment,IeT×Industrial equipment except for transportation & facility & energy equipment,MeS×Medical equipment [GHTF A/B/C] except for implant & surgery & auto injector","Up to 125℃,Wire wound type (Non mag),Low Rdc,Tight,Reflow soldering,HiQtype,ComplieswithRoHS,ComplieswithREACH","Consumer equipment","Appearance","1005/0402","0.6mm","25nH ±2%","750mA",,,,"0.221Ω","4.1GHz","125℃","High frequency circuits","LQW15AN_80","Murata",,
"LQW15AN25NJ80#","In Production","CE×Consumer equipment,IeT×Industrial equipment except for transportation & facility & energy equipment,MeS×Medical equipment [GHTF A/B/C] except for implant & surgery & auto injector","Up to 125℃,Wire wound type (Non mag),Low Rdc,Reflow soldering,HiQtype,ComplieswithRoHS,ComplieswithREACH","Consumer equipment","Appearance","1005/0402","0.6mm","25nH ±5%","750mA",,,,"0.221Ω","4.1GHz","125℃","High frequency circuits","LQW15AN_80","Murata",,
"LQW15AN26NG80#","In Production","CE×Consumer equipment,IeT×Industrial equipment except for transportation & facility & energy equipment,MeS×Medical equipment [GHTF A/B/C] except for implant & surgery & auto injector","Up to 125℃,Wire wound type (Non mag),Low Rdc,Tight,Reflow soldering,HiQtype,ComplieswithRoHS,ComplieswithREACH","Consumer equipment","Appearance","1005/0402","0.6mm","26nH ±2%","720mA",,,,"0.282Ω","4.1GHz","125℃","High frequency circuits","LQW15AN_80","Murata",,
"LQW15AN26NJ80#","In Production","CE×Consumer equipment,IeT×Industrial equipment except for transportation & facility & energy equipment,MeS×Medical equipment [GHTF A/B/C] except for implant & surgery & auto injector","Up to 125℃,Wire wound type (Non mag),Low Rdc,Reflow soldering,HiQtype,ComplieswithRoHS,ComplieswithREACH","Consumer equipment","Appearance","1005/0402","0.6mm","26nH ±5%","720mA",,,,"0.282Ω","4.1GHz","125℃","High frequency circuits","LQW15AN_80","Murata",,
"LQW15AN27NG80#","In Production","CE×Consumer equipment,IeT×Industrial equipment except for transportation & facility & energy equipment,MeS×Medical equipment [GHTF A/B/C] except for implant & surgery & auto injector","Up to 125℃,Wire wound type (Non mag),Low Rdc,Tight,Reflow soldering,HiQtype,ComplieswithRoHS,ComplieswithREACH","Consumer equipment","Appearance","1005/0402","0.6mm","27nH ±2%","680mA",,,,"0.288Ω","4GHz","125℃","High frequency circuits","LQW15AN_80","Murata",,
"LQW15AN27NJ80#","In Production","CE×Consumer equipment,IeT×Industrial equipment except for transportation & facility & energy equipment,MeS×Medical equipment [GHTF A/B/C] except for implant & surgery & auto injector","Up to 125℃,Wire wound type (Non mag),Low Rdc,Reflow soldering,HiQtype,ComplieswithRoHS,ComplieswithREACH","Consumer equipment","Appearance","1005/0402","0.6mm","27nH ±5%","680mA",,,,"0.288Ω","4GHz","125℃","High frequency circuits","LQW15AN_80","Murata",,
"LQW15AN2N2B80#","In Production","CE×Consumer equipment,IeT×Industrial equipment except for transportation & facility & energy equipment,MeS×Medical equipment [GHTF A/B/C] except for implant & surgery & auto injector","Up to 125℃,Wire wound type (Non mag),Low Rdc,Tight,Reflow soldering,HiQtype,ComplieswithRoHS,ComplieswithREACH","Consumer equipment","Appearance","1005/0402","0.6mm","2.2nH ±0.1nH","2,530mA",,,,"0.022Ω","15.5GHz","125℃","High frequency circuits","LQW15AN_80","Murata",,
"LQW15AN2N2C80#","In Production","CE×Consumer equipment,IeT×Industrial equipment except for transportation & facility & energy equipment,MeS×Medical equipment [GHTF A/B/C] except for implant & surgery & auto injector","Up to 125℃,Wire wound type (Non mag),Low Rdc,Reflow soldering,HiQtype,ComplieswithRoHS,ComplieswithREACH","Consumer equipment","Appearance","1005/0402","0.6mm","2.2nH ±0.2nH","2,530mA",,,,"0.022Ω","15.5GHz","125℃","High frequency circuits","LQW15AN_80","Murata",,
"LQW15AN2N2D80#","In Production","CE×Consumer equipment,IeT×Industrial equipment except for transportation & facility & energy equipment,MeS×Medical equipment [GHTF A/B/C] except for implant & surgery & auto injector","Up to 125℃,Wire wound type (Non mag),Low Rdc,Reflow soldering,HiQtype,ComplieswithRoHS,ComplieswithREACH","Consumer equipment","Appearance","1005/0402","0.6mm","2.2nH ±0.5nH","2,530mA",,,,"0.022Ω","15.5GHz","125℃","High frequency circuits","LQW15AN_80","Murata",,
"LQW15AN2N2G80#","In Production","CE×Consumer equipment,IeT×Industrial equipment except for transportation & facility & energy equipment,MeS×Medical equipment [GHTF A/B/C] except for implant & surgery & auto injector","Up to 125℃,Wire wound type (Non mag),Low Rdc,Tight,Reflow soldering,HiQtype,ComplieswithRoHS,ComplieswithREACH","Consumer equipment","Appearance","1005/0402","0.6mm","2.2nH ±2%","2,530mA",,,,"0.022Ω","15.5GHz","125℃","High frequency circuits","LQW15AN_80","Murata",,
"LQW15AN2N3B80#","In Production","CE×Consumer equipment,IeT×Industrial equipment except for transportation & facility & energy equipment,MeS×Medical equipment [GHTF A/B/C] except for implant & surgery & auto injector","Up to 125℃,Wire wound type (Non mag),Low Rdc,Tight,Reflow soldering,HiQtype,ComplieswithRoHS,ComplieswithREACH","Consumer equipment","Appearance","1005/0402","0.6mm","2.3nH ±0.1nH","2,530mA",,,,"0.022Ω","15.5GHz","125℃","High frequency circuits","LQW15AN_80","Murata",,
"LQW15AN2N3C80#","In Production","CE×Consumer equipment,IeT×Industrial equipment except for transportation & facility & energy equipment,MeS×Medical equipment [GHTF A/B/C] except for implant & surgery & auto injector","Up to 125℃,Wire wound type (Non mag),Low Rdc,Reflow soldering,HiQtype,ComplieswithRoHS,ComplieswithREACH","Consumer equipment","Appearance","1005/0402","0.6mm","2.3nH ±0.2nH","2,530mA",,,,"0.022Ω","15.5GHz","125℃","High frequency circuits","LQW15AN_80","Murata",,
"LQW15AN2N3D80#","In Production","CE×Consumer equipment,IeT×Industrial equipment except for transportation & facility & energy equipment,MeS×Medical equipment [GHTF A/B/C] except for implant & surgery & auto injector","Up to 125℃,Wire wound type (Non mag),Low Rdc,Reflow soldering,HiQtype,ComplieswithRoHS,ComplieswithREACH","Consumer equipment","Appearance","1005/0402","0.6mm","2.3nH ±0.5nH","2,530mA",,,,"0.022Ω","15.5GHz","125℃","High frequency circuits","LQW15AN_80","Murata",,
"LQW15AN2N3G80#","In Production","CE×Consumer equipment,IeT×Industrial equipment except for transportation & facility & energy equipment,MeS×Medical equipment [GHTF A/B/C] except for implant & surgery & auto injector","Up to 125℃,Wire wound type (Non mag),Low Rdc,Tight,Reflow soldering,HiQtype,ComplieswithRoHS,ComplieswithREACH","Consumer equipment","Appearance","1005/0402","0.6mm","2.3nH ±2%","2,530mA",,,,"0.022Ω","15.5GHz","125℃","High frequency circuits","LQW15AN_80","Murata",,
"LQW15AN2N4B80#","In Production","CE×Consumer equipment,IeT×Industrial equipment except for transportation & facility & energy equipment,MeS×Medical equipment [GHTF A/B/C] except for implant & surgery & auto injector","Up to 125℃,Wire wound type (Non mag),Low Rdc,Tight,Reflow soldering,HiQtype,ComplieswithRoHS,ComplieswithREACH","Consumer equipment","Appearance","1005/0402","0.6mm","2.4nH ±0.1nH","2,530mA",,,,"0.022Ω","15.5GHz","125℃","High frequency circuits","LQW15AN_80","Murata",,
"LQW15AN2N4C80#","In Production","CE×Consumer equipment,IeT×Industrial equipment except for transportation & facility & energy equipment,MeS×Medical equipment [GHTF A/B/C] except for implant & surgery & auto injector","Up to 125℃,Wire wound type (Non mag),Low Rdc,Reflow soldering,HiQtype,ComplieswithRoHS,ComplieswithREACH","Consumer equipment","Appearance","1005/0402","0.6mm","2.4nH ±0.2nH","2,530mA",,,,"0.022Ω","15.5GHz","125℃","High frequency circuits","LQW15AN_80","Murata",,
"LQW15AN2N4D80#","In Production","CE×Consumer equipment,IeT×Industrial equipment except for transportation & facility & energy equipment,MeS×Medical equipment [GHTF A/B/C] except for implant & surgery & auto injector","Up to 125℃,Wire wound type (Non mag),Low Rdc,Reflow soldering,HiQtype,ComplieswithRoHS,ComplieswithREACH","Consumer equipment","Appearance","1005/0402","0.6mm","2.4nH ±0.5nH","2,530mA",,,,"0.022Ω","15.5GHz","125℃","High frequency circuits","LQW15AN_80","Murata",,
"LQW15AN2N4G80#","In Production","CE×Consumer equipment,IeT×Industrial equipment except for transportation & facility & energy equipment,MeS×Medical equipment [GHTF A/B/C] except for implant & surgery & auto injector","Up to 125℃,Wire wound type (Non mag),Low Rdc,Tight,Reflow soldering,HiQtype,ComplieswithRoHS,ComplieswithREACH","Consumer equipment","Appearance","1005/0402","0.6mm","2.4nH ±2%","2,530mA",,,,"0.022Ω","15.5GHz","125℃","High frequency circuits","LQW15AN_80","Murata",,
"LQW15AN2N5B80#","In Production","CE×Consumer equipment,IeT×Industrial equipment except for transportation & facility & energy equipment,MeS×Medical equipment [GHTF A/B/C] except for implant & surgery & auto injector","Up to 125℃,Wire wound type (Non mag),Low Rdc,Tight,Reflow soldering,HiQtype,ComplieswithRoHS,ComplieswithREACH","Consumer equipment","Appearance","1005/0402","0.6mm","2.5nH ±0.1nH","2,100mA",,,,"0.03Ω","15.5GHz","125℃","High frequency circuits","LQW15AN_80","Murata",,
"LQW15AN2N5C80#","In Production","CE×Consumer equipment,IeT×Industrial equipment except for transportation & facility & energy equipment,MeS×Medical equipment [GHTF A/B/C] except for implant & surgery & auto injector","Up to 125℃,Wire wound type (Non mag),Low Rdc,Reflow soldering,HiQtype,ComplieswithRoHS,ComplieswithREACH","Consumer equipment","Appearance","1005/0402","0.6mm","2.5nH ±0.2nH","2,100mA",,,,"0.03Ω","15.5GHz","125℃","High frequency circuits","LQW15AN_80","Murata",,
"LQW15AN2N5D80#","In Production","CE×Consumer equipment,IeT×Industrial equipment except for transportation & facility & energy equipment,MeS×Medical equipment [GHTF A/B/C] except for implant & surgery & auto injector","Up to 125℃,Wire wound type (Non mag),Low Rdc,Reflow soldering,HiQtype,ComplieswithRoHS,ComplieswithREACH","Consumer equipment","Appearance","1005/0402","0.6mm","2.5nH ±0.5nH","2,100mA",,,,"0.03Ω","15.5GHz","125℃","High frequency circuits","LQW15AN_80","Murata",,
"LQW15AN2N5G80#","In Production","CE×Consumer equipment,IeT×Industrial equipment except for transportation & facility & energy equipment,MeS×Medical equipment [GHTF A/B/C] except for implant & surgery & auto injector","Up to 125℃,Wire wound type (Non mag),Low Rdc,Tight,Reflow soldering,HiQtype,ComplieswithRoHS,ComplieswithREACH","Consumer equipment","Appearance","1005/0402","0.6mm","2.5nH ±2%","2,100mA",,,,"0.03Ω","15.5GHz","125℃","High frequency circuits","LQW15AN_80","Murata",,
"LQW15AN2N6B80#","In Production","CE×Consumer equipment,IeT×Industrial equipment except for transportation & facility & energy equipment,MeS×Medical equipment [GHTF A/B/C] except for implant & surgery & auto injector","Up to 125℃,Wire wound type (Non mag),Low Rdc,Tight,Reflow soldering,HiQtype,ComplieswithRoHS,ComplieswithREACH","Consumer equipment","Appearance","1005/0402","0.6mm","2.6nH ±0.1nH","1,950mA",,,,"0.035Ω","14.5GHz","125℃","High frequency circuits","LQW15AN_80","Murata",,
"LQW15AN2N6C80#","In Production","CE×Consumer equipment,IeT×Industrial equipment except for transportation & facility & energy equipment,MeS×Medical equipment [GHTF A/B/C] except for implant & surgery & auto injector","Up to 125℃,Wire wound type (Non mag),Low Rdc,Reflow soldering,HiQtype,ComplieswithRoHS,ComplieswithREACH","Consumer equipment","Appearance","1005/0402","0.6mm","2.6nH ±0.2nH","1,950mA",,,,"0.035Ω","14.5GHz","125℃","High frequency circuits","LQW15AN_80","Murata",,
"LQW15AN2N6D80#","In Production","CE×Consumer equipment,IeT×Industrial equipment except for transportation & facility & energy equipment,MeS×Medical equipment [GHTF A/B/C] except for implant & surgery & auto injector","Up to 125℃,Wire wound type (Non mag),Low Rdc,Reflow soldering,HiQtype,ComplieswithRoHS,ComplieswithREACH","Consumer equipment","Appearance","1005/0402","0.6mm","2.6nH ±0.5nH","1,950mA",,,,"0.035Ω","14.5GHz","125℃","High frequency circuits","LQW15AN_80","Murata",,
"LQW15AN2N6G80#","In Production","CE×Consumer equipment,IeT×Industrial equipment except for transportation & facility & energy equipment,MeS×Medical equipment [GHTF A/B/C] except for implant & surgery & auto injector","Up to 125℃,Wire wound type (Non mag),Low Rdc,Tight,Reflow soldering,HiQtype,ComplieswithRoHS,ComplieswithREACH","Consumer equipment","Appearance","1005/0402","0.6mm","2.6nH ±2%","1,950mA",,,,"0.035Ω","14.5GHz","125℃","High frequency circuits","LQW15AN_80","Murata",,
"LQW15AN2N7B80#","In Production","CE×Consumer equipment,IeT×Industrial equipment except for transportation & facility & energy equipment,MeS×Medical equipment [GHTF A/B/C] except for implant & surgery & auto injector","Up to 125℃,Wire wound type (Non mag),Low Rdc,Tight,Reflow soldering,HiQtype,ComplieswithRoHS,ComplieswithREACH","Consumer equipment","Appearance","1005/0402","0.6mm","2.7nH ±0.1nH","1,500mA",,,,"0.047Ω","14GHz","125℃","High frequency circuits","LQW15AN_80","Murata",,
"LQW15AN2N7C80#","In Production","CE×Consumer equipment,IeT×Industrial equipment except for transportation & facility & energy equipment,MeS×Medical equipment [GHTF A/B/C] except for implant & surgery & auto injector","Up to 125℃,Wire wound type (Non mag),Low Rdc,Reflow soldering,HiQtype,ComplieswithRoHS,ComplieswithREACH","Consumer equipment","Appearance","1005/0402","0.6mm","2.7nH ±0.2nH","1,500mA",,,,"0.047Ω","14GHz","125℃","High frequency circuits","LQW15AN_80","Murata",,
"LQW15AN2N7D80#","In Production","CE×Consumer equipment,IeT×Industrial equipment except for transportation & facility & energy equipment,MeS×Medical equipment [GHTF A/B/C] except for implant & surgery & auto injector","Up to 125℃,Wire wound type (Non mag),Low Rdc,Reflow soldering,HiQtype,ComplieswithRoHS,ComplieswithREACH","Consumer equipment","Appearance","1005/0402","0.6mm","2.7nH ±0.5nH","1,500mA",,,,"0.047Ω","14GHz","125℃","High frequency circuits","LQW15AN_80","Murata",,
"LQW15AN2N7G80#","In Production","CE×Consumer equipment,IeT×Industrial equipment except for transportation & facility & energy equipment,MeS×Medical equipment [GHTF A/B/C] except for implant & surgery & auto injector","Up to 125℃,Wire wound type (Non mag),Low Rdc,Tight,Reflow soldering,HiQtype,ComplieswithRoHS,ComplieswithREACH","Consumer equipment","Appearance","1005/0402","0.6mm","2.7nH ±2%","1,500mA",,,,"0.047Ω","14GHz","125℃","High frequency circuits","LQW15AN_80","Murata",,
"LQW15AN2N8B80#","In Production","CE×Consumer equipment,IeT×Industrial equipment except for transportation & facility & energy equipment,MeS×Medical equipment [GHTF A/B/C] except for implant & surgery & auto injector","Up to 125℃,Wire wound type (Non mag),Low Rdc,Tight,Reflow soldering,HiQtype,ComplieswithRoHS,ComplieswithREACH","Consumer equipment","Appearance","1005/0402","0.6mm","2.8nH ±0.1nH","1,500mA",,,,"0.047Ω","13.5GHz","125℃","High frequency circuits","LQW15AN_80","Murata",,
"LQW15AN2N8C80#","In Production","CE×Consumer equipment,IeT×Industrial equipment except for transportation & facility & energy equipment,MeS×Medical equipment [GHTF A/B/C] except for implant & surgery & auto injector","Up to 125℃,Wire wound type (Non mag),Low Rdc,Reflow soldering,HiQtype,ComplieswithRoHS,ComplieswithREACH","Consumer equipment","Appearance","1005/0402","0.6mm","2.8nH ±0.2nH","1,500mA",,,,"0.047Ω","13.5GHz","125℃","High frequency circuits","LQW15AN_80","Murata",,
"LQW15AN2N8D80#","In Production","CE×Consumer equipment,IeT×Industrial equipment except for transportation & facility & energy equipment,MeS×Medical equipment [GHTF A/B/C] except for implant & surgery & auto injector","Up to 125℃,Wire wound type (Non mag),Low Rdc,Reflow soldering,HiQtype,ComplieswithRoHS,ComplieswithREACH","Consumer equipment","Appearance","1005/0402","0.6mm","2.8nH ±0.5nH","1,500mA",,,,"0.047Ω","13.5GHz","125℃","High frequency circuits","LQW15AN_80","Murata",,
"LQW15AN2N8G80#","In Production","CE×Consumer equipment,IeT×Industrial equipment except for transportation & facility & energy equipment,MeS×Medical equipment [GHTF A/B/C] except for implant & surgery & auto injector","Up to 125℃,Wire wound type (Non mag),Low Rdc,Tight,Reflow soldering,HiQtype,ComplieswithRoHS,ComplieswithREACH","Consumer equipment","Appearance","1005/0402","0.6mm","2.8nH ±2%","1,500mA",,,,"0.047Ω","13.5GHz","125℃","High frequency circuits","LQW15AN_80","Murata",,
"LQW15AN2N9B80#","In Production","CE×Consumer equipment,IeT×Industrial equipment except for transportation & facility & energy equipment,MeS×Medical equipment [GHTF A/B/C] except for implant & surgery & auto injector","Up to 125℃,Wire wound type (Non mag),Low Rdc,Tight,Reflow soldering,HiQtype,ComplieswithRoHS,ComplieswithREACH","Consumer equipment","Appearance","1005/0402","0.6mm","2.9nH ±0.1nH","1,500mA",,,,"0.047Ω","12.5GHz","125℃","High frequency circuits","LQW15AN_80","Murata",,
"LQW15AN2N9C80#","In Production","CE×Consumer equipment,IeT×Industrial equipment except for transportation & facility & energy equipment,MeS×Medical equipment [GHTF A/B/C] except for implant & surgery & auto injector","Up to 125℃,Wire wound type (Non mag),Low Rdc,Reflow soldering,HiQtype,ComplieswithRoHS,ComplieswithREACH","Consumer equipment","Appearance","1005/0402","0.6mm","2.9nH ±0.2nH","1,500mA",,,,"0.047Ω","12.5GHz","125℃","High frequency circuits","LQW15AN_80","Murata",,
"LQW15AN2N9D80#","In Production","CE×Consumer equipment,IeT×Industrial equipment except for transportation & facility & energy equipment,MeS×Medical equipment [GHTF A/B/C] except for implant & surgery & auto injector","Up to 125℃,Wire wound type (Non mag),Low Rdc,Reflow soldering,HiQtype,ComplieswithRoHS,ComplieswithREACH","Consumer equipment","Appearance","1005/0402","0.6mm","2.9nH ±0.5nH","1,500mA",,,,"0.047Ω","12.5GHz","125℃","High frequency circuits","LQW15AN_80","Murata",,
"LQW15AN2N9G80#","In Production","CE×Consumer equipment,IeT×Industrial equipment except for transportation & facility & energy equipment,MeS×Medical equipment [GHTF A/B/C] except for implant & surgery & auto injector","Up to 125℃,Wire wound type (Non mag),Low Rdc,Tight,Reflow soldering,HiQtype,ComplieswithRoHS,ComplieswithREACH","Consumer equipment","Appearance","1005/0402","0.6mm","2.9nH ±2%","1,500mA",,,,"0.047Ω","12.5GHz","125℃","High frequency circuits","LQW15AN_80","Murata",,
"LQW15AN30NG80#","In Production","CE×Consumer equipment,IeT×Industrial equipment except for transportation & facility & energy equipment,MeS×Medical equipment [GHTF A/B/C] except for implant & surgery & auto injector","Up to 125℃,Wire wound type (Non mag),Low Rdc,Tight,Reflow soldering,HiQtype,ComplieswithRoHS,ComplieswithREACH","Consumer equipment","Appearance","1005/0402","0.6mm","30nH ±2%","660mA",,,,"0.309Ω","3.8GHz","125℃","High frequency circuits","LQW15AN_80","Murata",,
"LQW15AN30NJ80#","In Production","CE×Consumer equipment,IeT×Industrial equipment except for transportation & facility & energy equipment,MeS×Medical equipment [GHTF A/B/C] except for implant & surgery & auto injector","Up to 125℃,Wire wound type (Non mag),Low Rdc,Reflow soldering,HiQtype,ComplieswithRoHS,ComplieswithREACH","Consumer equipment","Appearance","1005/0402","0.6mm","30nH ±5%","660mA",,,,"0.309Ω","3.8GHz","125℃","High frequency circuits","LQW15AN_80","Murata",,
"LQW15AN33NG80#","In Production","CE×Consumer equipment,IeT×Industrial equipment except for transportation & facility & energy equipment,MeS×Medical equipment [GHTF A/B/C] except for implant & surgery & auto injector","Up to 125℃,Wire wound type (Non mag),Low Rdc,Tight,Reflow soldering,HiQtype,ComplieswithRoHS,ComplieswithREACH","Consumer equipment","Appearance","1005/0402","0.6mm","33nH ±2%","620mA",,,,"0.336Ω","3.6GHz","125℃","High frequency circuits","LQW15AN_80","Murata",,
"LQW15AN33NJ80#","In Production","CE×Consumer equipment,IeT×Industrial equipment except for transportation & facility & energy equipment,MeS×Medical equipment [GHTF A/B/C] except for implant & surgery & auto injector","Up to 125℃,Wire wound type (Non mag),Low Rdc,Reflow soldering,HiQtype,ComplieswithRoHS,ComplieswithREACH","Consumer equipment","Appearance","1005/0402","0.6mm","33nH ±5%","620mA",,,,"0.336Ω","3.6GHz","125℃","High frequency circuits","LQW15AN_80","Murata",,
"LQW15AN36NG80#","In Production","CE×Consumer equipment,IeT×Industrial equipment except for transportation & facility & energy equipment,MeS×Medical equipment [GHTF A/B/C] except for implant & surgery & auto injector","Up to 125℃,Wire wound type (Non mag),Low Rdc,Tight,Reflow soldering,HiQtype,ComplieswithRoHS,ComplieswithREACH","Consumer equipment","Appearance","1005/0402","0.6mm","36nH ±2%","540mA",,,,"0.431Ω","3.5GHz","125℃","High frequency circuits","LQW15AN_80","Murata",,
"LQW15AN36NJ80#","In Production","CE×Consumer equipment,IeT×Industrial equipment except for transportation & facility & energy equipment,MeS×Medical equipment [GHTF A/B/C] except for implant & surgery & auto injector","Up to 125℃,Wire wound type (Non mag),Low Rdc,Reflow soldering,HiQtype,ComplieswithRoHS,ComplieswithREACH","Consumer equipment","Appearance","1005/0402","0.6mm","36nH ±5%","540mA",,,,"0.431Ω","3.5GHz","125℃","High frequency circuits","LQW15AN_80","Murata",,
"LQW15AN39NG80#","In Production","CE×Consumer equipment,IeT×Industrial equipment except for transportation & facility & energy equipment,MeS×Medical equipment [GHTF A/B/C] except for implant & surgery & auto injector","Up to 125℃,Wire wound type (Non mag),Low Rdc,Tight,Reflow soldering,HiQtype,ComplieswithRoHS,ComplieswithREACH","Consumer equipment","Appearance","1005/0402","0.6mm","39nH ±2%","530mA",,,,"0.456Ω","3.4GHz","125℃","High frequency circuits","LQW15AN_80","Murata",,
"LQW15AN39NJ80#","In Production","CE×Consumer equipment,IeT×Industrial equipment except for transportation & facility & energy equipment,MeS×Medical equipment [GHTF A/B/C] except for implant & surgery & auto injector","Up to 125℃,Wire wound type (Non mag),Low Rdc,Reflow soldering,HiQtype,ComplieswithRoHS,ComplieswithREACH","Consumer equipment","Appearance","1005/0402","0.6mm","39nH ±5%","530mA",,,,"0.456Ω","3.4GHz","125℃","High frequency circuits","LQW15AN_80","Murata",,
"LQW15AN3N0B80#","In Production","CE×Consumer equipment,IeT×Industrial equipment except for transportation & facility & energy equipment,MeS×Medical equipment [GHTF A/B/C] except for implant & surgery & auto injector","Up to 125℃,Wire wound type (Non mag),Low Rdc,Tight,Reflow soldering,HiQtype,ComplieswithRoHS,ComplieswithREACH","Consumer equipment","Appearance","1005/0402","0.6mm","3nH ±0.1nH","1,350mA",,,,"0.063Ω","12.5GHz","125℃","High frequency circuits","LQW15AN_80","Murata",,
"LQW15AN3N0C80#","In Production","CE×Consumer equipment,IeT×Industrial equipment except for transportation & facility & energy equipment,MeS×Medical equipment [GHTF A/B/C] except for implant & surgery & auto injector","Up to 125℃,Wire wound type (Non mag),Low Rdc,Reflow soldering,HiQtype,ComplieswithRoHS,ComplieswithREACH","Consumer equipment","Appearance","1005/0402","0.6mm","3nH ±0.2nH","1,350mA",,,,"0.063Ω","12.5GHz","125℃","High frequency circuits","LQW15AN_80","Murata",,
"LQW15AN3N0D80#","In Production","CE×Consumer equipment,IeT×Industrial equipment except for transportation & facility & energy equipment,MeS×Medical equipment [GHTF A/B/C] except for implant & surgery & auto injector","Up to 125℃,Wire wound type (Non mag),Low Rdc,Reflow soldering,HiQtype,ComplieswithRoHS,ComplieswithREACH","Consumer equipment","Appearance","1005/0402","0.6mm","3nH ±0.5nH","1,350mA",,,,"0.063Ω","12.5GHz","125℃","High frequency circuits","LQW15AN_80","Murata",,
"LQW15AN3N0G80#","In Production","CE×Consumer equipment,IeT×Industrial equipment except for transportation & facility & energy equipment,MeS×Medical equipment [GHTF A/B/C] except for implant & surgery & auto injector","Up to 125℃,Wire wound type (Non mag),Low Rdc,Tight,Reflow soldering,HiQtype,ComplieswithRoHS,ComplieswithREACH","Consumer equipment","Appearance","1005/0402","0.6mm","3nH ±2%","1,350mA",,,,"0.063Ω","12.5GHz","125℃","High frequency circuits","LQW15AN_80","Murata",,
"LQW15AN3N3B80#","In Production","CE×Consumer equipment,IeT×Industrial equipment except for transportation & facility & energy equipment,MeS×Medical equipment [GHTF A/B/C] except for implant & surgery & auto injector","Up to 125℃,Wire wound type (Non mag),Low Rdc,Tight,Reflow soldering,HiQtype,ComplieswithRoHS,ComplieswithREACH","Consumer equipment","Appearance","1005/0402","0.6mm","3.3nH ±0.1nH","2,000mA",,,,"0.03Ω","14GHz","125℃","High frequency circuits","LQW15AN_80","Murata",,
"LQW15AN3N3C80#","In Production","CE×Consumer equipment,IeT×Industrial equipment except for transportation & facility & energy equipment,MeS×Medical equipment [GHTF A/B/C] except for implant & surgery & auto injector","Up to 125℃,Wire wound type (Non mag),Low Rdc,Reflow soldering,HiQtype,ComplieswithRoHS,ComplieswithREACH","Consumer equipment","Appearance","1005/0402","0.6mm","3.3nH ±0.2nH","2,000mA",,,,"0.03Ω","14GHz","125℃","High frequency circuits","LQW15AN_80","Murata",,
"LQW15AN3N3D80#","In Production","CE×Consumer equipment,IeT×Industrial equipment except for transportation & facility & energy equipment,MeS×Medical equipment [GHTF A/B/C] except for implant & surgery & auto injector","Up to 125℃,Wire wound type (Non mag),Low Rdc,Reflow soldering,HiQtype,ComplieswithRoHS,ComplieswithREACH","Consumer equipment","Appearance","1005/0402","0.6mm","3.3nH ±0.5nH","2,000mA",,,,"0.03Ω","14GHz","125℃","High frequency circuits","LQW15AN_80","Murata",,
"LQW15AN3N3G80#","In Production","CE×Consumer equipment,IeT×Industrial equipment except for transportation & facility & energy equipment,MeS×Medical equipment [GHTF A/B/C] except for implant & surgery & auto injector","Up to 125℃,Wire wound type (Non mag),Low Rdc,Tight,Reflow soldering,HiQtype,ComplieswithRoHS,ComplieswithREACH","Consumer equipment","Appearance","1005/0402","0.6mm","3.3nH ±2%","2,000mA",,,,"0.03Ω","14GHz","125℃","High frequency circuits","LQW15AN_80","Murata",,
"LQW15AN3N4B80#","In Production","CE×Consumer equipment,IeT×Industrial equipment except for transportation & facility & energy equipment,MeS×Medical equipment [GHTF A/B/C] except for implant & surgery & auto injector","Up to 125℃,Wire wound type (Non mag),Low Rdc,Tight,Reflow soldering,HiQtype,ComplieswithRoHS,ComplieswithREACH","Consumer equipment","Appearance","1005/0402","0.6mm","3.4nH ±0.1nH","1,950mA",,,,"0.03Ω","10GHz","125℃","High frequency circuits","LQW15AN_80","Murata",,
"LQW15AN3N4C80#","In Production","CE×Consumer equipment,IeT×Industrial equipment except for transportation & facility & energy equipment,MeS×Medical equipment [GHTF A/B/C] except for implant & surgery & auto injector","Up to 125℃,Wire wound type (Non mag),Low Rdc,Reflow soldering,HiQtype,ComplieswithRoHS,ComplieswithREACH","Consumer equipment","Appearance","1005/0402","0.6mm","3.4nH ±0.2nH","1,950mA",,,,"0.03Ω","10GHz","125℃","High frequency circuits","LQW15AN_80","Murata",,
"LQW15AN3N4D80#","In Production","CE×Consumer equipment,IeT×Industrial equipment except for transportation & facility & energy equipment,MeS×Medical equipment [GHTF A/B/C] except for implant & surgery & auto injector","Up to 125℃,Wire wound type (Non mag),Low Rdc,Reflow soldering,HiQtype,ComplieswithRoHS,ComplieswithREACH","Consumer equipment","Appearance","1005/0402","0.6mm","3.4nH ±0.5nH","1,950mA",,,,"0.03Ω","10GHz","125℃","High frequency circuits","LQW15AN_80","Murata",,
"LQW15AN3N4G80#","In Production","CE×Consumer equipment,IeT×Industrial equipment except for transportation & facility & energy equipment,MeS×Medical equipment [GHTF A/B/C] except for implant & surgery & auto injector","Up to 125℃,Wire wound type (Non mag),Low Rdc,Tight,Reflow soldering,HiQtype,ComplieswithRoHS,ComplieswithREACH","Consumer equipment","Appearance","1005/0402","0.6mm","3.4nH ±2%","1,950mA",,,,"0.03Ω","10GHz","125℃","High frequency circuits","LQW15AN_80","Murata",,
"LQW15AN3N5B80#","In Production","CE×Consumer equipment,IeT×Industrial equipment except for transportation & facility & energy equipment,MeS×Medical equipment [GHTF A/B/C] except for implant & surgery & auto injector","Up to 125℃,Wire wound type (Non mag),Low Rdc,Tight,Reflow soldering,HiQtype,ComplieswithRoHS,ComplieswithREACH","Consumer equipment","Appearance","1005/0402","0.6mm","3.5nH ±0.1nH","1,950mA",,,,"0.03Ω","10GHz","125℃","High frequency circuits","LQW15AN_80","Murata",,
"LQW15AN3N5C80#","In Production","CE×Consumer equipment,IeT×Industrial equipment except for transportation & facility & energy equipment,MeS×Medical equipment [GHTF A/B/C] except for implant & surgery & auto injector","Up to 125℃,Wire wound type (Non mag),Low Rdc,Reflow soldering,HiQtype,ComplieswithRoHS,ComplieswithREACH","Consumer equipment","Appearance","1005/0402","0.6mm","3.5nH ±0.2nH","1,950mA",,,,"0.03Ω","10GHz","125℃","High frequency circuits","LQW15AN_80","Murata",,
"LQW15AN3N5D80#","In Production","CE×Consumer equipment,IeT×Industrial equipment except for transportation & facility & energy equipment,MeS×Medical equipment [GHTF A/B/C] except for implant & surgery & auto injector","Up to 125℃,Wire wound type (Non mag),Low Rdc,Reflow soldering,HiQtype,ComplieswithRoHS,ComplieswithREACH","Consumer equipment","Appearance","1005/0402","0.6mm","3.5nH ±0.5nH","1,950mA",,,,"0.03Ω","10GHz","125℃","High frequency circuits","LQW15AN_80","Murata",,
"LQW15AN3N5G80#","In Production","CE×Consumer equipment,IeT×Industrial equipment except for transportation & facility & energy equipment,MeS×Medical equipment [GHTF A/B/C] except for implant & surgery & auto injector","Up to 125℃,Wire wound type (Non mag),Low Rdc,Tight,Reflow soldering,HiQtype,ComplieswithRoHS,ComplieswithREACH","Consumer equipment","Appearance","1005/0402","0.6mm","3.5nH ±2%","1,950mA",,,,"0.03Ω","10GHz","125℃","High frequency circuits","LQW15AN_80","Murata",,
"LQW15AN3N6B80#","In Production","CE×Consumer equipment,IeT×Industrial equipment except for transportation & facility & energy equipment,MeS×Medical equipment [GHTF A/B/C] except for implant & surgery & auto injector","Up to 125℃,Wire wound type (Non mag),Low Rdc,Tight,Reflow soldering,HiQtype,ComplieswithRoHS,ComplieswithREACH","Consumer equipment","Appearance","1005/0402","0.6mm","3.6nH ±0.1nH","1,950mA",,,,"0.03Ω","10GHz","125℃","High frequency circuits","LQW15AN_80","Murata",,
"LQW15AN3N6C80#","In Production","CE×Consumer equipment,IeT×Industrial equipment except for transportation & facility & energy equipment,MeS×Medical equipment [GHTF A/B/C] except for implant & surgery & auto injector","Up to 125℃,Wire wound type (Non mag),Low Rdc,Reflow soldering,HiQtype,ComplieswithRoHS,ComplieswithREACH","Consumer equipment","Appearance","1005/0402","0.6mm","3.6nH ±0.2nH","1,950mA",,,,"0.03Ω","10GHz","125℃","High frequency circuits","LQW15AN_80","Murata",,
"LQW15AN3N6D80#","In Production","CE×Consumer equipment,IeT×Industrial equipment except for transportation & facility & energy equipment,MeS×Medical equipment [GHTF A/B/C] except for implant & surgery & auto injector","Up to 125℃,Wire wound type (Non mag),Low Rdc,Reflow soldering,HiQtype,ComplieswithRoHS,ComplieswithREACH","Consumer equipment","Appearance","1005/0402","0.6mm","3.6nH ±0.5nH","1,950mA",,,,"0.03Ω","10GHz","125℃","High frequency circuits","LQW15AN_80","Murata",,
"LQW15AN3N6G80#","In Production","CE×Consumer equipment,IeT×Industrial equipment except for transportation & facility & energy equipment,MeS×Medical equipment [GHTF A/B/C] except for implant & surgery & auto injector","Up to 125℃,Wire wound type (Non mag),Low Rdc,Tight,Reflow soldering,HiQtype,ComplieswithRoHS,ComplieswithREACH","Consumer equipment","Appearance","1005/0402","0.6mm","3.6nH ±2%","1,950mA",,,,"0.03Ω","10GHz","125℃","High frequency circuits","LQW15AN_80","Murata",,
"LQW15AN3N7B80#","In Production","CE×Consumer equipment,IeT×Industrial equipment except for transportation & facility & energy equipment,MeS×Medical equipment [GHTF A/B/C] except for implant & surgery & auto injector","Up to 125℃,Wire wound type (Non mag),Low Rdc,Tight,Reflow soldering,HiQtype,ComplieswithRoHS,ComplieswithREACH","Consumer equipment","Appearance","1005/0402","0.6mm","3.7nH ±0.1nH","1,950mA",,,,"0.03Ω","10GHz","125℃","High frequency circuits","LQW15AN_80","Murata",,
"LQW15AN3N7C80#","In Production","CE×Consumer equipment,IeT×Industrial equipment except for transportation & facility & energy equipment,MeS×Medical equipment [GHTF A/B/C] except for implant & surgery & auto injector","Up to 125℃,Wire wound type (Non mag),Low Rdc,Reflow soldering,HiQtype,ComplieswithRoHS,ComplieswithREACH","Consumer equipment","Appearance","1005/0402","0.6mm","3.7nH ±0.2nH","1,950mA",,,,"0.03Ω","10GHz","125℃","High frequency circuits","LQW15AN_80","Murata",,
"LQW15AN3N7D80#","In Production","CE×Consumer equipment,IeT×Industrial equipment except for transportation & facility & energy equipment,MeS×Medical equipment [GHTF A/B/C] except for implant & surgery & auto injector","Up to 125℃,Wire wound type (Non mag),Low Rdc,Reflow soldering,HiQtype,ComplieswithRoHS,ComplieswithREACH","Consumer equipment","Appearance","1005/0402","0.6mm","3.7nH ±0.5nH","1,950mA",,,,"0.03Ω","10GHz","125℃","High frequency circuits","LQW15AN_80","Murata",,
"LQW15AN3N7G80#","In Production","CE×Consumer equipment,IeT×Industrial equipment except for transportation & facility & energy equipment,MeS×Medical equipment [GHTF A/B/C] except for implant & surgery & auto injector","Up to 125℃,Wire wound type (Non mag),Low Rdc,Tight,Reflow soldering,HiQtype,ComplieswithRoHS,ComplieswithREACH","Consumer equipment","Appearance","1005/0402","0.6mm","3.7nH ±2%","1,950mA",,,,"0.03Ω","10GHz","125℃","High frequency circuits","LQW15AN_80","Murata",,
"LQW15AN3N8B80#","In Production","CE×Consumer equipment,IeT×Industrial equipment except for transportation & facility & energy equipment,MeS×Medical equipment [GHTF A/B/C] except for implant & surgery & auto injector","Up to 125℃,Wire wound type (Non mag),Low Rdc,Tight,Reflow soldering,HiQtype,ComplieswithRoHS,ComplieswithREACH","Consumer equipment","Appearance","1005/0402","0.6mm","3.8nH ±0.1nH","1,950mA",,,,"0.03Ω","10GHz","125℃","High frequency circuits","LQW15AN_80","Murata",,
"LQW15AN3N8C80#","In Production","CE×Consumer equipment,IeT×Industrial equipment except for transportation & facility & energy equipment,MeS×Medical equipment [GHTF A/B/C] except for implant & surgery & auto injector","Up to 125℃,Wire wound type (Non mag),Low Rdc,Reflow soldering,HiQtype,ComplieswithRoHS,ComplieswithREACH","Consumer equipment","Appearance","1005/0402","0.6mm","3.8nH ±0.2nH","1,950mA",,,,"0.03Ω","10GHz","125℃","High frequency circuits","LQW15AN_80","Murata",,
"LQW15AN3N8D80#","In Production","CE×Consumer equipment,IeT×Industrial equipment except for transportation & facility & energy equipment,MeS×Medical equipment [GHTF A/B/C] except for implant & surgery & auto injector","Up to 125℃,Wire wound type (Non mag),Low Rdc,Reflow soldering,HiQtype,ComplieswithRoHS,ComplieswithREACH","Consumer equipment","Appearance","1005/0402","0.6mm","3.8nH ±0.5nH","1,950mA",,,,"0.03Ω","10GHz","125℃","High frequency circuits","LQW15AN_80","Murata",,
"LQW15AN3N8G80#","In Production","CE×Consumer equipment,IeT×Industrial equipment except for transportation & facility & energy equipment,MeS×Medical equipment [GHTF A/B/C] except for implant & surgery & auto injector","Up to 125℃,Wire wound type (Non mag),Low Rdc,Tight,Reflow soldering,HiQtype,ComplieswithRoHS,ComplieswithREACH","Consumer equipment","Appearance","1005/0402","0.6mm","3.8nH ±2%","1,950mA",,,,"0.03Ω","10GHz","125℃","High frequency circuits","LQW15AN_80","Murata",,
"LQW15AN3N9B80#","In Production","CE×Consumer equipment,IeT×Industrial equipment except for transportation & facility & energy equipment,MeS×Medical equipment [GHTF A/B/C] except for implant & surgery & auto injector","Up to 125℃,Wire wound type (Non mag),Low Rdc,Tight,Reflow soldering,HiQtype,ComplieswithRoHS,ComplieswithREACH","Consumer equipment","Appearance","1005/0402","0.6mm","3.9nH ±0.1nH","1,950mA",,,,"0.03Ω","10GHz","125℃","High frequency circuits","LQW15AN_80","Murata",,
"LQW15AN3N9C80#","In Production","CE×Consumer equipment,IeT×Industrial equipment except for transportation & facility & energy equipment,MeS×Medical equipment [GHTF A/B/C] except for implant & surgery & auto injector","Up to 125℃,Wire wound type (Non mag),Low Rdc,Reflow soldering,HiQtype,ComplieswithRoHS,ComplieswithREACH","Consumer equipment","Appearance","1005/0402","0.6mm","3.9nH ±0.2nH","1,950mA",,,,"0.03Ω","10GHz","125℃","High frequency circuits","LQW15AN_80","Murata",,
"LQW15AN3N9D80#","In Production","CE×Consumer equipment,IeT×Industrial equipment except for transportation & facility & energy equipment,MeS×Medical equipment [GHTF A/B/C] except for implant & surgery & auto injector","Up to 125℃,Wire wound type (Non mag),Low Rdc,Reflow soldering,HiQtype,ComplieswithRoHS,ComplieswithREACH","Consumer equipment","Appearance","1005/0402","0.6mm","3.9nH ±0.5nH","1,950mA",,,,"0.03Ω","10GHz","125℃","High frequency circuits","LQW15AN_80","Murata",,
"LQW15AN3N9G80#","In Production","CE×Consumer equipment,IeT×Industrial equipment except for transportation & facility & energy equipment,MeS×Medical equipment [GHTF A/B/C] except for implant & surgery & auto injector","Up to 125℃,Wire wound type (Non mag),Low Rdc,Tight,Reflow soldering,HiQtype,ComplieswithRoHS,ComplieswithREACH","Consumer equipment","Appearance","1005/0402","0.6mm","3.9nH ±2%","1,950mA",,,,"0.03Ω","10GHz","125℃","High frequency circuits","LQW15AN_80","Murata",,
"LQW15AN43NG80#","In Production","CE×Consumer equipment,IeT×Industrial equipment except for transportation & facility & energy equipment,MeS×Medical equipment [GHTF A/B/C] except for implant & surgery & auto injector","Up to 125℃,Wire wound type (Non mag),Low Rdc,Tight,Reflow soldering,HiQtype,ComplieswithRoHS,ComplieswithREACH","Consumer equipment","Appearance","1005/0402","0.6mm","43nH ±2%","515mA",,,,"0.516Ω","3.4GHz","125℃","High frequency circuits","LQW15AN_80","Murata",,
"LQW15AN43NJ80#","In Production","CE×Consumer equipment,IeT×Industrial equipment except for transportation & facility & energy equipment,MeS×Medical equipment [GHTF A/B/C] except for implant & surgery & auto injector","Up to 125℃,Wire wound type (Non mag),Low Rdc,Reflow soldering,HiQtype,ComplieswithRoHS,ComplieswithREACH","Consumer equipment","Appearance","1005/0402","0.6mm","43nH ±5%","515mA",,,,"0.516Ω","3.4GHz","125℃","High frequency circuits","LQW15AN_80","Murata",,
"LQW15AN47NG80#","In Production","CE×Consumer equipment,IeT×Industrial equipment except for transportation & facility & energy equipment,MeS×Medical equipment [GHTF A/B/C] except for implant & surgery & auto injector","Up to 125℃,Wire wound type (Non mag),Low Rdc,Tight,Reflow soldering,HiQtype,ComplieswithRoHS,ComplieswithREACH","Consumer equipment","Appearance","1005/0402","0.6mm","47nH ±2%","440mA",,,,"0.648Ω","3.2GHz","125℃","High frequency circuits","LQW15AN_80","Murata",,
"LQW15AN47NJ80#","In Production","CE×Consumer equipment,IeT×Industrial equipment except for transportation & facility & energy equipment,MeS×Medical equipment [GHTF A/B/C] except for implant & surgery & auto injector","Up to 125℃,Wire wound type (Non mag),Low Rdc,Reflow soldering,HiQtype,ComplieswithRoHS,ComplieswithREACH","Consumer equipment","Appearance","1005/0402","0.6mm","47nH ±5%","440mA",,,,"0.648Ω","3.2GHz","125℃","High frequency circuits","LQW15AN_80","Murata",,
"LQW15AN4N0B80#","In Production","CE×Consumer equipment,IeT×Industrial equipment except for transportation & facility & energy equipment,MeS×Medical equipment [GHTF A/B/C] except for implant & surgery & auto injector","Up to 125℃,Wire wound type (Non mag),Low Rdc,Tight,Reflow soldering,HiQtype,ComplieswithRoHS,ComplieswithREACH","Consumer equipment","Appearance","1005/0402","0.6mm","4nH ±0.1nH","1,950mA",,,,"0.03Ω","10GHz","125℃","High frequency circuits","LQW15AN_80","Murata",,
"LQW15AN4N0C80#","In Production","CE×Consumer equipment,IeT×Industrial equipment except for transportation & facility & energy equipment,MeS×Medical equipment [GHTF A/B/C] except for implant & surgery & auto injector","Up to 125℃,Wire wound type (Non mag),Low Rdc,Reflow soldering,HiQtype,ComplieswithRoHS,ComplieswithREACH","Consumer equipment","Appearance","1005/0402","0.6mm","4nH ±0.2nH","1,950mA",,,,"0.03Ω","10GHz","125℃","High frequency circuits","LQW15AN_80","Murata",,
"LQW15AN4N0D80#","In Production","CE×Consumer equipment,IeT×Industrial equipment except for transportation & facility & energy equipment,MeS×Medical equipment [GHTF A/B/C] except for implant & surgery & auto injector","Up to 125℃,Wire wound type (Non mag),Low Rdc,Reflow soldering,HiQtype,ComplieswithRoHS,ComplieswithREACH","Consumer equipment","Appearance","1005/0402","0.6mm","4nH ±0.5nH","1,950mA",,,,"0.03Ω","10GHz","125℃","High frequency circuits","LQW15AN_80","Murata",,
"LQW15AN4N0G80#","In Production","CE×Consumer equipment,IeT×Industrial equipment except for transportation & facility & energy equipment,MeS×Medical equipment [GHTF A/B/C] except for implant & surgery & auto injector","Up to 125℃,Wire wound type (Non mag),Low Rdc,Tight,Reflow soldering,HiQtype,ComplieswithRoHS,ComplieswithREACH","Consumer equipment","Appearance","1005/0402","0.6mm","4nH ±2%","1,950mA",,,,"0.03Ω","10GHz","125℃","High frequency circuits","LQW15AN_80","Murata",,
"LQW15AN4N1B80#","In Production","CE×Consumer equipment,IeT×Industrial equipment except for transportation & facility & energy equipment,MeS×Medical equipment [GHTF A/B/C] except for implant & surgery & auto injector","Up to 125℃,Wire wound type (Non mag),Low Rdc,Tight,Reflow soldering,HiQtype,ComplieswithRoHS,ComplieswithREACH","Consumer equipment","Appearance","1005/0402","0.6mm","4.1nH ±0.1nH","1,800mA",,,,"0.044Ω","9.6GHz","125℃","High frequency circuits","LQW15AN_80","Murata",,
"LQW15AN4N1C80#","In Production","CE×Consumer equipment,IeT×Industrial equipment except for transportation & facility & energy equipment,MeS×Medical equipment [GHTF A/B/C] except for implant & surgery & auto injector","Up to 125℃,Wire wound type (Non mag),Low Rdc,Reflow soldering,HiQtype,ComplieswithRoHS,ComplieswithREACH","Consumer equipment","Appearance","1005/0402","0.6mm","4.1nH ±0.2nH","1,800mA",,,,"0.044Ω","9.6GHz","125℃","High frequency circuits","LQW15AN_80","Murata",,
"LQW15AN4N1D80#","In Production","CE×Consumer equipment,IeT×Industrial equipment except for transportation & facility & energy equipment,MeS×Medical equipment [GHTF A/B/C] except for implant & surgery & auto injector","Up to 125℃,Wire wound type (Non mag),Low Rdc,Reflow soldering,HiQtype,ComplieswithRoHS,ComplieswithREACH","Consumer equipment","Appearance","1005/0402","0.6mm","4.1nH ±0.5nH","1,800mA",,,,"0.044Ω","9.6GHz","125℃","High frequency circuits","LQW15AN_80","Murata",,
"LQW15AN4N1G80#","In Production","CE×Consumer equipment,IeT×Industrial equipment except for transportation & facility & energy equipment,MeS×Medical equipment [GHTF A/B/C] except for implant & surgery & auto injector","Up to 125℃,Wire wound type (Non mag),Low Rdc,Tight,Reflow soldering,HiQtype,ComplieswithRoHS,ComplieswithREACH","Consumer equipment","Appearance","1005/0402","0.6mm","4.1nH ±2%","1,800mA",,,,"0.044Ω","9.6GHz","125℃","High frequency circuits","LQW15AN_80","Murata",,
"LQW15AN4N2B80#","In Production","CE×Consumer equipment,IeT×Industrial equipment except for transportation & facility & energy equipment,MeS×Medical equipment [GHTF A/B/C] except for implant & surgery & auto injector","Up to 125℃,Wire wound type (Non mag),Low Rdc,Tight,Reflow soldering,HiQtype,ComplieswithRoHS,ComplieswithREACH","Consumer equipment","Appearance","1005/0402","0.6mm","4.2nH ±0.1nH","1,800mA",,,,"0.044Ω","9.6GHz","125℃","High frequency circuits","LQW15AN_80","Murata",,
"LQW15AN4N2C80#","In Production","CE×Consumer equipment,IeT×Industrial equipment except for transportation & facility & energy equipment,MeS×Medical equipment [GHTF A/B/C] except for implant & surgery & auto injector","Up to 125℃,Wire wound type (Non mag),Low Rdc,Reflow soldering,HiQtype,ComplieswithRoHS,ComplieswithREACH","Consumer equipment","Appearance","1005/0402","0.6mm","4.2nH ±0.2nH","1,800mA",,,,"0.044Ω","9.6GHz","125℃","High frequency circuits","LQW15AN_80","Murata",,
"LQW15AN4N2D80#","In Production","CE×Consumer equipment,IeT×Industrial equipment except for transportation & facility & energy equipment,MeS×Medical equipment [GHTF A/B/C] except for implant & surgery & auto injector","Up to 125℃,Wire wound type (Non mag),Low Rdc,Reflow soldering,HiQtype,ComplieswithRoHS,ComplieswithREACH","Consumer equipment","Appearance","1005/0402","0.6mm","4.2nH ±0.5nH","1,800mA",,,,"0.044Ω","9.6GHz","125℃","High frequency circuits","LQW15AN_80","Murata",,
"LQW15AN4N2G80#","In Production","CE×Consumer equipment,IeT×Industrial equipment except for transportation & facility & energy equipment,MeS×Medical equipment [GHTF A/B/C] except for implant & surgery & auto injector","Up to 125℃,Wire wound type (Non mag),Low Rdc,Tight,Reflow soldering,HiQtype,ComplieswithRoHS,ComplieswithREACH","Consumer equipment","Appearance","1005/0402","0.6mm","4.2nH ±2%","1,800mA",,,,"0.044Ω","9.6GHz","125℃","High frequency circuits","LQW15AN_80","Murata",,
"LQW15AN4N3B80#","In Production","CE×Consumer equipment,IeT×Industrial equipment except for transportation & facility & energy equipment,MeS×Medical equipment [GHTF A/B/C] except for implant & surgery & auto injector","Up to 125℃,Wire wound type (Non mag),Low Rdc,Tight,Reflow soldering,HiQtype,ComplieswithRoHS,ComplieswithREACH","Consumer equipment","Appearance","1005/0402","0.6mm","4.3nH ±0.1nH","1,800mA",,,,"0.044Ω","9.6GHz","125℃","High frequency circuits","LQW15AN_80","Murata",,
"LQW15AN4N3C80#","In Production","CE×Consumer equipment,IeT×Industrial equipment except for transportation & facility & energy equipment,MeS×Medical equipment [GHTF A/B/C] except for implant & surgery & auto injector","Up to 125℃,Wire wound type (Non mag),Low Rdc,Reflow soldering,HiQtype,ComplieswithRoHS,ComplieswithREACH","Consumer equipment","Appearance","1005/0402","0.6mm","4.3nH ±0.2nH","1,800mA",,,,"0.044Ω","9.6GHz","125℃","High frequency circuits","LQW15AN_80","Murata",,
"LQW15AN4N3D80#","In Production","CE×Consumer equipment,IeT×Industrial equipment except for transportation & facility & energy equipment,MeS×Medical equipment [GHTF A/B/C] except for implant & surgery & auto injector","Up to 125℃,Wire wound type (Non mag),Low Rdc,Reflow soldering,HiQtype,ComplieswithRoHS,ComplieswithREACH","Consumer equipment","Appearance","1005/0402","0.6mm","4.3nH ±0.5nH","1,800mA",,,,"0.044Ω","9.6GHz","125℃","High frequency circuits","LQW15AN_80","Murata",,
"LQW15AN4N3G80#","In Production","CE×Consumer equipment,IeT×Industrial equipment except for transportation & facility & energy equipment,MeS×Medical equipment [GHTF A/B/C] except for implant & surgery & auto injector","Up to 125℃,Wire wound type (Non mag),Low Rdc,Tight,Reflow soldering,HiQtype,ComplieswithRoHS,ComplieswithREACH","Consumer equipment","Appearance","1005/0402","0.6mm","4.3nH ±2%","1,800mA",,,,"0.044Ω","9.6GHz","125℃","High frequency circuits","LQW15AN_80","Murata",,
"LQW15AN4N4B80#","In Production","CE×Consumer equipment,IeT×Industrial equipment except for transportation & facility & energy equipment,MeS×Medical equipment [GHTF A/B/C] except for implant & surgery & auto injector","Up to 125℃,Wire wound type (Non mag),Low Rdc,Tight,Reflow soldering,HiQtype,ComplieswithRoHS,ComplieswithREACH","Consumer equipment","Appearance","1005/0402","0.6mm","4.4nH ±0.1nH","1,600mA",,,,"0.052Ω","9.6GHz","125℃","High frequency circuits","LQW15AN_80","Murata",,
"LQW15AN4N4C80#","In Production","CE×Consumer equipment,IeT×Industrial equipment except for transportation & facility & energy equipment,MeS×Medical equipment [GHTF A/B/C] except for implant & surgery & auto injector","Up to 125℃,Wire wound type (Non mag),Low Rdc,Reflow soldering,HiQtype,ComplieswithRoHS,ComplieswithREACH","Consumer equipment","Appearance","1005/0402","0.6mm","4.4nH ±0.2nH","1,600mA",,,,"0.052Ω","9.6GHz","125℃","High frequency circuits","LQW15AN_80","Murata",,
"LQW15AN4N4D80#","In Production","CE×Consumer equipment,IeT×Industrial equipment except for transportation & facility & energy equipment,MeS×Medical equipment [GHTF A/B/C] except for implant & surgery & auto injector","Up to 125℃,Wire wound type (Non mag),Low Rdc,Reflow soldering,HiQtype,ComplieswithRoHS,ComplieswithREACH","Consumer equipment","Appearance","1005/0402","0.6mm","4.4nH ±0.5nH","1,600mA",,,,"0.052Ω","9.6GHz","125℃","High frequency circuits","LQW15AN_80","Murata",,
"LQW15AN4N4G80#","In Production","CE×Consumer equipment,IeT×Industrial equipment except for transportation & facility & energy equipment,MeS×Medical equipment [GHTF A/B/C] except for implant & surgery & auto injector","Up to 125℃,Wire wound type (Non mag),Low Rdc,Tight,Reflow soldering,HiQtype,ComplieswithRoHS,ComplieswithREACH","Consumer equipment","Appearance","1005/0402","0.6mm","4.4nH ±2%","1,600mA",,,,"0.052Ω","9.6GHz","125℃","High frequency circuits","LQW15AN_80","Murata",,
"LQW15AN4N5B80#","In Production","CE×Consumer equipment,IeT×Industrial equipment except for transportation & facility & energy equipment,MeS×Medical equipment [GHTF A/B/C] except for implant & surgery & auto injector","Up to 125℃,Wire wound type (Non mag),Low Rdc,Tight,Reflow soldering,HiQtype,ComplieswithRoHS,ComplieswithREACH","Consumer equipment","Appearance","1005/0402","0.6mm","4.5nH ±0.1nH","1,450mA",,,,"0.06Ω","9.6GHz","125℃","High frequency circuits","LQW15AN_80","Murata",,
"LQW15AN4N5C80#","In Production","CE×Consumer equipment,IeT×Industrial equipment except for transportation & facility & energy equipment,MeS×Medical equipment [GHTF A/B/C] except for implant & surgery & auto injector","Up to 125℃,Wire wound type (Non mag),Low Rdc,Reflow soldering,HiQtype,ComplieswithRoHS,ComplieswithREACH","Consumer equipment","Appearance","1005/0402","0.6mm","4.5nH ±0.2nH","1,450mA",,,,"0.06Ω","9.6GHz","125℃","High frequency circuits","LQW15AN_80","Murata",,
"LQW15AN4N5D80#","In Production","CE×Consumer equipment,IeT×Industrial equipment except for transportation & facility & energy equipment,MeS×Medical equipment [GHTF A/B/C] except for implant & surgery & auto injector","Up to 125℃,Wire wound type (Non mag),Low Rdc,Reflow soldering,HiQtype,ComplieswithRoHS,ComplieswithREACH","Consumer equipment","Appearance","1005/0402","0.6mm","4.5nH ±0.5nH","1,450mA",,,,"0.06Ω","9.6GHz","125℃","High frequency circuits","LQW15AN_80","Murata",,
"LQW15AN4N5G80#","In Production","CE×Consumer equipment,IeT×Industrial equipment except for transportation & facility & energy equipment,MeS×Medical equipment [GHTF A/B/C] except for implant & surgery & auto injector","Up to 125℃,Wire wound type (Non mag),Low Rdc,Tight,Reflow soldering,HiQtype,ComplieswithRoHS,ComplieswithREACH","Consumer equipment","Appearance","1005/0402","0.6mm","4.5nH ±2%","1,450mA",,,,"0.06Ω","9.6GHz","125℃","High frequency circuits","LQW15AN_80","Murata",,
"LQW15AN4N6B80#","In Production","CE×Consumer equipment,IeT×Industrial equipment except for transportation & facility & energy equipment,MeS×Medical equipment [GHTF A/B/C] except for implant & surgery & auto injector","Up to 125℃,Wire wound type (Non mag),Low Rdc,Tight,Reflow soldering,HiQtype,ComplieswithRoHS,ComplieswithREACH","Consumer equipment","Appearance","1005/0402","0.6mm","4.6nH ±0.1nH","1,450mA",,,,"0.06Ω","9.6GHz","125℃","High frequency circuits","LQW15AN_80","Murata",,
"LQW15AN4N6C80#","In Production","CE×Consumer equipment,IeT×Industrial equipment except for transportation & facility & energy equipment,MeS×Medical equipment [GHTF A/B/C] except for implant & surgery & auto injector","Up to 125℃,Wire wound type (Non mag),Low Rdc,Reflow soldering,HiQtype,ComplieswithRoHS,ComplieswithREACH","Consumer equipment","Appearance","1005/0402","0.6mm","4.6nH ±0.2nH","1,450mA",,,,"0.06Ω","9.6GHz","125℃","High frequency circuits","LQW15AN_80","Murata",,
"LQW15AN4N6D80#","In Production","CE×Consumer equipment,IeT×Industrial equipment except for transportation & facility & energy equipment,MeS×Medical equipment [GHTF A/B/C] except for implant & surgery & auto injector","Up to 125℃,Wire wound type (Non mag),Low Rdc,Reflow soldering,HiQtype,ComplieswithRoHS,ComplieswithREACH","Consumer equipment","Appearance","1005/0402","0.6mm","4.6nH ±0.5nH","1,450mA",,,,"0.06Ω","9.6GHz","125℃","High frequency circuits","LQW15AN_80","Murata",,
"LQW15AN4N6G80#","In Production","CE×Consumer equipment,IeT×Industrial equipment except for transportation & facility & energy equipment,MeS×Medical equipment [GHTF A/B/C] except for implant & surgery & auto injector","Up to 125℃,Wire wound type (Non mag),Low Rdc,Tight,Reflow soldering,HiQtype,ComplieswithRoHS,ComplieswithREACH","Consumer equipment","Appearance","1005/0402","0.6mm","4.6nH ±2%","1,450mA",,,,"0.06Ω","9.6GHz","125℃","High frequency circuits","LQW15AN_80","Murata",,
"LQW15AN4N7B80#","In Production","CE×Consumer equipment,IeT×Industrial equipment except for transportation & facility & energy equipment,MeS×Medical equipment [GHTF A/B/C] except for implant & surgery & auto injector","Up to 125℃,Wire wound type (Non mag),Low Rdc,Tight,Reflow soldering,HiQtype,ComplieswithRoHS,ComplieswithREACH","Consumer equipment","Appearance","1005/0402","0.6mm","4.7nH ±0.1nH","1,200mA",,,,"0.071Ω","8GHz","125℃","High frequency circuits","LQW15AN_80","Murata",,
"LQW15AN4N7C80#","In Production","CE×Consumer equipment,IeT×Industrial equipment except for transportation & facility & energy equipment,MeS×Medical equipment [GHTF A/B/C] except for implant & surgery & auto injector","Up to 125℃,Wire wound type (Non mag),Low Rdc,Reflow soldering,HiQtype,ComplieswithRoHS,ComplieswithREACH","Consumer equipment","Appearance","1005/0402","0.6mm","4.7nH ±0.2nH","1,200mA",,,,"0.071Ω","8GHz","125℃","High frequency circuits","LQW15AN_80","Murata",,
"LQW15AN4N7D80#","In Production","CE×Consumer equipment,IeT×Industrial equipment except for transportation & facility & energy equipment,MeS×Medical equipment [GHTF A/B/C] except for implant & surgery & auto injector","Up to 125℃,Wire wound type (Non mag),Low Rdc,Reflow soldering,HiQtype,ComplieswithRoHS,ComplieswithREACH","Consumer equipment","Appearance","1005/0402","0.6mm","4.7nH ±0.5nH","1,200mA",,,,"0.071Ω","8GHz","125℃","High frequency circuits","LQW15AN_80","Murata",,
"LQW15AN4N7G80#","In Production","CE×Consumer equipment,IeT×Industrial equipment except for transportation & facility & energy equipment,MeS×Medical equipment [GHTF A/B/C] except for implant & surgery & auto injector","Up to 125℃,Wire wound type (Non mag),Low Rdc,Tight,Reflow soldering,HiQtype,ComplieswithRoHS,ComplieswithREACH","Consumer equipment","Appearance","1005/0402","0.6mm","4.7nH ±2%","1,200mA",,,,"0.071Ω","8GHz","125℃","High frequency circuits","LQW15AN_80","Murata",,
"LQW15AN4N8B80#","In Production","CE×Consumer equipment,IeT×Industrial equipment except for transportation & facility & energy equipment,MeS×Medical equipment [GHTF A/B/C] except for implant & surgery & auto injector","Up to 125℃,Wire wound type (Non mag),Low Rdc,Tight,Reflow soldering,HiQtype,ComplieswithRoHS,ComplieswithREACH","Consumer equipment","Appearance","1005/0402","0.6mm","4.8nH ±0.1nH","1,200mA",,,,"0.071Ω","8GHz","125℃","High frequency circuits","LQW15AN_80","Murata",,
"LQW15AN4N8C80#","In Production","CE×Consumer equipment,IeT×Industrial equipment except for transportation & facility & energy equipment,MeS×Medical equipment [GHTF A/B/C] except for implant & surgery & auto injector","Up to 125℃,Wire wound type (Non mag),Low Rdc,Reflow soldering,HiQtype,ComplieswithRoHS,ComplieswithREACH","Consumer equipment","Appearance","1005/0402","0.6mm","4.8nH ±0.2nH","1,200mA",,,,"0.071Ω","8GHz","125℃","High frequency circuits","LQW15AN_80","Murata",,
"LQW15AN4N8D80#","In Production","CE×Consumer equipment,IeT×Industrial equipment except for transportation & facility & energy equipment,MeS×Medical equipment [GHTF A/B/C] except for implant & surgery & auto injector","Up to 125℃,Wire wound type (Non mag),Low Rdc,Reflow soldering,HiQtype,ComplieswithRoHS,ComplieswithREACH","Consumer equipment","Appearance","1005/0402","0.6mm","4.8nH ±0.5nH","1,200mA",,,,"0.071Ω","8GHz","125℃","High frequency circuits","LQW15AN_80","Murata",,
"LQW15AN4N8G80#","In Production","CE×Consumer equipment,IeT×Industrial equipment except for transportation & facility & energy equipment,MeS×Medical equipment [GHTF A/B/C] except for implant & surgery & auto injector","Up to 125℃,Wire wound type (Non mag),Low Rdc,Tight,Reflow soldering,HiQtype,ComplieswithRoHS,ComplieswithREACH","Consumer equipment","Appearance","1005/0402","0.6mm","4.8nH ±2%","1,200mA",,,,"0.071Ω","8GHz","125℃","High frequency circuits","LQW15AN_80","Murata",,
"LQW15AN4N9B80#","In Production","CE×Consumer equipment,IeT×Industrial equipment except for transportation & facility & energy equipment,MeS×Medical equipment [GHTF A/B/C] except for implant & surgery & auto injector","Up to 125℃,Wire wound type (Non mag),Low Rdc,Tight,Reflow soldering,HiQtype,ComplieswithRoHS,ComplieswithREACH","Consumer equipment","Appearance","1005/0402","0.6mm","4.9nH ±0.1nH","1,200mA",,,,"0.071Ω","8GHz","125℃","High frequency circuits","LQW15AN_80","Murata",,
"LQW15AN4N9C80#","In Production","CE×Consumer equipment,IeT×Industrial equipment except for transportation & facility & energy equipment,MeS×Medical equipment [GHTF A/B/C] except for implant & surgery & auto injector","Up to 125℃,Wire wound type (Non mag),Low Rdc,Reflow soldering,HiQtype,ComplieswithRoHS,ComplieswithREACH","Consumer equipment","Appearance","1005/0402","0.6mm","4.9nH ±0.2nH","1,200mA",,,,"0.071Ω","8GHz","125℃","High frequency circuits","LQW15AN_80","Murata",,
"LQW15AN4N9D80#","In Production","CE×Consumer equipment,IeT×Industrial equipment except for transportation & facility & energy equipment,MeS×Medical equipment [GHTF A/B/C] except for implant & surgery & auto injector","Up to 125℃,Wire wound type (Non mag),Low Rdc,Reflow soldering,HiQtype,ComplieswithRoHS,ComplieswithREACH","Consumer equipment","Appearance","1005/0402","0.6mm","4.9nH ±0.5nH","1,200mA",,,,"0.071Ω","8GHz","125℃","High frequency circuits","LQW15AN_80","Murata",,
"LQW15AN4N9G80#","In Production","CE×Consumer equipment,IeT×Industrial equipment except for transportation & facility & energy equipment,MeS×Medical equipment [GHTF A/B/C] except for implant & surgery & auto injector","Up to 125℃,Wire wound type (Non mag),Low Rdc,Tight,Reflow soldering,HiQtype,ComplieswithRoHS,ComplieswithREACH","Consumer equipment","Appearance","1005/0402","0.6mm","4.9nH ±2%","1,200mA",,,,"0.071Ω","8GHz","125℃","High frequency circuits","LQW15AN_80","Murata",,
"LQW15AN51NG80#","In Production","CE×Consumer equipment,IeT×Industrial equipment except for transportation & facility & energy equipment,MeS×Medical equipment [GHTF A/B/C] except for implant & surgery & auto injector","Up to 125℃,Wire wound type (Non mag),Low Rdc,Tight,Reflow soldering,HiQtype,ComplieswithRoHS,ComplieswithREACH","Consumer equipment","Appearance","1005/0402","0.6mm","51nH ±2%","415mA",,,,"0.696Ω","2.9GHz","125℃","High frequency circuits","LQW15AN_80","Murata",,
"LQW15AN51NJ80#","In Production","CE×Consumer equipment,IeT×Industrial equipment except for transportation & facility & energy equipment,MeS×Medical equipment [GHTF A/B/C] except for implant & surgery & auto injector","Up to 125℃,Wire wound type (Non mag),Low Rdc,Reflow soldering,HiQtype,ComplieswithRoHS,ComplieswithREACH","Consumer equipment","Appearance","1005/0402","0.6mm","51nH ±5%","415mA",,,,"0.696Ω","2.9GHz","125℃","High frequency circuits","LQW15AN_80","Murata",,
"LQW15AN53NG80#","In Production","CE×Consumer equipment,IeT×Industrial equipment except for transportation & facility & energy equipment,MeS×Medical equipment [GHTF A/B/C] except for implant & surgery & auto injector","Up to 125℃,Wire wound type (Non mag),Low Rdc,Tight,Reflow soldering,HiQtype,ComplieswithRoHS,ComplieswithREACH","Consumer equipment","Appearance","1005/0402","0.6mm","53nH ±2%","415mA",,,,"0.696Ω","2.9GHz","125℃","High frequency circuits","LQW15AN_80","Murata",,
"LQW15AN53NJ80#","In Production","CE×Consumer equipment,IeT×Industrial equipment except for transportation & facility & energy equipment,MeS×Medical equipment [GHTF A/B/C] except for implant & surgery & auto injector","Up to 125℃,Wire wound type (Non mag),Low Rdc,Reflow soldering,HiQtype,ComplieswithRoHS,ComplieswithREACH","Consumer equipment","Appearance","1005/0402","0.6mm","53nH ±5%","415mA",,,,"0.696Ω","2.9GHz","125℃","High frequency circuits","LQW15AN_80","Murata",,
"LQW15AN56NG80#","In Production","CE×Consumer equipment,IeT×Industrial equipment except for transportation & facility & energy equipment,MeS×Medical equipment [GHTF A/B/C] except for implant & surgery & auto injector","Up to 125℃,Wire wound type (Non mag),Low Rdc,Tight,Reflow soldering,HiQtype,ComplieswithRoHS,ComplieswithREACH","Consumer equipment","Appearance","1005/0402","0.6mm","56nH ±2%","340mA",,,,"0.996Ω","2.9GHz","125℃","High frequency circuits","LQW15AN_80","Murata",,
"LQW15AN56NJ80#","In Production","CE×Consumer equipment,IeT×Industrial equipment except for transportation & facility & energy equipment,MeS×Medical equipment [GHTF A/B/C] except for implant & surgery & auto injector","Up to 125℃,Wire wound type (Non mag),Low Rdc,Reflow soldering,HiQtype,ComplieswithRoHS,ComplieswithREACH","Consumer equipment","Appearance","1005/0402","0.6mm","56nH ±5%","340mA",,,,"0.996Ω","2.9GHz","125℃","High frequency circuits","LQW15AN_80","Murata",,
"LQW15AN5N0B80#","In Production","CE×Consumer equipment,IeT×Industrial equipment except for transportation & facility & energy equipment,MeS×Medical equipment [GHTF A/B/C] except for implant & surgery & auto injector","Up to 125℃,Wire wound type (Non mag),Low Rdc,Tight,Reflow soldering,HiQtype,ComplieswithRoHS,ComplieswithREACH","Consumer equipment","Appearance","1005/0402","0.6mm","5nH ±0.1nH","1,770mA",,,,"0.04Ω","10GHz","125℃","High frequency circuits","LQW15AN_80","Murata",,
"LQW15AN5N0C80#","In Production","CE×Consumer equipment,IeT×Industrial equipment except for transportation & facility & energy equipment,MeS×Medical equipment [GHTF A/B/C] except for implant & surgery & auto injector","Up to 125℃,Wire wound type (Non mag),Low Rdc,Reflow soldering,HiQtype,ComplieswithRoHS,ComplieswithREACH","Consumer equipment","Appearance","1005/0402","0.6mm","5nH ±0.2nH","1,770mA",,,,"0.04Ω","10GHz","125℃","High frequency circuits","LQW15AN_80","Murata",,
"LQW15AN5N0D80#","In Production","CE×Consumer equipment,IeT×Industrial equipment except for transportation & facility & energy equipment,MeS×Medical equipment [GHTF A/B/C] except for implant & surgery & auto injector","Up to 125℃,Wire wound type (Non mag),Low Rdc,Reflow soldering,HiQtype,ComplieswithRoHS,ComplieswithREACH","Consumer equipment","Appearance","1005/0402","0.6mm","5nH ±0.5nH","1,770mA",,,,"0.04Ω","10GHz","125℃","High frequency circuits","LQW15AN_80","Murata",,
"LQW15AN5N0G80#","In Production","CE×Consumer equipment,IeT×Industrial equipment except for transportation & facility & energy equipment,MeS×Medical equipment [GHTF A/B/C] except for implant & surgery & auto injector","Up to 125℃,Wire wound type (Non mag),Low Rdc,Tight,Reflow soldering,HiQtype,ComplieswithRoHS,ComplieswithREACH","Consumer equipment","Appearance","1005/0402","0.6mm","5nH ±2%","1,770mA",,,,"0.04Ω","10GHz","125℃","High frequency circuits","LQW15AN_80","Murata",,
"LQW15AN5N1B80#","In Production","CE×Consumer equipment,IeT×Industrial equipment except for transportation & facility & energy equipment,MeS×Medical equipment [GHTF A/B/C] except for implant & surgery & auto injector","Up to 125℃,Wire wound type (Non mag),Low Rdc,Tight,Reflow soldering,HiQtype,ComplieswithRoHS,ComplieswithREACH","Consumer equipment","Appearance","1005/0402","0.6mm","5.1nH ±0.1nH","1,770mA",,,,"0.04Ω","8GHz","125℃","High frequency circuits","LQW15AN_80","Murata",,
"LQW15AN5N1C80#","In Production","CE×Consumer equipment,IeT×Industrial equipment except for transportation & facility & energy equipment,MeS×Medical equipment [GHTF A/B/C] except for implant & surgery & auto injector","Up to 125℃,Wire wound type (Non mag),Low Rdc,Reflow soldering,HiQtype,ComplieswithRoHS,ComplieswithREACH","Consumer equipment","Appearance","1005/0402","0.6mm","5.1nH ±0.2nH","1,770mA",,,,"0.04Ω","8GHz","125℃","High frequency circuits","LQW15AN_80","Murata",,
"LQW15AN5N1D80#","In Production","CE×Consumer equipment,IeT×Industrial equipment except for transportation & facility & energy equipment,MeS×Medical equipment [GHTF A/B/C] except for implant & surgery & auto injector","Up to 125℃,Wire wound type (Non mag),Low Rdc,Reflow soldering,HiQtype,ComplieswithRoHS,ComplieswithREACH","Consumer equipment","Appearance","1005/0402","0.6mm","5.1nH ±0.5nH","1,770mA",,,,"0.04Ω","8GHz","125℃","High frequency circuits","LQW15AN_80","Murata",,
"LQW15AN5N1G80#","In Production","CE×Consumer equipment,IeT×Industrial equipment except for transportation & facility & energy equipment,MeS×Medical equipment [GHTF A/B/C] except for implant & surgery & auto injector","Up to 125℃,Wire wound type (Non mag),Low Rdc,Tight,Reflow soldering,HiQtype,ComplieswithRoHS,ComplieswithREACH","Consumer equipment","Appearance","1005/0402","0.6mm","5.1nH ±2%","1,770mA",,,,"0.04Ω","8GHz","125℃","High frequency circuits","LQW15AN_80","Murata",,
"LQW15AN5N2B80#","In Production","CE×Consumer equipment,IeT×Industrial equipment except for transportation & facility & energy equipment,MeS×Medical equipment [GHTF A/B/C] except for implant & surgery & auto injector","Up to 125℃,Wire wound type (Non mag),Low Rdc,Tight,Reflow soldering,HiQtype,ComplieswithRoHS,ComplieswithREACH","Consumer equipment","Appearance","1005/0402","0.6mm","5.2nH ±0.1nH","1,770mA",,,,"0.04Ω","8GHz","125℃","High frequency circuits","LQW15AN_80","Murata",,
"LQW15AN5N2C80#","In Production","CE×Consumer equipment,IeT×Industrial equipment except for transportation & facility & energy equipment,MeS×Medical equipment [GHTF A/B/C] except for implant & surgery & auto injector","Up to 125℃,Wire wound type (Non mag),Low Rdc,Reflow soldering,HiQtype,ComplieswithRoHS,ComplieswithREACH","Consumer equipment","Appearance","1005/0402","0.6mm","5.2nH ±0.2nH","1,770mA",,,,"0.04Ω","8GHz","125℃","High frequency circuits","LQW15AN_80","Murata",,
"LQW15AN5N2D80#","In Production","CE×Consumer equipment,IeT×Industrial equipment except for transportation & facility & energy equipment,MeS×Medical equipment [GHTF A/B/C] except for implant & surgery & auto injector","Up to 125℃,Wire wound type (Non mag),Low Rdc,Reflow soldering,HiQtype,ComplieswithRoHS,ComplieswithREACH","Consumer equipment","Appearance","1005/0402","0.6mm","5.2nH ±0.5nH","1,770mA",,,,"0.04Ω","8GHz","125℃","High frequency circuits","LQW15AN_80","Murata",,
"LQW15AN5N2G80#","In Production","CE×Consumer equipment,IeT×Industrial equipment except for transportation & facility & energy equipment,MeS×Medical equipment [GHTF A/B/C] except for implant & surgery & auto injector","Up to 125℃,Wire wound type (Non mag),Low Rdc,Tight,Reflow soldering,HiQtype,ComplieswithRoHS,ComplieswithREACH","Consumer equipment","Appearance","1005/0402","0.6mm","5.2nH ±2%","1,770mA",,,,"0.04Ω","8GHz","125℃","High frequency circuits","LQW15AN_80","Murata",,
"LQW15AN5N3B80#","In Production","CE×Consumer equipment,IeT×Industrial equipment except for transportation & facility & energy equipment,MeS×Medical equipment [GHTF A/B/C] except for implant & surgery & auto injector","Up to 125℃,Wire wound type (Non mag),Low Rdc,Tight,Reflow soldering,HiQtype,ComplieswithRoHS,ComplieswithREACH","Consumer equipment","Appearance","1005/0402","0.6mm","5.3nH ±0.1nH","1,770mA",,,,"0.04Ω","8GHz","125℃","High frequency circuits","LQW15AN_80","Murata",,
"LQW15AN5N3C80#","In Production","CE×Consumer equipment,IeT×Industrial equipment except for transportation & facility & energy equipment,MeS×Medical equipment [GHTF A/B/C] except for implant & surgery & auto injector","Up to 125℃,Wire wound type (Non mag),Low Rdc,Reflow soldering,HiQtype,ComplieswithRoHS,ComplieswithREACH","Consumer equipment","Appearance","1005/0402","0.6mm","5.3nH ±0.2nH","1,770mA",,,,"0.04Ω","8GHz","125℃","High frequency circuits","LQW15AN_80","Murata",,
"LQW15AN5N3D80#","In Production","CE×Consumer equipment,IeT×Industrial equipment except for transportation & facility & energy equipment,MeS×Medical equipment [GHTF A/B/C] except for implant & surgery & auto injector","Up to 125℃,Wire wound type (Non mag),Low Rdc,Reflow soldering,HiQtype,ComplieswithRoHS,ComplieswithREACH","Consumer equipment","Appearance","1005/0402","0.6mm","5.3nH ±0.5nH","1,770mA",,,,"0.04Ω","8GHz","125℃","High frequency circuits","LQW15AN_80","Murata",,
"LQW15AN5N3G80#","In Production","CE×Consumer equipment,IeT×Industrial equipment except for transportation & facility & energy equipment,MeS×Medical equipment [GHTF A/B/C] except for implant & surgery & auto injector","Up to 125℃,Wire wound type (Non mag),Low Rdc,Tight,Reflow soldering,HiQtype,ComplieswithRoHS,ComplieswithREACH","Consumer equipment","Appearance","1005/0402","0.6mm","5.3nH ±2%","1,770mA",,,,"0.04Ω","8GHz","125℃","High frequency circuits","LQW15AN_80","Murata",,
"LQW15AN5N4B80#","In Production","CE×Consumer equipment,IeT×Industrial equipment except for transportation & facility & energy equipment,MeS×Medical equipment [GHTF A/B/C] except for implant & surgery & auto injector","Up to 125℃,Wire wound type (Non mag),Low Rdc,Tight,Reflow soldering,HiQtype,ComplieswithRoHS,ComplieswithREACH","Consumer equipment","Appearance","1005/0402","0.6mm","5.4nH ±0.1nH","1,770mA",,,,"0.04Ω","8GHz","125℃","High frequency circuits","LQW15AN_80","Murata",,
"LQW15AN5N4C80#","In Production","CE×Consumer equipment,IeT×Industrial equipment except for transportation & facility & energy equipment,MeS×Medical equipment [GHTF A/B/C] except for implant & surgery & auto injector","Up to 125℃,Wire wound type (Non mag),Low Rdc,Reflow soldering,HiQtype,ComplieswithRoHS,ComplieswithREACH","Consumer equipment","Appearance","1005/0402","0.6mm","5.4nH ±0.2nH","1,770mA",,,,"0.04Ω","8GHz","125℃","High frequency circuits","LQW15AN_80","Murata",,
"LQW15AN5N4D80#","In Production","CE×Consumer equipment,IeT×Industrial equipment except for transportation & facility & energy equipment,MeS×Medical equipment [GHTF A/B/C] except for implant & surgery & auto injector","Up to 125℃,Wire wound type (Non mag),Low Rdc,Reflow soldering,HiQtype,ComplieswithRoHS,ComplieswithREACH","Consumer equipment","Appearance","1005/0402","0.6mm","5.4nH ±0.5nH","1,770mA",,,,"0.04Ω","8GHz","125℃","High frequency circuits","LQW15AN_80","Murata",,
"LQW15AN5N4G80#","In Production","CE×Consumer equipment,IeT×Industrial equipment except for transportation & facility & energy equipment,MeS×Medical equipment [GHTF A/B/C] except for implant & surgery & auto injector","Up to 125℃,Wire wound type (Non mag),Low Rdc,Tight,Reflow soldering,HiQtype,ComplieswithRoHS,ComplieswithREACH","Consumer equipment","Appearance","1005/0402","0.6mm","5.4nH ±2%","1,770mA",,,,"0.04Ω","8GHz","125℃","High frequency circuits","LQW15AN_80","Murata",,
"LQW15AN5N5B80#","In Production","CE×Consumer equipment,IeT×Industrial equipment except for transportation & facility & energy equipment,MeS×Medical equipment [GHTF A/B/C] except for implant & surgery & auto injector","Up to 125℃,Wire wound type (Non mag),Low Rdc,Tight,Reflow soldering,HiQtype,ComplieswithRoHS,ComplieswithREACH","Consumer equipment","Appearance","1005/0402","0.6mm","5.5nH ±0.1nH","1,770mA",,,,"0.04Ω","8GHz","125℃","High frequency circuits","LQW15AN_80","Murata",,
"LQW15AN5N5C80#","In Production","CE×Consumer equipment,IeT×Industrial equipment except for transportation & facility & energy equipment,MeS×Medical equipment [GHTF A/B/C] except for implant & surgery & auto injector","Up to 125℃,Wire wound type (Non mag),Low Rdc,Reflow soldering,HiQtype,ComplieswithRoHS,ComplieswithREACH","Consumer equipment","Appearance","1005/0402","0.6mm","5.5nH ±0.2nH","1,770mA",,,,"0.04Ω","8GHz","125℃","High frequency circuits","LQW15AN_80","Murata",,
"LQW15AN5N5D80#","In Production","CE×Consumer equipment,IeT×Industrial equipment except for transportation & facility & energy equipment,MeS×Medical equipment [GHTF A/B/C] except for implant & surgery & auto injector","Up to 125℃,Wire wound type (Non mag),Low Rdc,Reflow soldering,HiQtype,ComplieswithRoHS,ComplieswithREACH","Consumer equipment","Appearance","1005/0402","0.6mm","5.5nH ±0.5nH","1,770mA",,,,"0.04Ω","8GHz","125℃","High frequency circuits","LQW15AN_80","Murata",,
"LQW15AN5N5G80#","In Production","CE×Consumer equipment,IeT×Industrial equipment except for transportation & facility & energy equipment,MeS×Medical equipment [GHTF A/B/C] except for implant & surgery & auto injector","Up to 125℃,Wire wound type (Non mag),Low Rdc,Tight,Reflow soldering,HiQtype,ComplieswithRoHS,ComplieswithREACH","Consumer equipment","Appearance","1005/0402","0.6mm","5.5nH ±2%","1,770mA",,,,"0.04Ω","8GHz","125℃","High frequency circuits","LQW15AN_80","Murata",,
"LQW15AN5N6B80#","In Production","CE×Consumer equipment,IeT×Industrial equipment except for transportation & facility & energy equipment,MeS×Medical equipment [GHTF A/B/C] except for implant & surgery & auto injector","Up to 125℃,Wire wound type (Non mag),Low Rdc,Tight,Reflow soldering,HiQtype,ComplieswithRoHS,ComplieswithREACH","Consumer equipment","Appearance","1005/0402","0.6mm","5.6nH ±0.1nH","1,770mA",,,,"0.04Ω","8GHz","125℃","High frequency circuits","LQW15AN_80","Murata",,
"LQW15AN5N6C80#","In Production","CE×Consumer equipment,IeT×Industrial equipment except for transportation & facility & energy equipment,MeS×Medical equipment [GHTF A/B/C] except for implant & surgery & auto injector","Up to 125℃,Wire wound type (Non mag),Low Rdc,Reflow soldering,HiQtype,ComplieswithRoHS,ComplieswithREACH","Consumer equipment","Appearance","1005/0402","0.6mm","5.6nH ±0.2nH","1,770mA",,,,"0.04Ω","8GHz","125℃","High frequency circuits","LQW15AN_80","Murata",,
"LQW15AN5N6D80#","In Production","CE×Consumer equipment,IeT×Industrial equipment except for transportation & facility & energy equipment,MeS×Medical equipment [GHTF A/B/C] except for implant & surgery & auto injector","Up to 125℃,Wire wound type (Non mag),Low Rdc,Reflow soldering,HiQtype,ComplieswithRoHS,ComplieswithREACH","Consumer equipment","Appearance","1005/0402","0.6mm","5.6nH ±0.5nH","1,770mA",,,,"0.04Ω","8GHz","125℃","High frequency circuits","LQW15AN_80","Murata",,
"LQW15AN5N6G80#","In Production","CE×Consumer equipment,IeT×Industrial equipment except for transportation & facility & energy equipment,MeS×Medical equipment [GHTF A/B/C] except for implant & surgery & auto injector","Up to 125℃,Wire wound type (Non mag),Low Rdc,Tight,Reflow soldering,HiQtype,ComplieswithRoHS,ComplieswithREACH","Consumer equipment","Appearance","1005/0402","0.6mm","5.6nH ±2%","1,770mA",,,,"0.04Ω","8GHz","125℃","High frequency circuits","LQW15AN_80","Murata",,
"LQW15AN5N7B80#","In Production","CE×Consumer equipment,IeT×Industrial equipment except for transportation & facility & energy equipment,MeS×Medical equipment [GHTF A/B/C] except for implant & surgery & auto injector","Up to 125℃,Wire wound type (Non mag),Low Rdc,Tight,Reflow soldering,HiQtype,ComplieswithRoHS,ComplieswithREACH","Consumer equipment","Appearance","1005/0402","0.6mm","5.7nH ±0.1nH","1,770mA",,,,"0.04Ω","8GHz","125℃","High frequency circuits","LQW15AN_80","Murata",,
"LQW15AN5N7C80#","In Production","CE×Consumer equipment,IeT×Industrial equipment except for transportation & facility & energy equipment,MeS×Medical equipment [GHTF A/B/C] except for implant & surgery & auto injector","Up to 125℃,Wire wound type (Non mag),Low Rdc,Reflow soldering,HiQtype,ComplieswithRoHS,ComplieswithREACH","Consumer equipment","Appearance","1005/0402","0.6mm","5.7nH ±0.2nH","1,770mA",,,,"0.04Ω","8GHz","125℃","High frequency circuits","LQW15AN_80","Murata",,
"LQW15AN5N7D80#","In Production","CE×Consumer equipment,IeT×Industrial equipment except for transportation & facility & energy equipment,MeS×Medical equipment [GHTF A/B/C] except for implant & surgery & auto injector","Up to 125℃,Wire wound type (Non mag),Low Rdc,Reflow soldering,HiQtype,ComplieswithRoHS,ComplieswithREACH","Consumer equipment","Appearance","1005/0402","0.6mm","5.7nH ±0.5nH","1,770mA",,,,"0.04Ω","8GHz","125℃","High frequency circuits","LQW15AN_80","Murata",,
"LQW15AN5N7G80#","In Production","CE×Consumer equipment,IeT×Industrial equipment except for transportation & facility & energy equipment,MeS×Medical equipment [GHTF A/B/C] except for implant & surgery & auto injector","Up to 125℃,Wire wound type (Non mag),Low Rdc,Tight,Reflow soldering,HiQtype,ComplieswithRoHS,ComplieswithREACH","Consumer equipment","Appearance","1005/0402","0.6mm","5.7nH ±2%","1,770mA",,,,"0.04Ω","8GHz","125℃","High frequency circuits","LQW15AN_80","Murata",,
"LQW15AN5N8B80#","In Production","CE×Consumer equipment,IeT×Industrial equipment except for transportation & facility & energy equipment,MeS×Medical equipment [GHTF A/B/C] except for implant & surgery & auto injector","Up to 125℃,Wire wound type (Non mag),Low Rdc,Tight,Reflow soldering,HiQtype,ComplieswithRoHS,ComplieswithREACH","Consumer equipment","Appearance","1005/0402","0.6mm","5.8nH ±0.1nH","1,770mA",,,,"0.04Ω","8GHz","125℃","High frequency circuits","LQW15AN_80","Murata",,
"LQW15AN5N8C80#","In Production","CE×Consumer equipment,IeT×Industrial equipment except for transportation & facility & energy equipment,MeS×Medical equipment [GHTF A/B/C] except for implant & surgery & auto injector","Up to 125℃,Wire wound type (Non mag),Low Rdc,Reflow soldering,HiQtype,ComplieswithRoHS,ComplieswithREACH","Consumer equipment","Appearance","1005/0402","0.6mm","5.8nH ±0.2nH","1,770mA",,,,"0.04Ω","8GHz","125℃","High frequency circuits","LQW15AN_80","Murata",,
"LQW15AN5N8D80#","In Production","CE×Consumer equipment,IeT×Industrial equipment except for transportation & facility & energy equipment,MeS×Medical equipment [GHTF A/B/C] except for implant & surgery & auto injector","Up to 125℃,Wire wound type (Non mag),Low Rdc,Reflow soldering,HiQtype,ComplieswithRoHS,ComplieswithREACH","Consumer equipment","Appearance","1005/0402","0.6mm","5.8nH ±0.5nH","1,770mA",,,,"0.04Ω","8GHz","125℃","High frequency circuits","LQW15AN_80","Murata",,
"LQW15AN5N8G80#","In Production","CE×Consumer equipment,IeT×Industrial equipment except for transportation & facility & energy equipment,MeS×Medical equipment [GHTF A/B/C] except for implant & surgery & auto injector","Up to 125℃,Wire wound type (Non mag),Low Rdc,Tight,Reflow soldering,HiQtype,ComplieswithRoHS,ComplieswithREACH","Consumer equipment","Appearance","1005/0402","0.6mm","5.8nH ±2%","1,770mA",,,,"0.04Ω","8GHz","125℃","High frequency circuits","LQW15AN_80","Murata",,
"LQW15AN5N9B80#","In Production","CE×Consumer equipment,IeT×Industrial equipment except for transportation & facility & energy equipment,MeS×Medical equipment [GHTF A/B/C] except for implant & surgery & auto injector","Up to 125℃,Wire wound type (Non mag),Low Rdc,Tight,Reflow soldering,HiQtype,ComplieswithRoHS,ComplieswithREACH","Consumer equipment","Appearance","1005/0402","0.6mm","5.9nH ±0.1nH","1,770mA",,,,"0.04Ω","8GHz","125℃","High frequency circuits","LQW15AN_80","Murata",,
"LQW15AN5N9C80#","In Production","CE×Consumer equipment,IeT×Industrial equipment except for transportation & facility & energy equipment,MeS×Medical equipment [GHTF A/B/C] except for implant & surgery & auto injector","Up to 125℃,Wire wound type (Non mag),Low Rdc,Reflow soldering,HiQtype,ComplieswithRoHS,ComplieswithREACH","Consumer equipment","Appearance","1005/0402","0.6mm","5.9nH ±0.2nH","1,770mA",,,,"0.04Ω","8GHz","125℃","High frequency circuits","LQW15AN_80","Murata",,
"LQW15AN5N9D80#","In Production","CE×Consumer equipment,IeT×Industrial equipment except for transportation & facility & energy equipment,MeS×Medical equipment [GHTF A/B/C] except for implant & surgery & auto injector","Up to 125℃,Wire wound type (Non mag),Low Rdc,Reflow soldering,HiQtype,ComplieswithRoHS,ComplieswithREACH","Consumer equipment","Appearance","1005/0402","0.6mm","5.9nH ±0.5nH","1,770mA",,,,"0.04Ω","8GHz","125℃","High frequency circuits","LQW15AN_80","Murata",,
"LQW15AN5N9G80#","In Production","CE×Consumer equipment,IeT×Industrial equipment except for transportation & facility & energy equipment,MeS×Medical equipment [GHTF A/B/C] except for implant & surgery & auto injector","Up to 125℃,Wire wound type (Non mag),Low Rdc,Tight,Reflow soldering,HiQtype,ComplieswithRoHS,ComplieswithREACH","Consumer equipment","Appearance","1005/0402","0.6mm","5.9nH ±2%","1,770mA",,,,"0.04Ω","8GHz","125℃","High frequency circuits","LQW15AN_80","Murata",,
"LQW15AN68NG80#","In Production","CE×Consumer equipment,IeT×Industrial equipment except for transportation & facility & energy equipment,MeS×Medical equipment [GHTF A/B/C] except for implant & surgery & auto injector","Up to 125℃,Wire wound type (Non mag),Low Rdc,Tight,Reflow soldering,HiQtype,ComplieswithRoHS,ComplieswithREACH","Consumer equipment","Appearance","1005/0402","0.6mm","68nH ±2%","320mA",,,,"1.128Ω","2.5GHz","125℃","High frequency circuits","LQW15AN_80","Murata",,
"LQW15AN68NJ80#","In Production","CE×Consumer equipment,IeT×Industrial equipment except for transportation & facility & energy equipment,MeS×Medical equipment [GHTF A/B/C] except for implant & surgery & auto injector","Up to 125℃,Wire wound type (Non mag),Low Rdc,Reflow soldering,HiQtype,ComplieswithRoHS,ComplieswithREACH","Consumer equipment","Appearance","1005/0402","0.6mm","68nH ±5%","320mA",,,,"1.128Ω","2.5GHz","125℃","High frequency circuits","LQW15AN_80","Murata",,
"LQW15AN6N0B80#","In Production","CE×Consumer equipment,IeT×Industrial equipment except for transportation & facility & energy equipment,MeS×Medical equipment [GHTF A/B/C] except for implant & surgery & auto injector","Up to 125℃,Wire wound type (Non mag),Low Rdc,Tight,Reflow soldering,HiQtype,ComplieswithRoHS,ComplieswithREACH","Consumer equipment","Appearance","1005/0402","0.6mm","6nH ±0.1nH","1,600mA",,,,"0.056Ω","8GHz","125℃","High frequency circuits","LQW15AN_80","Murata",,
"LQW15AN6N0C80#","In Production","CE×Consumer equipment,IeT×Industrial equipment except for transportation & facility & energy equipment,MeS×Medical equipment [GHTF A/B/C] except for implant & surgery & auto injector","Up to 125℃,Wire wound type (Non mag),Low Rdc,Reflow soldering,HiQtype,ComplieswithRoHS,ComplieswithREACH","Consumer equipment","Appearance","1005/0402","0.6mm","6nH ±0.2nH","1,600mA",,,,"0.056Ω","8GHz","125℃","High frequency circuits","LQW15AN_80","Murata",,
"LQW15AN6N0D80#","In Production","CE×Consumer equipment,IeT×Industrial equipment except for transportation & facility & energy equipment,MeS×Medical equipment [GHTF A/B/C] except for implant & surgery & auto injector","Up to 125℃,Wire wound type (Non mag),Low Rdc,Reflow soldering,HiQtype,ComplieswithRoHS,ComplieswithREACH","Consumer equipment","Appearance","1005/0402","0.6mm","6nH ±0.5nH","1,600mA",,,,"0.056Ω","8GHz","125℃","High frequency circuits","LQW15AN_80","Murata",,
"LQW15AN6N0G80#","In Production","CE×Consumer equipment,IeT×Industrial equipment except for transportation & facility & energy equipment,MeS×Medical equipment [GHTF A/B/C] except for implant & surgery & auto injector","Up to 125℃,Wire wound type (Non mag),Low Rdc,Tight,Reflow soldering,HiQtype,ComplieswithRoHS,ComplieswithREACH","Consumer equipment","Appearance","1005/0402","0.6mm","6nH ±2%","1,600mA",,,,"0.056Ω","8GHz","125℃","High frequency circuits","LQW15AN_80","Murata",,
"LQW15AN6N1B80#","In Production","CE×Consumer equipment,IeT×Industrial equipment except for transportation & facility & energy equipment,MeS×Medical equipment [GHTF A/B/C] except for implant & surgery & auto injector","Up to 125℃,Wire wound type (Non mag),Low Rdc,Tight,Reflow soldering,HiQtype,ComplieswithRoHS,ComplieswithREACH","Consumer equipment","Appearance","1005/0402","0.6mm","6.1nH ±0.1nH","1,600mA",,,,"0.056Ω","8GHz","125℃","High frequency circuits","LQW15AN_80","Murata",,
"LQW15AN6N1C80#","In Production","CE×Consumer equipment,IeT×Industrial equipment except for transportation & facility & energy equipment,MeS×Medical equipment [GHTF A/B/C] except for implant & surgery & auto injector","Up to 125℃,Wire wound type (Non mag),Low Rdc,Reflow soldering,HiQtype,ComplieswithRoHS,ComplieswithREACH","Consumer equipment","Appearance","1005/0402","0.6mm","6.1nH ±0.2nH","1,600mA",,,,"0.056Ω","8GHz","125℃","High frequency circuits","LQW15AN_80","Murata",,
"LQW15AN6N1D80#","In Production","CE×Consumer equipment,IeT×Industrial equipment except for transportation & facility & energy equipment,MeS×Medical equipment [GHTF A/B/C] except for implant & surgery & auto injector","Up to 125℃,Wire wound type (Non mag),Low Rdc,Reflow soldering,HiQtype,ComplieswithRoHS,ComplieswithREACH","Consumer equipment","Appearance","1005/0402","0.6mm","6.1nH ±0.5nH","1,600mA",,,,"0.056Ω","8GHz","125℃","High frequency circuits","LQW15AN_80","Murata",,
"LQW15AN6N1G80#","In Production","CE×Consumer equipment,IeT×Industrial equipment except for transportation & facility & energy equipment,MeS×Medical equipment [GHTF A/B/C] except for implant & surgery & auto injector","Up to 125℃,Wire wound type (Non mag),Low Rdc,Tight,Reflow soldering,HiQtype,ComplieswithRoHS,ComplieswithREACH","Consumer equipment","Appearance","1005/0402","0.6mm","6.1nH ±2%","1,600mA",,,,"0.056Ω","8GHz","125℃","High frequency circuits","LQW15AN_80","Murata",,
"LQW15AN6N2B80#","In Production","CE×Consumer equipment,IeT×Industrial equipment except for transportation & facility & energy equipment,MeS×Medical equipment [GHTF A/B/C] except for implant & surgery & auto injector","Up to 125℃,Wire wound type (Non mag),Low Rdc,Tight,Reflow soldering,HiQtype,ComplieswithRoHS,ComplieswithREACH","Consumer equipment","Appearance","1005/0402","0.6mm","6.2nH ±0.1nH","1,600mA",,,,"0.056Ω","8GHz","125℃","High frequency circuits","LQW15AN_80","Murata",,
"LQW15AN6N2C80#","In Production","CE×Consumer equipment,IeT×Industrial equipment except for transportation & facility & energy equipment,MeS×Medical equipment [GHTF A/B/C] except for implant & surgery & auto injector","Up to 125℃,Wire wound type (Non mag),Low Rdc,Reflow soldering,HiQtype,ComplieswithRoHS,ComplieswithREACH","Consumer equipment","Appearance","1005/0402","0.6mm","6.2nH ±0.2nH","1,600mA",,,,"0.056Ω","8GHz","125℃","High frequency circuits","LQW15AN_80","Murata",,
"LQW15AN6N2D80#","In Production","CE×Consumer equipment,IeT×Industrial equipment except for transportation & facility & energy equipment,MeS×Medical equipment [GHTF A/B/C] except for implant & surgery & auto injector","Up to 125℃,Wire wound type (Non mag),Low Rdc,Reflow soldering,HiQtype,ComplieswithRoHS,ComplieswithREACH","Consumer equipment","Appearance","1005/0402","0.6mm","6.2nH ±0.5nH","1,600mA",,,,"0.056Ω","8GHz","125℃","High frequency circuits","LQW15AN_80","Murata",,
"LQW15AN6N2G80#","In Production","CE×Consumer equipment,IeT×Industrial equipment except for transportation & facility & energy equipment,MeS×Medical equipment [GHTF A/B/C] except for implant & surgery & auto injector","Up to 125℃,Wire wound type (Non mag),Low Rdc,Tight,Reflow soldering,HiQtype,ComplieswithRoHS,ComplieswithREACH","Consumer equipment","Appearance","1005/0402","0.6mm","6.2nH ±2%","1,600mA",,,,"0.056Ω","8GHz","125℃","High frequency circuits","LQW15AN_80","Murata",,
"LQW15AN6N3G80#","In Production","CE×Consumer equipment,IeT×Industrial equipment except for transportation & facility & energy equipment,MeS×Medical equipment [GHTF A/B/C] except for implant & surgery & auto injector","Up to 125℃,Wire wound type (Non mag),Low Rdc,Tight,Reflow soldering,HiQtype,ComplieswithRoHS,ComplieswithREACH","Consumer equipment","Appearance","1005/0402","0.6mm","6.3nH ±2%","1,600mA",,,,"0.057Ω","7.8GHz","125℃","High frequency circuits","LQW15AN_80","Murata",,
"LQW15AN6N3J80#","In Production","CE×Consumer equipment,IeT×Industrial equipment except for transportation & facility & energy equipment,MeS×Medical equipment [GHTF A/B/C] except for implant & surgery & auto injector","Up to 125℃,Wire wound type (Non mag),Low Rdc,Reflow soldering,HiQtype,ComplieswithRoHS,ComplieswithREACH","Consumer equipment","Appearance","1005/0402","0.6mm","6.3nH ±5%","1,600mA",,,,"0.057Ω","7.8GHz","125℃","High frequency circuits","LQW15AN_80","Murata",,
"LQW15AN6N4G80#","In Production","CE×Consumer equipment,IeT×Industrial equipment except for transportation & facility & energy equipment,MeS×Medical equipment [GHTF A/B/C] except for implant & surgery & auto injector","Up to 125℃,Wire wound type (Non mag),Low Rdc,Tight,Reflow soldering,HiQtype,ComplieswithRoHS,ComplieswithREACH","Consumer equipment","Appearance","1005/0402","0.6mm","6.4nH ±2%","1,380mA",,,,"0.065Ω","7GHz","125℃","High frequency circuits","LQW15AN_80","Murata",,
"LQW15AN6N4J80#","In Production","CE×Consumer equipment,IeT×Industrial equipment except for transportation & facility & energy equipment,MeS×Medical equipment [GHTF A/B/C] except for implant & surgery & auto injector","Up to 125℃,Wire wound type (Non mag),Low Rdc,Reflow soldering,HiQtype,ComplieswithRoHS,ComplieswithREACH","Consumer equipment","Appearance","1005/0402","0.6mm","6.4nH ±5%","1,380mA",,,,"0.065Ω","7GHz","125℃","High frequency circuits","LQW15AN_80","Murata",,
"LQW15AN6N5G80#","In Production","CE×Consumer equipment,IeT×Industrial equipment except for transportation & facility & energy equipment,MeS×Medical equipment [GHTF A/B/C] except for implant & surgery & auto injector","Up to 125℃,Wire wound type (Non mag),Low Rdc,Tight,Reflow soldering,HiQtype,ComplieswithRoHS,ComplieswithREACH","Consumer equipment","Appearance","1005/0402","0.6mm","6.5nH ±2%","1,380mA",,,,"0.065Ω","7GHz","125℃","High frequency circuits","LQW15AN_80","Murata",,
"LQW15AN6N5J80#","In Production","CE×Consumer equipment,IeT×Industrial equipment except for transportation & facility & energy equipment,MeS×Medical equipment [GHTF A/B/C] except for implant & surgery & auto injector","Up to 125℃,Wire wound type (Non mag),Low Rdc,Reflow soldering,HiQtype,ComplieswithRoHS,ComplieswithREACH","Consumer equipment","Appearance","1005/0402","0.6mm","6.5nH ±5%","1,380mA",,,,"0.065Ω","7GHz","125℃","High frequency circuits","LQW15AN_80","Murata",,
"LQW15AN6N6G80#","In Production","CE×Consumer equipment,IeT×Industrial equipment except for transportation & facility & energy equipment,MeS×Medical equipment [GHTF A/B/C] except for implant & surgery & auto injector","Up to 125℃,Wire wound type (Non mag),Low Rdc,Tight,Reflow soldering,HiQtype,ComplieswithRoHS,ComplieswithREACH","Consumer equipment","Appearance","1005/0402","0.6mm","6.6nH ±2%","1,280mA",,,,"0.078Ω","7GHz","125℃","High frequency circuits","LQW15AN_80","Murata",,
"LQW15AN6N6J80#","In Production","CE×Consumer equipment,IeT×Industrial equipment except for transportation & facility & energy equipment,MeS×Medical equipment [GHTF A/B/C] except for implant & surgery & auto injector","Up to 125℃,Wire wound type (Non mag),Low Rdc,Reflow soldering,HiQtype,ComplieswithRoHS,ComplieswithREACH","Consumer equipment","Appearance","1005/0402","0.6mm","6.6nH ±5%","1,280mA",,,,"0.078Ω","7GHz","125℃","High frequency circuits","LQW15AN_80","Murata",,
"LQW15AN6N7G80#","In Production","CE×Consumer equipment,IeT×Industrial equipment except for transportation & facility & energy equipment,MeS×Medical equipment [GHTF A/B/C] except for implant & surgery & auto injector","Up to 125℃,Wire wound type (Non mag),Low Rdc,Tight,Reflow soldering,HiQtype,ComplieswithRoHS,ComplieswithREACH","Consumer equipment","Appearance","1005/0402","0.6mm","6.7nH ±2%","1,280mA",,,,"0.078Ω","7GHz","125℃","High frequency circuits","LQW15AN_80","Murata",,
"LQW15AN6N7J80#","In Production","CE×Consumer equipment,IeT×Industrial equipment except for transportation & facility & energy equipment,MeS×Medical equipment [GHTF A/B/C] except for implant & surgery & auto injector","Up to 125℃,Wire wound type (Non mag),Low Rdc,Reflow soldering,HiQtype,ComplieswithRoHS,ComplieswithREACH","Consumer equipment","Appearance","1005/0402","0.6mm","6.7nH ±5%","1,280mA",,,,"0.078Ω","7GHz","125℃","High frequency circuits","LQW15AN_80","Murata",,
"LQW15AN6N8G80#","In Production","CE×Consumer equipment,IeT×Industrial equipment except for transportation & facility & energy equipment,MeS×Medical equipment [GHTF A/B/C] except for implant & surgery & auto injector","Up to 125℃,Wire wound type (Non mag),Low Rdc,Tight,Reflow soldering,HiQtype,ComplieswithRoHS,ComplieswithREACH","Consumer equipment","Appearance","1005/0402","0.6mm","6.8nH ±2%","1,450mA",,,,"0.068Ω","7GHz","125℃","High frequency circuits","LQW15AN_80","Murata",,
"LQW15AN6N8J80#","In Production","CE×Consumer equipment,IeT×Industrial equipment except for transportation & facility & energy equipment,MeS×Medical equipment [GHTF A/B/C] except for implant & surgery & auto injector","Up to 125℃,Wire wound type (Non mag),Low Rdc,Reflow soldering,HiQtype,ComplieswithRoHS,ComplieswithREACH","Consumer equipment","Appearance","1005/0402","0.6mm","6.8nH ±5%","1,450mA",,,,"0.068Ω","7GHz","125℃","High frequency circuits","LQW15AN_80","Murata",,
"LQW15AN6N9G80#","In Production","CE×Consumer equipment,IeT×Industrial equipment except for transportation & facility & energy equipment,MeS×Medical equipment [GHTF A/B/C] except for implant & surgery & auto injector","Up to 125℃,Wire wound type (Non mag),Low Rdc,Tight,Reflow soldering,HiQtype,ComplieswithRoHS,ComplieswithREACH","Consumer equipment","Appearance","1005/0402","0.6mm","6.9nH ±2%","1,420mA",,,,"0.069Ω","8.5GHz","125℃","High frequency circuits","LQW15AN_80","Murata",,
"LQW15AN6N9J80#","In Production","CE×Consumer equipment,IeT×Industrial equipment except for transportation & facility & energy equipment,MeS×Medical equipment [GHTF A/B/C] except for implant & surgery & auto injector","Up to 125℃,Wire wound type (Non mag),Low Rdc,Reflow soldering,HiQtype,ComplieswithRoHS,ComplieswithREACH","Consumer equipment","Appearance","1005/0402","0.6mm","6.9nH ±5%","1,420mA",,,,"0.069Ω","8.5GHz","125℃","High frequency circuits","LQW15AN_80","Murata",,
"LQW15AN75NG80#","In Production","CE×Consumer equipment,IeT×Industrial equipment except for transportation & facility & energy equipment,MeS×Medical equipment [GHTF A/B/C] except for implant & surgery & auto injector","Up to 125℃,Wire wound type (Non mag),Low Rdc,Tight,Reflow soldering,HiQtype,ComplieswithRoHS,ComplieswithREACH","Consumer equipment","Appearance","1005/0402","0.6mm","75nH ±2%","320mA",,,,"1.224Ω","2.4GHz","125℃","High frequency circuits","LQW15AN_80","Murata",,
"LQW15AN75NJ80#","In Production","CE×Consumer equipment,IeT×Industrial equipment except for transportation & facility & energy equipment,MeS×Medical equipment [GHTF A/B/C] except for implant & surgery & auto injector","Up to 125℃,Wire wound type (Non mag),Low Rdc,Reflow soldering,HiQtype,ComplieswithRoHS,ComplieswithREACH","Consumer equipment","Appearance","1005/0402","0.6mm","75nH ±5%","320mA",,,,"1.224Ω","2.4GHz","125℃","High frequency circuits","LQW15AN_80","Murata",,
"LQW15AN7N0G80#","In Production","CE×Consumer equipment,IeT×Industrial equipment except for transportation & facility & energy equipment,MeS×Medical equipment [GHTF A/B/C] except for implant & surgery & auto injector","Up to 125℃,Wire wound type (Non mag),Low Rdc,Tight,Reflow soldering,HiQtype,ComplieswithRoHS,ComplieswithREACH","Consumer equipment","Appearance","1005/0402","0.6mm","7nH ±2%","1,420mA",,,,"0.069Ω","8GHz","125℃","High frequency circuits","LQW15AN_80","Murata",,
"LQW15AN7N0J80#","In Production","CE×Consumer equipment,IeT×Industrial equipment except for transportation & facility & energy equipment,MeS×Medical equipment [GHTF A/B/C] except for implant & surgery & auto injector","Up to 125℃,Wire wound type (Non mag),Low Rdc,Reflow soldering,HiQtype,ComplieswithRoHS,ComplieswithREACH","Consumer equipment","Appearance","1005/0402","0.6mm","7nH ±5%","1,420mA",,,,"0.069Ω","8GHz","125℃","High frequency circuits","LQW15AN_80","Murata",,
"LQW15AN7N1G80#","In Production","CE×Consumer equipment,IeT×Industrial equipment except for transportation & facility & energy equipment,MeS×Medical equipment [GHTF A/B/C] except for implant & surgery & auto injector","Up to 125℃,Wire wound type (Non mag),Low Rdc,Tight,Reflow soldering,HiQtype,ComplieswithRoHS,ComplieswithREACH","Consumer equipment","Appearance","1005/0402","0.6mm","7.1nH ±2%","1,420mA",,,,"0.069Ω","7GHz","125℃","High frequency circuits","LQW15AN_80","Murata",,
"LQW15AN7N1J80#","In Production","CE×Consumer equipment,IeT×Industrial equipment except for transportation & facility & energy equipment,MeS×Medical equipment [GHTF A/B/C] except for implant & surgery & auto injector","Up to 125℃,Wire wound type (Non mag),Low Rdc,Reflow soldering,HiQtype,ComplieswithRoHS,ComplieswithREACH","Consumer equipment","Appearance","1005/0402","0.6mm","7.1nH ±5%","1,420mA",,,,"0.069Ω","7GHz","125℃","High frequency circuits","LQW15AN_80","Murata",,
"LQW15AN7N2G80#","In Production","CE×Consumer equipment,IeT×Industrial equipment except for transportation & facility & energy equipment,MeS×Medical equipment [GHTF A/B/C] except for implant & surgery & auto injector","Up to 125℃,Wire wound type (Non mag),Low Rdc,Tight,Reflow soldering,HiQtype,ComplieswithRoHS,ComplieswithREACH","Consumer equipment","Appearance","1005/0402","0.6mm","7.2nH ±2%","1,700mA",,,,"0.05Ω","7GHz","125℃","High frequency circuits","LQW15AN_80","Murata",,
"LQW15AN7N2J80#","In Production","CE×Consumer equipment,IeT×Industrial equipment except for transportation & facility & energy equipment,MeS×Medical equipment [GHTF A/B/C] except for implant & surgery & auto injector","Up to 125℃,Wire wound type (Non mag),Low Rdc,Reflow soldering,HiQtype,ComplieswithRoHS,ComplieswithREACH","Consumer equipment","Appearance","1005/0402","0.6mm","7.2nH ±5%","1,700mA",,,,"0.05Ω","7GHz","125℃","High frequency circuits","LQW15AN_80","Murata",,
"LQW15AN7N3G80#","In Production","CE×Consumer equipment,IeT×Industrial equipment except for transportation & facility & energy equipment,MeS×Medical equipment [GHTF A/B/C] except for implant & surgery & auto injector","Up to 125℃,Wire wound type (Non mag),Low Rdc,Tight,Reflow soldering,HiQtype,ComplieswithRoHS,ComplieswithREACH","Consumer equipment","Appearance","1005/0402","0.6mm","7.3nH ±2%","1,700mA",,,,"0.05Ω","7GHz","125℃","High frequency circuits","LQW15AN_80","Murata",,
"LQW15AN7N3J80#","In Production","CE×Consumer equipment,IeT×Industrial equipment except for transportation & facility & energy equipment,MeS×Medical equipment [GHTF A/B/C] except for implant & surgery & auto injector","Up to 125℃,Wire wound type (Non mag),Low Rdc,Reflow soldering,HiQtype,ComplieswithRoHS,ComplieswithREACH","Consumer equipment","Appearance","1005/0402","0.6mm","7.3nH ±5%","1,700mA",,,,"0.05Ω","7GHz","125℃","High frequency circuits","LQW15AN_80","Murata",,
"LQW15AN7N4G80#","In Production","CE×Consumer equipment,IeT×Industrial equipment except for transportation & facility & energy equipment,MeS×Medical equipment [GHTF A/B/C] except for implant & surgery & auto injector","Up to 125℃,Wire wound type (Non mag),Low Rdc,Tight,Reflow soldering,HiQtype,ComplieswithRoHS,ComplieswithREACH","Consumer equipment","Appearance","1005/0402","0.6mm","7.4nH ±2%","1,700mA",,,,"0.05Ω","7GHz","125℃","High frequency circuits","LQW15AN_80","Murata",,
"LQW15AN7N4J80#","In Production","CE×Consumer equipment,IeT×Industrial equipment except for transportation & facility & energy equipment,MeS×Medical equipment [GHTF A/B/C] except for implant & surgery & auto injector","Up to 125℃,Wire wound type (Non mag),Low Rdc,Reflow soldering,HiQtype,ComplieswithRoHS,ComplieswithREACH","Consumer equipment","Appearance","1005/0402","0.6mm","7.4nH ±5%","1,700mA",,,,"0.05Ω","7GHz","125℃","High frequency circuits","LQW15AN_80","Murata",,
"LQW15AN7N5G80#","In Production","CE×Consumer equipment,IeT×Industrial equipment except for transportation & facility & energy equipment,MeS×Medical equipment [GHTF A/B/C] except for implant & surgery & auto injector","Up to 125℃,Wire wound type (Non mag),Low Rdc,Tight,Reflow soldering,HiQtype,ComplieswithRoHS,ComplieswithREACH","Consumer equipment","Appearance","1005/0402","0.6mm","7.5nH ±2%","1,700mA",,,,"0.05Ω","7GHz","125℃","High frequency circuits","LQW15AN_80","Murata",,
"LQW15AN7N5J80#","In Production","CE×Consumer equipment,IeT×Industrial equipment except for transportation & facility & energy equipment,MeS×Medical equipment [GHTF A/B/C] except for implant & surgery & auto injector","Up to 125℃,Wire wound type (Non mag),Low Rdc,Reflow soldering,HiQtype,ComplieswithRoHS,ComplieswithREACH","Consumer equipment","Appearance","1005/0402","0.6mm","7.5nH ±5%","1,700mA",,,,"0.05Ω","7GHz","125℃","High frequency circuits","LQW15AN_80","Murata",,
"LQW15AN7N6G80#","In Production","CE×Consumer equipment,IeT×Industrial equipment except for transportation & facility & energy equipment,MeS×Medical equipment [GHTF A/B/C] except for implant & surgery & auto injector","Up to 125℃,Wire wound type (Non mag),Low Rdc,Tight,Reflow soldering,HiQtype,ComplieswithRoHS,ComplieswithREACH","Consumer equipment","Appearance","1005/0402","0.6mm","7.6nH ±2%","1,700mA",,,,"0.05Ω","7GHz","125℃","High frequency circuits","LQW15AN_80","Murata",,
"LQW15AN7N6J80#","In Production","CE×Consumer equipment,IeT×Industrial equipment except for transportation & facility & energy equipment,MeS×Medical equipment [GHTF A/B/C] except for implant & surgery & auto injector","Up to 125℃,Wire wound type (Non mag),Low Rdc,Reflow soldering,HiQtype,ComplieswithRoHS,ComplieswithREACH","Consumer equipment","Appearance","1005/0402","0.6mm","7.6nH ±5%","1,700mA",,,,"0.05Ω","7GHz","125℃","High frequency circuits","LQW15AN_80","Murata",,
"LQW15AN7N7G80#","In Production","CE×Consumer equipment,IeT×Industrial equipment except for transportation & facility & energy equipment,MeS×Medical equipment [GHTF A/B/C] except for implant & surgery & auto injector","Up to 125℃,Wire wound type (Non mag),Low Rdc,Tight,Reflow soldering,HiQtype,ComplieswithRoHS,ComplieswithREACH","Consumer equipment","Appearance","1005/0402","0.6mm","7.7nH ±2%","1,700mA",,,,"0.05Ω","7GHz","125℃","High frequency circuits","LQW15AN_80","Murata",,
"LQW15AN7N7J80#","In Production","CE×Consumer equipment,IeT×Industrial equipment except for transportation & facility & energy equipment,MeS×Medical equipment [GHTF A/B/C] except for implant & surgery & auto injector","Up to 125℃,Wire wound type (Non mag),Low Rdc,Reflow soldering,HiQtype,ComplieswithRoHS,ComplieswithREACH","Consumer equipment","Appearance","1005/0402","0.6mm","7.7nH ±5%","1,700mA",,,,"0.05Ω","7GHz","125℃","High frequency circuits","LQW15AN_80","Murata",,
"LQW15AN7N8G80#","In Production","CE×Consumer equipment,IeT×Industrial equipment except for transportation & facility & energy equipment,MeS×Medical equipment [GHTF A/B/C] except for implant & surgery & auto injector","Up to 125℃,Wire wound type (Non mag),Low Rdc,Tight,Reflow soldering,HiQtype,ComplieswithRoHS,ComplieswithREACH","Consumer equipment","Appearance","1005/0402","0.6mm","7.8nH ±2%","1,700mA",,,,"0.05Ω","7GHz","125℃","High frequency circuits","LQW15AN_80","Murata",,
"LQW15AN7N8J80#","In Production","CE×Consumer equipment,IeT×Industrial equipment except for transportation & facility & energy equipment,MeS×Medical equipment [GHTF A/B/C] except for implant & surgery & auto injector","Up to 125℃,Wire wound type (Non mag),Low Rdc,Reflow soldering,HiQtype,ComplieswithRoHS,ComplieswithREACH","Consumer equipment","Appearance","1005/0402","0.6mm","7.8nH ±5%","1,700mA",,,,"0.05Ω","7GHz","125℃","High frequency circuits","LQW15AN_80","Murata",,
"LQW15AN7N9G80#","In Production","CE×Consumer equipment,IeT×Industrial equipment except for transportation & facility & energy equipment,MeS×Medical equipment [GHTF A/B/C] except for implant & surgery & auto injector","Up to 125℃,Wire wound type (Non mag),Low Rdc,Tight,Reflow soldering,HiQtype,ComplieswithRoHS,ComplieswithREACH","Consumer equipment","Appearance","1005/0402","0.6mm","7.9nH ±2%","1,700mA",,,,"0.05Ω","7GHz","125℃","High frequency circuits","LQW15AN_80","Murata",,
"LQW15AN7N9J80#","In Production","CE×Consumer equipment,IeT×Industrial equipment except for transportation & facility & energy equipment,MeS×Medical equipment [GHTF A/B/C] except for implant & surgery & auto injector","Up to 125℃,Wire wound type (Non mag),Low Rdc,Reflow soldering,HiQtype,ComplieswithRoHS,ComplieswithREACH","Consumer equipment","Appearance","1005/0402","0.6mm","7.9nH ±5%","1,700mA",,,,"0.05Ω","7GHz","125℃","High frequency circuits","LQW15AN_80","Murata",,
"LQW15AN8N0G80#","In Production","CE×Consumer equipment,IeT×Industrial equipment except for transportation & facility & energy equipment,MeS×Medical equipment [GHTF A/B/C] except for implant & surgery & auto injector","Up to 125℃,Wire wound type (Non mag),Low Rdc,Tight,Reflow soldering,HiQtype,ComplieswithRoHS,ComplieswithREACH","Consumer equipment","Appearance","1005/0402","0.6mm","8nH ±2%","1,700mA",,,,"0.05Ω","7GHz","125℃","High frequency circuits","LQW15AN_80","Murata",,
"LQW15AN8N0J80#","In Production","CE×Consumer equipment,IeT×Industrial equipment except for transportation & facility & energy equipment,MeS×Medical equipment [GHTF A/B/C] except for implant & surgery & auto injector","Up to 125℃,Wire wound type (Non mag),Low Rdc,Reflow soldering,HiQtype,ComplieswithRoHS,ComplieswithREACH","Consumer equipment","Appearance","1005/0402","0.6mm","8nH ±5%","1,700mA",,,,"0.05Ω","7GHz","125℃","High frequency circuits","LQW15AN_80","Murata",,
"LQW15AN8N1G80#","In Production","CE×Consumer equipment,IeT×Industrial equipment except for transportation & facility & energy equipment,MeS×Medical equipment [GHTF A/B/C] except for implant & surgery & auto injector","Up to 125℃,Wire wound type (Non mag),Low Rdc,Tight,Reflow soldering,HiQtype,ComplieswithRoHS,ComplieswithREACH","Consumer equipment","Appearance","1005/0402","0.6mm","8.1nH ±2%","1,500mA",,,,"0.069Ω","6.5GHz","125℃","High frequency circuits","LQW15AN_80","Murata",,
"LQW15AN8N1J80#","In Production","CE×Consumer equipment,IeT×Industrial equipment except for transportation & facility & energy equipment,MeS×Medical equipment [GHTF A/B/C] except for implant & surgery & auto injector","Up to 125℃,Wire wound type (Non mag),Low Rdc,Reflow soldering,HiQtype,ComplieswithRoHS,ComplieswithREACH","Consumer equipment","Appearance","1005/0402","0.6mm","8.1nH ±5%","1,500mA",,,,"0.069Ω","6.5GHz","125℃","High frequency circuits","LQW15AN_80","Murata",,
"LQW15AN8N2G80#","In Production","CE×Consumer equipment,IeT×Industrial equipment except for transportation & facility & energy equipment,MeS×Medical equipment [GHTF A/B/C] except for implant & surgery & auto injector","Up to 125℃,Wire wound type (Non mag),Low Rdc,Tight,Reflow soldering,HiQtype,ComplieswithRoHS,ComplieswithREACH","Consumer equipment","Appearance","1005/0402","0.6mm","8.2nH ±2%","1,500mA",,,,"0.069Ω","6.5GHz","125℃","High frequency circuits","LQW15AN_80","Murata",,
"LQW15AN8N2J80#","In Production","CE×Consumer equipment,IeT×Industrial equipment except for transportation & facility & energy equipment,MeS×Medical equipment [GHTF A/B/C] except for implant & surgery & auto injector","Up to 125℃,Wire wound type (Non mag),Low Rdc,Reflow soldering,HiQtype,ComplieswithRoHS,ComplieswithREACH","Consumer equipment","Appearance","1005/0402","0.6mm","8.2nH ±5%","1,500mA",,,,"0.069Ω","6.5GHz","125℃","High frequency circuits","LQW15AN_80","Murata",,
"LQW15AN8N3G80#","In Production","CE×Consumer equipment,IeT×Industrial equipment except for transportation & facility & energy equipment,MeS×Medical equipment [GHTF A/B/C] except for implant & surgery & auto injector","Up to 125℃,Wire wound type (Non mag),Low Rdc,Tight,Reflow soldering,HiQtype,ComplieswithRoHS,ComplieswithREACH","Consumer equipment","Appearance","1005/0402","0.6mm","8.3nH ±2%","1,500mA",,,,"0.069Ω","6.5GHz","125℃","High frequency circuits","LQW15AN_80","Murata",,
"LQW15AN8N3J80#","In Production","CE×Consumer equipment,IeT×Industrial equipment except for transportation & facility & energy equipment,MeS×Medical equipment [GHTF A/B/C] except for implant & surgery & auto injector","Up to 125℃,Wire wound type (Non mag),Low Rdc,Reflow soldering,HiQtype,ComplieswithRoHS,ComplieswithREACH","Consumer equipment","Appearance","1005/0402","0.6mm","8.3nH ±5%","1,500mA",,,,"0.069Ω","6.5GHz","125℃","High frequency circuits","LQW15AN_80","Murata",,
"LQW15AN8N4G80#","In Production","CE×Consumer equipment,IeT×Industrial equipment except for transportation & facility & energy equipment,MeS×Medical equipment [GHTF A/B/C] except for implant & surgery & auto injector","Up to 125℃,Wire wound type (Non mag),Low Rdc,Tight,Reflow soldering,HiQtype,ComplieswithRoHS,ComplieswithREACH","Consumer equipment","Appearance","1005/0402","0.6mm","8.4nH ±2%","1,500mA",,,,"0.069Ω","6.5GHz","125℃","High frequency circuits","LQW15AN_80","Murata",,
"LQW15AN8N4J80#","In Production","CE×Consumer equipment,IeT×Industrial equipment except for transportation & facility & energy equipment,MeS×Medical equipment [GHTF A/B/C] except for implant & surgery & auto injector","Up to 125℃,Wire wound type (Non mag),Low Rdc,Reflow soldering,HiQtype,ComplieswithRoHS,ComplieswithREACH","Consumer equipment","Appearance","1005/0402","0.6mm","8.4nH ±5%","1,500mA",,,,"0.069Ω","6.5GHz","125℃","High frequency circuits","LQW15AN_80","Murata",,
"LQW15AN8N5G80#","In Production","CE×Consumer equipment,IeT×Industrial equipment except for transportation & facility & energy equipment,MeS×Medical equipment [GHTF A/B/C] except for implant & surgery & auto injector","Up to 125℃,Wire wound type (Non mag),Low Rdc,Tight,Reflow soldering,HiQtype,ComplieswithRoHS,ComplieswithREACH","Consumer equipment","Appearance","1005/0402","0.6mm","8.5nH ±2%","1,500mA",,,,"0.069Ω","6.5GHz","125℃","High frequency circuits","LQW15AN_80","Murata",,
"LQW15AN8N5J80#","In Production","CE×Consumer equipment,IeT×Industrial equipment except for transportation & facility & energy equipment,MeS×Medical equipment [GHTF A/B/C] except for implant & surgery & auto injector","Up to 125℃,Wire wound type (Non mag),Low Rdc,Reflow soldering,HiQtype,ComplieswithRoHS,ComplieswithREACH","Consumer equipment","Appearance","1005/0402","0.6mm","8.5nH ±5%","1,500mA",,,,"0.069Ω","6.5GHz","125℃","High frequency circuits","LQW15AN_80","Murata",,
"LQW15AN8N6G80#","In Production","CE×Consumer equipment,IeT×Industrial equipment except for transportation & facility & energy equipment,MeS×Medical equipment [GHTF A/B/C] except for implant & surgery & auto injector","Up to 125℃,Wire wound type (Non mag),Low Rdc,Tight,Reflow soldering,HiQtype,ComplieswithRoHS,ComplieswithREACH","Consumer equipment","Appearance","1005/0402","0.6mm","8.6nH ±2%","1,420mA",,,,"0.07Ω","6.5GHz","125℃","High frequency circuits","LQW15AN_80","Murata",,
"LQW15AN8N6J80#","In Production","CE×Consumer equipment,IeT×Industrial equipment except for transportation & facility & energy equipment,MeS×Medical equipment [GHTF A/B/C] except for implant & surgery & auto injector","Up to 125℃,Wire wound type (Non mag),Low Rdc,Reflow soldering,HiQtype,ComplieswithRoHS,ComplieswithREACH","Consumer equipment","Appearance","1005/0402","0.6mm","8.6nH ±5%","1,420mA",,,,"0.07Ω","6.5GHz","125℃","High frequency circuits","LQW15AN_80","Murata",,
"LQW15AN8N7G80#","In Production","CE×Consumer equipment,IeT×Industrial equipment except for transportation & facility & energy equipment,MeS×Medical equipment [GHTF A/B/C] except for implant & surgery & auto injector","Up to 125℃,Wire wound type (Non mag),Low Rdc,Tight,Reflow soldering,HiQtype,ComplieswithRoHS,ComplieswithREACH","Consumer equipment","Appearance","1005/0402","0.6mm","8.7nH ±2%","1,420mA",,,,"0.07Ω","6.5GHz","125℃","High frequency circuits","LQW15AN_80","Murata",,
"LQW15AN8N7J80#","In Production","CE×Consumer equipment,IeT×Industrial equipment except for transportation & facility & energy equipment,MeS×Medical equipment [GHTF A/B/C] except for implant & surgery & auto injector","Up to 125℃,Wire wound type (Non mag),Low Rdc,Reflow soldering,HiQtype,ComplieswithRoHS,ComplieswithREACH","Consumer equipment","Appearance","1005/0402","0.6mm","8.7nH ±5%","1,420mA",,,,"0.07Ω","6.5GHz","125℃","High frequency circuits","LQW15AN_80","Murata",,
"LQW15AN8N8G80#","In Production","CE×Consumer equipment,IeT×Industrial equipment except for transportation & facility & energy equipment,MeS×Medical equipment [GHTF A/B/C] except for implant & surgery & auto injector","Up to 125℃,Wire wound type (Non mag),Low Rdc,Tight,Reflow soldering,HiQtype,ComplieswithRoHS,ComplieswithREACH","Consumer equipment","Appearance","1005/0402","0.6mm","8.8nH ±2%","1,420mA",,,,"0.07Ω","6.5GHz","125℃","High frequency circuits","LQW15AN_80","Murata",,
"LQW15AN8N8J80#","In Production","CE×Consumer equipment,IeT×Industrial equipment except for transportation & facility & energy equipment,MeS×Medical equipment [GHTF A/B/C] except for implant & surgery & auto injector","Up to 125℃,Wire wound type (Non mag),Low Rdc,Reflow soldering,HiQtype,ComplieswithRoHS,ComplieswithREACH","Consumer equipment","Appearance","1005/0402","0.6mm","8.8nH ±5%","1,420mA",,,,"0.07Ω","6.5GHz","125℃","High frequency circuits","LQW15AN_80","Murata",,
"LQW15AN8N9G80#","In Production","CE×Consumer equipment,IeT×Industrial equipment except for transportation & facility & energy equipment,MeS×Medical equipment [GHTF A/B/C] except for implant & surgery & auto injector","Up to 125℃,Wire wound type (Non mag),Low Rdc,Tight,Reflow soldering,HiQtype,ComplieswithRoHS,ComplieswithREACH","Consumer equipment","Appearance","1005/0402","0.6mm","8.9nH ±2%","1,420mA",,,,"0.07Ω","6.5GHz","125℃","High frequency circuits","LQW15AN_80","Murata",,
"LQW15AN8N9J80#","In Production","CE×Consumer equipment,IeT×Industrial equipment except for transportation & facility & energy equipment,MeS×Medical equipment [GHTF A/B/C] except for implant & surgery & auto injector","Up to 125℃,Wire wound type (Non mag),Low Rdc,Reflow soldering,HiQtype,ComplieswithRoHS,ComplieswithREACH","Consumer equipment","Appearance","1005/0402","0.6mm","8.9nH ±5%","1,420mA",,,,"0.07Ω","6.5GHz","125℃","High frequency circuits","LQW15AN_80","Murata",,
"LQW15AN9N0G80#","In Production","CE×Consumer equipment,IeT×Industrial equipment except for transportation & facility & energy equipment,MeS×Medical equipment [GHTF A/B/C] except for implant & surgery & auto injector","Up to 125℃,Wire wound type (Non mag),Low Rdc,Tight,Reflow soldering,HiQtype,ComplieswithRoHS,ComplieswithREACH","Consumer equipment","Appearance","1005/0402","0.6mm","9nH ±2%","1,420mA",,,,"0.07Ω","6.5GHz","125℃","High frequency circuits","LQW15AN_80","Murata",,
"LQW15AN9N0J80#","In Production","CE×Consumer equipment,IeT×Industrial equipment except for transportation & facility & energy equipment,MeS×Medical equipment [GHTF A/B/C] except for implant & surgery & auto injector","Up to 125℃,Wire wound type (Non mag),Low Rdc,Reflow soldering,HiQtype,ComplieswithRoHS,ComplieswithREACH","Consumer equipment","Appearance","1005/0402","0.6mm","9nH ±5%","1,420mA",,,,"0.07Ω","6.5GHz","125℃","High frequency circuits","LQW15AN_80","Murata",,
"LQW15AN9N1G80#","In Production","CE×Consumer equipment,IeT×Industrial equipment except for transportation & facility & energy equipment,MeS×Medical equipment [GHTF A/B/C] except for implant & surgery & auto injector","Up to 125℃,Wire wound type (Non mag),Low Rdc,Tight,Reflow soldering,HiQtype,ComplieswithRoHS,ComplieswithREACH","Consumer equipment","Appearance","1005/0402","0.6mm","9.1nH ±2%","1,400mA",,,,"0.08Ω","6.5GHz","125℃","High frequency circuits","LQW15AN_80","Murata",,
"LQW15AN9N1J80#","In Production","CE×Consumer equipment,IeT×Industrial equipment except for transportation & facility & energy equipment,MeS×Medical equipment [GHTF A/B/C] except for implant & surgery & auto injector","Up to 125℃,Wire wound type (Non mag),Low Rdc,Reflow soldering,HiQtype,ComplieswithRoHS,ComplieswithREACH","Consumer equipment","Appearance","1005/0402","0.6mm","9.1nH ±5%","1,400mA",,,,"0.08Ω","6.5GHz","125℃","High frequency circuits","LQW15AN_80","Murata",,
"LQW15AN9N2G80#","In Production","CE×Consumer equipment,IeT×Industrial equipment except for transportation & facility & energy equipment,MeS×Medical equipment [GHTF A/B/C] except for implant & surgery & auto injector","Up to 125℃,Wire wound type (Non mag),Low Rdc,Tight,Reflow soldering,HiQtype,ComplieswithRoHS,ComplieswithREACH","Consumer equipment","Appearance","1005/0402","0.6mm","9.2nH ±2%","1,400mA",,,,"0.081Ω","6GHz","125℃","High frequency circuits","LQW15AN_80","Murata",,
"LQW15AN9N2J80#","In Production","CE×Consumer equipment,IeT×Industrial equipment except for transportation & facility & energy equipment,MeS×Medical equipment [GHTF A/B/C] except for implant & surgery & auto injector","Up to 125℃,Wire wound type (Non mag),Low Rdc,Reflow soldering,HiQtype,ComplieswithRoHS,ComplieswithREACH","Consumer equipment","Appearance","1005/0402","0.6mm","9.2nH ±5%","1,400mA",,,,"0.081Ω","6GHz","125℃","High frequency circuits","LQW15AN_80","Murata",,
"LQW15AN9N3G80#","In Production","CE×Consumer equipment,IeT×Industrial equipment except for transportation & facility & energy equipment,MeS×Medical equipment [GHTF A/B/C] except for implant & surgery & auto injector","Up to 125℃,Wire wound type (Non mag),Low Rdc,Tight,Reflow soldering,HiQtype,ComplieswithRoHS,ComplieswithREACH","Consumer equipment","Appearance","1005/0402","0.6mm","9.3nH ±2%","1,400mA",,,,"0.081Ω","6GHz","125℃","High frequency circuits","LQW15AN_80","Murata",,
"LQW15AN9N3J80#","In Production","CE×Consumer equipment,IeT×Industrial equipment except for transportation & facility & energy equipment,MeS×Medical equipment [GHTF A/B/C] except for implant & surgery & auto injector","Up to 125℃,Wire wound type (Non mag),Low Rdc,Reflow soldering,HiQtype,ComplieswithRoHS,ComplieswithREACH","Consumer equipment","Appearance","1005/0402","0.6mm","9.3nH ±5%","1,400mA",,,,"0.081Ω","6GHz","125℃","High frequency circuits","LQW15AN_80","Murata",,
"LQW15AN9N4G80#","In Production","CE×Consumer equipment,IeT×Industrial equipment except for transportation & facility & energy equipment,MeS×Medical equipment [GHTF A/B/C] except for implant & surgery & auto injector","Up to 125℃,Wire wound type (Non mag),Low Rdc,Tight,Reflow soldering,HiQtype,ComplieswithRoHS,ComplieswithREACH","Consumer equipment","Appearance","1005/0402","0.6mm","9.4nH ±2%","1,400mA",,,,"0.081Ω","6GHz","125℃","High frequency circuits","LQW15AN_80","Murata",,
"LQW15AN9N4J80#","In Production","CE×Consumer equipment,IeT×Industrial equipment except for transportation & facility & energy equipment,MeS×Medical equipment [GHTF A/B/C] except for implant & surgery & auto injector","Up to 125℃,Wire wound type (Non mag),Low Rdc,Reflow soldering,HiQtype,ComplieswithRoHS,ComplieswithREACH","Consumer equipment","Appearance","1005/0402","0.6mm","9.4nH ±5%","1,400mA",,,,"0.081Ω","6GHz","125℃","High frequency circuits","LQW15AN_80","Murata",,
"LQW15AN9N5G80#","In Production","CE×Consumer equipment,IeT×Industrial equipment except for transportation & facility & energy equipment,MeS×Medical equipment [GHTF A/B/C] except for implant & surgery & auto injector","Up to 125℃,Wire wound type (Non mag),Low Rdc,Tight,Reflow soldering,HiQtype,ComplieswithRoHS,ComplieswithREACH","Consumer equipment","Appearance","1005/0402","0.6mm","9.5nH ±2%","1,400mA",,,,"0.081Ω","6GHz","125℃","High frequency circuits","LQW15AN_80","Murata",,
"LQW15AN9N5J80#","In Production","CE×Consumer equipment,IeT×Industrial equipment except for transportation & facility & energy equipment,MeS×Medical equipment [GHTF A/B/C] except for implant & surgery & auto injector","Up to 125℃,Wire wound type (Non mag),Low Rdc,Reflow soldering,HiQtype,ComplieswithRoHS,ComplieswithREACH","Consumer equipment","Appearance","1005/0402","0.6mm","9.5nH ±5%","1,400mA",,,,"0.081Ω","6GHz","125℃","High frequency circuits","LQW15AN_80","Murata",,
"LQW15AN9N6G80#","In Production","CE×Consumer equipment,IeT×Industrial equipment except for transportation & facility & energy equipment,MeS×Medical equipment [GHTF A/B/C] except for implant & surgery & auto injector","Up to 125℃,Wire wound type (Non mag),Low Rdc,Tight,Reflow soldering,HiQtype,ComplieswithRoHS,ComplieswithREACH","Consumer equipment","Appearance","1005/0402","0.6mm","9.6nH ±2%","1,400mA",,,,"0.081Ω","6GHz","125℃","High frequency circuits","LQW15AN_80","Murata",,
"LQW15AN9N6J80#","In Production","CE×Consumer equipment,IeT×Industrial equipment except for transportation & facility & energy equipment,MeS×Medical equipment [GHTF A/B/C] except for implant & surgery & auto injector","Up to 125℃,Wire wound type (Non mag),Low Rdc,Reflow soldering,HiQtype,ComplieswithRoHS,ComplieswithREACH","Consumer equipment","Appearance","1005/0402","0.6mm","9.6nH ±5%","1,400mA",,,,"0.081Ω","6GHz","125℃","High frequency circuits","LQW15AN_80","Murata",,
"LQW15AN9N7G80#","In Production","CE×Consumer equipment,IeT×Industrial equipment except for transportation & facility & energy equipment,MeS×Medical equipment [GHTF A/B/C] except for implant & surgery & auto injector","Up to 125℃,Wire wound type (Non mag),Low Rdc,Tight,Reflow soldering,HiQtype,ComplieswithRoHS,ComplieswithREACH","Consumer equipment","Appearance","1005/0402","0.6mm","9.7nH ±2%","1,400mA",,,,"0.081Ω","6GHz","125℃","High frequency circuits","LQW15AN_80","Murata",,
"LQW15AN9N7J80#","In Production","CE×Consumer equipment,IeT×Industrial equipment except for transportation & facility & energy equipment,MeS×Medical equipment [GHTF A/B/C] except for implant & surgery & auto injector","Up to 125℃,Wire wound type (Non mag),Low Rdc,Reflow soldering,HiQtype,ComplieswithRoHS,ComplieswithREACH","Consumer equipment","Appearance","1005/0402","0.6mm","9.7nH ±5%","1,400mA",,,,"0.081Ω","6GHz","125℃","High frequency circuits","LQW15AN_80","Murata",,
"LQW15AN9N8G80#","In Production","CE×Consumer equipment,IeT×Industrial equipment except for transportation & facility & energy equipment,MeS×Medical equipment [GHTF A/B/C] except for implant & surgery & auto injector","Up to 125℃,Wire wound type (Non mag),Low Rdc,Tight,Reflow soldering,HiQtype,ComplieswithRoHS,ComplieswithREACH","Consumer equipment","Appearance","1005/0402","0.6mm","9.8nH ±2%","1,400mA",,,,"0.081Ω","6GHz","125℃","High frequency circuits","LQW15AN_80","Murata",,
"LQW15AN9N8J80#","In Production","CE×Consumer equipment,IeT×Industrial equipment except for transportation & facility & energy equipment,MeS×Medical equipment [GHTF A/B/C] except for implant & surgery & auto injector","Up to 125℃,Wire wound type (Non mag),Low Rdc,Reflow soldering,HiQtype,ComplieswithRoHS,ComplieswithREACH","Consumer equipment","Appearance","1005/0402","0.6mm","9.8nH ±5%","1,400mA",,,,"0.081Ω","6GHz","125℃","High frequency circuits","LQW15AN_80","Murata",,
"LQW15AN9N9G80#","In Production","CE×Consumer equipment,IeT×Industrial equipment except for transportation & facility & energy equipment,MeS×Medical equipment [GHTF A/B/C] except for implant & surgery & auto injector","Up to 125℃,Wire wound type (Non mag),Low Rdc,Tight,Reflow soldering,HiQtype,ComplieswithRoHS,ComplieswithREACH","Consumer equipment","Appearance","1005/0402","0.6mm","9.9nH ±2%","1,400mA",,,,"0.081Ω","6GHz","125℃","High frequency circuits","LQW15AN_80","Murata",,
"LQW15AN9N9J80#","In Production","CE×Consumer equipment,IeT×Industrial equipment except for transportation & facility & energy equipment,MeS×Medical equipment [GHTF A/B/C] except for implant & surgery & auto injector","Up to 125℃,Wire wound type (Non mag),Low Rdc,Reflow soldering,HiQtype,ComplieswithRoHS,ComplieswithREACH","Consumer equipment","Appearance","1005/0402","0.6mm","9.9nH ±5%","1,400mA",,,,"0.081Ω","6GHz","125℃","High frequency circuits","LQW15AN_80","Murata",,
