"Part Number","Manufacturer","EIA Case","Resistance (Ohm)","Resistance Tolerance (%)","T.C.R (ppm/K)","Power Rating (W)","Symbol Name"
"CRCW04021R00FKED","Vishay","0402","1.0000","1","±100","0.063","R0402_1R"
"CRCW06031R00FKEA","Vishay","0603","1.0000","1","±100","0.1","R0603_1R"
"CRCW08051R00FKEA","Vishay","0805","1.0000","1","±100","0.125","R0805_1R"
"CRCW12061R00FKEA","Vishay","1206","1.0000","1","±100","0.25","R1206_1R"
"CRCW08051R00FNEA","Vishay","0805","1.0000","1","±200","0.125","R0805_1R_2"
"CRCW06031R02FKEA","Vishay","0603","1.0200","1","±100","0.1","R0603_1R02"
"CRCW12061R02FKEA","Vishay","1206","1.0200","1","±100","0.25","R1206_1R02"
"CRCW04021R02FKED","Vishay","0402","1.0200","1","±100","0.063","R0402_1R02"
"CRCW08051R02FKEA","Vishay","0805","1.0200","1","±100","0.125","R0805_1R02"
"CRCW08051R05FKEA","Vishay","0805","1.0500","1","±100","0.125","R0805_1R05"
"CRCW12061R05FKEA","Vishay","1206","1.0500","1","±100","0.25","R1206_1R05"
"CRCW06031R05FKEA","Vishay","0603","1.0500","1","±100","0.1","R0603_1R05"
"CRCW04021R05FKED","Vishay","0402","1.0500","1","±100","0.063","R0402_1R05"
"CRCW06031R07FKEA","Vishay","0603","1.0700","1","±100","0.1","R0603_1R07"
"CRCW04021R07FKED","Vishay","0402","1.0700","1","±100","0.063","R0402_1R07"
"CRCW12061R07FKEA","Vishay","1206","1.0700","1","±100","0.25","R1206_1R07"
"CRCW08051R07FKEA","Vishay","0805","1.0700","1","±100","0.125","R0805_1R07"
"CRCW12061R10FKEA","Vishay","1206","1.1000","1","±100","0.25","R1206_1R10"
"CRCW04021R10FKED","Vishay","0402","1.1000","1","±100","0.063","R0402_1R10"
"CRCW08051R10FKEA","Vishay","0805","1.1000","1","±100","0.125","R0805_1R10"
"CRCW06031R10FKEA","Vishay","0603","1.1000","1","±100","0.1","R0603_1R10"
"CRCW04021R13FKED","Vishay","0402","1.1300","1","±100","0.063","R0402_1R13"
"CRCW06031R13FKEA","Vishay","0603","1.1300","1","±100","0.1","R0603_1R13"
"CRCW08051R13FKEA","Vishay","0805","1.1300","1","±100","0.125","R0805_1R13"
"CRCW12061R13FKEA","Vishay","1206","1.1300","1","±100","0.25","R1206_1R13"
"CRCW04021R15FKED","Vishay","0402","1.1500","1","±100","0.063","R0402_1R15"
"CRCW06031R15FKEA","Vishay","0603","1.1500","1","±100","0.1","R0603_1R15"
"CRCW08051R15FKEA","Vishay","0805","1.1500","1","±100","0.125","R0805_1R15"
"CRCW12061R15FKEA","Vishay","1206","1.1500","1","±100","0.25","R1206_1R15"
"CRCW04021R18FKED","Vishay","0402","1.1800","1","±100","0.063","R0402_1R18"
"CRCW08051R18FKEA","Vishay","0805","1.1800","1","±100","0.125","R0805_1R18"
"CRCW06031R18FKEA","Vishay","0603","1.1800","1","±100","0.1","R0603_1R18"
"CRCW12061R18FKEA","Vishay","1206","1.1800","1","±100","0.25","R1206_1R18"
"CRCW08051R20FKEA","Vishay","0805","1.2000","1","±100","0.125","R0805_1R20"
"CRCW12061R20FKEA","Vishay","1206","1.2000","1","±100","0.25","R1206_1R20"
"CRCW04021R20FKED","Vishay","0402","1.2000","1","±100","0.063","R0402_1R20"
"CRCW06031R21FKEA","Vishay","0603","1.2100","1","±100","0.1","R0603_1R21"
"CRCW08051R21FKEA","Vishay","0805","1.2100","1","±100","0.125","R0805_1R21"
"CRCW04021R21FKED","Vishay","0402","1.2100","1","±100","0.063","R0402_1R21"
"CRCW12061R21FKEA","Vishay","1206","1.2100","1","±100","0.25","R1206_1R21"
"CRCW04021R24FKED","Vishay","0402","1.2400","1","±100","0.063","R0402_1R24"
"CRCW06031R24FKEA","Vishay","0603","1.2400","1","±100","0.1","R0603_1R24"
"CRCW08051R24FKEA","Vishay","0805","1.2400","1","±100","0.125","R0805_1R24"
"CRCW12061R24FKEA","Vishay","1206","1.2400","1","±100","0.25","R1206_1R24"
"CRCW04021R27FKED","Vishay","0402","1.2700","1","±100","0.063","R0402_1R27"
"CRCW12061R27FKEA","Vishay","1206","1.2700","1","±100","0.25","R1206_1R27"
"CRCW06031R27FKEA","Vishay","0603","1.2700","1","±100","0.1","R0603_1R27"
"CRCW08051R27FKEA","Vishay","0805","1.2700","1","±100","0.125","R0805_1R27"
"CRCW04021R30FKED","Vishay","0402","1.3000","1","±100","0.063","R0402_1R30"
"CRCW12061R30FKEA","Vishay","1206","1.3000","1","±100","0.25","R1206_1R30"
"CRCW06031R30FKEA","Vishay","0603","1.3000","1","±100","0.1","R0603_1R30"
"CRCW08051R30FKEA","Vishay","0805","1.3000","1","±100","0.125","R0805_1R30"
"CRCW06031R33FKEA","Vishay","0603","1.3300","1","±100","0.1","R0603_1R33"
"CRCW12061R33FKEA","Vishay","1206","1.3300","1","±100","0.25","R1206_1R33"
"CRCW04021R33FKED","Vishay","0402","1.3300","1","±100","0.063","R0402_1R33"
"CRCW08051R33FKEA","Vishay","0805","1.3300","1","±100","0.125","R0805_1R33"
"CRCW08051R37FKEA","Vishay","0805","1.3700","1","±100","0.125","R0805_1R37"
"CRCW12061R37FKEA","Vishay","1206","1.3700","1","±100","0.25","R1206_1R37"
"CRCW06031R37FKEA","Vishay","0603","1.3700","1","±100","0.1","R0603_1R37"
"CRCW04021R37FKED","Vishay","0402","1.3700","1","±100","0.063","R0402_1R37"
"CRCW04021R40FKED","Vishay","0402","1.4000","1","±100","0.063","R0402_1R40"
"CRCW08051R40FKEA","Vishay","0805","1.4000","1","±100","0.125","R0805_1R40"
"CRCW06031R40FKEA","Vishay","0603","1.4000","1","±100","0.1","R0603_1R40"
"CRCW12061R40FKEA","Vishay","1206","1.4000","1","±100","0.25","R1206_1R40"
"CRCW04021R43FKED","Vishay","0402","1.4300","1","±100","0.063","R0402_1R43"
"CRCW08051R43FKEA","Vishay","0805","1.4300","1","±100","0.125","R0805_1R43"
"CRCW06031R43FKEA","Vishay","0603","1.4300","1","±100","0.1","R0603_1R43"
"CRCW12061R43FKEA","Vishay","1206","1.4300","1","±100","0.25","R1206_1R43"
"CRCW04021R47FKED","Vishay","0402","1.4700","1","±100","0.063","R0402_1R47"
"CRCW06031R47FKEA","Vishay","0603","1.4700","1","±100","0.1","R0603_1R47"
"CRCW08051R47FKEA","Vishay","0805","1.4700","1","±100","0.125","R0805_1R47"
"CRCW12061R47FKEA","Vishay","1206","1.4700","1","±100","0.25","R1206_1R47"
"CRCW04021R50FKED","Vishay","0402","1.5000","1","±100","0.063","R0402_1R50"
"CRCW12061R50FKEA","Vishay","1206","1.5000","1","±100","0.25","R1206_1R50"
"CRCW06031R50FKEA","Vishay","0603","1.5000","1","±100","0.1","R0603_1R50"
"CRCW08051R50FKEA","Vishay","0805","1.5000","1","±100","0.125","R0805_1R50"
"CRCW04021R54FKED","Vishay","0402","1.5400","1","±100","0.063","R0402_1R54"
"CRCW06031R54FKEA","Vishay","0603","1.5400","1","±100","0.1","R0603_1R54"
"CRCW12061R54FKEA","Vishay","1206","1.5400","1","±100","0.25","R1206_1R54"
"CRCW08051R54FKEA","Vishay","0805","1.5400","1","±100","0.125","R0805_1R54"
"CRCW04021R58FKED","Vishay","0402","1.5800","1","±100","0.063","R0402_1R58"
"CRCW06031R58FKEA","Vishay","0603","1.5800","1","±100","0.1","R0603_1R58"
"CRCW08051R58FKEA","Vishay","0805","1.5800","1","±100","0.125","R0805_1R58"
"CRCW12061R58FKEA","Vishay","1206","1.5800","1","±100","0.25","R1206_1R58"
"CRCW12061R60FKEA","Vishay","1206","1.6000","1","±100","0.25","R1206_1R60"
"CRCW04021R60FKED","Vishay","0402","1.6000","1","±100","0.063","R0402_1R60"
"CRCW08051R60FKEA","Vishay","0805","1.6000","1","±100","0.125","R0805_1R60"
"CRCW06031R60FKEA","Vishay","0603","1.6000","1","±100","0.1","R0603_1R60"
"CRCW08051R62FKEA","Vishay","0805","1.6200","1","±100","0.125","R0805_1R62"
"CRCW04021R62FKED","Vishay","0402","1.6200","1","±100","0.063","R0402_1R62"
"CRCW12061R62FKEA","Vishay","1206","1.6200","1","±100","0.25","R1206_1R62"
"CRCW06031R62FKEA","Vishay","0603","1.6200","1","±100","0.1","R0603_1R62"
"CRCW04021R65FKED","Vishay","0402","1.6500","1","±100","0.063","R0402_1R65"
"CRCW06031R65FKEA","Vishay","0603","1.6500","1","±100","0.1","R0603_1R65"
"CRCW08051R65FKEA","Vishay","0805","1.6500","1","±100","0.125","R0805_1R65"
"CRCW12061R65FKEA","Vishay","1206","1.6500","1","±100","0.25","R1206_1R65"
"CRCW04021R69FKED","Vishay","0402","1.6900","1","±100","0.063","R0402_1R69"
"CRCW08051R69FKEA","Vishay","0805","1.6900","1","±100","0.125","R0805_1R69"
"CRCW06031R69FKEA","Vishay","0603","1.6900","1","±100","0.1","R0603_1R69"
"CRCW12061R69FKEA","Vishay","1206","1.6900","1","±100","0.25","R1206_1R69"
"CRCW04021R74FKED","Vishay","0402","1.7400","1","±100","0.063","R0402_1R74"
"CRCW12061R74FKEA","Vishay","1206","1.7400","1","±100","0.25","R1206_1R74"
"CRCW06031R74FKEA","Vishay","0603","1.7400","1","±100","0.1","R0603_1R74"
"CRCW08051R74FKEA","Vishay","0805","1.7400","1","±100","0.125","R0805_1R74"
"CRCW12061R78FKEA","Vishay","1206","1.7800","1","±100","0.25","R1206_1R78"
"CRCW06031R78FKEA","Vishay","0603","1.7800","1","±100","0.1","R0603_1R78"
"CRCW04021R78FKED","Vishay","0402","1.7800","1","±100","0.063","R0402_1R78"
"CRCW08051R78FKEA","Vishay","0805","1.7800","1","±100","0.125","R0805_1R78"
"CRCW06031R80FKEA","Vishay","0603","1.8000","1","±100","0.1","R0603_1R80"
"CRCW08051R80FKEA","Vishay","0805","1.8000","1","±100","0.125","R0805_1R80"
"CRCW12061R80FKEA","Vishay","1206","1.8000","1","±100","0.25","R1206_1R80"
"CRCW04021R80FKED","Vishay","0402","1.8000","1","±100","0.063","R0402_1R80"
"CRCW08051R82FKEA","Vishay","0805","1.8200","1","±100","0.125","R0805_1R82"
"CRCW04021R82FKED","Vishay","0402","1.8200","1","±100","0.063","R0402_1R82"
"CRCW12061R82FKEA","Vishay","1206","1.8200","1","±100","0.25","R1206_1R82"
"CRCW06031R82FKEA","Vishay","0603","1.8200","1","±100","0.1","R0603_1R82"
"CRCW04021R87FKED","Vishay","0402","1.8700","1","±100","0.063","R0402_1R87"
"CRCW06031R87FKEA","Vishay","0603","1.8700","1","±100","0.1","R0603_1R87"
"CRCW08051R87FKEA","Vishay","0805","1.8700","1","±100","0.125","R0805_1R87"
"CRCW12061R87FKEA","Vishay","1206","1.8700","1","±100","0.25","R1206_1R87"
"CRCW04021R91FKED","Vishay","0402","1.9100","1","±100","0.063","R0402_1R91"
"CRCW08051R91FKEA","Vishay","0805","1.9100","1","±100","0.125","R0805_1R91"
"CRCW12061R91FKEA","Vishay","1206","1.9100","1","±100","0.25","R1206_1R91"
"CRCW06031R91FKEA","Vishay","0603","1.9100","1","±100","0.1","R0603_1R91"
"CRCW04021R96FKED","Vishay","0402","1.9600","1","±100","0.063","R0402_1R96"
"CRCW08051R96FKEA","Vishay","0805","1.9600","1","±100","0.125","R0805_1R96"
"CRCW06031R96FKEA","Vishay","0603","1.9600","1","±100","0.1","R0603_1R96"
"CRCW12061R96FKEA","Vishay","1206","1.9600","1","±100","0.25","R1206_1R96"
"CRCW04022R00FKED","Vishay","0402","2.0000","1","±100","0.063","R0402_2R"
"CRCW06032R00FKEA","Vishay","0603","2.0000","1","±100","0.1","R0603_2R"
"CRCW08052R00FKEA","Vishay","0805","2.0000","1","±100","0.125","R0805_2R"
"CRCW06032R00FNEA","Vishay","0603","2.0000","1","±200","0.1","R0603_2R_2"
"CRCW12062R00FKEA","Vishay","1206","2.0000","1","±100","0.25","R1206_2R"
"CRCW04022R05FKED","Vishay","0402","2.0500","1","±100","0.063","R0402_2R05"
"CRCW12062R05FKEA","Vishay","1206","2.0500","1","±100","0.25","R1206_2R05"
"CRCW06032R05FKEA","Vishay","0603","2.0500","1","±100","0.1","R0603_2R05"
"CRCW08052R05FKEA","Vishay","0805","2.0500","1","±100","0.125","R0805_2R05"
"CRCW12062R10FKEA","Vishay","1206","2.1000","1","±100","0.25","R1206_2R10"
"CRCW06032R10FKEA","Vishay","0603","2.1000","1","±100","0.1","R0603_2R10"
"CRCW04022R10FKED","Vishay","0402","2.1000","1","±100","0.063","R0402_2R10"
"CRCW08052R10FKEA","Vishay","0805","2.1000","1","±100","0.125","R0805_2R10"
"CRCW12062R15FKEA","Vishay","1206","2.1500","1","±100","0.25","R1206_2R15"
"CRCW04022R15FKED","Vishay","0402","2.1500","1","±100","0.063","R0402_2R15"
"CRCW08052R15FKEA","Vishay","0805","2.1500","1","±100","0.125","R0805_2R15"
"CRCW06032R15FKEA","Vishay","0603","2.1500","1","±100","0.1","R0603_2R15"
"CRCW06032R20FKEA","Vishay","0603","2.2000","1","±100","0.1","R0603_2R20"
"CRCW08052R20FKEA","Vishay","0805","2.2000","1","±100","0.125","R0805_2R20"
"CRCW12062R20FKEA","Vishay","1206","2.2000","1","±100","0.25","R1206_2R20"
"CRCW04022R20FKED","Vishay","0402","2.2000","1","±100","0.063","R0402_2R20"
"CRCW06032R21FKEA","Vishay","0603","2.2100","1","±100","0.1","R0603_2R21"
"CRCW08052R21FKEA","Vishay","0805","2.2100","1","±100","0.125","R0805_2R21"
"CRCW04022R21FKED","Vishay","0402","2.2100","1","±100","0.063","R0402_2R21"
"CRCW12062R21FKEA","Vishay","1206","2.2100","1","±100","0.25","R1206_2R21"
"CRCW04022R26FKED","Vishay","0402","2.2600","1","±100","0.063","R0402_2R26"
"CRCW08052R26FKEA","Vishay","0805","2.2600","1","±100","0.125","R0805_2R26"
"CRCW06032R26FKEA","Vishay","0603","2.2600","1","±100","0.1","R0603_2R26"
"CRCW12062R26FKEA","Vishay","1206","2.2600","1","±100","0.25","R1206_2R26"
"CRCW06032R32FKEA","Vishay","0603","2.3200","1","±100","0.1","R0603_2R32"
"CRCW08052R32FKEA","Vishay","0805","2.3200","1","±100","0.125","R0805_2R32"
"CRCW12062R32FKEA","Vishay","1206","2.3200","1","±100","0.25","R1206_2R32"
"CRCW04022R32FKED","Vishay","0402","2.3200","1","±100","0.063","R0402_2R32"
"CRCW06032R37FKEA","Vishay","0603","2.3700","1","±100","0.1","R0603_2R37"
"CRCW08052R37FKEA","Vishay","0805","2.3700","1","±100","0.125","R0805_2R37"
"CRCW12062R37FKEA","Vishay","1206","2.3700","1","±100","0.25","R1206_2R37"
"CRCW04022R37FKED","Vishay","0402","2.3700","1","±100","0.063","R0402_2R37"
"CRCW06032R40FKEA","Vishay","0603","2.4000","1","±100","0.1","R0603_2R40"
"CRCW08052R40FKEA","Vishay","0805","2.4000","1","±100","0.125","R0805_2R40"
"CRCW12062R40FKEA","Vishay","1206","2.4000","1","±100","0.25","R1206_2R40"
"CRCW04022R40FKED","Vishay","0402","2.4000","1","±100","0.063","R0402_2R40"
"CRCW06032R43FKEA","Vishay","0603","2.4300","1","±100","0.1","R0603_2R43"
"CRCW12062R43FKEA","Vishay","1206","2.4300","1","±100","0.25","R1206_2R43"
"CRCW04022R43FKED","Vishay","0402","2.4300","1","±100","0.063","R0402_2R43"
"CRCW08052R43FKEA","Vishay","0805","2.4300","1","±100","0.125","R0805_2R43"
"CRCW04022R49FKED","Vishay","0402","2.4900","1","±100","0.063","R0402_2R49"
"CRCW06032R49FKEA","Vishay","0603","2.4900","1","±100","0.1","R0603_2R49"
"CRCW12062R49FKEA","Vishay","1206","2.4900","1","±100","0.25","R1206_2R49"
"CRCW08052R49FKEA","Vishay","0805","2.4900","1","±100","0.125","R0805_2R49"
"CRCW06032R55FKEA","Vishay","0603","2.5500","1","±100","0.1","R0603_2R55"
"CRCW08052R55FKEA","Vishay","0805","2.5500","1","±100","0.125","R0805_2R55"
"CRCW12062R55FKEA","Vishay","1206","2.5500","1","±100","0.25","R1206_2R55"
"CRCW04022R55FKED","Vishay","0402","2.5500","1","±100","0.063","R0402_2R55"
"CRCW06032R61FKEA","Vishay","0603","2.6100","1","±100","0.1","R0603_2R61"
"CRCW08052R61FKEA","Vishay","0805","2.6100","1","±100","0.125","R0805_2R61"
"CRCW12062R61FKEA","Vishay","1206","2.6100","1","±100","0.25","R1206_2R61"
"CRCW04022R61FKED","Vishay","0402","2.6100","1","±100","0.063","R0402_2R61"
"CRCW12062R67FKEA","Vishay","1206","2.6700","1","±100","0.25","R1206_2R67"
"CRCW06032R67FKEA","Vishay","0603","2.6700","1","±100","0.1","R0603_2R67"
"CRCW04022R67FKED","Vishay","0402","2.6700","1","±100","0.063","R0402_2R67"
"CRCW08052R67FKEA","Vishay","0805","2.6700","1","±100","0.125","R0805_2R67"
"CRCW06032R70FKEA","Vishay","0603","2.7000","1","±100","0.1","R0603_2R70"
"CRCW04022R70FKED","Vishay","0402","2.7000","1","±100","0.063","R0402_2R70"
"CRCW08052R70FKEA","Vishay","0805","2.7000","1","±100","0.125","R0805_2R70"
"CRCW12062R70FKEA","Vishay","1206","2.7000","1","±100","0.25","R1206_2R70"
"CRCW06032R74FKEA","Vishay","0603","2.7400","1","±100","0.1","R0603_2R74"
"CRCW12062R74FKEA","Vishay","1206","2.7400","1","±100","0.25","R1206_2R74"
"CRCW04022R74FKED","Vishay","0402","2.7400","1","±100","0.063","R0402_2R74"
"CRCW08052R74FKEA","Vishay","0805","2.7400","1","±100","0.125","R0805_2R74"
"CRCW06032R80FKEA","Vishay","0603","2.8000","1","±100","0.1","R0603_2R80"
"CRCW08052R80FKEA","Vishay","0805","2.8000","1","±100","0.125","R0805_2R80"
"CRCW04022R80FKED","Vishay","0402","2.8000","1","±100","0.063","R0402_2R80"
"CRCW12062R80FKEA","Vishay","1206","2.8000","1","±100","0.25","R1206_2R80"
"CRCW06032R87FKEA","Vishay","0603","2.8700","1","±100","0.1","R0603_2R87"
"CRCW04022R87FKED","Vishay","0402","2.8700","1","±100","0.063","R0402_2R87"
"CRCW08052R87FKEA","Vishay","0805","2.8700","1","±100","0.125","R0805_2R87"
"CRCW12062R87FKEA","Vishay","1206","2.8700","1","±100","0.25","R1206_2R87"
"CRCW06032R94FKEA","Vishay","0603","2.9400","1","±100","0.1","R0603_2R94"
"CRCW04022R94FKED","Vishay","0402","2.9400","1","±100","0.063","R0402_2R94"
"CRCW08052R94FKEA","Vishay","0805","2.9400","1","±100","0.125","R0805_2R94"
"CRCW12062R94FKEA","Vishay","1206","2.9400","1","±100","0.25","R1206_2R94"
"CRCW08053R00FKEA","Vishay","0805","3.0000","1","±100","0.125","R0805_3R"
"CRCW12063R00FKEA","Vishay","1206","3.0000","1","±100","0.25","R1206_3R"
"CRCW06033R00FKEA","Vishay","0603","3.0000","1","±100","0.1","R0603_3R"
"CRCW04023R00FKED","Vishay","0402","3.0000","1","±100","0.063","R0402_3R"
"CRCW04023R01FKED","Vishay","0402","3.0100","1","±100","0.063","R0402_3R01"
"CRCW06033R01FKEA","Vishay","0603","3.0100","1","±100","0.1","R0603_3R01"
"CRCW08053R01FKEA","Vishay","0805","3.0100","1","±100","0.125","R0805_3R01"
"CRCW12063R01FKEA","Vishay","1206","3.0100","1","±100","0.25","R1206_3R01"
"CRCW04023R09FKED","Vishay","0402","3.0900","1","±100","0.063","R0402_3R09"
"CRCW06033R09FKEA","Vishay","0603","3.0900","1","±100","0.1","R0603_3R09"
"CRCW12063R09FKEA","Vishay","1206","3.0900","1","±100","0.25","R1206_3R09"
"CRCW08053R09FKEA","Vishay","0805","3.0900","1","±100","0.125","R0805_3R09"
"CRCW08053R16FKEA","Vishay","0805","3.1600","1","±100","0.125","R0805_3R16"
"CRCW06033R16FKEA","Vishay","0603","3.1600","1","±100","0.1","R0603_3R16"
"CRCW12063R16FKEA","Vishay","1206","3.1600","1","±100","0.25","R1206_3R16"
"CRCW04023R16FKED","Vishay","0402","3.1600","1","±100","0.063","R0402_3R16"
"CRCW04023R24FKED","Vishay","0402","3.2400","1","±100","0.063","R0402_3R24"
"CRCW06033R24FKEA","Vishay","0603","3.2400","1","±100","0.1","R0603_3R24"
"CRCW08053R24FKEA","Vishay","0805","3.2400","1","±100","0.125","R0805_3R24"
"CRCW12063R24FKEA","Vishay","1206","3.2400","1","±100","0.25","R1206_3R24"
"CRCW04023R30FKED","Vishay","0402","3.3000","1","±100","0.063","R0402_3R30"
"CRCW06033R30FKEA","Vishay","0603","3.3000","1","±100","0.1","R0603_3R30"
"CRCW08053R30FKEA","Vishay","0805","3.3000","1","±100","0.125","R0805_3R30"
"CRCW12063R30FKEA","Vishay","1206","3.3000","1","±100","0.25","R1206_3R30"
"CRCW06033R32FKEA","Vishay","0603","3.3200","1","±100","0.1","R0603_3R32"
"CRCW12063R32FKEA","Vishay","1206","3.3200","1","±100","0.25","R1206_3R32"
"CRCW08053R32FKEA","Vishay","0805","3.3200","1","±100","0.125","R0805_3R32"
"CRCW04023R32FKED","Vishay","0402","3.3200","1","±100","0.063","R0402_3R32"
"CRCW06033R40FKEA","Vishay","0603","3.4000","1","±100","0.1","R0603_3R40"
"CRCW04023R40FKED","Vishay","0402","3.4000","1","±100","0.063","R0402_3R40"
"CRCW08053R40FKEA","Vishay","0805","3.4000","1","±100","0.125","R0805_3R40"
"CRCW12063R40FKEA","Vishay","1206","3.4000","1","±100","0.25","R1206_3R40"
"CRCW08053R48FKEA","Vishay","0805","3.4800","1","±100","0.125","R0805_3R48"
"CRCW06033R48FKEA","Vishay","0603","3.4800","1","±100","0.1","R0603_3R48"
"CRCW12063R48FKEA","Vishay","1206","3.4800","1","±100","0.25","R1206_3R48"
"CRCW04023R48FKED","Vishay","0402","3.4800","1","±100","0.063","R0402_3R48"
"CRCW06033R57FKEA","Vishay","0603","3.5700","1","±100","0.1","R0603_3R57"
"CRCW08053R57FKEA","Vishay","0805","3.5700","1","±100","0.125","R0805_3R57"
"CRCW12063R57FKEA","Vishay","1206","3.5700","1","±100","0.25","R1206_3R57"
"CRCW04023R57FKED","Vishay","0402","3.5700","1","±100","0.063","R0402_3R57"
"CRCW08053R60FKEA","Vishay","0805","3.6000","1","±100","0.125","R0805_3R60"
"CRCW04023R60FKED","Vishay","0402","3.6000","1","±100","0.063","R0402_3R60"
"CRCW12063R60FKEA","Vishay","1206","3.6000","1","±100","0.25","R1206_3R60"
"CRCW06033R60FKEA","Vishay","0603","3.6000","1","±100","0.1","R0603_3R60"
"CRCW04023R65FKED","Vishay","0402","3.6500","1","±100","0.063","R0402_3R65"
"CRCW06033R65FKEA","Vishay","0603","3.6500","1","±100","0.1","R0603_3R65"
"CRCW12063R65FKEA","Vishay","1206","3.6500","1","±100","0.25","R1206_3R65"
"CRCW08053R74FKEA","Vishay","0805","3.7400","1","±100","0.125","R0805_3R74"
"CRCW06033R74FKEA","Vishay","0603","3.7400","1","±100","0.1","R0603_3R74"
"CRCW12063R74FKEA","Vishay","1206","3.7400","1","±100","0.25","R1206_3R74"
"CRCW04023R74FKED","Vishay","0402","3.7400","1","±100","0.063","R0402_3R74"
"CRCW04023R83FKED","Vishay","0402","3.8300","1","±100","0.063","R0402_3R83"
"CRCW08053R83FKEA","Vishay","0805","3.8300","1","±100","0.125","R0805_3R83"
"CRCW12063R83FKEA","Vishay","1206","3.8300","1","±100","0.25","R1206_3R83"
"CRCW06033R83FKEA","Vishay","0603","3.8300","1","±100","0.1","R0603_3R83"
"CRCW04023R90FKED","Vishay","0402","3.9000","1","±100","0.063","R0402_3R90"
"CRCW06033R90FKEA","Vishay","0603","3.9000","1","±100","0.1","R0603_3R90"
"CRCW12063R90FKEA","Vishay","1206","3.9000","1","±100","0.25","R1206_3R90"
"CRCW08053R90FKEA","Vishay","0805","3.9000","1","±100","0.125","R0805_3R90"
"CRCW06033R92FKEA","Vishay","0603","3.9200","1","±100","0.1","R0603_3R92"
"CRCW04023R92FKED","Vishay","0402","3.9200","1","±100","0.063","R0402_3R92"
"CRCW08053R92FKEA","Vishay","0805","3.9200","1","±100","0.125","R0805_3R92"
"CRCW12063R92FKEA","Vishay","1206","3.9200","1","±100","0.25","R1206_3R92"
"CRCW04024R02FKED","Vishay","0402","4.0200","1","±100","0.063","R0402_4R02"
"CRCW06034R02FKEA","Vishay","0603","4.0200","1","±100","0.1","R0603_4R02"
"CRCW08054R02FKEA","Vishay","0805","4.0200","1","±100","0.125","R0805_4R02"
"CRCW12064R02FKEA","Vishay","1206","4.0200","1","±100","0.25","R1206_4R02"
"CRCW08054R12FKEA","Vishay","0805","4.1200","1","±100","0.125","R0805_4R12"
"CRCW06034R12FKEA","Vishay","0603","4.1200","1","±100","0.1","R0603_4R12"
"CRCW04024R12FKED","Vishay","0402","4.1200","1","±100","0.063","R0402_4R12"
"CRCW12064R12FKEA","Vishay","1206","4.1200","1","±100","0.25","R1206_4R12"
"CRCW04024R22FKED","Vishay","0402","4.2200","1","±100","0.063","R0402_4R22"
"CRCW08054R22FKEA","Vishay","0805","4.2200","1","±100","0.125","R0805_4R22"
"CRCW06034R22FKEA","Vishay","0603","4.2200","1","±100","0.1","R0603_4R22"
"CRCW12064R22FKEA","Vishay","1206","4.2200","1","±100","0.25","R1206_4R22"
"CRCW06034R30FKEA","Vishay","0603","4.3000","1","±100","0.1","R0603_4R30"
"CRCW08054R30FKEA","Vishay","0805","4.3000","1","±100","0.125","R0805_4R30"
"CRCW04024R30FKED","Vishay","0402","4.3000","1","±100","0.063","R0402_4R30"
"CRCW12064R30FKEA","Vishay","1206","4.3000","1","±100","0.25","R1206_4R30"
"CRCW12064R32FKEA","Vishay","1206","4.3200","1","±100","0.25","R1206_4R32"
"CRCW08054R32FKEA","Vishay","0805","4.3200","1","±100","0.125","R0805_4R32"
"CRCW04024R32FKED","Vishay","0402","4.3200","1","±100","0.063","R0402_4R32"
"CRCW06034R32FKEA","Vishay","0603","4.3200","1","±100","0.1","R0603_4R32"
"CRCW04024R42FKED","Vishay","0402","4.4200","1","±100","0.063","R0402_4R42"
"CRCW12064R42FKEA","Vishay","1206","4.4200","1","±100","0.25","R1206_4R42"
"CRCW06034R42FKEA","Vishay","0603","4.4200","1","±100","0.1","R0603_4R42"
"CRCW08054R42FKEA","Vishay","0805","4.4200","1","±100","0.125","R0805_4R42"
"CRCW06034R53FKEA","Vishay","0603","4.5300","1","±100","0.1","R0603_4R53"
"CRCW08054R53FKEA","Vishay","0805","4.5300","1","±100","0.125","R0805_4R53"
"CRCW12064R53FKEA","Vishay","1206","4.5300","1","±100","0.25","R1206_4R53"
"CRCW04024R53FKED","Vishay","0402","4.5300","1","±100","0.063","R0402_4R53"
"CRCW04024R64FKED","Vishay","0402","4.6400","1","±100","0.063","R0402_4R64"
"CRCW08054R64FKEA","Vishay","0805","4.6400","1","±100","0.125","R0805_4R64"
"CRCW12064R64FKEA","Vishay","1206","4.6400","1","±100","0.25","R1206_4R64"
"CRCW06034R64FKEA","Vishay","0603","4.6400","1","±100","0.1","R0603_4R64"
"CRCW04024R70FKED","Vishay","0402","4.7000","1","±100","0.063","R0402_4R70"
"CRCW06034R70FKEA","Vishay","0603","4.7000","1","±100","0.1","R0603_4R70"
"CRCW12064R70FKEA","Vishay","1206","4.7000","1","±100","0.25","R1206_4R70"
"CRCW08054R70FKEA","Vishay","0805","4.7000","1","±100","0.125","R0805_4R70"
"CRCW04024R75FKED","Vishay","0402","4.7500","1","±100","0.063","R0402_4R75"
"CRCW08054R75FKEA","Vishay","0805","4.7500","1","±100","0.125","R0805_4R75"
"CRCW12064R75FKEA","Vishay","1206","4.7500","1","±100","0.25","R1206_4R75"
"CRCW06034R75FKEA","Vishay","0603","4.7500","1","±100","0.1","R0603_4R75"
"CRCW12064R75FNEA","Vishay","1206","4.7500","1","±200","0.25","R1206_4R75_2"
"CRCW06034R87FKEA","Vishay","0603","4.8700","1","±100","0.1","R0603_4R87"
"CRCW08054R87FKEA","Vishay","0805","4.8700","1","±100","0.125","R0805_4R87"
"CRCW12064R87FKEA","Vishay","1206","4.8700","1","±100","0.25","R1206_4R87"
"CRCW04024R87FKED","Vishay","0402","4.8700","1","±100","0.063","R0402_4R87"
"CRCW04024R99FKED","Vishay","0402","4.9900","1","±100","0.063","R0402_4R99"
"CRCW06034R99FKEA","Vishay","0603","4.9900","1","±100","0.1","R0603_4R99"
"CRCW12064R99FKEA","Vishay","1206","4.9900","1","±100","0.25","R1206_4R99"
"CRCW08054R99FKEA","Vishay","0805","4.9900","1","±100","0.125","R0805_4R99"
"CRCW06034R99FNEA","Vishay","0603","4.9900","1","±200","0.1","R0603_4R99_2"
"CRCW04025R10FKED","Vishay","0402","5.1000","1","±100","0.063","R0402_5R10"
"CRCW06035R10FKEA","Vishay","0603","5.1000","1","±100","0.1","R0603_5R10"
"CRCW08055R10FKEA","Vishay","0805","5.1000","1","±100","0.125","R0805_5R10"
"CRCW12065R10FKEA","Vishay","1206","5.1000","1","±100","0.25","R1206_5R10"
"CRCW06035R11FKEA","Vishay","0603","5.1100","1","±100","0.1","R0603_5R11"
"CRCW12065R11FKEA","Vishay","1206","5.1100","1","±100","0.25","R1206_5R11"
"CRCW04025R11FKED","Vishay","0402","5.1100","1","±100","0.063","R0402_5R11"
"CRCW08055R11FKEA","Vishay","0805","5.1100","1","±100","0.125","R0805_5R11"
"CRCW12065R23FKEA","Vishay","1206","5.2300","1","±100","0.25","R1206_5R23"
"CRCW04025R23FKED","Vishay","0402","5.2300","1","±100","0.063","R0402_5R23"
"CRCW08055R23FKEA","Vishay","0805","5.2300","1","±100","0.125","R0805_5R23"
"CRCW06035R23FKEA","Vishay","0603","5.2300","1","±100","0.1","R0603_5R23"
"CRCW04025R36FKED","Vishay","0402","5.3600","1","±100","0.063","R0402_5R36"
"CRCW08055R36FKEA","Vishay","0805","5.3600","1","±100","0.125","R0805_5R36"
"CRCW06035R36FKEA","Vishay","0603","5.3600","1","±100","0.1","R0603_5R36"
"CRCW12065R36FKEA","Vishay","1206","5.3600","1","±100","0.25","R1206_5R36"
"CRCW06035R49FKEA","Vishay","0603","5.4900","1","±100","0.1","R0603_5R49"
"CRCW04025R49FKED","Vishay","0402","5.4900","1","±100","0.063","R0402_5R49"
"CRCW12065R49FKEA","Vishay","1206","5.4900","1","±100","0.25","R1206_5R49"
"CRCW08055R49FKEA","Vishay","0805","5.4900","1","±100","0.125","R0805_5R49"
"CRCW04025R60FKED","Vishay","0402","5.6000","1","±100","0.063","R0402_5R60"
"CRCW08055R60FKEA","Vishay","0805","5.6000","1","±100","0.125","R0805_5R60"
"CRCW12065R60FKEA","Vishay","1206","5.6000","1","±100","0.25","R1206_5R60"
"CRCW06035R60FKEA","Vishay","0603","5.6000","1","±100","0.1","R0603_5R60"
"CRCW04025R62FKED","Vishay","0402","5.6200","1","±100","0.063","R0402_5R62"
"CRCW06035R62FKEA","Vishay","0603","5.6200","1","±100","0.1","R0603_5R62"
"CRCW08055R62FKEA","Vishay","0805","5.6200","1","±100","0.125","R0805_5R62"
"CRCW12065R62FKEA","Vishay","1206","5.6200","1","±100","0.25","R1206_5R62"
"CRCW04025R76FKED","Vishay","0402","5.7600","1","±100","0.063","R0402_5R76"
"CRCW06035R76FKEA","Vishay","0603","5.7600","1","±100","0.1","R0603_5R76"
"CRCW08055R76FKEA","Vishay","0805","5.7600","1","±100","0.125","R0805_5R76"
"CRCW12065R76FKEA","Vishay","1206","5.7600","1","±100","0.25","R1206_5R76"
"CRCW04025R90FKED","Vishay","0402","5.9000","1","±100","0.063","R0402_5R90"
"CRCW08055R90FKEA","Vishay","0805","5.9000","1","±100","0.125","R0805_5R90"
"CRCW06035R90FKEA","Vishay","0603","5.9000","1","±100","0.1","R0603_5R90"
"CRCW12065R90FKEA","Vishay","1206","5.9000","1","±100","0.25","R1206_5R90"
"CRCW04026R04FKED","Vishay","0402","6.0400","1","±100","0.063","R0402_6R04"
"CRCW06036R04FKEA","Vishay","0603","6.0400","1","±100","0.1","R0603_6R04"
"CRCW08056R04FKEA","Vishay","0805","6.0400","1","±100","0.125","R0805_6R04"
"CRCW12066R04FKEA","Vishay","1206","6.0400","1","±100","0.25","R1206_6R04"
"CRCW04026R19FKED","Vishay","0402","6.1900","1","±100","0.063","R0402_6R19"
"CRCW06036R19FKEA","Vishay","0603","6.1900","1","±100","0.1","R0603_6R19"
"CRCW12066R19FKEA","Vishay","1206","6.1900","1","±100","0.25","R1206_6R19"
"CRCW08056R19FKEA","Vishay","0805","6.1900","1","±100","0.125","R0805_6R19"
"CRCW12066R20FKEA","Vishay","1206","6.2000","1","±100","0.25","R1206_6R20"
"CRCW08056R20FKEA","Vishay","0805","6.2000","1","±100","0.125","R0805_6R20"
"CRCW04026R20FKED","Vishay","0402","6.2000","1","±100","0.063","R0402_6R20"
"CRCW06036R20FKEA","Vishay","0603","6.2000","1","±100","0.1","R0603_6R20"
"CRCW04026R34FKED","Vishay","0402","6.3400","1","±100","0.063","R0402_6R34"
"CRCW06036R34FKEA","Vishay","0603","6.3400","1","±100","0.1","R0603_6R34"
"CRCW08056R34FKEA","Vishay","0805","6.3400","1","±100","0.125","R0805_6R34"
"CRCW12066R34FKEA","Vishay","1206","6.3400","1","±100","0.25","R1206_6R34"
"CRCW04026R49FKED","Vishay","0402","6.4900","1","±100","0.063","R0402_6R49"
"CRCW12066R49FKEA","Vishay","1206","6.4900","1","±100","0.25","R1206_6R49"
"CRCW08056R49FKEA","Vishay","0805","6.4900","1","±100","0.125","R0805_6R49"
"CRCW06036R49FKEA","Vishay","0603","6.4900","1","±100","0.1","R0603_6R49"
"CRCW04026R65FKED","Vishay","0402","6.6500","1","±100","0.063","R0402_6R65"
"CRCW08056R65FKEA","Vishay","0805","6.6500","1","±100","0.125","R0805_6R65"
"CRCW06036R65FKEA","Vishay","0603","6.6500","1","±100","0.1","R0603_6R65"
"CRCW12066R65FKEA","Vishay","1206","6.6500","1","±100","0.25","R1206_6R65"
"CRCW04026R80FKED","Vishay","0402","6.8000","1","±100","0.063","R0402_6R80"
"CRCW06036R80FKEA","Vishay","0603","6.8000","1","±100","0.1","R0603_6R80"
"CRCW08056R80FKEA","Vishay","0805","6.8000","1","±100","0.125","R0805_6R80"
"CRCW12066R80FKEA","Vishay","1206","6.8000","1","±100","0.25","R1206_6R80"
"CRCW04026R81FKED","Vishay","0402","6.8100","1","±100","0.063","R0402_6R81"
"CRCW06036R81FKEA","Vishay","0603","6.8100","1","±100","0.1","R0603_6R81"
"CRCW08056R81FKEA","Vishay","0805","6.8100","1","±100","0.125","R0805_6R81"
"CRCW12066R81FKEA","Vishay","1206","6.8100","1","±100","0.25","R1206_6R81"
"CRCW04026R98FKED","Vishay","0402","6.9800","1","±100","0.063","R0402_6R98"
"CRCW12066R98FKEA","Vishay","1206","6.9800","1","±100","0.25","R1206_6R98"
"CRCW06036R98FKEA","Vishay","0603","6.9800","1","±100","0.1","R0603_6R98"
"CRCW08056R98FKEA","Vishay","0805","6.9800","1","±100","0.125","R0805_6R98"
"CRCW04027R15FKED","Vishay","0402","7.1500","1","±100","0.063","R0402_7R15"
"CRCW08057R15FKEA","Vishay","0805","7.1500","1","±100","0.125","R0805_7R15"
"CRCW06037R15FKEA","Vishay","0603","7.1500","1","±100","0.1","R0603_7R15"
"CRCW12067R15FKEA","Vishay","1206","7.1500","1","±100","0.25","R1206_7R15"
"CRCW06037R32FKEA","Vishay","0603","7.3200","1","±100","0.1","R0603_7R32"
"CRCW12067R32FKEA","Vishay","1206","7.3200","1","±100","0.25","R1206_7R32"
"CRCW04027R32FKED","Vishay","0402","7.3200","1","±100","0.063","R0402_7R32"
"CRCW08057R32FKEA","Vishay","0805","7.3200","1","±100","0.125","R0805_7R32"
"CRCW06037R50FKEA","Vishay","0603","7.5000","1","±100","0.1","R0603_7R50"
"CRCW08057R50FKEA","Vishay","0805","7.5000","1","±100","0.125","R0805_7R50"
"CRCW12067R50FKEA","Vishay","1206","7.5000","1","±100","0.25","R1206_7R50"
"CRCW04027R50FKED","Vishay","0402","7.5000","1","±100","0.063","R0402_7R50"
"CRCW06037R68FKEA","Vishay","0603","7.6800","1","±100","0.1","R0603_7R68"
"CRCW04027R68FKED","Vishay","0402","7.6800","1","±100","0.063","R0402_7R68"
"CRCW08057R68FKEA","Vishay","0805","7.6800","1","±100","0.125","R0805_7R68"
"CRCW12067R68FKEA","Vishay","1206","7.6800","1","±100","0.25","R1206_7R68"
"CRCW06037R87FKEA","Vishay","0603","7.8700","1","±100","0.1","R0603_7R87"
"CRCW04027R87FKED","Vishay","0402","7.8700","1","±100","0.063","R0402_7R87"
"CRCW12067R87FKEA","Vishay","1206","7.8700","1","±100","0.25","R1206_7R87"
"CRCW08057R87FKEA","Vishay","0805","7.8700","1","±100","0.125","R0805_7R87"
"CRCW06038R06FKEA","Vishay","0603","8.0600","1","±100","0.1","R0603_8R06"
"CRCW12068R06FKEA","Vishay","1206","8.0600","1","±100","0.25","R1206_8R06"
"CRCW08058R06FKEA","Vishay","0805","8.0600","1","±100","0.125","R0805_8R06"
"CRCW04028R06FKED","Vishay","0402","8.0600","1","±100","0.063","R0402_8R06"
"CRCW06038R20FKEA","Vishay","0603","8.2000","1","±100","0.1","R0603_8R20"
"CRCW12068R20FKEA","Vishay","1206","8.2000","1","±100","0.25","R1206_8R20"
"CRCW08058R20FKEA","Vishay","0805","8.2000","1","±100","0.125","R0805_8R20"
"CRCW06038R25FKEA","Vishay","0603","8.2500","1","±100","0.1","R0603_8R25"
"CRCW04028R25FKED","Vishay","0402","8.2500","1","±100","0.063","R0402_8R25"
"CRCW08058R25FKEA","Vishay","0805","8.2500","1","±100","0.125","R0805_8R25"
"CRCW12068R25FKEA","Vishay","1206","8.2500","1","±100","0.25","R1206_8R25"
"CRCW06038R45FKEA","Vishay","0603","8.4500","1","±100","0.1","R0603_8R45"
"CRCW04028R45FKED","Vishay","0402","8.4500","1","±100","0.063","R0402_8R45"
"CRCW08058R45FKEA","Vishay","0805","8.4500","1","±100","0.125","R0805_8R45"
"CRCW12068R45FKEA","Vishay","1206","8.4500","1","±100","0.25","R1206_8R45"
"CRCW04028R66FKED","Vishay","0402","8.6600","1","±100","0.063","R0402_8R66"
"CRCW06038R66FKEA","Vishay","0603","8.6600","1","±100","0.1","R0603_8R66"
"CRCW08058R66FKEA","Vishay","0805","8.6600","1","±100","0.125","R0805_8R66"
"CRCW12068R66FKEA","Vishay","1206","8.6600","1","±100","0.25","R1206_8R66"
"CRCW08058R87FKEA","Vishay","0805","8.8700","1","±100","0.125","R0805_8R87"
"CRCW06038R87FKEA","Vishay","0603","8.8700","1","±100","0.1","R0603_8R87"
"CRCW04028R87FKED","Vishay","0402","8.8700","1","±100","0.063","R0402_8R87"
"CRCW12068R87FKEA","Vishay","1206","8.8700","1","±100","0.25","R1206_8R87"
"CRCW04029R09FKED","Vishay","0402","9.0900","1","±100","0.063","R0402_9R09"
"CRCW06039R09FKEA","Vishay","0603","9.0900","1","±100","0.1","R0603_9R09"
"CRCW08059R09FKEA","Vishay","0805","9.0900","1","±100","0.125","R0805_9R09"
"CRCW12069R09FKEA","Vishay","1206","9.0900","1","±100","0.25","R1206_9R09"
"CRCW06039R10FKEA","Vishay","0603","9.1000","1","±100","0.1","R0603_9R10"
"CRCW04029R10FKED","Vishay","0402","9.1000","1","±100","0.063","R0402_9R10"
"CRCW12069R10FKEA","Vishay","1206","9.1000","1","±100","0.25","R1206_9R10"
"CRCW08059R10FKEA","Vishay","0805","9.1000","1","±100","0.125","R0805_9R10"
"CRCW06039R31FKEA","Vishay","0603","9.3100","1","±100","0.1","R0603_9R31"
"CRCW08059R31FKEA","Vishay","0805","9.3100","1","±100","0.125","R0805_9R31"
"CRCW04029R31FKED","Vishay","0402","9.3100","1","±100","0.063","R0402_9R31"
"CRCW12069R31FKEA","Vishay","1206","9.3100","1","±100","0.25","R1206_9R31"
"CRCW12069R53FKEA","Vishay","1206","9.5300","1","±100","0.25","R1206_9R53"
"CRCW06039R53FKEA","Vishay","0603","9.5300","1","±100","0.1","R0603_9R53"
"CRCW04029R53FKED","Vishay","0402","9.5300","1","±100","0.063","R0402_9R53"
"CRCW08059R53FKEA","Vishay","0805","9.5300","1","±100","0.125","R0805_9R53"
"CRCW08059R76FKEA","Vishay","0805","9.7600","1","±100","0.125","R0805_9R76"
"CRCW12069R76FKEA","Vishay","1206","9.7600","1","±100","0.25","R1206_9R76"
"CRCW04029R76FKED","Vishay","0402","9.7600","1","±100","0.063","R0402_9R76"
"CRCW06039R76FKEA","Vishay","0603","9.7600","1","±100","0.1","R0603_9R76"
"CRCW040210R0FKED","Vishay","0402","10.0000","1","±100","0.063","R0402_10R"
"CRCW060310R0FKEA","Vishay","0603","10.0000","1","±100","0.1","R0603_10R"
"CRCW080510R0FKEA","Vishay","0805","10.0000","1","±100","0.125","R0805_10R"
"CRCW120610R0FKEA","Vishay","1206","10.0000","1","±100","0.25","R1206_10R"
"CRCW040210R2FKED","Vishay","0402","10.2000","1","±100","0.063","R0402_10R20"
"CRCW060310R2FKEA","Vishay","0603","10.2000","1","±100","0.1","R0603_10R20"
"CRCW120610R2FKEA","Vishay","1206","10.2000","1","±100","0.25","R1206_10R20"
"CRCW080510R2FKEA","Vishay","0805","10.2000","1","±100","0.125","R0805_10R20"
"CRCW120610R5FKEA","Vishay","1206","10.5000","1","±100","0.25","R1206_10R50"
"CRCW040210R5FKED","Vishay","0402","10.5000","1","±100","0.063","R0402_10R50"
"CRCW080510R5FKEA","Vishay","0805","10.5000","1","±100","0.125","R0805_10R50"
"CRCW060310R5FKEA","Vishay","0603","10.5000","1","±100","0.1","R0603_10R50"
"CRCW060310R7FKEA","Vishay","0603","10.7000","1","±100","0.1","R0603_10R70"
"CRCW040210R7FKED","Vishay","0402","10.7000","1","±100","0.063","R0402_10R70"
"CRCW080510R7FKEA","Vishay","0805","10.7000","1","±100","0.125","R0805_10R70"
"CRCW120610R7FKEA","Vishay","1206","10.7000","1","±100","0.25","R1206_10R70"
"CRCW040211R0FKED","Vishay","0402","11.0000","1","±100","0.063","R0402_11R"
"CRCW060311R0FKEA","Vishay","0603","11.0000","1","±100","0.1","R0603_11R"
"CRCW080511R0FKEA","Vishay","0805","11.0000","1","±100","0.125","R0805_11R"
"CRCW120611R0FKEA","Vishay","1206","11.0000","1","±100","0.25","R1206_11R"
"CRCW060311R3FKEA","Vishay","0603","11.3000","1","±100","0.1","R0603_11R30"
"CRCW040211R3FKED","Vishay","0402","11.3000","1","±100","0.063","R0402_11R30"
"CRCW080511R3FKEA","Vishay","0805","11.3000","1","±100","0.125","R0805_11R30"
"CRCW120611R3FKEA","Vishay","1206","11.3000","1","±100","0.25","R1206_11R30"
"CRCW040211R5FKED","Vishay","0402","11.5000","1","±100","0.063","R0402_11R50"
"CRCW080511R5FKEA","Vishay","0805","11.5000","1","±100","0.125","R0805_11R50"
"CRCW120611R5FKEA","Vishay","1206","11.5000","1","±100","0.25","R1206_11R50"
"CRCW060311R5FKEA","Vishay","0603","11.5000","1","±100","0.1","R0603_11R50"
"CRCW060311R8FKEA","Vishay","0603","11.8000","1","±100","0.1","R0603_11R80"
"CRCW120611R8FKEA","Vishay","1206","11.8000","1","±100","0.25","R1206_11R80"
"CRCW040211R8FKED","Vishay","0402","11.8000","1","±100","0.063","R0402_11R80"
"CRCW080511R8FKEA","Vishay","0805","11.8000","1","±100","0.125","R0805_11R80"
"CRCW040212R0FKED","Vishay","0402","12.0000","1","±100","0.063","R0402_12R"
"CRCW060312R0FKEA","Vishay","0603","12.0000","1","±100","0.1","R0603_12R"
"CRCW080512R0FKEA","Vishay","0805","12.0000","1","±100","0.125","R0805_12R"
"CRCW120612R0FKEA","Vishay","1206","12.0000","1","±100","0.25","R1206_12R"
"CRCW040212R1FKED","Vishay","0402","12.1000","1","±100","0.063","R0402_12R10"
"CRCW060312R1FKEA","Vishay","0603","12.1000","1","±100","0.1","R0603_12R10"
"CRCW120612R1FKEA","Vishay","1206","12.1000","1","±100","0.25","R1206_12R10"
"CRCW080512R1FKEA","Vishay","0805","12.1000","1","±100","0.125","R0805_12R10"
"CRCW060312R4FKEA","Vishay","0603","12.4000","1","±100","0.1","R0603_12R40"
"CRCW080512R4FKEA","Vishay","0805","12.4000","1","±100","0.125","R0805_12R40"
"CRCW120612R4FKEA","Vishay","1206","12.4000","1","±100","0.25","R1206_12R40"
"CRCW040212R4FKED","Vishay","0402","12.4000","1","±100","0.063","R0402_12R40"
"CRCW060312R7FKEA","Vishay","0603","12.7000","1","±100","0.1","R0603_12R70"
"CRCW040212R7FKED","Vishay","0402","12.7000","1","±100","0.063","R0402_12R70"
"CRCW120612R7FKEA","Vishay","1206","12.7000","1","±100","0.25","R1206_12R70"
"CRCW080512R7FKEA","Vishay","0805","12.7000","1","±100","0.125","R0805_12R70"
"CRCW120613R0FKEA","Vishay","1206","13.0000","1","±100","0.25","R1206_13R"
"CRCW060313R0FKEA","Vishay","0603","13.0000","1","±100","0.1","R0603_13R"
"CRCW040213R0FKED","Vishay","0402","13.0000","1","±100","0.063","R0402_13R"
"CRCW080513R0FKEA","Vishay","0805","13.0000","1","±100","0.125","R0805_13R"
"CRCW040213R3FKED","Vishay","0402","13.3000","1","±100","0.063","R0402_13R30"
"CRCW060313R3FKEA","Vishay","0603","13.3000","1","±100","0.1","R0603_13R30"
"CRCW080513R3FKEA","Vishay","0805","13.3000","1","±100","0.125","R0805_13R30"
"CRCW120613R3FKEA","Vishay","1206","13.3000","1","±100","0.25","R1206_13R30"
"CRCW060313R7FKEA","Vishay","0603","13.7000","1","±100","0.1","R0603_13R70"
"CRCW040213R7FKED","Vishay","0402","13.7000","1","±100","0.063","R0402_13R70"
"CRCW080513R7FKEA","Vishay","0805","13.7000","1","±100","0.125","R0805_13R70"
"CRCW120613R7FKEA","Vishay","1206","13.7000","1","±100","0.25","R1206_13R70"
"CRCW080514R0FKEA","Vishay","0805","14.0000","1","±100","0.125","R0805_14R"
"CRCW060314R0FKEA","Vishay","0603","14.0000","1","±100","0.1","R0603_14R"
"CRCW040214R0FKED","Vishay","0402","14.0000","1","±100","0.063","R0402_14R"
"CRCW120614R0FKEA","Vishay","1206","14.0000","1","±100","0.25","R1206_14R"
"CRCW060314R3FKEA","Vishay","0603","14.3000","1","±100","0.1","R0603_14R30"
"CRCW040214R3FKED","Vishay","0402","14.3000","1","±100","0.063","R0402_14R30"
"CRCW120614R3FKEA","Vishay","1206","14.3000","1","±100","0.25","R1206_14R30"
"CRCW080514R3FKEA","Vishay","0805","14.3000","1","±100","0.125","R0805_14R30"
"CRCW060314R7FKEA","Vishay","0603","14.7000","1","±100","0.1","R0603_14R70"
"CRCW080514R7FKEA","Vishay","0805","14.7000","1","±100","0.125","R0805_14R70"
"CRCW040214R7FKED","Vishay","0402","14.7000","1","±100","0.063","R0402_14R70"
"CRCW120614R7FKEA","Vishay","1206","14.7000","1","±100","0.25","R1206_14R70"
"CRCW040215R0FKED","Vishay","0402","15.0000","1","±100","0.063","R0402_15R"
"CRCW060315R0FKEA","Vishay","0603","15.0000","1","±100","0.1","R0603_15R"
"CRCW080515R0FKEA","Vishay","0805","15.0000","1","±100","0.125","R0805_15R"
"CRCW120615R0FKEA","Vishay","1206","15.0000","1","±100","0.25","R1206_15R"
"CRCW040215R4FKED","Vishay","0402","15.4000","1","±100","0.063","R0402_15R40"
"CRCW060315R4FKEA","Vishay","0603","15.4000","1","±100","0.1","R0603_15R40"
"CRCW080515R4FKEA","Vishay","0805","15.4000","1","±100","0.125","R0805_15R40"
"CRCW120615R4FKEA","Vishay","1206","15.4000","1","±100","0.25","R1206_15R40"
"CRCW040215R8FKED","Vishay","0402","15.8000","1","±100","0.063","R0402_15R80"
"CRCW060315R8FKEA","Vishay","0603","15.8000","1","±100","0.1","R0603_15R80"
"CRCW080515R8FKEA","Vishay","0805","15.8000","1","±100","0.125","R0805_15R80"
"CRCW120615R8FKEA","Vishay","1206","15.8000","1","±100","0.25","R1206_15R80"
"CRCW040216R0FKED","Vishay","0402","16.0000","1","±100","0.063","R0402_16R"
"CRCW060316R0FKEA","Vishay","0603","16.0000","1","±100","0.1","R0603_16R"
"CRCW120616R0FKEA","Vishay","1206","16.0000","1","±100","0.25","R1206_16R"
"CRCW080516R0FKEA","Vishay","0805","16.0000","1","±100","0.125","R0805_16R"
"CRCW060316R2FKEA","Vishay","0603","16.2000","1","±100","0.1","R0603_16R20"
"CRCW040216R2FKED","Vishay","0402","16.2000","1","±100","0.063","R0402_16R20"
"CRCW080516R2FKEA","Vishay","0805","16.2000","1","±100","0.125","R0805_16R20"
"CRCW120616R2FKEA","Vishay","1206","16.2000","1","±100","0.25","R1206_16R20"
"CRCW040216R5FKED","Vishay","0402","16.5000","1","±100","0.063","R0402_16R50"
"CRCW060316R5FKEA","Vishay","0603","16.5000","1","±100","0.1","R0603_16R50"
"CRCW080516R5FKEA","Vishay","0805","16.5000","1","±100","0.125","R0805_16R50"
"CRCW120616R5FKEA","Vishay","1206","16.5000","1","±100","0.25","R1206_16R50"
"CRCW080516R9FKEA","Vishay","0805","16.9000","1","±100","0.125","R0805_16R90"
"CRCW120616R9FKEA","Vishay","1206","16.9000","1","±100","0.25","R1206_16R90"
"CRCW060316R9FKEA","Vishay","0603","16.9000","1","±100","0.1","R0603_16R90"
"CRCW040216R9FKED","Vishay","0402","16.9000","1","±100","0.063","R0402_16R90"
"CRCW040217R4FKED","Vishay","0402","17.4000","1","±100","0.063","R0402_17R40"
"CRCW060317R4FKEA","Vishay","0603","17.4000","1","±100","0.1","R0603_17R40"
"CRCW080517R4FKEA","Vishay","0805","17.4000","1","±100","0.125","R0805_17R40"
"CRCW120617R4FKEA","Vishay","1206","17.4000","1","±100","0.25","R1206_17R40"
"CRCW040217R8FKED","Vishay","0402","17.8000","1","±100","0.063","R0402_17R80"
"CRCW080517R8FKEA","Vishay","0805","17.8000","1","±100","0.125","R0805_17R80"
"CRCW060317R8FKEA","Vishay","0603","17.8000","1","±100","0.1","R0603_17R80"
"CRCW120617R8FKEA","Vishay","1206","17.8000","1","±100","0.25","R1206_17R80"
"CRCW040218R0FKED","Vishay","0402","18.0000","1","±100","0.063","R0402_18R"
"CRCW060318R0FKEA","Vishay","0603","18.0000","1","±100","0.1","R0603_18R"
"CRCW080518R0FKEA","Vishay","0805","18.0000","1","±100","0.125","R0805_18R"
"CRCW120618R0FKEA","Vishay","1206","18.0000","1","±100","0.25","R1206_18R"
"CRCW040218R2FKED","Vishay","0402","18.2000","1","±100","0.063","R0402_18R20"
"CRCW060318R2FKEA","Vishay","0603","18.2000","1","±100","0.1","R0603_18R20"
"CRCW080518R2FKEA","Vishay","0805","18.2000","1","±100","0.125","R0805_18R20"
"CRCW120618R2FKEA","Vishay","1206","18.2000","1","±100","0.25","R1206_18R20"
"CRCW120618R7FKEA","Vishay","1206","18.7000","1","±100","0.25","R1206_18R70"
"CRCW060318R7FKEA","Vishay","0603","18.7000","1","±100","0.1","R0603_18R70"
"CRCW040218R7FKED","Vishay","0402","18.7000","1","±100","0.063","R0402_18R70"
"CRCW080518R7FKEA","Vishay","0805","18.7000","1","±100","0.125","R0805_18R70"
"CRCW080519R1FKEA","Vishay","0805","19.1000","1","±100","0.125","R0805_19R10"
"CRCW120619R1FKEA","Vishay","1206","19.1000","1","±100","0.25","R1206_19R10"
"CRCW040219R1FKED","Vishay","0402","19.1000","1","±100","0.063","R0402_19R10"
"CRCW060319R1FKEA","Vishay","0603","19.1000","1","±100","0.1","R0603_19R10"
"CRCW060319R6FKEA","Vishay","0603","19.6000","1","±100","0.1","R0603_19R60"
"CRCW040219R6FKED","Vishay","0402","19.6000","1","±100","0.063","R0402_19R60"
"CRCW080519R6FKEA","Vishay","0805","19.6000","1","±100","0.125","R0805_19R60"
"CRCW120619R6FKEA","Vishay","1206","19.6000","1","±100","0.25","R1206_19R60"
"CRCW040220R0FKED","Vishay","0402","20.0000","1","±100","0.063","R0402_20R"
"CRCW060320R0FKEA","Vishay","0603","20.0000","1","±100","0.1","R0603_20R"
"CRCW080520R0FKEA","Vishay","0805","20.0000","1","±100","0.125","R0805_20R"
"CRCW120620R0FKEA","Vishay","1206","20.0000","1","±100","0.25","R1206_20R"
"CRCW060320R5FKEA","Vishay","0603","20.5000","1","±100","0.1","R0603_20R50"
"CRCW040220R5FKED","Vishay","0402","20.5000","1","±100","0.063","R0402_20R50"
"CRCW120620R5FKEA","Vishay","1206","20.5000","1","±100","0.25","R1206_20R50"
"CRCW080520R5FKEA","Vishay","0805","20.5000","1","±100","0.125","R0805_20R50"
"CRCW060321R0FKEA","Vishay","0603","21.0000","1","±100","0.1","R0603_21R"
"CRCW120621R0FKEA","Vishay","1206","21.0000","1","±100","0.25","R1206_21R"
"CRCW040221R0FKED","Vishay","0402","21.0000","1","±100","0.063","R0402_21R"
"CRCW080521R0FKEA","Vishay","0805","21.0000","1","±100","0.125","R0805_21R"
"CRCW040221R5FKED","Vishay","0402","21.5000","1","±100","0.063","R0402_21R50"
"CRCW080521R5FKEA","Vishay","0805","21.5000","1","±100","0.125","R0805_21R50"
"CRCW120621R5FKEA","Vishay","1206","21.5000","1","±100","0.25","R1206_21R50"
"CRCW060321R5FKEA","Vishay","0603","21.5000","1","±100","0.1","R0603_21R50"
"CRCW040222R0FKED","Vishay","0402","22.0000","1","±100","0.063","R0402_22R"
"CRCW060322R0FKEA","Vishay","0603","22.0000","1","±100","0.1","R0603_22R"
"CRCW080522R0FKEA","Vishay","0805","22.0000","1","±100","0.125","R0805_22R"
"CRCW120622R0FKEA","Vishay","1206","22.0000","1","±100","0.25","R1206_22R"
"CRCW040222R1FKED","Vishay","0402","22.1000","1","±100","0.063","R0402_22R10"
"CRCW060322R1FKEA","Vishay","0603","22.1000","1","±100","0.1","R0603_22R10"
"CRCW080522R1FKEA","Vishay","0805","22.1000","1","±100","0.125","R0805_22R10"
"CRCW120622R1FKEA","Vishay","1206","22.1000","1","±100","0.25","R1206_22R10"
"CRCW080522R6FKEA","Vishay","0805","22.6000","1","±100","0.125","R0805_22R60"
"CRCW060322R6FKEA","Vishay","0603","22.6000","1","±100","0.1","R0603_22R60"
"CRCW120622R6FKEA","Vishay","1206","22.6000","1","±100","0.25","R1206_22R60"
"CRCW040222R6FKED","Vishay","0402","22.6000","1","±100","0.063","R0402_22R60"
"CRCW060323R2FKEA","Vishay","0603","23.2000","1","±100","0.1","R0603_23R20"
"CRCW120623R2FKEA","Vishay","1206","23.2000","1","±100","0.25","R1206_23R20"
"CRCW040223R2FKED","Vishay","0402","23.2000","1","±100","0.063","R0402_23R20"
"CRCW080523R2FKEA","Vishay","0805","23.2000","1","±100","0.125","R0805_23R20"
"CRCW040223R7FKED","Vishay","0402","23.7000","1","±100","0.063","R0402_23R70"
"CRCW060323R7FKEA","Vishay","0603","23.7000","1","±100","0.1","R0603_23R70"
"CRCW080523R7FKEA","Vishay","0805","23.7000","1","±100","0.125","R0805_23R70"
"CRCW120623R7FKEA","Vishay","1206","23.7000","1","±100","0.25","R1206_23R70"
"CRCW060324R0FKEA","Vishay","0603","24.0000","1","±100","0.1","R0603_24R"
"CRCW080524R0FKEA","Vishay","0805","24.0000","1","±100","0.125","R0805_24R"
"CRCW120624R0FKEA","Vishay","1206","24.0000","1","±100","0.25","R1206_24R"
"CRCW040224R0FKED","Vishay","0402","24.0000","1","±100","0.063","R0402_24R"
"CRCW040224R3FKED","Vishay","0402","24.3000","1","±100","0.063","R0402_24R30"
"CRCW060324R3FKEA","Vishay","0603","24.3000","1","±100","0.1","R0603_24R30"
"CRCW080524R3FKEA","Vishay","0805","24.3000","1","±100","0.125","R0805_24R30"
"CRCW120624R3FKEA","Vishay","1206","24.3000","1","±100","0.25","R1206_24R30"
"CRCW040224R9FKED","Vishay","0402","24.9000","1","±100","0.063","R0402_24R90"
"CRCW080524R9FKEA","Vishay","0805","24.9000","1","±100","0.125","R0805_24R90"
"CRCW120624R9FKEA","Vishay","1206","24.9000","1","±100","0.25","R1206_24R90"
"CRCW060324R9FKEA","Vishay","0603","24.9000","1","±100","0.1","R0603_24R90"
"CRCW120625R5FKEA","Vishay","1206","25.5000","1","±100","0.25","R1206_25R50"
"CRCW040225R5FKED","Vishay","0402","25.5000","1","±100","0.063","R0402_25R50"
"CRCW060325R5FKEA","Vishay","0603","25.5000","1","±100","0.1","R0603_25R50"
"CRCW080525R5FKEA","Vishay","0805","25.5000","1","±100","0.125","R0805_25R50"
"CRCW040226R1FKED","Vishay","0402","26.1000","1","±100","0.063","R0402_26R10"
"CRCW060326R1FKEA","Vishay","0603","26.1000","1","±100","0.1","R0603_26R10"
"CRCW120626R1FKEA","Vishay","1206","26.1000","1","±100","0.25","R1206_26R10"
"CRCW080526R1FKEA","Vishay","0805","26.1000","1","±100","0.125","R0805_26R10"
"CRCW080526R7FKEA","Vishay","0805","26.7000","1","±100","0.125","R0805_26R70"
"CRCW060326R7FKEA","Vishay","0603","26.7000","1","±100","0.1","R0603_26R70"
"CRCW040226R7FKED","Vishay","0402","26.7000","1","±100","0.063","R0402_26R70"
"CRCW120626R7FKEA","Vishay","1206","26.7000","1","±100","0.25","R1206_26R70"
"CRCW040227R0FKED","Vishay","0402","27.0000","1","±100","0.063","R0402_27R"
"CRCW060327R0FKEA","Vishay","0603","27.0000","1","±100","0.1","R0603_27R"
"CRCW080527R0FKEA","Vishay","0805","27.0000","1","±100","0.125","R0805_27R"
"CRCW120627R0FKEA","Vishay","1206","27.0000","1","±100","0.25","R1206_27R"
"CRCW040227R4FKED","Vishay","0402","27.4000","1","±100","0.063","R0402_27R40"
"CRCW060327R4FKEA","Vishay","0603","27.4000","1","±100","0.1","R0603_27R40"
"CRCW080527R4FKEA","Vishay","0805","27.4000","1","±100","0.125","R0805_27R40"
"CRCW120627R4FKEA","Vishay","1206","27.4000","1","±100","0.25","R1206_27R40"
"CRCW060328R0FKEA","Vishay","0603","28.0000","1","±100","0.1","R0603_28R"
"CRCW080528R0FKEA","Vishay","0805","28.0000","1","±100","0.125","R0805_28R"
"CRCW040228R0FKED","Vishay","0402","28.0000","1","±100","0.063","R0402_28R"
"CRCW120628R0FKEA","Vishay","1206","28.0000","1","±100","0.25","R1206_28R"
"CRCW060328R7FKEA","Vishay","0603","28.7000","1","±100","0.1","R0603_28R70"
"CRCW080528R7FKEA","Vishay","0805","28.7000","1","±100","0.125","R0805_28R70"
"CRCW040228R7FKED","Vishay","0402","28.7000","1","±100","0.063","R0402_28R70"
"CRCW120628R7FKEA","Vishay","1206","28.7000","1","±100","0.25","R1206_28R70"
"CRCW040229R4FKED","Vishay","0402","29.4000","1","±100","0.063","R0402_29R40"
"CRCW080529R4FKEA","Vishay","0805","29.4000","1","±100","0.125","R0805_29R40"
"CRCW060329R4FKEA","Vishay","0603","29.4000","1","±100","0.1","R0603_29R40"
"CRCW120629R4FKEA","Vishay","1206","29.4000","1","±100","0.25","R1206_29R40"
"CRCW060330R0FKEA","Vishay","0603","30.0000","1","±100","0.1","R0603_30R"
"CRCW080530R0FKEA","Vishay","0805","30.0000","1","±100","0.125","R0805_30R"
"CRCW040230R0FKED","Vishay","0402","30.0000","1","±100","0.063","R0402_30R"
"CRCW120630R0FKEA","Vishay","1206","30.0000","1","±100","0.25","R1206_30R"
"CRCW040230R1FKED","Vishay","0402","30.1000","1","±100","0.063","R0402_30R10"
"CRCW060330R1FKEA","Vishay","0603","30.1000","1","±100","0.1","R0603_30R10"
"CRCW120630R1FKEA","Vishay","1206","30.1000","1","±100","0.25","R1206_30R10"
"CRCW080530R1FKEA","Vishay","0805","30.1000","1","±100","0.125","R0805_30R10"
"CRCW060330R9FKEA","Vishay","0603","30.9000","1","±100","0.1","R0603_30R90"
"CRCW040230R9FKED","Vishay","0402","30.9000","1","±100","0.063","R0402_30R90"
"CRCW080530R9FKEA","Vishay","0805","30.9000","1","±100","0.125","R0805_30R90"
"CRCW120630R9FKEA","Vishay","1206","30.9000","1","±100","0.25","R1206_30R90"
"CRCW060331R6FKEA","Vishay","0603","31.6000","1","±100","0.1","R0603_31R60"
"CRCW080531R6FKEA","Vishay","0805","31.6000","1","±100","0.125","R0805_31R60"
"CRCW120631R6FKEA","Vishay","1206","31.6000","1","±100","0.25","R1206_31R60"
"CRCW040231R6FKED","Vishay","0402","31.6000","1","±100","0.063","R0402_31R60"
"CRCW040232R4FKED","Vishay","0402","32.4000","1","±100","0.063","R0402_32R40"
"CRCW060332R4FKEA","Vishay","0603","32.4000","1","±100","0.1","R0603_32R40"
"CRCW080532R4FKEA","Vishay","0805","32.4000","1","±100","0.125","R0805_32R40"
"CRCW120632R4FKEA","Vishay","1206","32.4000","1","±100","0.25","R1206_32R40"
"CRCW040233R0FKED","Vishay","0402","33.0000","1","±100","0.063","R0402_33R"
"CRCW060333R0FKEA","Vishay","0603","33.0000","1","±100","0.1","R0603_33R"
"CRCW080533R0FKEA","Vishay","0805","33.0000","1","±100","0.125","R0805_33R"
"CRCW120633R0FKEA","Vishay","1206","33.0000","1","±100","0.25","R1206_33R"
"CRCW040233R2FKED","Vishay","0402","33.2000","1","±100","0.063","R0402_33R20"
"CRCW060333R2FKEA","Vishay","0603","33.2000","1","±100","0.1","R0603_33R20"
"CRCW080533R2FKEA","Vishay","0805","33.2000","1","±100","0.125","R0805_33R20"
"CRCW120633R2FKEA","Vishay","1206","33.2000","1","±100","0.25","R1206_33R20"
"CRCW040234R0FKED","Vishay","0402","34.0000","1","±100","0.063","R0402_34R"
"CRCW060334R0FKEA","Vishay","0603","34.0000","1","±100","0.1","R0603_34R"
"CRCW120634R0FKEA","Vishay","1206","34.0000","1","±100","0.25","R1206_34R"
"CRCW080534R0FKEA","Vishay","0805","34.0000","1","±100","0.125","R0805_34R"
"CRCW040234R8FKED","Vishay","0402","34.8000","1","±100","0.063","R0402_34R80"
"CRCW060334R8FKEA","Vishay","0603","34.8000","1","±100","0.1","R0603_34R80"
"CRCW080534R8FKEA","Vishay","0805","34.8000","1","±100","0.125","R0805_34R80"
"CRCW120634R8FKEA","Vishay","1206","34.8000","1","±100","0.25","R1206_34R80"
"CRCW040235R7FKED","Vishay","0402","35.7000","1","±100","0.063","R0402_35R70"
"CRCW060335R7FKEA","Vishay","0603","35.7000","1","±100","0.1","R0603_35R70"
"CRCW080535R7FKEA","Vishay","0805","35.7000","1","±100","0.125","R0805_35R70"
"CRCW120635R7FKEA","Vishay","1206","35.7000","1","±100","0.25","R1206_35R70"
"CRCW040236R0FKED","Vishay","0402","36.0000","1","±100","0.063","R0402_36R"
"CRCW060336R0FKEA","Vishay","0603","36.0000","1","±100","0.1","R0603_36R"
"CRCW080536R0FKEA","Vishay","0805","36.0000","1","±100","0.125","R0805_36R"
"CRCW120636R0FKEA","Vishay","1206","36.0000","1","±100","0.25","R1206_36R"
"CRCW040236R5FKED","Vishay","0402","36.5000","1","±100","0.063","R0402_36R50"
"CRCW060336R5FKEA","Vishay","0603","36.5000","1","±100","0.1","R0603_36R50"
"CRCW120636R5FKEA","Vishay","1206","36.5000","1","±100","0.25","R1206_36R50"
"CRCW080536R5FKEA","Vishay","0805","36.5000","1","±100","0.125","R0805_36R50"
"CRCW040237R4FKED","Vishay","0402","37.4000","1","±100","0.063","R0402_37R40"
"CRCW120637R4FKEA","Vishay","1206","37.4000","1","±100","0.25","R1206_37R40"
"CRCW060337R4FKEA","Vishay","0603","37.4000","1","±100","0.1","R0603_37R40"
"CRCW080537R4FKEA","Vishay","0805","37.4000","1","±100","0.125","R0805_37R40"
"CRCW060338R3FKEA","Vishay","0603","38.3000","1","±100","0.1","R0603_38R30"
"CRCW040238R3FKED","Vishay","0402","38.3000","1","±100","0.063","R0402_38R30"
"CRCW120638R3FKEA","Vishay","1206","38.3000","1","±100","0.25","R1206_38R30"
"CRCW080538R3FKEA","Vishay","0805","38.3000","1","±100","0.125","R0805_38R30"
"CRCW040239R0FKED","Vishay","0402","39.0000","1","±100","0.063","R0402_39R"
"CRCW060339R0FKEA","Vishay","0603","39.0000","1","±100","0.1","R0603_39R"
"CRCW120639R0FKEA","Vishay","1206","39.0000","1","±100","0.25","R1206_39R"
"CRCW080539R0FKEA","Vishay","0805","39.0000","1","±100","0.125","R0805_39R"
"CRCW040239R2FKED","Vishay","0402","39.2000","1","±100","0.063","R0402_39R20"
"CRCW060339R2FKEA","Vishay","0603","39.2000","1","±100","0.1","R0603_39R20"
"CRCW120639R2FKEA","Vishay","1206","39.2000","1","±100","0.25","R1206_39R20"
"CRCW080539R2FKEA","Vishay","0805","39.2000","1","±100","0.125","R0805_39R20"
"CRCW040240R2FKED","Vishay","0402","40.2000","1","±100","0.063","R0402_40R20"
"CRCW060340R2FKEA","Vishay","0603","40.2000","1","±100","0.1","R0603_40R20"
"CRCW080540R2FKEA","Vishay","0805","40.2000","1","±100","0.125","R0805_40R20"
"CRCW120640R2FKEA","Vishay","1206","40.2000","1","±100","0.25","R1206_40R20"
"CRCW060341R2FKEA","Vishay","0603","41.2000","1","±100","0.1","R0603_41R20"
"CRCW080541R2FKEA","Vishay","0805","41.2000","1","±100","0.125","R0805_41R20"
"CRCW040241R2FKED","Vishay","0402","41.2000","1","±100","0.063","R0402_41R20"
"CRCW120641R2FKEA","Vishay","1206","41.2000","1","±100","0.25","R1206_41R20"
"CRCW040242R2FKED","Vishay","0402","42.2000","1","±100","0.063","R0402_42R20"
"CRCW060342R2FKEA","Vishay","0603","42.2000","1","±100","0.1","R0603_42R20"
"CRCW080542R2FKEA","Vishay","0805","42.2000","1","±100","0.125","R0805_42R20"
"CRCW120642R2FKEA","Vishay","1206","42.2000","1","±100","0.25","R1206_42R20"
"CRCW040243R0FKED","Vishay","0402","43.0000","1","±100","0.063","R0402_43R"
"CRCW120643R0FKEA","Vishay","1206","43.0000","1","±100","0.25","R1206_43R"
"CRCW060343R0FKEA","Vishay","0603","43.0000","1","±100","0.1","R0603_43R"
"CRCW080543R0FKEA","Vishay","0805","43.0000","1","±100","0.125","R0805_43R"
"CRCW060343R2FKEA","Vishay","0603","43.2000","1","±100","0.1","R0603_43R20"
"CRCW080543R2FKEA","Vishay","0805","43.2000","1","±100","0.125","R0805_43R20"
"CRCW040243R2FKED","Vishay","0402","43.2000","1","±100","0.063","R0402_43R20"
"CRCW120643R2FKEA","Vishay","1206","43.2000","1","±100","0.25","R1206_43R20"
"CRCW060344R2FKEA","Vishay","0603","44.2000","1","±100","0.1","R0603_44R20"
"CRCW080544R2FKEA","Vishay","0805","44.2000","1","±100","0.125","R0805_44R20"
"CRCW120644R2FKEA","Vishay","1206","44.2000","1","±100","0.25","R1206_44R20"
"CRCW040244R2FKED","Vishay","0402","44.2000","1","±100","0.063","R0402_44R20"
"CRCW040245R3FKED","Vishay","0402","45.3000","1","±100","0.063","R0402_45R30"
"CRCW060345R3FKEA","Vishay","0603","45.3000","1","±100","0.1","R0603_45R30"
"CRCW080545R3FKEA","Vishay","0805","45.3000","1","±100","0.125","R0805_45R30"
"CRCW120645R3FKEA","Vishay","1206","45.3000","1","±100","0.25","R1206_45R30"
"CRCW040246R4FKED","Vishay","0402","46.4000","1","±100","0.063","R0402_46R40"
"CRCW080546R4FKEA","Vishay","0805","46.4000","1","±100","0.125","R0805_46R40"
"CRCW120646R4FKEA","Vishay","1206","46.4000","1","±100","0.25","R1206_46R40"
"CRCW060346R4FKEA","Vishay","0603","46.4000","1","±100","0.1","R0603_46R40"
"CRCW040247R0FKED","Vishay","0402","47.0000","1","±100","0.063","R0402_47R"
"CRCW060347R0FKEA","Vishay","0603","47.0000","1","±100","0.1","R0603_47R"
"CRCW080547R0FKEA","Vishay","0805","47.0000","1","±100","0.125","R0805_47R"
"CRCW120647R0FKEA","Vishay","1206","47.0000","1","±100","0.25","R1206_47R"
"CRCW040247R5FKED","Vishay","0402","47.5000","1","±100","0.063","R0402_47R50"
"CRCW060347R5FKEA","Vishay","0603","47.5000","1","±100","0.1","R0603_47R50"
"CRCW080547R5FKEA","Vishay","0805","47.5000","1","±100","0.125","R0805_47R50"
"CRCW120647R5FKEA","Vishay","1206","47.5000","1","±100","0.25","R1206_47R50"
"CRCW080548R7FKEA","Vishay","0805","48.7000","1","±100","0.125","R0805_48R70"
"CRCW120648R7FKEA","Vishay","1206","48.7000","1","±100","0.25","R1206_48R70"
"CRCW040248R7FKED","Vishay","0402","48.7000","1","±100","0.063","R0402_48R70"
"CRCW060348R7FKEA","Vishay","0603","48.7000","1","±100","0.1","R0603_48R70"
"CRCW040249R9FKED","Vishay","0402","49.9000","1","±100","0.063","R0402_49R90"
"CRCW060349R9FKEA","Vishay","0603","49.9000","1","±100","0.1","R0603_49R90"
"CRCW080549R9FKEA","Vishay","0805","49.9000","1","±100","0.125","R0805_49R90"
"CRCW120649R9FKEA","Vishay","1206","49.9000","1","±100","0.25","R1206_49R90"
"CRCW040251R0FKED","Vishay","0402","51.0000","1","±100","0.063","R0402_51R"
"CRCW060351R0FKEA","Vishay","0603","51.0000","1","±100","0.1","R0603_51R"
"CRCW080551R0FKEA","Vishay","0805","51.0000","1","±100","0.125","R0805_51R"
"CRCW120651R0FKEA","Vishay","1206","51.0000","1","±100","0.25","R1206_51R"
"CRCW040251R1FKED","Vishay","0402","51.1000","1","±100","0.063","R0402_51R10"
"CRCW060351R1FKEA","Vishay","0603","51.1000","1","±100","0.1","R0603_51R10"
"CRCW080551R1FKEA","Vishay","0805","51.1000","1","±100","0.125","R0805_51R10"
"CRCW120651R1FKEA","Vishay","1206","51.1000","1","±100","0.25","R1206_51R10"
"CRCW060352R3FKEA","Vishay","0603","52.3000","1","±100","0.1","R0603_52R30"
"CRCW080552R3FKEA","Vishay","0805","52.3000","1","±100","0.125","R0805_52R30"
"CRCW040252R3FKED","Vishay","0402","52.3000","1","±100","0.063","R0402_52R30"
"CRCW120652R3FKEA","Vishay","1206","52.3000","1","±100","0.25","R1206_52R30"
"CRCW060353R6FKEA","Vishay","0603","53.6000","1","±100","0.1","R0603_53R60"
"CRCW080553R6FKEA","Vishay","0805","53.6000","1","±100","0.125","R0805_53R60"
"CRCW040253R6FKED","Vishay","0402","53.6000","1","±100","0.063","R0402_53R60"
"CRCW120653R6FKEA","Vishay","1206","53.6000","1","±100","0.25","R1206_53R60"
"CRCW040254R9FKED","Vishay","0402","54.9000","1","±100","0.063","R0402_54R90"
"CRCW060354R9FKEA","Vishay","0603","54.9000","1","±100","0.1","R0603_54R90"
"CRCW080554R9FKEA","Vishay","0805","54.9000","1","±100","0.125","R0805_54R90"
"CRCW120654R9FKEA","Vishay","1206","54.9000","1","±100","0.25","R1206_54R90"
"CRCW040256R0FKED","Vishay","0402","56.0000","1","±100","0.063","R0402_56R"
"CRCW060356R0FKEA","Vishay","0603","56.0000","1","±100","0.1","R0603_56R"
"CRCW120656R0FKEA","Vishay","1206","56.0000","1","±100","0.25","R1206_56R"
"CRCW080556R0FKEA","Vishay","0805","56.0000","1","±100","0.125","R0805_56R"
"CRCW040256R2FKED","Vishay","0402","56.2000","1","±100","0.063","R0402_56R20"
"CRCW080556R2FKEA","Vishay","0805","56.2000","1","±100","0.125","R0805_56R20"
"CRCW120656R2FKEA","Vishay","1206","56.2000","1","±100","0.25","R1206_56R20"
"CRCW060356R2FKEA","Vishay","0603","56.2000","1","±100","0.1","R0603_56R20"
"CRCW040257R6FKED","Vishay","0402","57.6000","1","±100","0.063","R0402_57R60"
"CRCW060357R6FKEA","Vishay","0603","57.6000","1","±100","0.1","R0603_57R60"
"CRCW120657R6FKEA","Vishay","1206","57.6000","1","±100","0.25","R1206_57R60"
"CRCW080557R6FKEA","Vishay","0805","57.6000","1","±100","0.125","R0805_57R60"
"CRCW040259R0FKED","Vishay","0402","59.0000","1","±100","0.063","R0402_59R"
"CRCW060359R0FKEA","Vishay","0603","59.0000","1","±100","0.1","R0603_59R"
"CRCW080559R0FKEA","Vishay","0805","59.0000","1","±100","0.125","R0805_59R"
"CRCW120659R0FKEA","Vishay","1206","59.0000","1","±100","0.25","R1206_59R"
"CRCW060360R4FKEA","Vishay","0603","60.4000","1","±100","0.1","R0603_60R40"
"CRCW080560R4FKEA","Vishay","0805","60.4000","1","±100","0.125","R0805_60R40"
"CRCW120660R4FKEA","Vishay","1206","60.4000","1","±100","0.25","R1206_60R40"
"CRCW040260R4FKED","Vishay","0402","60.4000","1","±100","0.063","R0402_60R40"
"CRCW060361R9FKEA","Vishay","0603","61.9000","1","±100","0.1","R0603_61R90"
"CRCW120661R9FKEA","Vishay","1206","61.9000","1","±100","0.25","R1206_61R90"
"CRCW080561R9FKEA","Vishay","0805","61.9000","1","±100","0.125","R0805_61R90"
"CRCW040261R9FKED","Vishay","0402","61.9000","1","±100","0.063","R0402_61R90"
"CRCW040262R0FKED","Vishay","0402","62.0000","1","±100","0.063","R0402_62R"
"CRCW060362R0FKEA","Vishay","0603","62.0000","1","±100","0.1","R0603_62R"
"CRCW120662R0FKEA","Vishay","1206","62.0000","1","±100","0.25","R1206_62R"
"CRCW080562R0FKEA","Vishay","0805","62.0000","1","±100","0.125","R0805_62R"
"CRCW060363R4FKEA","Vishay","0603","63.4000","1","±100","0.1","R0603_63R40"
"CRCW080563R4FKEA","Vishay","0805","63.4000","1","±100","0.125","R0805_63R40"
"CRCW040263R4FKED","Vishay","0402","63.4000","1","±100","0.063","R0402_63R40"
"CRCW120663R4FKEA","Vishay","1206","63.4000","1","±100","0.25","R1206_63R40"
"CRCW040264R9FKED","Vishay","0402","64.9000","1","±100","0.063","R0402_64R90"
"CRCW060364R9FKEA","Vishay","0603","64.9000","1","±100","0.1","R0603_64R90"
"CRCW120664R9FKEA","Vishay","1206","64.9000","1","±100","0.25","R1206_64R90"
"CRCW080564R9FKEA","Vishay","0805","64.9000","1","±100","0.125","R0805_64R90"
"CRCW040266R5FKED","Vishay","0402","66.5000","1","±100","0.063","R0402_66R50"
"CRCW080566R5FKEA","Vishay","0805","66.5000","1","±100","0.125","R0805_66R50"
"CRCW120666R5FKEA","Vishay","1206","66.5000","1","±100","0.25","R1206_66R50"
"CRCW060366R5FKEA","Vishay","0603","66.5000","1","±100","0.1","R0603_66R50"
"CRCW040268R0FKED","Vishay","0402","68.0000","1","±100","0.063","R0402_68R"
"CRCW060368R0FKEA","Vishay","0603","68.0000","1","±100","0.1","R0603_68R"
"CRCW080568R0FKEA","Vishay","0805","68.0000","1","±100","0.125","R0805_68R"
"CRCW120668R0FKEA","Vishay","1206","68.0000","1","±100","0.25","R1206_68R"
"CRCW040268R1FKED","Vishay","0402","68.1000","1","±100","0.063","R0402_68R10"
"CRCW060368R1FKEA","Vishay","0603","68.1000","1","±100","0.1","R0603_68R10"
"CRCW080568R1FKEA","Vishay","0805","68.1000","1","±100","0.125","R0805_68R10"
"CRCW120668R1FKEA","Vishay","1206","68.1000","1","±100","0.25","R1206_68R10"
"CRCW040269R8FKED","Vishay","0402","69.8000","1","±100","0.063","R0402_69R80"
"CRCW060369R8FKEA","Vishay","0603","69.8000","1","±100","0.1","R0603_69R80"
"CRCW080569R8FKEA","Vishay","0805","69.8000","1","±100","0.125","R0805_69R80"
"CRCW120669R8FKEA","Vishay","1206","69.8000","1","±100","0.25","R1206_69R80"
"CRCW040271R5FKED","Vishay","0402","71.5000","1","±100","0.063","R0402_71R50"
"CRCW060371R5FKEA","Vishay","0603","71.5000","1","±100","0.1","R0603_71R50"
"CRCW120671R5FKEA","Vishay","1206","71.5000","1","±100","0.25","R1206_71R50"
"CRCW080571R5FKEA","Vishay","0805","71.5000","1","±100","0.125","R0805_71R50"
"CRCW120673R2FKEA","Vishay","1206","73.2000","1","±100","0.25","R1206_73R20"
"CRCW060373R2FKEA","Vishay","0603","73.2000","1","±100","0.1","R0603_73R20"
"CRCW040273R2FKED","Vishay","0402","73.2000","1","±100","0.063","R0402_73R20"
"CRCW080573R2FKEA","Vishay","0805","73.2000","1","±100","0.125","R0805_73R20"
"CRCW040275R0FKED","Vishay","0402","75.0000","1","±100","0.063","R0402_75R"
"CRCW060375R0FKEA","Vishay","0603","75.0000","1","±100","0.1","R0603_75R"
"CRCW080575R0FKEA","Vishay","0805","75.0000","1","±100","0.125","R0805_75R"
"CRCW120675R0FKEA","Vishay","1206","75.0000","1","±100","0.25","R1206_75R"
"CRCW080576R8FKEA","Vishay","0805","76.8000","1","±100","0.125","R0805_76R80"
"CRCW060376R8FKEA","Vishay","0603","76.8000","1","±100","0.1","R0603_76R80"
"CRCW040276R8FKED","Vishay","0402","76.8000","1","±100","0.063","R0402_76R80"
"CRCW120676R8FKEA","Vishay","1206","76.8000","1","±100","0.25","R1206_76R80"
"CRCW040278R7FKED","Vishay","0402","78.7000","1","±100","0.063","R0402_78R70"
"CRCW060378R7FKEA","Vishay","0603","78.7000","1","±100","0.1","R0603_78R70"
"CRCW080578R7FKEA","Vishay","0805","78.7000","1","±100","0.125","R0805_78R70"
"CRCW120678R7FKEA","Vishay","1206","78.7000","1","±100","0.25","R1206_78R70"
"CRCW040280R6FKED","Vishay","0402","80.6000","1","±100","0.063","R0402_80R60"
"CRCW060380R6FKEA","Vishay","0603","80.6000","1","±100","0.1","R0603_80R60"
"CRCW120680R6FKEA","Vishay","1206","80.6000","1","±100","0.25","R1206_80R60"
"CRCW080580R6FKEA","Vishay","0805","80.6000","1","±100","0.125","R0805_80R60"
"CRCW040282R0FKED","Vishay","0402","82.0000","1","±100","0.063","R0402_82R"
"CRCW060382R0FKEA","Vishay","0603","82.0000","1","±100","0.1","R0603_82R"
"CRCW120682R0FKEA","Vishay","1206","82.0000","1","±100","0.25","R1206_82R"
"CRCW080582R0FKEA","Vishay","0805","82.0000","1","±100","0.125","R0805_82R"
"CRCW040282R5FKED","Vishay","0402","82.5000","1","±100","0.063","R0402_82R50"
"CRCW060382R5FKEA","Vishay","0603","82.5000","1","±100","0.1","R0603_82R50"
"CRCW120682R5FKEA","Vishay","1206","82.5000","1","±100","0.25","R1206_82R50"
"CRCW080582R5FKEA","Vishay","0805","82.5000","1","±100","0.125","R0805_82R50"
"CRCW040284R5FKED","Vishay","0402","84.5000","1","±100","0.063","R0402_84R50"
"CRCW080584R5FKEA","Vishay","0805","84.5000","1","±100","0.125","R0805_84R50"
"CRCW120684R5FKEA","Vishay","1206","84.5000","1","±100","0.25","R1206_84R50"
"CRCW060384R5FKEA","Vishay","0603","84.5000","1","±100","0.1","R0603_84R50"
"CRCW060386R6FKEA","Vishay","0603","86.6000","1","±100","0.1","R0603_86R60"
"CRCW120686R6FKEA","Vishay","1206","86.6000","1","±100","0.25","R1206_86R60"
"CRCW040286R6FKED","Vishay","0402","86.6000","1","±100","0.063","R0402_86R60"
"CRCW080586R6FKEA","Vishay","0805","86.6000","1","±100","0.125","R0805_86R60"
"CRCW040288R7FKED","Vishay","0402","88.7000","1","±100","0.063","R0402_88R70"
"CRCW080588R7FKEA","Vishay","0805","88.7000","1","±100","0.125","R0805_88R70"
"CRCW120688R7FKEA","Vishay","1206","88.7000","1","±100","0.25","R1206_88R70"
"CRCW060388R7FKEA","Vishay","0603","88.7000","1","±100","0.1","R0603_88R70"
"CRCW040290R9FKED","Vishay","0402","90.9000","1","±100","0.063","R0402_90R90"
"CRCW060390R9FKEA","Vishay","0603","90.9000","1","±100","0.1","R0603_90R90"
"CRCW080590R9FKEA","Vishay","0805","90.9000","1","±100","0.125","R0805_90R90"
"CRCW120690R9FKEA","Vishay","1206","90.9000","1","±100","0.25","R1206_90R90"
"CRCW040291R0FKED","Vishay","0402","91.0000","1","±100","0.063","R0402_91R"
"CRCW060391R0FKEA","Vishay","0603","91.0000","1","±100","0.1","R0603_91R"
"CRCW080591R0FKEA","Vishay","0805","91.0000","1","±100","0.125","R0805_91R"
"CRCW120691R0FKEA","Vishay","1206","91.0000","1","±100","0.25","R1206_91R"
"CRCW080593R1FKEA","Vishay","0805","93.1000","1","±100","0.125","R0805_93R10"
"CRCW040293R1FKED","Vishay","0402","93.1000","1","±100","0.063","R0402_93R10"
"CRCW060393R1FKEA","Vishay","0603","93.1000","1","±100","0.1","R0603_93R10"
"CRCW120693R1FKEA","Vishay","1206","93.1000","1","±100","0.25","R1206_93R10"
"CRCW040295R3FKED","Vishay","0402","95.3000","1","±100","0.063","R0402_95R30"
"CRCW080595R3FKEA","Vishay","0805","95.3000","1","±100","0.125","R0805_95R30"
"CRCW120695R3FKEA","Vishay","1206","95.3000","1","±100","0.25","R1206_95R30"
"CRCW060395R3FKEA","Vishay","0603","95.3000","1","±100","0.1","R0603_95R30"
"CRCW040297R6FKED","Vishay","0402","97.6000","1","±100","0.063","R0402_97R60"
"CRCW120697R6FKEA","Vishay","1206","97.6000","1","±100","0.25","R1206_97R60"
"CRCW060397R6FKEA","Vishay","0603","97.6000","1","±100","0.1","R0603_97R60"
"CRCW080597R6FKEA","Vishay","0805","97.6000","1","±100","0.125","R0805_97R60"
"CRCW0402100RFKED","Vishay","0402","100.0000","1","±100","0.063","R0402_100R"
"CRCW0603100RFKEA","Vishay","0603","100.0000","1","±100","0.1","R0603_100R"
"CRCW0805100RFKEA","Vishay","0805","100.0000","1","±100","0.125","R0805_100R"
"CRCW1206100RFKEA","Vishay","1206","100.0000","1","±100","0.25","R1206_100R"
"CRCW0805102RFKEA","Vishay","0805","102.0000","1","±100","0.125","R0805_102R"
"CRCW1206102RFKEA","Vishay","1206","102.0000","1","±100","0.25","R1206_102R"
"CRCW0603102RFKEA","Vishay","0603","102.0000","1","±100","0.1","R0603_102R"
"CRCW0402102RFKED","Vishay","0402","102.0000","1","±100","0.063","R0402_102R"
"CRCW0402105RFKED","Vishay","0402","105.0000","1","±100","0.063","R0402_105R"
"CRCW0603105RFKEA","Vishay","0603","105.0000","1","±100","0.1","R0603_105R"
"CRCW0805105RFKEA","Vishay","0805","105.0000","1","±100","0.125","R0805_105R"
"CRCW1206105RFKEA","Vishay","1206","105.0000","1","±100","0.25","R1206_105R"
"CRCW0402107RFKED","Vishay","0402","107.0000","1","±100","0.063","R0402_107R"
"CRCW0805107RFKEA","Vishay","0805","107.0000","1","±100","0.125","R0805_107R"
"CRCW1206107RFKEA","Vishay","1206","107.0000","1","±100","0.25","R1206_107R"
"CRCW0603107RFKEA","Vishay","0603","107.0000","1","±100","0.1","R0603_107R"
"CRCW0402110RFKED","Vishay","0402","110.0000","1","±100","0.063","R0402_110R"
"CRCW0603110RFKEA","Vishay","0603","110.0000","1","±100","0.1","R0603_110R"
"CRCW0805110RFKEA","Vishay","0805","110.0000","1","±100","0.125","R0805_110R"
"CRCW1206110RFKEA","Vishay","1206","110.0000","1","±100","0.25","R1206_110R"
"CRCW0603113RFKEA","Vishay","0603","113.0000","1","±100","0.1","R0603_113R"
"CRCW1206113RFKEA","Vishay","1206","113.0000","1","±100","0.25","R1206_113R"
"CRCW0402113RFKED","Vishay","0402","113.0000","1","±100","0.063","R0402_113R"
"CRCW0805113RFKEA","Vishay","0805","113.0000","1","±100","0.125","R0805_113R"
"CRCW0402115RFKED","Vishay","0402","115.0000","1","±100","0.063","R0402_115R"
"CRCW1206115RFKEA","Vishay","1206","115.0000","1","±100","0.25","R1206_115R"
"CRCW0805115RFKEA","Vishay","0805","115.0000","1","±100","0.125","R0805_115R"
"CRCW0603115RFKEA","Vishay","0603","115.0000","1","±100","0.1","R0603_115R"
"CRCW0603118RFKEA","Vishay","0603","118.0000","1","±100","0.1","R0603_118R"
"CRCW1206118RFKEA","Vishay","1206","118.0000","1","±100","0.25","R1206_118R"
"CRCW0402118RFKED","Vishay","0402","118.0000","1","±100","0.063","R0402_118R"
"CRCW0805118RFKEA","Vishay","0805","118.0000","1","±100","0.125","R0805_118R"
"CRCW0402120RFKED","Vishay","0402","120.0000","1","±100","0.063","R0402_120R"
"CRCW0603120RFKEA","Vishay","0603","120.0000","1","±100","0.1","R0603_120R"
"CRCW0805120RFKEA","Vishay","0805","120.0000","1","±100","0.125","R0805_120R"
"CRCW1206120RFKEA","Vishay","1206","120.0000","1","±100","0.25","R1206_120R"
"CRCW0402121RFKED","Vishay","0402","121.0000","1","±100","0.063","R0402_121R"
"CRCW0603121RFKEA","Vishay","0603","121.0000","1","±100","0.1","R0603_121R"
"CRCW0805121RFKEA","Vishay","0805","121.0000","1","±100","0.125","R0805_121R"
"CRCW1206121RFKEA","Vishay","1206","121.0000","1","±100","0.25","R1206_121R"
"CRCW0805124RFKEA","Vishay","0805","124.0000","1","±100","0.125","R0805_124R"
"CRCW0603124RFKEA","Vishay","0603","124.0000","1","±100","0.1","R0603_124R"
"CRCW1206124RFKEA","Vishay","1206","124.0000","1","±100","0.25","R1206_124R"
"CRCW0402124RFKED","Vishay","0402","124.0000","1","±100","0.063","R0402_124R"
"CRCW0402127RFKED","Vishay","0402","127.0000","1","±100","0.063","R0402_127R"
"CRCW0603127RFKEA","Vishay","0603","127.0000","1","±100","0.1","R0603_127R"
"CRCW0805127RFKEA","Vishay","0805","127.0000","1","±100","0.125","R0805_127R"
"CRCW1206127RFKEA","Vishay","1206","127.0000","1","±100","0.25","R1206_127R"
"CRCW0402130RFKED","Vishay","0402","130.0000","1","±100","0.063","R0402_130R"
"CRCW0603130RFKEA","Vishay","0603","130.0000","1","±100","0.1","R0603_130R"
"CRCW0805130RFKEA","Vishay","0805","130.0000","1","±100","0.125","R0805_130R"
"CRCW1206130RFKEA","Vishay","1206","130.0000","1","±100","0.25","R1206_130R"
"CRCW0402133RFKED","Vishay","0402","133.0000","1","±100","0.063","R0402_133R"
"CRCW0603133RFKEA","Vishay","0603","133.0000","1","±100","0.1","R0603_133R"
"CRCW1206133RFKEA","Vishay","1206","133.0000","1","±100","0.25","R1206_133R"
"CRCW0805133RFKEA","Vishay","0805","133.0000","1","±100","0.125","R0805_133R"
"CRCW0603137RFKEA","Vishay","0603","137.0000","1","±100","0.1","R0603_137R"
"CRCW0805137RFKEA","Vishay","0805","137.0000","1","±100","0.125","R0805_137R"
"CRCW1206137RFKEA","Vishay","1206","137.0000","1","±100","0.25","R1206_137R"
"CRCW0402137RFKED","Vishay","0402","137.0000","1","±100","0.063","R0402_137R"
"CRCW0402140RFKED","Vishay","0402","140.0000","1","±100","0.063","R0402_140R"
"CRCW0603140RFKEA","Vishay","0603","140.0000","1","±100","0.1","R0603_140R"
"CRCW0805140RFKEA","Vishay","0805","140.0000","1","±100","0.125","R0805_140R"
"CRCW1206140RFKEA","Vishay","1206","140.0000","1","±100","0.25","R1206_140R"
"CRCW0805143RFKEA","Vishay","0805","143.0000","1","±100","0.125","R0805_143R"
"CRCW0603143RFKEA","Vishay","0603","143.0000","1","±100","0.1","R0603_143R"
"CRCW0402143RFKED","Vishay","0402","143.0000","1","±100","0.063","R0402_143R"
"CRCW1206143RFKEA","Vishay","1206","143.0000","1","±100","0.25","R1206_143R"
"CRCW0402147RFKED","Vishay","0402","147.0000","1","±100","0.063","R0402_147R"
"CRCW0805147RFKEA","Vishay","0805","147.0000","1","±100","0.125","R0805_147R"
"CRCW0603147RFKEA","Vishay","0603","147.0000","1","±100","0.1","R0603_147R"
"CRCW1206147RFKEA","Vishay","1206","147.0000","1","±100","0.25","R1206_147R"
"CRCW0402150RFKED","Vishay","0402","150.0000","1","±100","0.063","R0402_150R"
"CRCW0603150RFKEA","Vishay","0603","150.0000","1","±100","0.1","R0603_150R"
"CRCW0805150RFKEA","Vishay","0805","150.0000","1","±100","0.125","R0805_150R"
"CRCW1206150RFKEA","Vishay","1206","150.0000","1","±100","0.25","R1206_150R"
"CRCW0603154RFKEA","Vishay","0603","154.0000","1","±100","0.1","R0603_154R"
"CRCW0402154RFKED","Vishay","0402","154.0000","1","±100","0.063","R0402_154R"
"CRCW0805154RFKEA","Vishay","0805","154.0000","1","±100","0.125","R0805_154R"
"CRCW1206154RFKEA","Vishay","1206","154.0000","1","±100","0.25","R1206_154R"
"CRCW0603158RFKEA","Vishay","0603","158.0000","1","±100","0.1","R0603_158R"
"CRCW1206158RFKEA","Vishay","1206","158.0000","1","±100","0.25","R1206_158R"
"CRCW0402158RFKED","Vishay","0402","158.0000","1","±100","0.063","R0402_158R"
"CRCW0805158RFKEA","Vishay","0805","158.0000","1","±100","0.125","R0805_158R"
"CRCW0603160RFKEA","Vishay","0603","160.0000","1","±100","0.1","R0603_160R"
"CRCW0805160RFKEA","Vishay","0805","160.0000","1","±100","0.125","R0805_160R"
"CRCW0402160RFKED","Vishay","0402","160.0000","1","±100","0.063","R0402_160R"
"CRCW1206160RFKEA","Vishay","1206","160.0000","1","±100","0.25","R1206_160R"
"CRCW0603162RFKEA","Vishay","0603","162.0000","1","±100","0.1","R0603_162R"
"CRCW0805162RFKEA","Vishay","0805","162.0000","1","±100","0.125","R0805_162R"
"CRCW1206162RFKEA","Vishay","1206","162.0000","1","±100","0.25","R1206_162R"
"CRCW0402162RFKED","Vishay","0402","162.0000","1","±100","0.063","R0402_162R"
"CRCW0402165RFKED","Vishay","0402","165.0000","1","±100","0.063","R0402_165R"
"CRCW0603165RFKEA","Vishay","0603","165.0000","1","±100","0.1","R0603_165R"
"CRCW0805165RFKEA","Vishay","0805","165.0000","1","±100","0.125","R0805_165R"
"CRCW1206165RFKEA","Vishay","1206","165.0000","1","±100","0.25","R1206_165R"
"CRCW0402169RFKED","Vishay","0402","169.0000","1","±100","0.063","R0402_169R"
"CRCW0603169RFKEA","Vishay","0603","169.0000","1","±100","0.1","R0603_169R"
"CRCW1206169RFKEA","Vishay","1206","169.0000","1","±100","0.25","R1206_169R"
"CRCW0805169RFKEA","Vishay","0805","169.0000","1","±100","0.125","R0805_169R"
"CRCW0603174RFKEA","Vishay","0603","174.0000","1","±100","0.1","R0603_174R"
"CRCW0805174RFKEA","Vishay","0805","174.0000","1","±100","0.125","R0805_174R"
"CRCW0402174RFKED","Vishay","0402","174.0000","1","±100","0.063","R0402_174R"
"CRCW1206174RFKEA","Vishay","1206","174.0000","1","±100","0.25","R1206_174R"
"CRCW0402178RFKED","Vishay","0402","178.0000","1","±100","0.063","R0402_178R"
"CRCW0603178RFKEA","Vishay","0603","178.0000","1","±100","0.1","R0603_178R"
"CRCW1206178RFKEA","Vishay","1206","178.0000","1","±100","0.25","R1206_178R"
"CRCW0805178RFKEA","Vishay","0805","178.0000","1","±100","0.125","R0805_178R"
"CRCW0402180RFKED","Vishay","0402","180.0000","1","±100","0.063","R0402_180R"
"CRCW0603180RFKEA","Vishay","0603","180.0000","1","±100","0.1","R0603_180R"
"CRCW1206180RFKEA","Vishay","1206","180.0000","1","±100","0.25","R1206_180R"
"CRCW0805180RFKEA","Vishay","0805","180.0000","1","±100","0.125","R0805_180R"
"CRCW0402182RFKED","Vishay","0402","182.0000","1","±100","0.063","R0402_182R"
"CRCW0805182RFKEA","Vishay","0805","182.0000","1","±100","0.125","R0805_182R"
"CRCW1206182RFKEA","Vishay","1206","182.0000","1","±100","0.25","R1206_182R"
"CRCW0603182RFKEA","Vishay","0603","182.0000","1","±100","0.1","R0603_182R"
"CRCW0402187RFKED","Vishay","0402","187.0000","1","±100","0.063","R0402_187R"
"CRCW0603187RFKEA","Vishay","0603","187.0000","1","±100","0.1","R0603_187R"
"CRCW0805187RFKEA","Vishay","0805","187.0000","1","±100","0.125","R0805_187R"
"CRCW1206187RFKEA","Vishay","1206","187.0000","1","±100","0.25","R1206_187R"
"CRCW0402191RFKED","Vishay","0402","191.0000","1","±100","0.063","R0402_191R"
"CRCW0603191RFKEA","Vishay","0603","191.0000","1","±100","0.1","R0603_191R"
"CRCW0805191RFKEA","Vishay","0805","191.0000","1","±100","0.125","R0805_191R"
"CRCW1206191RFKEA","Vishay","1206","191.0000","1","±100","0.25","R1206_191R"
"CRCW0402196RFKED","Vishay","0402","196.0000","1","±100","0.063","R0402_196R"
"CRCW0805196RFKEA","Vishay","0805","196.0000","1","±100","0.125","R0805_196R"
"CRCW1206196RFKEA","Vishay","1206","196.0000","1","±100","0.25","R1206_196R"
"CRCW0603196RFKEA","Vishay","0603","196.0000","1","±100","0.1","R0603_196R"
"CRCW0402200RFKED","Vishay","0402","200.0000","1","±100","0.063","R0402_200R"
"CRCW0603200RFKEA","Vishay","0603","200.0000","1","±100","0.1","R0603_200R"
"CRCW0805200RFKEA","Vishay","0805","200.0000","1","±100","0.125","R0805_200R"
"CRCW1206200RFKEA","Vishay","1206","200.0000","1","±100","0.25","R1206_200R"
"CRCW1206205RFKEA","Vishay","1206","205.0000","1","±100","0.25","R1206_205R"
"CRCW0402205RFKED","Vishay","0402","205.0000","1","±100","0.063","R0402_205R"
"CRCW0805205RFKEA","Vishay","0805","205.0000","1","±100","0.125","R0805_205R"
"CRCW0603205RFKEA","Vishay","0603","205.0000","1","±100","0.1","R0603_205R"
"CRCW0402210RFKED","Vishay","0402","210.0000","1","±100","0.063","R0402_210R"
"CRCW0805210RFKEA","Vishay","0805","210.0000","1","±100","0.125","R0805_210R"
"CRCW0603210RFKEA","Vishay","0603","210.0000","1","±100","0.1","R0603_210R"
"CRCW1206210RFKEA","Vishay","1206","210.0000","1","±100","0.25","R1206_210R"
"CRCW0603215RFKEA","Vishay","0603","215.0000","1","±100","0.1","R0603_215R"
"CRCW0805215RFKEA","Vishay","0805","215.0000","1","±100","0.125","R0805_215R"
"CRCW0402215RFKED","Vishay","0402","215.0000","1","±100","0.063","R0402_215R"
"CRCW1206215RFKEA","Vishay","1206","215.0000","1","±100","0.25","R1206_215R"
"CRCW0402220RFKED","Vishay","0402","220.0000","1","±100","0.063","R0402_220R"
"CRCW0603220RFKEA","Vishay","0603","220.0000","1","±100","0.1","R0603_220R"
"CRCW0805220RFKEA","Vishay","0805","220.0000","1","±100","0.125","R0805_220R"
"CRCW1206220RFKEA","Vishay","1206","220.0000","1","±100","0.25","R1206_220R"
"CRCW0402221RFKED","Vishay","0402","221.0000","1","±100","0.063","R0402_221R"
"CRCW0603221RFKEA","Vishay","0603","221.0000","1","±100","0.1","R0603_221R"
"CRCW0805221RFKEA","Vishay","0805","221.0000","1","±100","0.125","R0805_221R"
"CRCW1206221RFKEA","Vishay","1206","221.0000","1","±100","0.25","R1206_221R"
"CRCW0603226RFKEA","Vishay","0603","226.0000","1","±100","0.1","R0603_226R"
"CRCW0805226RFKEA","Vishay","0805","226.0000","1","±100","0.125","R0805_226R"
"CRCW1206226RFKEA","Vishay","1206","226.0000","1","±100","0.25","R1206_226R"
"CRCW0402226RFKED","Vishay","0402","226.0000","1","±100","0.063","R0402_226R"
"CRCW0603232RFKEA","Vishay","0603","232.0000","1","±100","0.1","R0603_232R"
"CRCW0402232RFKED","Vishay","0402","232.0000","1","±100","0.063","R0402_232R"
"CRCW1206232RFKEA","Vishay","1206","232.0000","1","±100","0.25","R1206_232R"
"CRCW0805232RFKEA","Vishay","0805","232.0000","1","±100","0.125","R0805_232R"
"CRCW0603237RFKEA","Vishay","0603","237.0000","1","±100","0.1","R0603_237R"
"CRCW0805237RFKEA","Vishay","0805","237.0000","1","±100","0.125","R0805_237R"
"CRCW0402237RFKED","Vishay","0402","237.0000","1","±100","0.063","R0402_237R"
"CRCW1206237RFKEA","Vishay","1206","237.0000","1","±100","0.25","R1206_237R"
"CRCW0402240RFKED","Vishay","0402","240.0000","1","±100","0.063","R0402_240R"
"CRCW0603240RFKEA","Vishay","0603","240.0000","1","±100","0.1","R0603_240R"
"CRCW1206240RFKEA","Vishay","1206","240.0000","1","±100","0.25","R1206_240R"
"CRCW0805240RFKEA","Vishay","0805","240.0000","1","±100","0.125","R0805_240R"
"CRCW0402243RFKED","Vishay","0402","243.0000","1","±100","0.063","R0402_243R"
"CRCW0603243RFKEA","Vishay","0603","243.0000","1","±100","0.1","R0603_243R"
"CRCW0805243RFKEA","Vishay","0805","243.0000","1","±100","0.125","R0805_243R"
"CRCW1206243RFKEA","Vishay","1206","243.0000","1","±100","0.25","R1206_243R"
"CRCW0402249RFKED","Vishay","0402","249.0000","1","±100","0.063","R0402_249R"
"CRCW0603249RFKEA","Vishay","0603","249.0000","1","±100","0.1","R0603_249R"
"CRCW0805249RFKEA","Vishay","0805","249.0000","1","±100","0.125","R0805_249R"
"CRCW1206249RFKEA","Vishay","1206","249.0000","1","±100","0.25","R1206_249R"
"CRCW0805255RFKEA","Vishay","0805","255.0000","1","±100","0.125","R0805_255R"
"CRCW1206255RFKEA","Vishay","1206","255.0000","1","±100","0.25","R1206_255R"
"CRCW0603255RFKEA","Vishay","0603","255.0000","1","±100","0.1","R0603_255R"
"CRCW0402255RFKED","Vishay","0402","255.0000","1","±100","0.063","R0402_255R"
"CRCW0402261RFKED","Vishay","0402","261.0000","1","±100","0.063","R0402_261R"
"CRCW0805261RFKEA","Vishay","0805","261.0000","1","±100","0.125","R0805_261R"
"CRCW0603261RFKEA","Vishay","0603","261.0000","1","±100","0.1","R0603_261R"
"CRCW1206261RFKEA","Vishay","1206","261.0000","1","±100","0.25","R1206_261R"
"CRCW0402267RFKED","Vishay","0402","267.0000","1","±100","0.063","R0402_267R"
"CRCW0603267RFKEA","Vishay","0603","267.0000","1","±100","0.1","R0603_267R"
"CRCW1206267RFKEA","Vishay","1206","267.0000","1","±100","0.25","R1206_267R"
"CRCW0805267RFKEA","Vishay","0805","267.0000","1","±100","0.125","R0805_267R"
"CRCW0603270RFKEA","Vishay","0603","270.0000","1","±100","0.1","R0603_270R"
"CRCW0805270RFKEA","Vishay","0805","270.0000","1","±100","0.125","R0805_270R"
"CRCW0402270RFKED","Vishay","0402","270.0000","1","±100","0.063","R0402_270R"
"CRCW0402274RFKED","Vishay","0402","274.0000","1","±100","0.063","R0402_274R"
"CRCW0603274RFKEA","Vishay","0603","274.0000","1","±100","0.1","R0603_274R"
"CRCW1206274RFKEA","Vishay","1206","274.0000","1","±100","0.25","R1206_274R"
"CRCW0805274RFKEA","Vishay","0805","274.0000","1","±100","0.125","R0805_274R"
"CRCW0402280RFKED","Vishay","0402","280.0000","1","±100","0.063","R0402_280R"
"CRCW1206280RFKEA","Vishay","1206","280.0000","1","±100","0.25","R1206_280R"
"CRCW0603280RFKEA","Vishay","0603","280.0000","1","±100","0.1","R0603_280R"
"CRCW0805280RFKEA","Vishay","0805","280.0000","1","±100","0.125","R0805_280R"
"CRCW0402287RFKED","Vishay","0402","287.0000","1","±100","0.063","R0402_287R"
"CRCW0805287RFKEA","Vishay","0805","287.0000","1","±100","0.125","R0805_287R"
"CRCW0603287RFKEA","Vishay","0603","287.0000","1","±100","0.1","R0603_287R"
"CRCW1206287RFKEA","Vishay","1206","287.0000","1","±100","0.25","R1206_287R"
"CRCW0402294RFKED","Vishay","0402","294.0000","1","±100","0.063","R0402_294R"
"CRCW0805294RFKEA","Vishay","0805","294.0000","1","±100","0.125","R0805_294R"
"CRCW1206294RFKEA","Vishay","1206","294.0000","1","±100","0.25","R1206_294R"
"CRCW0603294RFKEA","Vishay","0603","294.0000","1","±100","0.1","R0603_294R"
"CRCW0402300RFKED","Vishay","0402","300.0000","1","±100","0.063","R0402_300R"
"CRCW0603300RFKEA","Vishay","0603","300.0000","1","±100","0.1","R0603_300R"
"CRCW1206300RFKEA","Vishay","1206","300.0000","1","±100","0.25","R1206_300R"
"CRCW0805300RFKEA","Vishay","0805","300.0000","1","±100","0.125","R0805_300R"
"CRCW0603301RFKEA","Vishay","0603","301.0000","1","±100","0.1","R0603_301R"
"CRCW0805301RFKEA","Vishay","0805","301.0000","1","±100","0.125","R0805_301R"
"CRCW1206301RFKEA","Vishay","1206","301.0000","1","±100","0.25","R1206_301R"
"CRCW0402301RFKED","Vishay","0402","301.0000","1","±100","0.063","R0402_301R"
"CRCW0603309RFKEA","Vishay","0603","309.0000","1","±100","0.1","R0603_309R"
"CRCW0402309RFKED","Vishay","0402","309.0000","1","±100","0.063","R0402_309R"
"CRCW0805309RFKEA","Vishay","0805","309.0000","1","±100","0.125","R0805_309R"
"CRCW1206309RFKEA","Vishay","1206","309.0000","1","±100","0.25","R1206_309R"
"CRCW0402316RFKED","Vishay","0402","316.0000","1","±100","0.063","R0402_316R"
"CRCW0805316RFKEA","Vishay","0805","316.0000","1","±100","0.125","R0805_316R"
"CRCW1206316RFKEA","Vishay","1206","316.0000","1","±100","0.25","R1206_316R"
"CRCW0603316RFKEA","Vishay","0603","316.0000","1","±100","0.1","R0603_316R"
"CRCW0402324RFKED","Vishay","0402","324.0000","1","±100","0.063","R0402_324R"
"CRCW0805324RFKEA","Vishay","0805","324.0000","1","±100","0.125","R0805_324R"
"CRCW1206324RFKEA","Vishay","1206","324.0000","1","±100","0.25","R1206_324R"
"CRCW0603324RFKEA","Vishay","0603","324.0000","1","±100","0.1","R0603_324R"
"CRCW0603330RFKEA","Vishay","0603","330.0000","1","±100","0.1","R0603_330R"
"CRCW0805330RFKEA","Vishay","0805","330.0000","1","±100","0.125","R0805_330R"
"CRCW1206330RFKEA","Vishay","1206","330.0000","1","±100","0.25","R1206_330R"
"CRCW0402330RFKED","Vishay","0402","330.0000","1","±100","0.063","R0402_330R"
"CRCW0402332RFKED","Vishay","0402","332.0000","1","±100","0.063","R0402_332R"
"CRCW0603332RFKEA","Vishay","0603","332.0000","1","±100","0.1","R0603_332R"
"CRCW0805332RFKEA","Vishay","0805","332.0000","1","±100","0.125","R0805_332R"
"CRCW1206332RFKEA","Vishay","1206","332.0000","1","±100","0.25","R1206_332R"
"CRCW0402340RFKED","Vishay","0402","340.0000","1","±100","0.063","R0402_340R"
"CRCW1206340RFKEA","Vishay","1206","340.0000","1","±100","0.25","R1206_340R"
"CRCW0805340RFKEA","Vishay","0805","340.0000","1","±100","0.125","R0805_340R"
"CRCW0603340RFKEA","Vishay","0603","340.0000","1","±100","0.1","R0603_340R"
"CRCW0402348RFKED","Vishay","0402","348.0000","1","±100","0.063","R0402_348R"
"CRCW0603348RFKEA","Vishay","0603","348.0000","1","±100","0.1","R0603_348R"
"CRCW1206348RFKEA","Vishay","1206","348.0000","1","±100","0.25","R1206_348R"
"CRCW0805348RFKEA","Vishay","0805","348.0000","1","±100","0.125","R0805_348R"
"CRCW0402357RFKED","Vishay","0402","357.0000","1","±100","0.063","R0402_357R"
"CRCW0603357RFKEA","Vishay","0603","357.0000","1","±100","0.1","R0603_357R"
"CRCW0805357RFKEA","Vishay","0805","357.0000","1","±100","0.125","R0805_357R"
"CRCW1206357RFKEA","Vishay","1206","357.0000","1","±100","0.25","R1206_357R"
"CRCW0402360RFKED","Vishay","0402","360.0000","1","±100","0.063","R0402_360R"
"CRCW0603360RFKEA","Vishay","0603","360.0000","1","±100","0.1","R0603_360R"
"CRCW0805360RFKEA","Vishay","0805","360.0000","1","±100","0.125","R0805_360R"
"CRCW1206360RFKEA","Vishay","1206","360.0000","1","±100","0.25","R1206_360R"
"CRCW0402365RFKED","Vishay","0402","365.0000","1","±100","0.063","R0402_365R"
"CRCW0805365RFKEA","Vishay","0805","365.0000","1","±100","0.125","R0805_365R"
"CRCW0603365RFKEA","Vishay","0603","365.0000","1","±100","0.1","R0603_365R"
"CRCW1206365RFKEA","Vishay","1206","365.0000","1","±100","0.25","R1206_365R"
"CRCW0603374RFKEA","Vishay","0603","374.0000","1","±100","0.1","R0603_374R"
"CRCW0805374RFKEA","Vishay","0805","374.0000","1","±100","0.125","R0805_374R"
"CRCW0402374RFKED","Vishay","0402","374.0000","1","±100","0.063","R0402_374R"
"CRCW1206374RFKEA","Vishay","1206","374.0000","1","±100","0.25","R1206_374R"
"CRCW0402383RFKED","Vishay","0402","383.0000","1","±100","0.063","R0402_383R"
"CRCW0603383RFKEA","Vishay","0603","383.0000","1","±100","0.1","R0603_383R"
"CRCW1206383RFKEA","Vishay","1206","383.0000","1","±100","0.25","R1206_383R"
"CRCW0805383RFKEA","Vishay","0805","383.0000","1","±100","0.125","R0805_383R"
"CRCW0402390RFKED","Vishay","0402","390.0000","1","±100","0.063","R0402_390R"
"CRCW0603390RFKEA","Vishay","0603","390.0000","1","±100","0.1","R0603_390R"
"CRCW0805390RFKEA","Vishay","0805","390.0000","1","±100","0.125","R0805_390R"
"CRCW1206390RFKEA","Vishay","1206","390.0000","1","±100","0.25","R1206_390R"
"CRCW0805392RFKEA","Vishay","0805","392.0000","1","±100","0.125","R0805_392R"
"CRCW1206392RFKEA","Vishay","1206","392.0000","1","±100","0.25","R1206_392R"
"CRCW0603392RFKEA","Vishay","0603","392.0000","1","±100","0.1","R0603_392R"
"CRCW0402392RFKED","Vishay","0402","392.0000","1","±100","0.063","R0402_392R"
"CRCW0402402RFKED","Vishay","0402","402.0000","1","±100","0.063","R0402_402R"
"CRCW0603402RFKEA","Vishay","0603","402.0000","1","±100","0.1","R0603_402R"
"CRCW1206402RFKEA","Vishay","1206","402.0000","1","±100","0.25","R1206_402R"
"CRCW0805402RFKEA","Vishay","0805","402.0000","1","±100","0.125","R0805_402R"
"CRCW0402412RFKED","Vishay","0402","412.0000","1","±100","0.063","R0402_412R"
"CRCW0805412RFKEA","Vishay","0805","412.0000","1","±100","0.125","R0805_412R"
"CRCW1206412RFKEA","Vishay","1206","412.0000","1","±100","0.25","R1206_412R"
"CRCW0603412RFKEA","Vishay","0603","412.0000","1","±100","0.1","R0603_412R"
"CRCW0402422RFKED","Vishay","0402","422.0000","1","±100","0.063","R0402_422R"
"CRCW0603422RFKEA","Vishay","0603","422.0000","1","±100","0.1","R0603_422R"
"CRCW0805422RFKEA","Vishay","0805","422.0000","1","±100","0.125","R0805_422R"
"CRCW1206422RFKEA","Vishay","1206","422.0000","1","±100","0.25","R1206_422R"
"CRCW0402430RFKED","Vishay","0402","430.0000","1","±100","0.063","R0402_430R"
"CRCW0805430RFKEA","Vishay","0805","430.0000","1","±100","0.125","R0805_430R"
"CRCW1206430RFKEA","Vishay","1206","430.0000","1","±100","0.25","R1206_430R"
"CRCW0603430RFKEA","Vishay","0603","430.0000","1","±100","0.1","R0603_430R"
"CRCW0805432RFKEA","Vishay","0805","432.0000","1","±100","0.125","R0805_432R"
"CRCW1206432RFKEA","Vishay","1206","432.0000","1","±100","0.25","R1206_432R"
"CRCW0603432RFKEA","Vishay","0603","432.0000","1","±100","0.1","R0603_432R"
"CRCW0402432RFKED","Vishay","0402","432.0000","1","±100","0.063","R0402_432R"
"CRCW0603442RFKEA","Vishay","0603","442.0000","1","±100","0.1","R0603_442R"
"CRCW0805442RFKEA","Vishay","0805","442.0000","1","±100","0.125","R0805_442R"
"CRCW0402442RFKED","Vishay","0402","442.0000","1","±100","0.063","R0402_442R"
"CRCW1206442RFKEA","Vishay","1206","442.0000","1","±100","0.25","R1206_442R"
"CRCW0603453RFKEA","Vishay","0603","453.0000","1","±100","0.1","R0603_453R"
"CRCW0805453RFKEA","Vishay","0805","453.0000","1","±100","0.125","R0805_453R"
"CRCW1206453RFKEA","Vishay","1206","453.0000","1","±100","0.25","R1206_453R"
"CRCW0402453RFKED","Vishay","0402","453.0000","1","±100","0.063","R0402_453R"
"CRCW0402464RFKED","Vishay","0402","464.0000","1","±100","0.063","R0402_464R"
"CRCW0805464RFKEA","Vishay","0805","464.0000","1","±100","0.125","R0805_464R"
"CRCW0603464RFKEA","Vishay","0603","464.0000","1","±100","0.1","R0603_464R"
"CRCW1206464RFKEA","Vishay","1206","464.0000","1","±100","0.25","R1206_464R"
"CRCW0402470RFKED","Vishay","0402","470.0000","1","±100","0.063","R0402_470R"
"CRCW0603470RFKEA","Vishay","0603","470.0000","1","±100","0.1","R0603_470R"
"CRCW0805470RFKEA","Vishay","0805","470.0000","1","±100","0.125","R0805_470R"
"CRCW1206470RFKEA","Vishay","1206","470.0000","1","±100","0.25","R1206_470R"
"CRCW0402475RFKED","Vishay","0402","475.0000","1","±100","0.063","R0402_475R"
"CRCW0603475RFKEA","Vishay","0603","475.0000","1","±100","0.1","R0603_475R"
"CRCW0805475RFKEA","Vishay","0805","475.0000","1","±100","0.125","R0805_475R"
"CRCW1206475RFKEA","Vishay","1206","475.0000","1","±100","0.25","R1206_475R"
"CRCW0402487RFKED","Vishay","0402","487.0000","1","±100","0.063","R0402_487R"
"CRCW1206487RFKEA","Vishay","1206","487.0000","1","±100","0.25","R1206_487R"
"CRCW0603487RFKEA","Vishay","0603","487.0000","1","±100","0.1","R0603_487R"
"CRCW0805487RFKEA","Vishay","0805","487.0000","1","±100","0.125","R0805_487R"
"CRCW0603499RFKEA","Vishay","0603","499.0000","1","±100","0.1","R0603_499R"
"CRCW0402499RFKED","Vishay","0402","499.0000","1","±100","0.063","R0402_499R"
"CRCW0805499RFKEA","Vishay","0805","499.0000","1","±100","0.125","R0805_499R"
"CRCW1206499RFKEA","Vishay","1206","499.0000","1","±100","0.25","R1206_499R"
"CRCW0402510RFKED","Vishay","0402","510.0000","1","±100","0.063","R0402_510R"
"CRCW0603510RFKEA","Vishay","0603","510.0000","1","±100","0.1","R0603_510R"
"CRCW0805510RFKEA","Vishay","0805","510.0000","1","±100","0.125","R0805_510R"
"CRCW1206510RFKEA","Vishay","1206","510.0000","1","±100","0.25","R1206_510R"
"CRCW0402511RFKED","Vishay","0402","511.0000","1","±100","0.063","R0402_511R"
"CRCW0603511RFKEA","Vishay","0603","511.0000","1","±100","0.1","R0603_511R"
"CRCW1206511RFKEA","Vishay","1206","511.0000","1","±100","0.25","R1206_511R"
"CRCW0805511RFKEA","Vishay","0805","511.0000","1","±100","0.125","R0805_511R"
"CRCW0603523RFKEA","Vishay","0603","523.0000","1","±100","0.1","R0603_523R"
"CRCW0402523RFKED","Vishay","0402","523.0000","1","±100","0.063","R0402_523R"
"CRCW0805523RFKEA","Vishay","0805","523.0000","1","±100","0.125","R0805_523R"
"CRCW1206523RFKEA","Vishay","1206","523.0000","1","±100","0.25","R1206_523R"
"CRCW0402536RFKED","Vishay","0402","536.0000","1","±100","0.063","R0402_536R"
"CRCW0603536RFKEA","Vishay","0603","536.0000","1","±100","0.1","R0603_536R"
"CRCW0805536RFKEA","Vishay","0805","536.0000","1","±100","0.125","R0805_536R"
"CRCW1206536RFKEA","Vishay","1206","536.0000","1","±100","0.25","R1206_536R"
"CRCW0603549RFKEA","Vishay","0603","549.0000","1","±100","0.1","R0603_549R"
"CRCW0805549RFKEA","Vishay","0805","549.0000","1","±100","0.125","R0805_549R"
"CRCW0402549RFKED","Vishay","0402","549.0000","1","±100","0.063","R0402_549R"
"CRCW1206549RFKEA","Vishay","1206","549.0000","1","±100","0.25","R1206_549R"
"CRCW0402560RFKED","Vishay","0402","560.0000","1","±100","0.063","R0402_560R"
"CRCW0603560RFKEA","Vishay","0603","560.0000","1","±100","0.1","R0603_560R"
"CRCW1206560RFKEA","Vishay","1206","560.0000","1","±100","0.25","R1206_560R"
"CRCW0805560RFKEA","Vishay","0805","560.0000","1","±100","0.125","R0805_560R"
"CRCW0805562RFKEA","Vishay","0805","562.0000","1","±100","0.125","R0805_562R"
"CRCW1206562RFKEA","Vishay","1206","562.0000","1","±100","0.25","R1206_562R"
"CRCW0603562RFKEA","Vishay","0603","562.0000","1","±100","0.1","R0603_562R"
"CRCW0402562RFKED","Vishay","0402","562.0000","1","±100","0.063","R0402_562R"
"CRCW0402576RFKED","Vishay","0402","576.0000","1","±100","0.063","R0402_576R"
"CRCW0603576RFKEA","Vishay","0603","576.0000","1","±100","0.1","R0603_576R"
"CRCW0805576RFKEA","Vishay","0805","576.0000","1","±100","0.125","R0805_576R"
"CRCW1206576RFKEA","Vishay","1206","576.0000","1","±100","0.25","R1206_576R"
"CRCW0402590RFKED","Vishay","0402","590.0000","1","±100","0.063","R0402_590R"
"CRCW0603590RFKEA","Vishay","0603","590.0000","1","±100","0.1","R0603_590R"
"CRCW0805590RFKEA","Vishay","0805","590.0000","1","±100","0.125","R0805_590R"
"CRCW1206590RFKEA","Vishay","1206","590.0000","1","±100","0.25","R1206_590R"
"CRCW0402604RFKED","Vishay","0402","604.0000","1","±100","0.063","R0402_604R"
"CRCW0603604RFKEA","Vishay","0603","604.0000","1","±100","0.1","R0603_604R"
"CRCW0805604RFKEA","Vishay","0805","604.0000","1","±100","0.125","R0805_604R"
"CRCW1206604RFKEA","Vishay","1206","604.0000","1","±100","0.25","R1206_604R"
"CRCW0402619RFKED","Vishay","0402","619.0000","1","±100","0.063","R0402_619R"
"CRCW0603619RFKEA","Vishay","0603","619.0000","1","±100","0.1","R0603_619R"
"CRCW0805619RFKEA","Vishay","0805","619.0000","1","±100","0.125","R0805_619R"
"CRCW1206619RFKEA","Vishay","1206","619.0000","1","±100","0.25","R1206_619R"
"CRCW0402620RFKED","Vishay","0402","620.0000","1","±100","0.063","R0402_620R"
"CRCW0603620RFKEA","Vishay","0603","620.0000","1","±100","0.1","R0603_620R"
"CRCW0805620RFKEA","Vishay","0805","620.0000","1","±100","0.125","R0805_620R"
"CRCW1206620RFKEA","Vishay","1206","620.0000","1","±100","0.25","R1206_620R"
"CRCW0603634RFKEA","Vishay","0603","634.0000","1","±100","0.1","R0603_634R"
"CRCW1206634RFKEA","Vishay","1206","634.0000","1","±100","0.25","R1206_634R"
"CRCW0402634RFKED","Vishay","0402","634.0000","1","±100","0.063","R0402_634R"
"CRCW0805634RFKEA","Vishay","0805","634.0000","1","±100","0.125","R0805_634R"
"CRCW0402649RFKED","Vishay","0402","649.0000","1","±100","0.063","R0402_649R"
"CRCW0805649RFKEA","Vishay","0805","649.0000","1","±100","0.125","R0805_649R"
"CRCW1206649RFKEA","Vishay","1206","649.0000","1","±100","0.25","R1206_649R"
"CRCW0603649RFKEA","Vishay","0603","649.0000","1","±100","0.1","R0603_649R"
"CRCW0603665RFKEA","Vishay","0603","665.0000","1","±100","0.1","R0603_665R"
"CRCW0805665RFKEA","Vishay","0805","665.0000","1","±100","0.125","R0805_665R"
"CRCW0402665RFKED","Vishay","0402","665.0000","1","±100","0.063","R0402_665R"
"CRCW1206665RFKEA","Vishay","1206","665.0000","1","±100","0.25","R1206_665R"
"CRCW0603680RFKEA","Vishay","0603","680.0000","1","±100","0.1","R0603_680R"
"CRCW1206680RFKEA","Vishay","1206","680.0000","1","±100","0.25","R1206_680R"
"CRCW0402680RFKED","Vishay","0402","680.0000","1","±100","0.063","R0402_680R"
"CRCW0805680RFKEA","Vishay","0805","680.0000","1","±100","0.125","R0805_680R"
"CRCW0402681RFKED","Vishay","0402","681.0000","1","±100","0.063","R0402_681R"
"CRCW0603681RFKEA","Vishay","0603","681.0000","1","±100","0.1","R0603_681R"
"CRCW0805681RFKEA","Vishay","0805","681.0000","1","±100","0.125","R0805_681R"
"CRCW1206681RFKEA","Vishay","1206","681.0000","1","±100","0.25","R1206_681R"
"CRCW0603698RFKEA","Vishay","0603","698.0000","1","±100","0.1","R0603_698R"
"CRCW0805698RFKEA","Vishay","0805","698.0000","1","±100","0.125","R0805_698R"
"CRCW1206698RFKEA","Vishay","1206","698.0000","1","±100","0.25","R1206_698R"
"CRCW0402698RFKED","Vishay","0402","698.0000","1","±100","0.063","R0402_698R"
"CRCW0603715RFKEA","Vishay","0603","715.0000","1","±100","0.1","R0603_715R"
"CRCW0402715RFKED","Vishay","0402","715.0000","1","±100","0.063","R0402_715R"
"CRCW0805715RFKEA","Vishay","0805","715.0000","1","±100","0.125","R0805_715R"
"CRCW1206715RFKEA","Vishay","1206","715.0000","1","±100","0.25","R1206_715R"
"CRCW0603732RFKEA","Vishay","0603","732.0000","1","±100","0.1","R0603_732R"
"CRCW0805732RFKEA","Vishay","0805","732.0000","1","±100","0.125","R0805_732R"
"CRCW0402732RFKED","Vishay","0402","732.0000","1","±100","0.063","R0402_732R"
"CRCW1206732RFKEA","Vishay","1206","732.0000","1","±100","0.25","R1206_732R"
"CRCW0402750RFKED","Vishay","0402","750.0000","1","±100","0.063","R0402_750R"
"CRCW0603750RFKEA","Vishay","0603","750.0000","1","±100","0.1","R0603_750R"
"CRCW1206750RFKEA","Vishay","1206","750.0000","1","±100","0.25","R1206_750R"
"CRCW0805750RFKEA","Vishay","0805","750.0000","1","±100","0.125","R0805_750R"
"CRCW1206768RFKEA","Vishay","1206","768.0000","1","±100","0.25","R1206_768R"
"CRCW0603768RFKEA","Vishay","0603","768.0000","1","±100","0.1","R0603_768R"
"CRCW0402768RFKED","Vishay","0402","768.0000","1","±100","0.063","R0402_768R"
"CRCW0805768RFKEA","Vishay","0805","768.0000","1","±100","0.125","R0805_768R"
"CRCW0603787RFKEA","Vishay","0603","787.0000","1","±100","0.1","R0603_787R"
"CRCW0805787RFKEA","Vishay","0805","787.0000","1","±100","0.125","R0805_787R"
"CRCW0402787RFKED","Vishay","0402","787.0000","1","±100","0.063","R0402_787R"
"CRCW1206787RFKEA","Vishay","1206","787.0000","1","±100","0.25","R1206_787R"
"CRCW0603806RFKEA","Vishay","0603","806.0000","1","±100","0.1","R0603_806R"
"CRCW1206806RFKEA","Vishay","1206","806.0000","1","±100","0.25","R1206_806R"
"CRCW0402806RFKED","Vishay","0402","806.0000","1","±100","0.063","R0402_806R"
"CRCW0805806RFKEA","Vishay","0805","806.0000","1","±100","0.125","R0805_806R"
"CRCW0402820RFKED","Vishay","0402","820.0000","1","±100","0.063","R0402_820R"
"CRCW0603820RFKEA","Vishay","0603","820.0000","1","±100","0.1","R0603_820R"
"CRCW1206820RFKEA","Vishay","1206","820.0000","1","±100","0.25","R1206_820R"
"CRCW0805820RFKEA","Vishay","0805","820.0000","1","±100","0.125","R0805_820R"
"CRCW0402825RFKED","Vishay","0402","825.0000","1","±100","0.063","R0402_825R"
"CRCW0603825RFKEA","Vishay","0603","825.0000","1","±100","0.1","R0603_825R"
"CRCW0805825RFKEA","Vishay","0805","825.0000","1","±100","0.125","R0805_825R"
"CRCW1206825RFKEA","Vishay","1206","825.0000","1","±100","0.25","R1206_825R"
"CRCW0603845RFKEA","Vishay","0603","845.0000","1","±100","0.1","R0603_845R"
"CRCW0805845RFKEA","Vishay","0805","845.0000","1","±100","0.125","R0805_845R"
"CRCW0402845RFKED","Vishay","0402","845.0000","1","±100","0.063","R0402_845R"
"CRCW1206845RFKEA","Vishay","1206","845.0000","1","±100","0.25","R1206_845R"
"CRCW0805866RFKEA","Vishay","0805","866.0000","1","±100","0.125","R0805_866R"
"CRCW1206866RFKEA","Vishay","1206","866.0000","1","±100","0.25","R1206_866R"
"CRCW0603866RFKEA","Vishay","0603","866.0000","1","±100","0.1","R0603_866R"
"CRCW0402866RFKED","Vishay","0402","866.0000","1","±100","0.063","R0402_866R"
"CRCW0402887RFKED","Vishay","0402","887.0000","1","±100","0.063","R0402_887R"
"CRCW0603887RFKEA","Vishay","0603","887.0000","1","±100","0.1","R0603_887R"
"CRCW1206887RFKEA","Vishay","1206","887.0000","1","±100","0.25","R1206_887R"
"CRCW0805887RFKEA","Vishay","0805","887.0000","1","±100","0.125","R0805_887R"
"CRCW0402909RFKED","Vishay","0402","909.0000","1","±100","0.063","R0402_909R"
"CRCW0603909RFKEA","Vishay","0603","909.0000","1","±100","0.1","R0603_909R"
"CRCW1206909RFKEA","Vishay","1206","909.0000","1","±100","0.25","R1206_909R"
"CRCW0805909RFKEA","Vishay","0805","909.0000","1","±100","0.125","R0805_909R"
"CRCW0402910RFKED","Vishay","0402","910.0000","1","±100","0.063","R0402_910R"
"CRCW0603910RFKEA","Vishay","0603","910.0000","1","±100","0.1","R0603_910R"
"CRCW0805910RFKEA","Vishay","0805","910.0000","1","±100","0.125","R0805_910R"
"CRCW1206910RFKEA","Vishay","1206","910.0000","1","±100","0.25","R1206_910R"
"CRCW1206931RFKEA","Vishay","1206","931.0000","1","±100","0.25","R1206_931R"
"CRCW0603931RFKEA","Vishay","0603","931.0000","1","±100","0.1","R0603_931R"
"CRCW0805931RFKEA","Vishay","0805","931.0000","1","±100","0.125","R0805_931R"
"CRCW0402931RFKED","Vishay","0402","931.0000","1","±100","0.063","R0402_931R"
"CRCW0603953RFKEA","Vishay","0603","953.0000","1","±100","0.1","R0603_953R"
"CRCW1206953RFKEA","Vishay","1206","953.0000","1","±100","0.25","R1206_953R"
"CRCW0805953RFKEA","Vishay","0805","953.0000","1","±100","0.125","R0805_953R"
"CRCW0402953RFKED","Vishay","0402","953.0000","1","±100","0.063","R0402_953R"
"CRCW0402976RFKED","Vishay","0402","976.0000","1","±100","0.063","R0402_976R"
"CRCW1206976RFKEA","Vishay","1206","976.0000","1","±100","0.25","R1206_976R"
"CRCW0603976RFKEA","Vishay","0603","976.0000","1","±100","0.1","R0603_976R"
"CRCW0805976RFKEA","Vishay","0805","976.0000","1","±100","0.125","R0805_976R"
"CRCW04021K00FKED","Vishay","0402","1000.0000","1","±100","0.063","R0402_1k"
"CRCW06031K00FKEA","Vishay","0603","1000.0000","1","±100","0.1","R0603_1k"
"CRCW08051K00FKEA","Vishay","0805","1000.0000","1","±100","0.125","R0805_1k"
"CRCW12061K00FKEA","Vishay","1206","1000.0000","1","±100","0.25","R1206_1k"
"CRCW04021K02FKED","Vishay","0402","1020.0000","1","±100","0.063","R0402_1k02"
"CRCW06031K02FKEA","Vishay","0603","1020.0000","1","±100","0.1","R0603_1k02"
"CRCW08051K02FKEA","Vishay","0805","1020.0000","1","±100","0.125","R0805_1k02"
"CRCW12061K02FKEA","Vishay","1206","1020.0000","1","±100","0.25","R1206_1k02"
"CRCW06031K05FKEA","Vishay","0603","1050.0000","1","±100","0.1","R0603_1k05"
"CRCW08051K05FKEA","Vishay","0805","1050.0000","1","±100","0.125","R0805_1k05"
"CRCW04021K05FKED","Vishay","0402","1050.0000","1","±100","0.063","R0402_1k05"
"CRCW12061K05FKEA","Vishay","1206","1050.0000","1","±100","0.25","R1206_1k05"
"CRCW04021K07FKED","Vishay","0402","1070.0000","1","±100","0.063","R0402_1k07"
"CRCW06031K07FKEA","Vishay","0603","1070.0000","1","±100","0.1","R0603_1k07"
"CRCW08051K07FKEA","Vishay","0805","1070.0000","1","±100","0.125","R0805_1k07"
"CRCW12061K07FKEA","Vishay","1206","1070.0000","1","±100","0.25","R1206_1k07"
"CRCW04021K10FKED","Vishay","0402","1100.0000","1","±100","0.063","R0402_1k10"
"CRCW06031K10FKEA","Vishay","0603","1100.0000","1","±100","0.1","R0603_1k10"
"CRCW08051K10FKEA","Vishay","0805","1100.0000","1","±100","0.125","R0805_1k10"
"CRCW12061K10FKEA","Vishay","1206","1100.0000","1","±100","0.25","R1206_1k10"
"CRCW04021K13FKED","Vishay","0402","1130.0000","1","±100","0.063","R0402_1k13"
"CRCW06031K13FKEA","Vishay","0603","1130.0000","1","±100","0.1","R0603_1k13"
"CRCW08051K13FKEA","Vishay","0805","1130.0000","1","±100","0.125","R0805_1k13"
"CRCW12061K13FKEA","Vishay","1206","1130.0000","1","±100","0.25","R1206_1k13"
"CRCW04021K15FKED","Vishay","0402","1150.0000","1","±100","0.063","R0402_1k15"
"CRCW08051K15FKEA","Vishay","0805","1150.0000","1","±100","0.125","R0805_1k15"
"CRCW06031K15FKEA","Vishay","0603","1150.0000","1","±100","0.1","R0603_1k15"
"CRCW12061K15FKEA","Vishay","1206","1150.0000","1","±100","0.25","R1206_1k15"
"CRCW04021K18FKED","Vishay","0402","1180.0000","1","±100","0.063","R0402_1k18"
"CRCW06031K18FKEA","Vishay","0603","1180.0000","1","±100","0.1","R0603_1k18"
"CRCW08051K18FKEA","Vishay","0805","1180.0000","1","±100","0.125","R0805_1k18"
"CRCW12061K18FKEA","Vishay","1206","1180.0000","1","±100","0.25","R1206_1k18"
"CRCW04021K20FKED","Vishay","0402","1200.0000","1","±100","0.063","R0402_1k20"
"CRCW06031K20FKEA","Vishay","0603","1200.0000","1","±100","0.1","R0603_1k20"
"CRCW12061K20FKEA","Vishay","1206","1200.0000","1","±100","0.25","R1206_1k20"
"CRCW08051K20FKEA","Vishay","0805","1200.0000","1","±100","0.125","R0805_1k20"
"CRCW04021K21FKED","Vishay","0402","1210.0000","1","±100","0.063","R0402_1k21"
"CRCW06031K21FKEA","Vishay","0603","1210.0000","1","±100","0.1","R0603_1k21"
"CRCW08051K21FKEA","Vishay","0805","1210.0000","1","±100","0.125","R0805_1k21"
"CRCW12061K21FKEA","Vishay","1206","1210.0000","1","±100","0.25","R1206_1k21"
"CRCW04021K24FKED","Vishay","0402","1240.0000","1","±100","0.063","R0402_1k24"
"CRCW06031K24FKEA","Vishay","0603","1240.0000","1","±100","0.1","R0603_1k24"
"CRCW08051K24FKEA","Vishay","0805","1240.0000","1","±100","0.125","R0805_1k24"
"CRCW12061K24FKEA","Vishay","1206","1240.0000","1","±100","0.25","R1206_1k24"
"CRCW04021K27FKED","Vishay","0402","1270.0000","1","±100","0.063","R0402_1k27"
"CRCW06031K27FKEA","Vishay","0603","1270.0000","1","±100","0.1","R0603_1k27"
"CRCW08051K27FKEA","Vishay","0805","1270.0000","1","±100","0.125","R0805_1k27"
"CRCW12061K27FKEA","Vishay","1206","1270.0000","1","±100","0.25","R1206_1k27"
"CRCW04021K30FKED","Vishay","0402","1300.0000","1","±100","0.063","R0402_1k30"
"CRCW06031K30FKEA","Vishay","0603","1300.0000","1","±100","0.1","R0603_1k30"
"CRCW08051K30FKEA","Vishay","0805","1300.0000","1","±100","0.125","R0805_1k30"
"CRCW12061K30FKEA","Vishay","1206","1300.0000","1","±100","0.25","R1206_1k30"
"CRCW04021K33FKED","Vishay","0402","1330.0000","1","±100","0.063","R0402_1k33"
"CRCW06031K33FKEA","Vishay","0603","1330.0000","1","±100","0.1","R0603_1k33"
"CRCW08051K33FKEA","Vishay","0805","1330.0000","1","±100","0.125","R0805_1k33"
"CRCW12061K33FKEA","Vishay","1206","1330.0000","1","±100","0.25","R1206_1k33"
"CRCW06031K37FKEA","Vishay","0603","1370.0000","1","±100","0.1","R0603_1k37"
"CRCW12061K37FKEA","Vishay","1206","1370.0000","1","±100","0.25","R1206_1k37"
"CRCW04021K37FKED","Vishay","0402","1370.0000","1","±100","0.063","R0402_1k37"
"CRCW08051K37FKEA","Vishay","0805","1370.0000","1","±100","0.125","R0805_1k37"
"CRCW04021K40FKED","Vishay","0402","1400.0000","1","±100","0.063","R0402_1k40"
"CRCW06031K40FKEA","Vishay","0603","1400.0000","1","±100","0.1","R0603_1k40"
"CRCW12061K40FKEA","Vishay","1206","1400.0000","1","±100","0.25","R1206_1k40"
"CRCW08051K40FKEA","Vishay","0805","1400.0000","1","±100","0.125","R0805_1k40"
"CRCW04021K43FKED","Vishay","0402","1430.0000","1","±100","0.063","R0402_1k43"
"CRCW06031K43FKEA","Vishay","0603","1430.0000","1","±100","0.1","R0603_1k43"
"CRCW08051K43FKEA","Vishay","0805","1430.0000","1","±100","0.125","R0805_1k43"
"CRCW12061K43FKEA","Vishay","1206","1430.0000","1","±100","0.25","R1206_1k43"
"CRCW06031K47FKEA","Vishay","0603","1470.0000","1","±100","0.1","R0603_1k47"
"CRCW08051K47FKEA","Vishay","0805","1470.0000","1","±100","0.125","R0805_1k47"
"CRCW04021K47FKED","Vishay","0402","1470.0000","1","±100","0.063","R0402_1k47"
"CRCW12061K47FKEA","Vishay","1206","1470.0000","1","±100","0.25","R1206_1k47"
"CRCW04021K50FKED","Vishay","0402","1500.0000","1","±100","0.063","R0402_1k50"
"CRCW06031K50FKEA","Vishay","0603","1500.0000","1","±100","0.1","R0603_1k50"
"CRCW08051K50FKEA","Vishay","0805","1500.0000","1","±100","0.125","R0805_1k50"
"CRCW12061K50FKEA","Vishay","1206","1500.0000","1","±100","0.25","R1206_1k50"
"CRCW04021K54FKED","Vishay","0402","1540.0000","1","±100","0.063","R0402_1k54"
"CRCW06031K54FKEA","Vishay","0603","1540.0000","1","±100","0.1","R0603_1k54"
"CRCW12061K54FKEA","Vishay","1206","1540.0000","1","±100","0.25","R1206_1k54"
"CRCW08051K54FKEA","Vishay","0805","1540.0000","1","±100","0.125","R0805_1k54"
"CRCW04021K58FKED","Vishay","0402","1580.0000","1","±100","0.063","R0402_1k58"
"CRCW06031K58FKEA","Vishay","0603","1580.0000","1","±100","0.1","R0603_1k58"
"CRCW08051K58FKEA","Vishay","0805","1580.0000","1","±100","0.125","R0805_1k58"
"CRCW12061K58FKEA","Vishay","1206","1580.0000","1","±100","0.25","R1206_1k58"
"CRCW04021K60FKED","Vishay","0402","1600.0000","1","±100","0.063","R0402_1k60"
"CRCW08051K60FKEA","Vishay","0805","1600.0000","1","±100","0.125","R0805_1k60"
"CRCW06031K60FKEA","Vishay","0603","1600.0000","1","±100","0.1","R0603_1k60"
"CRCW12061K60FKEA","Vishay","1206","1600.0000","1","±100","0.25","R1206_1k60"
"CRCW04021K62FKED","Vishay","0402","1620.0000","1","±100","0.063","R0402_1k62"
"CRCW06031K62FKEA","Vishay","0603","1620.0000","1","±100","0.1","R0603_1k62"
"CRCW08051K62FKEA","Vishay","0805","1620.0000","1","±100","0.125","R0805_1k62"
"CRCW12061K62FKEA","Vishay","1206","1620.0000","1","±100","0.25","R1206_1k62"
"CRCW06031K65FKEA","Vishay","0603","1650.0000","1","±100","0.1","R0603_1k65"
"CRCW08051K65FKEA","Vishay","0805","1650.0000","1","±100","0.125","R0805_1k65"
"CRCW04021K65FKED","Vishay","0402","1650.0000","1","±100","0.063","R0402_1k65"
"CRCW12061K65FKEA","Vishay","1206","1650.0000","1","±100","0.25","R1206_1k65"
"CRCW04021K69FKED","Vishay","0402","1690.0000","1","±100","0.063","R0402_1k69"
"CRCW06031K69FKEA","Vishay","0603","1690.0000","1","±100","0.1","R0603_1k69"
"CRCW08051K69FKEA","Vishay","0805","1690.0000","1","±100","0.125","R0805_1k69"
"CRCW12061K69FKEA","Vishay","1206","1690.0000","1","±100","0.25","R1206_1k69"
"CRCW04021K74FKED","Vishay","0402","1740.0000","1","±100","0.063","R0402_1k74"
"CRCW06031K74FKEA","Vishay","0603","1740.0000","1","±100","0.1","R0603_1k74"
"CRCW08051K74FKEA","Vishay","0805","1740.0000","1","±100","0.125","R0805_1k74"
"CRCW12061K74FKEA","Vishay","1206","1740.0000","1","±100","0.25","R1206_1k74"
"CRCW04021K78FKED","Vishay","0402","1780.0000","1","±100","0.063","R0402_1k78"
"CRCW06031K78FKEA","Vishay","0603","1780.0000","1","±100","0.1","R0603_1k78"
"CRCW08051K78FKEA","Vishay","0805","1780.0000","1","±100","0.125","R0805_1k78"
"CRCW12061K78FKEA","Vishay","1206","1780.0000","1","±100","0.25","R1206_1k78"
"CRCW04021K80FKED","Vishay","0402","1800.0000","1","±100","0.063","R0402_1k80"
"CRCW06031K80FKEA","Vishay","0603","1800.0000","1","±100","0.1","R0603_1k80"
"CRCW08051K80FKEA","Vishay","0805","1800.0000","1","±100","0.125","R0805_1k80"
"CRCW12061K80FKEA","Vishay","1206","1800.0000","1","±100","0.25","R1206_1k80"
"CRCW06031K82FKEA","Vishay","0603","1820.0000","1","±100","0.1","R0603_1k82"
"CRCW12061K82FKEA","Vishay","1206","1820.0000","1","±100","0.25","R1206_1k82"
"CRCW04021K82FKED","Vishay","0402","1820.0000","1","±100","0.063","R0402_1k82"
"CRCW08051K82FKEA","Vishay","0805","1820.0000","1","±100","0.125","R0805_1k82"
"CRCW06031K87FKEA","Vishay","0603","1870.0000","1","±100","0.1","R0603_1k87"
"CRCW08051K87FKEA","Vishay","0805","1870.0000","1","±100","0.125","R0805_1k87"
"CRCW12061K87FKEA","Vishay","1206","1870.0000","1","±100","0.25","R1206_1k87"
"CRCW04021K87FKED","Vishay","0402","1870.0000","1","±100","0.063","R0402_1k87"
"CRCW04021K91FKED","Vishay","0402","1910.0000","1","±100","0.063","R0402_1k91"
"CRCW06031K91FKEA","Vishay","0603","1910.0000","1","±100","0.1","R0603_1k91"
"CRCW08051K91FKEA","Vishay","0805","1910.0000","1","±100","0.125","R0805_1k91"
"CRCW12061K91FKEA","Vishay","1206","1910.0000","1","±100","0.25","R1206_1k91"
"CRCW04021K96FKED","Vishay","0402","1960.0000","1","±100","0.063","R0402_1k96"
"CRCW06031K96FKEA","Vishay","0603","1960.0000","1","±100","0.1","R0603_1k96"
"CRCW08051K96FKEA","Vishay","0805","1960.0000","1","±100","0.125","R0805_1k96"
"CRCW12061K96FKEA","Vishay","1206","1960.0000","1","±100","0.25","R1206_1k96"
"CRCW04022K00FKED","Vishay","0402","2000.0000","1","±100","0.063","R0402_2k"
"CRCW06032K00FKEA","Vishay","0603","2000.0000","1","±100","0.1","R0603_2k"
"CRCW08052K00FKEA","Vishay","0805","2000.0000","1","±100","0.125","R0805_2k"
"CRCW12062K00FKEA","Vishay","1206","2000.0000","1","±100","0.25","R1206_2k"
"CRCW04022K05FKED","Vishay","0402","2050.0000","1","±100","0.063","R0402_2k05"
"CRCW06032K05FKEA","Vishay","0603","2050.0000","1","±100","0.1","R0603_2k05"
"CRCW08052K05FKEA","Vishay","0805","2050.0000","1","±100","0.125","R0805_2k05"
"CRCW12062K05FKEA","Vishay","1206","2050.0000","1","±100","0.25","R1206_2k05"
"CRCW04022K10FKED","Vishay","0402","2100.0000","1","±100","0.063","R0402_2k10"
"CRCW06032K10FKEA","Vishay","0603","2100.0000","1","±100","0.1","R0603_2k10"
"CRCW08052K10FKEA","Vishay","0805","2100.0000","1","±100","0.125","R0805_2k10"
"CRCW12062K10FKEA","Vishay","1206","2100.0000","1","±100","0.25","R1206_2k10"
"CRCW04022K15FKED","Vishay","0402","2150.0000","1","±100","0.063","R0402_2k15"
"CRCW06032K15FKEA","Vishay","0603","2150.0000","1","±100","0.1","R0603_2k15"
"CRCW08052K15FKEA","Vishay","0805","2150.0000","1","±100","0.125","R0805_2k15"
"CRCW12062K15FKEA","Vishay","1206","2150.0000","1","±100","0.25","R1206_2k15"
"CRCW04022K20FKED","Vishay","0402","2200.0000","1","±100","0.063","R0402_2k20"
"CRCW06032K20FKEA","Vishay","0603","2200.0000","1","±100","0.1","R0603_2k20"
"CRCW08052K20FKEA","Vishay","0805","2200.0000","1","±100","0.125","R0805_2k20"
"CRCW12062K20FKEA","Vishay","1206","2200.0000","1","±100","0.25","R1206_2k20"
"CRCW04022K21FKED","Vishay","0402","2210.0000","1","±100","0.063","R0402_2k21"
"CRCW06032K21FKEA","Vishay","0603","2210.0000","1","±100","0.1","R0603_2k21"
"CRCW08052K21FKEA","Vishay","0805","2210.0000","1","±100","0.125","R0805_2k21"
"CRCW12062K21FKEA","Vishay","1206","2210.0000","1","±100","0.25","R1206_2k21"
"CRCW04022K26FKED","Vishay","0402","2260.0000","1","±100","0.063","R0402_2k26"
"CRCW08052K26FKEA","Vishay","0805","2260.0000","1","±100","0.125","R0805_2k26"
"CRCW06032K26FKEA","Vishay","0603","2260.0000","1","±100","0.1","R0603_2k26"
"CRCW12062K26FKEA","Vishay","1206","2260.0000","1","±100","0.25","R1206_2k26"
"CRCW04022K32FKED","Vishay","0402","2320.0000","1","±100","0.063","R0402_2k32"
"CRCW06032K32FKEA","Vishay","0603","2320.0000","1","±100","0.1","R0603_2k32"
"CRCW08052K32FKEA","Vishay","0805","2320.0000","1","±100","0.125","R0805_2k32"
"CRCW12062K32FKEA","Vishay","1206","2320.0000","1","±100","0.25","R1206_2k32"
"CRCW06032K37FKEA","Vishay","0603","2370.0000","1","±100","0.1","R0603_2k37"
"CRCW08052K37FKEA","Vishay","0805","2370.0000","1","±100","0.125","R0805_2k37"
"CRCW12062K37FKEA","Vishay","1206","2370.0000","1","±100","0.25","R1206_2k37"
"CRCW04022K37FKED","Vishay","0402","2370.0000","1","±100","0.063","R0402_2k37"
"CRCW06032K40FKEA","Vishay","0603","2400.0000","1","±100","0.1","R0603_2k40"
"CRCW08052K40FKEA","Vishay","0805","2400.0000","1","±100","0.125","R0805_2k40"
"CRCW12062K40FKEA","Vishay","1206","2400.0000","1","±100","0.25","R1206_2k40"
"CRCW04022K40FKED","Vishay","0402","2400.0000","1","±100","0.063","R0402_2k40"
"CRCW04022K43FKED","Vishay","0402","2430.0000","1","±100","0.063","R0402_2k43"
"CRCW06032K43FKEA","Vishay","0603","2430.0000","1","±100","0.1","R0603_2k43"
"CRCW08052K43FKEA","Vishay","0805","2430.0000","1","±100","0.125","R0805_2k43"
"CRCW12062K43FKEA","Vishay","1206","2430.0000","1","±100","0.25","R1206_2k43"
"CRCW04022K49FKED","Vishay","0402","2490.0000","1","±100","0.063","R0402_2k49"
"CRCW06032K49FKEA","Vishay","0603","2490.0000","1","±100","0.1","R0603_2k49"
"CRCW08052K49FKEA","Vishay","0805","2490.0000","1","±100","0.125","R0805_2k49"
"CRCW12062K49FKEA","Vishay","1206","2490.0000","1","±100","0.25","R1206_2k49"
"CRCW04022K55FKED","Vishay","0402","2550.0000","1","±100","0.063","R0402_2k55"
"CRCW06032K55FKEA","Vishay","0603","2550.0000","1","±100","0.1","R0603_2k55"
"CRCW08052K55FKEA","Vishay","0805","2550.0000","1","±100","0.125","R0805_2k55"
"CRCW12062K55FKEA","Vishay","1206","2550.0000","1","±100","0.25","R1206_2k55"
"CRCW06032K61FKEA","Vishay","0603","2610.0000","1","±100","0.1","R0603_2k61"
"CRCW12062K61FKEA","Vishay","1206","2610.0000","1","±100","0.25","R1206_2k61"
"CRCW04022K61FKED","Vishay","0402","2610.0000","1","±100","0.063","R0402_2k61"
"CRCW08052K61FKEA","Vishay","0805","2610.0000","1","±100","0.125","R0805_2k61"
"CRCW08052K67FKEA","Vishay","0805","2670.0000","1","±100","0.125","R0805_2k67"
"CRCW06032K67FKEA","Vishay","0603","2670.0000","1","±100","0.1","R0603_2k67"
"CRCW04022K67FKED","Vishay","0402","2670.0000","1","±100","0.063","R0402_2k67"
"CRCW12062K67FKEA","Vishay","1206","2670.0000","1","±100","0.25","R1206_2k67"
"CRCW04022K70FKED","Vishay","0402","2700.0000","1","±100","0.063","R0402_2k70"
"CRCW06032K70FKEA","Vishay","0603","2700.0000","1","±100","0.1","R0603_2k70"
"CRCW08052K70FKEA","Vishay","0805","2700.0000","1","±100","0.125","R0805_2k70"
"CRCW12062K70FKEA","Vishay","1206","2700.0000","1","±100","0.25","R1206_2k70"
"CRCW04022K74FKED","Vishay","0402","2740.0000","1","±100","0.063","R0402_2k74"
"CRCW06032K74FKEA","Vishay","0603","2740.0000","1","±100","0.1","R0603_2k74"
"CRCW08052K74FKEA","Vishay","0805","2740.0000","1","±100","0.125","R0805_2k74"
"CRCW12062K74FKEA","Vishay","1206","2740.0000","1","±100","0.25","R1206_2k74"
"CRCW04022K80FKED","Vishay","0402","2800.0000","1","±100","0.063","R0402_2k80"
"CRCW06032K80FKEA","Vishay","0603","2800.0000","1","±100","0.1","R0603_2k80"
"CRCW08052K80FKEA","Vishay","0805","2800.0000","1","±100","0.125","R0805_2k80"
"CRCW12062K80FKEA","Vishay","1206","2800.0000","1","±100","0.25","R1206_2k80"
"CRCW04022K87FKED","Vishay","0402","2870.0000","1","±100","0.063","R0402_2k87"
"CRCW06032K87FKEA","Vishay","0603","2870.0000","1","±100","0.1","R0603_2k87"
"CRCW08052K87FKEA","Vishay","0805","2870.0000","1","±100","0.125","R0805_2k87"
"CRCW12062K87FKEA","Vishay","1206","2870.0000","1","±100","0.25","R1206_2k87"
"CRCW04022K94FKED","Vishay","0402","2940.0000","1","±100","0.063","R0402_2k94"
"CRCW06032K94FKEA","Vishay","0603","2940.0000","1","±100","0.1","R0603_2k94"
"CRCW08052K94FKEA","Vishay","0805","2940.0000","1","±100","0.125","R0805_2k94"
"CRCW12062K94FKEA","Vishay","1206","2940.0000","1","±100","0.25","R1206_2k94"
"CRCW04023K00FKED","Vishay","0402","3000.0000","1","±100","0.063","R0402_3k"
"CRCW06033K00FKEA","Vishay","0603","3000.0000","1","±100","0.1","R0603_3k"
"CRCW08053K00FKEA","Vishay","0805","3000.0000","1","±100","0.125","R0805_3k"
"CRCW12063K00FKEA","Vishay","1206","3000.0000","1","±100","0.25","R1206_3k"
"CRCW04023K01FKED","Vishay","0402","3010.0000","1","±100","0.063","R0402_3k01"
"CRCW06033K01FKEA","Vishay","0603","3010.0000","1","±100","0.1","R0603_3k01"
"CRCW08053K01FKEA","Vishay","0805","3010.0000","1","±100","0.125","R0805_3k01"
"CRCW12063K01FKEA","Vishay","1206","3010.0000","1","±100","0.25","R1206_3k01"
"CRCW04023K09FKED","Vishay","0402","3090.0000","1","±100","0.063","R0402_3k09"
"CRCW06033K09FKEA","Vishay","0603","3090.0000","1","±100","0.1","R0603_3k09"
"CRCW08053K09FKEA","Vishay","0805","3090.0000","1","±100","0.125","R0805_3k09"
"CRCW12063K09FKEA","Vishay","1206","3090.0000","1","±100","0.25","R1206_3k09"
"CRCW06033K16FKEA","Vishay","0603","3160.0000","1","±100","0.1","R0603_3k16"
"CRCW08053K16FKEA","Vishay","0805","3160.0000","1","±100","0.125","R0805_3k16"
"CRCW12063K16FKEA","Vishay","1206","3160.0000","1","±100","0.25","R1206_3k16"
"CRCW04023K16FKED","Vishay","0402","3160.0000","1","±100","0.063","R0402_3k16"
"CRCW04023K24FKED","Vishay","0402","3240.0000","1","±100","0.063","R0402_3k24"
"CRCW06033K24FKEA","Vishay","0603","3240.0000","1","±100","0.1","R0603_3k24"
"CRCW08053K24FKEA","Vishay","0805","3240.0000","1","±100","0.125","R0805_3k24"
"CRCW12063K24FKEA","Vishay","1206","3240.0000","1","±100","0.25","R1206_3k24"
"CRCW06033K30FKEA","Vishay","0603","3300.0000","1","±100","0.1","R0603_3k30"
"CRCW08053K30FKEA","Vishay","0805","3300.0000","1","±100","0.125","R0805_3k30"
"CRCW12063K30FKEA","Vishay","1206","3300.0000","1","±100","0.25","R1206_3k30"
"CRCW06033K32FKEA","Vishay","0603","3320.0000","1","±100","0.1","R0603_3k32"
"CRCW12063K32FKEA","Vishay","1206","3320.0000","1","±100","0.25","R1206_3k32"
"CRCW04023K32FKED","Vishay","0402","3320.0000","1","±100","0.063","R0402_3k32"
"CRCW04023K40FKED","Vishay","0402","3400.0000","1","±100","0.063","R0402_3k40"
"CRCW06033K40FKEA","Vishay","0603","3400.0000","1","±100","0.1","R0603_3k40"
"CRCW12063K40FKEA","Vishay","1206","3400.0000","1","±100","0.25","R1206_3k40"
"CRCW08053K40FKEA","Vishay","0805","3400.0000","1","±100","0.125","R0805_3k40"
"CRCW04023K48FKED","Vishay","0402","3480.0000","1","±100","0.063","R0402_3k48"
"CRCW12063K48FKEA","Vishay","1206","3480.0000","1","±100","0.25","R1206_3k48"
"CRCW08053K48FKEA","Vishay","0805","3480.0000","1","±100","0.125","R0805_3k48"
"CRCW06033K48FKEA","Vishay","0603","3480.0000","1","±100","0.1","R0603_3k48"
"CRCW04023K57FKED","Vishay","0402","3570.0000","1","±100","0.063","R0402_3k57"
"CRCW06033K57FKEA","Vishay","0603","3570.0000","1","±100","0.1","R0603_3k57"
"CRCW12063K57FKEA","Vishay","1206","3570.0000","1","±100","0.25","R1206_3k57"
"CRCW08053K57FKEA","Vishay","0805","3570.0000","1","±100","0.125","R0805_3k57"
"CRCW04023K60FKED","Vishay","0402","3600.0000","1","±100","0.063","R0402_3k60"
"CRCW06033K60FKEA","Vishay","0603","3600.0000","1","±100","0.1","R0603_3k60"
"CRCW08053K60FKEA","Vishay","0805","3600.0000","1","±100","0.125","R0805_3k60"
"CRCW12063K60FKEA","Vishay","1206","3600.0000","1","±100","0.25","R1206_3k60"
"CRCW04023K65FKED","Vishay","0402","3650.0000","1","±100","0.063","R0402_3k65"
"CRCW06033K65FKEA","Vishay","0603","3650.0000","1","±100","0.1","R0603_3k65"
"CRCW12063K65FKEA","Vishay","1206","3650.0000","1","±100","0.25","R1206_3k65"
"CRCW08053K65FKEA","Vishay","0805","3650.0000","1","±100","0.125","R0805_3k65"
"CRCW04023K74FKED","Vishay","0402","3740.0000","1","±100","0.063","R0402_3k74"
"CRCW06033K74FKEA","Vishay","0603","3740.0000","1","±100","0.1","R0603_3k74"
"CRCW08053K74FKEA","Vishay","0805","3740.0000","1","±100","0.125","R0805_3k74"
"CRCW12063K74FKEA","Vishay","1206","3740.0000","1","±100","0.25","R1206_3k74"
"CRCW04023K83FKED","Vishay","0402","3830.0000","1","±100","0.063","R0402_3k83"
"CRCW06033K83FKEA","Vishay","0603","3830.0000","1","±100","0.1","R0603_3k83"
"CRCW12063K83FKEA","Vishay","1206","3830.0000","1","±100","0.25","R1206_3k83"
"CRCW08053K83FKEA","Vishay","0805","3830.0000","1","±100","0.125","R0805_3k83"
"CRCW06033K90FKEA","Vishay","0603","3900.0000","1","±100","0.1","R0603_3k90"
"CRCW08053K90FKEA","Vishay","0805","3900.0000","1","±100","0.125","R0805_3k90"
"CRCW12063K90FKEA","Vishay","1206","3900.0000","1","±100","0.25","R1206_3k90"
"CRCW04023K90FKED","Vishay","0402","3900.0000","1","±100","0.063","R0402_3k90"
"CRCW06033K92FKEA","Vishay","0603","3920.0000","1","±100","0.1","R0603_3k92"
"CRCW04023K92FKED","Vishay","0402","3920.0000","1","±100","0.063","R0402_3k92"
"CRCW12063K92FKEA","Vishay","1206","3920.0000","1","±100","0.25","R1206_3k92"
"CRCW08053K92FKEA","Vishay","0805","3920.0000","1","±100","0.125","R0805_3k92"
"CRCW04024K02FKED","Vishay","0402","4020.0000","1","±100","0.063","R0402_4k02"
"CRCW06034K02FKEA","Vishay","0603","4020.0000","1","±100","0.1","R0603_4k02"
"CRCW08054K02FKEA","Vishay","0805","4020.0000","1","±100","0.125","R0805_4k02"
"CRCW12064K02FKEA","Vishay","1206","4020.0000","1","±100","0.25","R1206_4k02"
"CRCW04024K12FKED","Vishay","0402","4120.0000","1","±100","0.063","R0402_4k12"
"CRCW06034K12FKEA","Vishay","0603","4120.0000","1","±100","0.1","R0603_4k12"
"CRCW08054K12FKEA","Vishay","0805","4120.0000","1","±100","0.125","R0805_4k12"
"CRCW12064K12FKEA","Vishay","1206","4120.0000","1","±100","0.25","R1206_4k12"
"CRCW04024K22FKED","Vishay","0402","4220.0000","1","±100","0.063","R0402_4k22"
"CRCW06034K22FKEA","Vishay","0603","4220.0000","1","±100","0.1","R0603_4k22"
"CRCW08054K22FKEA","Vishay","0805","4220.0000","1","±100","0.125","R0805_4k22"
"CRCW12064K22FKEA","Vishay","1206","4220.0000","1","±100","0.25","R1206_4k22"
"CRCW04024K30FKED","Vishay","0402","4300.0000","1","±100","0.063","R0402_4k30"
"CRCW06034K30FKEA","Vishay","0603","4300.0000","1","±100","0.1","R0603_4k30"
"CRCW08054K30FKEA","Vishay","0805","4300.0000","1","±100","0.125","R0805_4k30"
"CRCW12064K30FKEA","Vishay","1206","4300.0000","1","±100","0.25","R1206_4k30"
"CRCW04024K32FKED","Vishay","0402","4320.0000","1","±100","0.063","R0402_4k32"
"CRCW06034K32FKEA","Vishay","0603","4320.0000","1","±100","0.1","R0603_4k32"
"CRCW08054K32FKEA","Vishay","0805","4320.0000","1","±100","0.125","R0805_4k32"
"CRCW12064K32FKEA","Vishay","1206","4320.0000","1","±100","0.25","R1206_4k32"
"CRCW04024K42FKED","Vishay","0402","4420.0000","1","±100","0.063","R0402_4k42"
"CRCW06034K42FKEA","Vishay","0603","4420.0000","1","±100","0.1","R0603_4k42"
"CRCW08054K42FKEA","Vishay","0805","4420.0000","1","±100","0.125","R0805_4k42"
"CRCW12064K42FKEA","Vishay","1206","4420.0000","1","±100","0.25","R1206_4k42"
"CRCW04024K53FKED","Vishay","0402","4530.0000","1","±100","0.063","R0402_4k53"
"CRCW06034K53FKEA","Vishay","0603","4530.0000","1","±100","0.1","R0603_4k53"
"CRCW08054K53FKEA","Vishay","0805","4530.0000","1","±100","0.125","R0805_4k53"
"CRCW12064K53FKEA","Vishay","1206","4530.0000","1","±100","0.25","R1206_4k53"
"CRCW04024K64FKED","Vishay","0402","4640.0000","1","±100","0.063","R0402_4k64"
"CRCW06034K64FKEA","Vishay","0603","4640.0000","1","±100","0.1","R0603_4k64"
"CRCW08054K64FKEA","Vishay","0805","4640.0000","1","±100","0.125","R0805_4k64"
"CRCW12064K64FKEA","Vishay","1206","4640.0000","1","±100","0.25","R1206_4k64"
"CRCW04024K70FKED","Vishay","0402","4700.0000","1","±100","0.063","R0402_4k70"
"CRCW06034K70FKEA","Vishay","0603","4700.0000","1","±100","0.1","R0603_4k70"
"CRCW08054K70FKEA","Vishay","0805","4700.0000","1","±100","0.125","R0805_4k70"
"CRCW12064K70FKEA","Vishay","1206","4700.0000","1","±100","0.25","R1206_4k70"
"CRCW04024K75FKED","Vishay","0402","4750.0000","1","±100","0.063","R0402_4k75"
"CRCW06034K75FKEA","Vishay","0603","4750.0000","1","±100","0.1","R0603_4k75"
"CRCW08054K75FKEA","Vishay","0805","4750.0000","1","±100","0.125","R0805_4k75"
"CRCW12064K75FKEA","Vishay","1206","4750.0000","1","±100","0.25","R1206_4k75"
"CRCW06034K87FKEA","Vishay","0603","4870.0000","1","±100","0.1","R0603_4k87"
"CRCW08054K87FKEA","Vishay","0805","4870.0000","1","±100","0.125","R0805_4k87"
"CRCW12064K87FKEA","Vishay","1206","4870.0000","1","±100","0.25","R1206_4k87"
"CRCW04024K87FKED","Vishay","0402","4870.0000","1","±100","0.063","R0402_4k87"
"CRCW06034K99FKEA","Vishay","0603","4990.0000","1","±100","0.1","R0603_4k99"
"CRCW08054K99FKEA","Vishay","0805","4990.0000","1","±100","0.125","R0805_4k99"
"CRCW12064K99FKEA","Vishay","1206","4990.0000","1","±100","0.25","R1206_4k99"
"CRCW04024K99FKED","Vishay","0402","4990.0000","1","±100","0.063","R0402_4k99"
"CRCW04025K10FKED","Vishay","0402","5100.0000","1","±100","0.063","R0402_5k10"
"CRCW06035K10FKEA","Vishay","0603","5100.0000","1","±100","0.1","R0603_5k10"
"CRCW12065K10FKEA","Vishay","1206","5100.0000","1","±100","0.25","R1206_5k10"
"CRCW04025K11FKED","Vishay","0402","5110.0000","1","±100","0.063","R0402_5k11"
"CRCW06035K11FKEA","Vishay","0603","5110.0000","1","±100","0.1","R0603_5k11"
"CRCW08055K11FKEA","Vishay","0805","5110.0000","1","±100","0.125","R0805_5k11"
"CRCW12065K11FKEA","Vishay","1206","5110.0000","1","±100","0.25","R1206_5k11"
"CRCW04025K23FKED","Vishay","0402","5230.0000","1","±100","0.063","R0402_5k23"
"CRCW06035K23FKEA","Vishay","0603","5230.0000","1","±100","0.1","R0603_5k23"
"CRCW08055K23FKEA","Vishay","0805","5230.0000","1","±100","0.125","R0805_5k23"
"CRCW12065K23FKEA","Vishay","1206","5230.0000","1","±100","0.25","R1206_5k23"
"CRCW04025K36FKED","Vishay","0402","5360.0000","1","±100","0.063","R0402_5k36"
"CRCW06035K36FKEA","Vishay","0603","5360.0000","1","±100","0.1","R0603_5k36"
"CRCW08055K36FKEA","Vishay","0805","5360.0000","1","±100","0.125","R0805_5k36"
"CRCW12065K36FKEA","Vishay","1206","5360.0000","1","±100","0.25","R1206_5k36"
"CRCW06035K49FKEA","Vishay","0603","5490.0000","1","±100","0.1","R0603_5k49"
"CRCW08055K49FKEA","Vishay","0805","5490.0000","1","±100","0.125","R0805_5k49"
"CRCW12065K49FKEA","Vishay","1206","5490.0000","1","±100","0.25","R1206_5k49"
"CRCW04025K49FKED","Vishay","0402","5490.0000","1","±100","0.063","R0402_5k49"
"CRCW04025K60FKED","Vishay","0402","5600.0000","1","±100","0.063","R0402_5k60"
"CRCW06035K60FKEA","Vishay","0603","5600.0000","1","±100","0.1","R0603_5k60"
"CRCW08055K60FKEA","Vishay","0805","5600.0000","1","±100","0.125","R0805_5k60"
"CRCW12065K60FKEA","Vishay","1206","5600.0000","1","±100","0.25","R1206_5k60"
"CRCW04025K62FKED","Vishay","0402","5620.0000","1","±100","0.063","R0402_5k62"
"CRCW06035K62FKEA","Vishay","0603","5620.0000","1","±100","0.1","R0603_5k62"
"CRCW08055K62FKEA","Vishay","0805","5620.0000","1","±100","0.125","R0805_5k62"
"CRCW12065K62FKEA","Vishay","1206","5620.0000","1","±100","0.25","R1206_5k62"
"CRCW04025K76FKED","Vishay","0402","5760.0000","1","±100","0.063","R0402_5k76"
"CRCW06035K76FKEA","Vishay","0603","5760.0000","1","±100","0.1","R0603_5k76"
"CRCW08055K76FKEA","Vishay","0805","5760.0000","1","±100","0.125","R0805_5k76"
"CRCW12065K76FKEA","Vishay","1206","5760.0000","1","±100","0.25","R1206_5k76"
"CRCW04025K90FKED","Vishay","0402","5900.0000","1","±100","0.063","R0402_5k90"
"CRCW12065K90FKEA","Vishay","1206","5900.0000","1","±100","0.25","R1206_5k90"
"CRCW06035K90FKEA","Vishay","0603","5900.0000","1","±100","0.1","R0603_5k90"
"CRCW08055K90FKEA","Vishay","0805","5900.0000","1","±100","0.125","R0805_5k90"
"CRCW04026K04FKED","Vishay","0402","6040.0000","1","±100","0.063","R0402_6k04"
"CRCW06036K04FKEA","Vishay","0603","6040.0000","1","±100","0.1","R0603_6k04"
"CRCW08056K04FKEA","Vishay","0805","6040.0000","1","±100","0.125","R0805_6k04"
"CRCW12066K04FKEA","Vishay","1206","6040.0000","1","±100","0.25","R1206_6k04"
"CRCW06036K19FKEA","Vishay","0603","6190.0000","1","±100","0.1","R0603_6k19"
"CRCW12066K19FKEA","Vishay","1206","6190.0000","1","±100","0.25","R1206_6k19"
"CRCW08056K19FKEA","Vishay","0805","6190.0000","1","±100","0.125","R0805_6k19"
"CRCW04026K19FKED","Vishay","0402","6190.0000","1","±100","0.063","R0402_6k19"
"CRCW04026K20FKED","Vishay","0402","6200.0000","1","±100","0.063","R0402_6k20"
"CRCW06036K20FKEA","Vishay","0603","6200.0000","1","±100","0.1","R0603_6k20"
"CRCW08056K20FKEA","Vishay","0805","6200.0000","1","±100","0.125","R0805_6k20"
"CRCW12066K20FKEA","Vishay","1206","6200.0000","1","±100","0.25","R1206_6k20"
"CRCW06036K34FKEA","Vishay","0603","6340.0000","1","±100","0.1","R0603_6k34"
"CRCW08056K34FKEA","Vishay","0805","6340.0000","1","±100","0.125","R0805_6k34"
"CRCW12066K34FKEA","Vishay","1206","6340.0000","1","±100","0.25","R1206_6k34"
"CRCW04026K34FKED","Vishay","0402","6340.0000","1","±100","0.063","R0402_6k34"
"CRCW04026K49FKED","Vishay","0402","6490.0000","1","±100","0.063","R0402_6k49"
"CRCW06036K49FKEA","Vishay","0603","6490.0000","1","±100","0.1","R0603_6k49"
"CRCW08056K49FKEA","Vishay","0805","6490.0000","1","±100","0.125","R0805_6k49"
"CRCW12066K49FKEA","Vishay","1206","6490.0000","1","±100","0.25","R1206_6k49"
"CRCW04026K65FKED","Vishay","0402","6650.0000","1","±100","0.063","R0402_6k65"
"CRCW06036K65FKEA","Vishay","0603","6650.0000","1","±100","0.1","R0603_6k65"
"CRCW08056K65FKEA","Vishay","0805","6650.0000","1","±100","0.125","R0805_6k65"
"CRCW12066K65FKEA","Vishay","1206","6650.0000","1","±100","0.25","R1206_6k65"
"CRCW06036K80FKEA","Vishay","0603","6800.0000","1","±100","0.1","R0603_6k80"
"CRCW08056K80FKEA","Vishay","0805","6800.0000","1","±100","0.125","R0805_6k80"
"CRCW12066K80FKEA","Vishay","1206","6800.0000","1","±100","0.25","R1206_6k80"
"CRCW04026K80FKED","Vishay","0402","6800.0000","1","±100","0.063","R0402_6k80"
"CRCW06036K81FKEA","Vishay","0603","6810.0000","1","±100","0.1","R0603_6k81"
"CRCW08056K81FKEA","Vishay","0805","6810.0000","1","±100","0.125","R0805_6k81"
"CRCW12066K81FKEA","Vishay","1206","6810.0000","1","±100","0.25","R1206_6k81"
"CRCW04026K81FKED","Vishay","0402","6810.0000","1","±100","0.063","R0402_6k81"
"CRCW04026K98FKED","Vishay","0402","6980.0000","1","±100","0.063","R0402_6k98"
"CRCW06036K98FKEA","Vishay","0603","6980.0000","1","±100","0.1","R0603_6k98"
"CRCW08056K98FKEA","Vishay","0805","6980.0000","1","±100","0.125","R0805_6k98"
"CRCW12066K98FKEA","Vishay","1206","6980.0000","1","±100","0.25","R1206_6k98"
"CRCW04027K15FKED","Vishay","0402","7150.0000","1","±100","0.063","R0402_7k15"
"CRCW06037K15FKEA","Vishay","0603","7150.0000","1","±100","0.1","R0603_7k15"
"CRCW08057K15FKEA","Vishay","0805","7150.0000","1","±100","0.125","R0805_7k15"
"CRCW12067K15FKEA","Vishay","1206","7150.0000","1","±100","0.25","R1206_7k15"
"CRCW04027K32FKED","Vishay","0402","7320.0000","1","±100","0.063","R0402_7k32"
"CRCW06037K32FKEA","Vishay","0603","7320.0000","1","±100","0.1","R0603_7k32"
"CRCW12067K32FKEA","Vishay","1206","7320.0000","1","±100","0.25","R1206_7k32"
"CRCW08057K32FKEA","Vishay","0805","7320.0000","1","±100","0.125","R0805_7k32"
"CRCW04027K50FKED","Vishay","0402","7500.0000","1","±100","0.063","R0402_7k50"
"CRCW06037K50FKEA","Vishay","0603","7500.0000","1","±100","0.1","R0603_7k50"
"CRCW12067K50FKEA","Vishay","1206","7500.0000","1","±100","0.25","R1206_7k50"
"CRCW08057K50FKEA","Vishay","0805","7500.0000","1","±100","0.125","R0805_7k50"
"CRCW04027K68FKED","Vishay","0402","7680.0000","1","±100","0.063","R0402_7k68"
"CRCW06037K68FKEA","Vishay","0603","7680.0000","1","±100","0.1","R0603_7k68"
"CRCW12067K68FKEA","Vishay","1206","7680.0000","1","±100","0.25","R1206_7k68"
"CRCW08057K68FKEA","Vishay","0805","7680.0000","1","±100","0.125","R0805_7k68"
"CRCW04027K87FKED","Vishay","0402","7870.0000","1","±100","0.063","R0402_7k87"
"CRCW06037K87FKEA","Vishay","0603","7870.0000","1","±100","0.1","R0603_7k87"
"CRCW08057K87FKEA","Vishay","0805","7870.0000","1","±100","0.125","R0805_7k87"
"CRCW12067K87FKEA","Vishay","1206","7870.0000","1","±100","0.25","R1206_7k87"
"CRCW04028K06FKED","Vishay","0402","8060.0000","1","±100","0.063","R0402_8k06"
"CRCW06038K06FKEA","Vishay","0603","8060.0000","1","±100","0.1","R0603_8k06"
"CRCW08058K06FKEA","Vishay","0805","8060.0000","1","±100","0.125","R0805_8k06"
"CRCW12068K06FKEA","Vishay","1206","8060.0000","1","±100","0.25","R1206_8k06"
"CRCW04028K20FKED","Vishay","0402","8200.0000","1","±100","0.063","R0402_8k20"
"CRCW06038K20FKEA","Vishay","0603","8200.0000","1","±100","0.1","R0603_8k20"
"CRCW08058K20FKEA","Vishay","0805","8200.0000","1","±100","0.125","R0805_8k20"
"CRCW12068K20FKEA","Vishay","1206","8200.0000","1","±100","0.25","R1206_8k20"
"CRCW06038K25FKEA","Vishay","0603","8250.0000","1","±100","0.1","R0603_8k25"
"CRCW08058K25FKEA","Vishay","0805","8250.0000","1","±100","0.125","R0805_8k25"
"CRCW12068K25FKEA","Vishay","1206","8250.0000","1","±100","0.25","R1206_8k25"
"CRCW04028K25FKED","Vishay","0402","8250.0000","1","±100","0.063","R0402_8k25"
"CRCW04028K45FKED","Vishay","0402","8450.0000","1","±100","0.063","R0402_8k45"
"CRCW06038K45FKEA","Vishay","0603","8450.0000","1","±100","0.1","R0603_8k45"
"CRCW12068K45FKEA","Vishay","1206","8450.0000","1","±100","0.25","R1206_8k45"
"CRCW08058K45FKEA","Vishay","0805","8450.0000","1","±100","0.125","R0805_8k45"
"CRCW04028K66FKED","Vishay","0402","8660.0000","1","±100","0.063","R0402_8k66"
"CRCW06038K66FKEA","Vishay","0603","8660.0000","1","±100","0.1","R0603_8k66"
"CRCW08058K66FKEA","Vishay","0805","8660.0000","1","±100","0.125","R0805_8k66"
"CRCW12068K66FKEA","Vishay","1206","8660.0000","1","±100","0.25","R1206_8k66"
"CRCW04028K87FKED","Vishay","0402","8870.0000","1","±100","0.063","R0402_8k87"
"CRCW08058K87FKEA","Vishay","0805","8870.0000","1","±100","0.125","R0805_8k87"
"CRCW06038K87FKEA","Vishay","0603","8870.0000","1","±100","0.1","R0603_8k87"
"CRCW12068K87FKEA","Vishay","1206","8870.0000","1","±100","0.25","R1206_8k87"
"CRCW04029K09FKED","Vishay","0402","9090.0000","1","±100","0.063","R0402_9k09"
"CRCW06039K09FKEA","Vishay","0603","9090.0000","1","±100","0.1","R0603_9k09"
"CRCW08059K09FKEA","Vishay","0805","9090.0000","1","±100","0.125","R0805_9k09"
"CRCW12069K09FKEA","Vishay","1206","9090.0000","1","±100","0.25","R1206_9k09"
"CRCW04029K10FKED","Vishay","0402","9100.0000","1","±100","0.063","R0402_9k10"
"CRCW06039K10FKEA","Vishay","0603","9100.0000","1","±100","0.1","R0603_9k10"
"CRCW08059K10FKEA","Vishay","0805","9100.0000","1","±100","0.125","R0805_9k10"
"CRCW12069K10FKEA","Vishay","1206","9100.0000","1","±100","0.25","R1206_9k10"
"CRCW06039K31FKEA","Vishay","0603","9310.0000","1","±100","0.1","R0603_9k31"
"CRCW08059K31FKEA","Vishay","0805","9310.0000","1","±100","0.125","R0805_9k31"
"CRCW04029K31FKED","Vishay","0402","9310.0000","1","±100","0.063","R0402_9k31"
"CRCW12069K31FKEA","Vishay","1206","9310.0000","1","±100","0.25","R1206_9k31"
"CRCW04029K53FKED","Vishay","0402","9530.0000","1","±100","0.063","R0402_9k53"
"CRCW06039K53FKEA","Vishay","0603","9530.0000","1","±100","0.1","R0603_9k53"
"CRCW08059K53FKEA","Vishay","0805","9530.0000","1","±100","0.125","R0805_9k53"
"CRCW12069K53FKEA","Vishay","1206","9530.0000","1","±100","0.25","R1206_9k53"
"CRCW06039K76FKEA","Vishay","0603","9760.0000","1","±100","0.1","R0603_9k76"
"CRCW08059K76FKEA","Vishay","0805","9760.0000","1","±100","0.125","R0805_9k76"
"CRCW04029K76FKED","Vishay","0402","9760.0000","1","±100","0.063","R0402_9k76"
"CRCW12069K76FKEA","Vishay","1206","9760.0000","1","±100","0.25","R1206_9k76"
"CRCW040210K0FKED","Vishay","0402","10000.0000","1","±100","0.063","R0402_10k"
"CRCW060310K0FKEA","Vishay","0603","10000.0000","1","±100","0.1","R0603_10k"
"CRCW080510K0FKEA","Vishay","0805","10000.0000","1","±100","0.125","R0805_10k"
"CRCW120610K0FKEA","Vishay","1206","10000.0000","1","±100","0.25","R1206_10k"
"CRCW040210K2FKED","Vishay","0402","10200.0000","1","±100","0.063","R0402_10k20"
"CRCW060310K2FKEA","Vishay","0603","10200.0000","1","±100","0.1","R0603_10k20"
"CRCW120610K2FKEA","Vishay","1206","10200.0000","1","±100","0.25","R1206_10k20"
"CRCW080510K2FKEA","Vishay","0805","10200.0000","1","±100","0.125","R0805_10k20"
"CRCW040210K5FKED","Vishay","0402","10500.0000","1","±100","0.063","R0402_10k50"
"CRCW080510K5FKEA","Vishay","0805","10500.0000","1","±100","0.125","R0805_10k50"
"CRCW060310K5FKEA","Vishay","0603","10500.0000","1","±100","0.1","R0603_10k50"
"CRCW120610K5FKEA","Vishay","1206","10500.0000","1","±100","0.25","R1206_10k50"
"CRCW040210K7FKED","Vishay","0402","10700.0000","1","±100","0.063","R0402_10k70"
"CRCW080510K7FKEA","Vishay","0805","10700.0000","1","±100","0.125","R0805_10k70"
"CRCW060310K7FKEA","Vishay","0603","10700.0000","1","±100","0.1","R0603_10k70"
"CRCW120610K7FKEA","Vishay","1206","10700.0000","1","±100","0.25","R1206_10k70"
"CRCW040211K0FKED","Vishay","0402","11000.0000","1","±100","0.063","R0402_11k"
"CRCW060311K0FKEA","Vishay","0603","11000.0000","1","±100","0.1","R0603_11k"
"CRCW080511K0FKEA","Vishay","0805","11000.0000","1","±100","0.125","R0805_11k"
"CRCW120611K0FKEA","Vishay","1206","11000.0000","1","±100","0.25","R1206_11k"
"CRCW060311K3FKEA","Vishay","0603","11300.0000","1","±100","0.1","R0603_11k30"
"CRCW120611K3FKEA","Vishay","1206","11300.0000","1","±100","0.25","R1206_11k30"
"CRCW040211K3FKED","Vishay","0402","11300.0000","1","±100","0.063","R0402_11k30"
"CRCW080511K3FKEA","Vishay","0805","11300.0000","1","±100","0.125","R0805_11k30"
"CRCW040211K5FKED","Vishay","0402","11500.0000","1","±100","0.063","R0402_11k50"
"CRCW080511K5FKEA","Vishay","0805","11500.0000","1","±100","0.125","R0805_11k50"
"CRCW120611K5FKEA","Vishay","1206","11500.0000","1","±100","0.25","R1206_11k50"
"CRCW060311K5FKEA","Vishay","0603","11500.0000","1","±100","0.1","R0603_11k50"
"CRCW040211K8FKED","Vishay","0402","11800.0000","1","±100","0.063","R0402_11k80"
"CRCW060311K8FKEA","Vishay","0603","11800.0000","1","±100","0.1","R0603_11k80"
"CRCW080511K8FKEA","Vishay","0805","11800.0000","1","±100","0.125","R0805_11k80"
"CRCW120611K8FKEA","Vishay","1206","11800.0000","1","±100","0.25","R1206_11k80"
"CRCW040212K0FKED","Vishay","0402","12000.0000","1","±100","0.063","R0402_12k"
"CRCW060312K0FKEA","Vishay","0603","12000.0000","1","±100","0.1","R0603_12k"
"CRCW080512K0FKEA","Vishay","0805","12000.0000","1","±100","0.125","R0805_12k"
"CRCW120612K0FKEA","Vishay","1206","12000.0000","1","±100","0.25","R1206_12k"
"CRCW040212K1FKED","Vishay","0402","12100.0000","1","±100","0.063","R0402_12k10"
"CRCW060312K1FKEA","Vishay","0603","12100.0000","1","±100","0.1","R0603_12k10"
"CRCW120612K1FKEA","Vishay","1206","12100.0000","1","±100","0.25","R1206_12k10"
"CRCW060312K4FKEA","Vishay","0603","12400.0000","1","±100","0.1","R0603_12k40"
"CRCW120612K4FKEA","Vishay","1206","12400.0000","1","±100","0.25","R1206_12k40"
"CRCW040212K4FKED","Vishay","0402","12400.0000","1","±100","0.063","R0402_12k40"
"CRCW080512K4FKEA","Vishay","0805","12400.0000","1","±100","0.125","R0805_12k40"
"CRCW040212K7FKED","Vishay","0402","12700.0000","1","±100","0.063","R0402_12k70"
"CRCW060312K7FKEA","Vishay","0603","12700.0000","1","±100","0.1","R0603_12k70"
"CRCW080512K7FKEA","Vishay","0805","12700.0000","1","±100","0.125","R0805_12k70"
"CRCW120612K7FKEA","Vishay","1206","12700.0000","1","±100","0.25","R1206_12k70"
"CRCW040213K0FKED","Vishay","0402","13000.0000","1","±100","0.063","R0402_13k"
"CRCW060313K0FKEA","Vishay","0603","13000.0000","1","±100","0.1","R0603_13k"
"CRCW080513K0FKEA","Vishay","0805","13000.0000","1","±100","0.125","R0805_13k"
"CRCW120613K0FKEA","Vishay","1206","13000.0000","1","±100","0.25","R1206_13k"
"CRCW040213K3FKED","Vishay","0402","13300.0000","1","±100","0.063","R0402_13k30"
"CRCW060313K3FKEA","Vishay","0603","13300.0000","1","±100","0.1","R0603_13k30"
"CRCW080513K3FKEA","Vishay","0805","13300.0000","1","±100","0.125","R0805_13k30"
"CRCW120613K3FKEA","Vishay","1206","13300.0000","1","±100","0.25","R1206_13k30"
"CRCW060313K7FKEA","Vishay","0603","13700.0000","1","±100","0.1","R0603_13k70"
"CRCW080513K7FKEA","Vishay","0805","13700.0000","1","±100","0.125","R0805_13k70"
"CRCW120613K7FKEA","Vishay","1206","13700.0000","1","±100","0.25","R1206_13k70"
"CRCW040213K7FKED","Vishay","0402","13700.0000","1","±100","0.063","R0402_13k70"
"CRCW040214K0FKED","Vishay","0402","14000.0000","1","±100","0.063","R0402_14k"
"CRCW060314K0FKEA","Vishay","0603","14000.0000","1","±100","0.1","R0603_14k"
"CRCW080514K0FKEA","Vishay","0805","14000.0000","1","±100","0.125","R0805_14k"
"CRCW120614K0FKEA","Vishay","1206","14000.0000","1","±100","0.25","R1206_14k"
"CRCW040214K3FKED","Vishay","0402","14300.0000","1","±100","0.063","R0402_14k30"
"CRCW060314K3FKEA","Vishay","0603","14300.0000","1","±100","0.1","R0603_14k30"
"CRCW080514K3FKEA","Vishay","0805","14300.0000","1","±100","0.125","R0805_14k30"
"CRCW120614K3FKEA","Vishay","1206","14300.0000","1","±100","0.25","R1206_14k30"
"CRCW040214K7FKED","Vishay","0402","14700.0000","1","±100","0.063","R0402_14k70"
"CRCW060314K7FKEA","Vishay","0603","14700.0000","1","±100","0.1","R0603_14k70"
"CRCW080514K7FKEA","Vishay","0805","14700.0000","1","±100","0.125","R0805_14k70"
"CRCW120614K7FKEA","Vishay","1206","14700.0000","1","±100","0.25","R1206_14k70"
"CRCW040215K0FKED","Vishay","0402","15000.0000","1","±100","0.063","R0402_15k"
"CRCW060315K0FKEA","Vishay","0603","15000.0000","1","±100","0.1","R0603_15k"
"CRCW080515K0FKEA","Vishay","0805","15000.0000","1","±100","0.125","R0805_15k"
"CRCW120615K0FKEA","Vishay","1206","15000.0000","1","±100","0.25","R1206_15k"
"CRCW040215K4FKED","Vishay","0402","15400.0000","1","±100","0.063","R0402_15k40"
"CRCW060315K4FKEA","Vishay","0603","15400.0000","1","±100","0.1","R0603_15k40"
"CRCW120615K4FKEA","Vishay","1206","15400.0000","1","±100","0.25","R1206_15k40"
"CRCW080515K4FKEA","Vishay","0805","15400.0000","1","±100","0.125","R0805_15k40"
"CRCW040215K8FKED","Vishay","0402","15800.0000","1","±100","0.063","R0402_15k80"
"CRCW060315K8FKEA","Vishay","0603","15800.0000","1","±100","0.1","R0603_15k80"
"CRCW080515K8FKEA","Vishay","0805","15800.0000","1","±100","0.125","R0805_15k80"
"CRCW120615K8FKEA","Vishay","1206","15800.0000","1","±100","0.25","R1206_15k80"
"CRCW040216K0FKED","Vishay","0402","16000.0000","1","±100","0.063","R0402_16k"
"CRCW060316K0FKEA","Vishay","0603","16000.0000","1","±100","0.1","R0603_16k"
"CRCW080516K0FKEA","Vishay","0805","16000.0000","1","±100","0.125","R0805_16k"
"CRCW120616K0FKEA","Vishay","1206","16000.0000","1","±100","0.25","R1206_16k"
"CRCW040216K2FKED","Vishay","0402","16200.0000","1","±100","0.063","R0402_16k20"
"CRCW060316K2FKEA","Vishay","0603","16200.0000","1","±100","0.1","R0603_16k20"
"CRCW080516K2FKEA","Vishay","0805","16200.0000","1","±100","0.125","R0805_16k20"
"CRCW120616K2FKEA","Vishay","1206","16200.0000","1","±100","0.25","R1206_16k20"
"CRCW060316K5FKEA","Vishay","0603","16500.0000","1","±100","0.1","R0603_16k50"
"CRCW120616K5FKEA","Vishay","1206","16500.0000","1","±100","0.25","R1206_16k50"
"CRCW040216K5FKED","Vishay","0402","16500.0000","1","±100","0.063","R0402_16k50"
"CRCW040216K9FKED","Vishay","0402","16900.0000","1","±100","0.063","R0402_16k90"
"CRCW060316K9FKEA","Vishay","0603","16900.0000","1","±100","0.1","R0603_16k90"
"CRCW080516K9FKEA","Vishay","0805","16900.0000","1","±100","0.125","R0805_16k90"
"CRCW120616K9FKEA","Vishay","1206","16900.0000","1","±100","0.25","R1206_16k90"
"CRCW060317K4FKEA","Vishay","0603","17400.0000","1","±100","0.1","R0603_17k40"
"CRCW080517K4FKEA","Vishay","0805","17400.0000","1","±100","0.125","R0805_17k40"
"CRCW040217K4FKED","Vishay","0402","17400.0000","1","±100","0.063","R0402_17k40"
"CRCW120617K4FKEA","Vishay","1206","17400.0000","1","±100","0.25","R1206_17k40"
"CRCW040217K8FKED","Vishay","0402","17800.0000","1","±100","0.063","R0402_17k80"
"CRCW060317K8FKEA","Vishay","0603","17800.0000","1","±100","0.1","R0603_17k80"
"CRCW080517K8FKEA","Vishay","0805","17800.0000","1","±100","0.125","R0805_17k80"
"CRCW120617K8FKEA","Vishay","1206","17800.0000","1","±100","0.25","R1206_17k80"
"CRCW040218K0FKED","Vishay","0402","18000.0000","1","±100","0.063","R0402_18k"
"CRCW060318K0FKEA","Vishay","0603","18000.0000","1","±100","0.1","R0603_18k"
"CRCW080518K0FKEA","Vishay","0805","18000.0000","1","±100","0.125","R0805_18k"
"CRCW120618K0FKEA","Vishay","1206","18000.0000","1","±100","0.25","R1206_18k"
"CRCW060318K2FKEA","Vishay","0603","18200.0000","1","±100","0.1","R0603_18k20"
"CRCW080518K2FKEA","Vishay","0805","18200.0000","1","±100","0.125","R0805_18k20"
"CRCW120618K2FKEA","Vishay","1206","18200.0000","1","±100","0.25","R1206_18k20"
"CRCW040218K7FKED","Vishay","0402","18700.0000","1","±100","0.063","R0402_18k70"
"CRCW080518K7FKEA","Vishay","0805","18700.0000","1","±100","0.125","R0805_18k70"
"CRCW120618K7FKEA","Vishay","1206","18700.0000","1","±100","0.25","R1206_18k70"
"CRCW060318K7FKEA","Vishay","0603","18700.0000","1","±100","0.1","R0603_18k70"
"CRCW040219K1FKED","Vishay","0402","19100.0000","1","±100","0.063","R0402_19k10"
"CRCW060319K1FKEA","Vishay","0603","19100.0000","1","±100","0.1","R0603_19k10"
"CRCW120619K1FKEA","Vishay","1206","19100.0000","1","±100","0.25","R1206_19k10"
"CRCW080519K1FKEA","Vishay","0805","19100.0000","1","±100","0.125","R0805_19k10"
"CRCW060319K6FKEA","Vishay","0603","19600.0000","1","±100","0.1","R0603_19k60"
"CRCW080519K6FKEA","Vishay","0805","19600.0000","1","±100","0.125","R0805_19k60"
"CRCW040219K6FKED","Vishay","0402","19600.0000","1","±100","0.063","R0402_19k60"
"CRCW120619K6FKEA","Vishay","1206","19600.0000","1","±100","0.25","R1206_19k60"
"CRCW060320K0FKEA","Vishay","0603","20000.0000","1","±100","0.1","R0603_20k"
"CRCW080520K0FKEA","Vishay","0805","20000.0000","1","±100","0.125","R0805_20k"
"CRCW120620K0FKEA","Vishay","1206","20000.0000","1","±100","0.25","R1206_20k"
"CRCW040220K0FKED","Vishay","0402","20000.0000","1","±100","0.063","R0402_20k"
"CRCW040220K5FKED","Vishay","0402","20500.0000","1","±100","0.063","R0402_20k50"
"CRCW060320K5FKEA","Vishay","0603","20500.0000","1","±100","0.1","R0603_20k50"
"CRCW080520K5FKEA","Vishay","0805","20500.0000","1","±100","0.125","R0805_20k50"
"CRCW120620K5FKEA","Vishay","1206","20500.0000","1","±100","0.25","R1206_20k50"
"CRCW040221K0FKED","Vishay","0402","21000.0000","1","±100","0.063","R0402_21k"
"CRCW060321K0FKEA","Vishay","0603","21000.0000","1","±100","0.1","R0603_21k"
"CRCW120621K0FKEA","Vishay","1206","21000.0000","1","±100","0.25","R1206_21k"
"CRCW080521K0FKEA","Vishay","0805","21000.0000","1","±100","0.125","R0805_21k"
"CRCW040221K5FKED","Vishay","0402","21500.0000","1","±100","0.063","R0402_21k50"
"CRCW080521K5FKEA","Vishay","0805","21500.0000","1","±100","0.125","R0805_21k50"
"CRCW120621K5FKEA","Vishay","1206","21500.0000","1","±100","0.25","R1206_21k50"
"CRCW060321K5FKEA","Vishay","0603","21500.0000","1","±100","0.1","R0603_21k50"
"CRCW060322K0FKEA","Vishay","0603","22000.0000","1","±100","0.1","R0603_22k"
"CRCW080522K0FKEA","Vishay","0805","22000.0000","1","±100","0.125","R0805_22k"
"CRCW040222K0FKED","Vishay","0402","22000.0000","1","±100","0.063","R0402_22k"
"CRCW120622K0FKEA","Vishay","1206","22000.0000","1","±100","0.25","R1206_22k"
"CRCW040222K1FKED","Vishay","0402","22100.0000","1","±100","0.063","R0402_22k10"
"CRCW060322K1FKEA","Vishay","0603","22100.0000","1","±100","0.1","R0603_22k10"
"CRCW080522K1FKEA","Vishay","0805","22100.0000","1","±100","0.125","R0805_22k10"
"CRCW120622K1FKEA","Vishay","1206","22100.0000","1","±100","0.25","R1206_22k10"
"CRCW040222K6FKED","Vishay","0402","22600.0000","1","±100","0.063","R0402_22k60"
"CRCW060322K6FKEA","Vishay","0603","22600.0000","1","±100","0.1","R0603_22k60"
"CRCW120622K6FKEA","Vishay","1206","22600.0000","1","±100","0.25","R1206_22k60"
"CRCW080522K6FKEA","Vishay","0805","22600.0000","1","±100","0.125","R0805_22k60"
"CRCW040223K2FKED","Vishay","0402","23200.0000","1","±100","0.063","R0402_23k20"
"CRCW120623K2FKEA","Vishay","1206","23200.0000","1","±100","0.25","R1206_23k20"
"CRCW060323K2FKEA","Vishay","0603","23200.0000","1","±100","0.1","R0603_23k20"
"CRCW080523K2FKEA","Vishay","0805","23200.0000","1","±100","0.125","R0805_23k20"
"CRCW040223K7FKED","Vishay","0402","23700.0000","1","±100","0.063","R0402_23k70"
"CRCW060323K7FKEA","Vishay","0603","23700.0000","1","±100","0.1","R0603_23k70"
"CRCW080523K7FKEA","Vishay","0805","23700.0000","1","±100","0.125","R0805_23k70"
"CRCW120623K7FKEA","Vishay","1206","23700.0000","1","±100","0.25","R1206_23k70"
"CRCW060324K0FKEA","Vishay","0603","24000.0000","1","±100","0.1","R0603_24k"
"CRCW120624K0FKEA","Vishay","1206","24000.0000","1","±100","0.25","R1206_24k"
"CRCW040224K0FKED","Vishay","0402","24000.0000","1","±100","0.063","R0402_24k"
"CRCW080524K0FKEA","Vishay","0805","24000.0000","1","±100","0.125","R0805_24k"
"CRCW060324K3FKEA","Vishay","0603","24300.0000","1","±100","0.1","R0603_24k30"
"CRCW040224K3FKED","Vishay","0402","24300.0000","1","±100","0.063","R0402_24k30"
"CRCW080524K3FKEA","Vishay","0805","24300.0000","1","±100","0.125","R0805_24k30"
"CRCW120624K3FKEA","Vishay","1206","24300.0000","1","±100","0.25","R1206_24k30"
"CRCW040224K9FKED","Vishay","0402","24900.0000","1","±100","0.063","R0402_24k90"
"CRCW060324K9FKEA","Vishay","0603","24900.0000","1","±100","0.1","R0603_24k90"
"CRCW080524K9FKEA","Vishay","0805","24900.0000","1","±100","0.125","R0805_24k90"
"CRCW120624K9FKEA","Vishay","1206","24900.0000","1","±100","0.25","R1206_24k90"
"CRCW040225K5FKED","Vishay","0402","25500.0000","1","±100","0.063","R0402_25k50"
"CRCW060325K5FKEA","Vishay","0603","25500.0000","1","±100","0.1","R0603_25k50"
"CRCW080525K5FKEA","Vishay","0805","25500.0000","1","±100","0.125","R0805_25k50"
"CRCW120625K5FKEA","Vishay","1206","25500.0000","1","±100","0.25","R1206_25k50"
"CRCW040226K1FKED","Vishay","0402","26100.0000","1","±100","0.063","R0402_26k10"
"CRCW120626K1FKEA","Vishay","1206","26100.0000","1","±100","0.25","R1206_26k10"
"CRCW080526K1FKEA","Vishay","0805","26100.0000","1","±100","0.125","R0805_26k10"
"CRCW060326K1FKEA","Vishay","0603","26100.0000","1","±100","0.1","R0603_26k10"
"CRCW120626K7FKEA","Vishay","1206","26700.0000","1","±100","0.25","R1206_26k70"
"CRCW060326K7FKEA","Vishay","0603","26700.0000","1","±100","0.1","R0603_26k70"
"CRCW040226K7FKED","Vishay","0402","26700.0000","1","±100","0.063","R0402_26k70"
"CRCW080526K7FKEA","Vishay","0805","26700.0000","1","±100","0.125","R0805_26k70"
"CRCW040227K0FKED","Vishay","0402","27000.0000","1","±100","0.063","R0402_27k"
"CRCW060327K0FKEA","Vishay","0603","27000.0000","1","±100","0.1","R0603_27k"
"CRCW080527K0FKEA","Vishay","0805","27000.0000","1","±100","0.125","R0805_27k"
"CRCW120627K0FKEA","Vishay","1206","27000.0000","1","±100","0.25","R1206_27k"
"CRCW040227K4FKED","Vishay","0402","27400.0000","1","±100","0.063","R0402_27k40"
"CRCW060327K4FKEA","Vishay","0603","27400.0000","1","±100","0.1","R0603_27k40"
"CRCW080527K4FKEA","Vishay","0805","27400.0000","1","±100","0.125","R0805_27k40"
"CRCW120627K4FKEA","Vishay","1206","27400.0000","1","±100","0.25","R1206_27k40"
"CRCW040228K0FKED","Vishay","0402","28000.0000","1","±100","0.063","R0402_28k"
"CRCW060328K0FKEA","Vishay","0603","28000.0000","1","±100","0.1","R0603_28k"
"CRCW080528K0FKEA","Vishay","0805","28000.0000","1","±100","0.125","R0805_28k"
"CRCW120628K0FKEA","Vishay","1206","28000.0000","1","±100","0.25","R1206_28k"
"CRCW040228K7FKED","Vishay","0402","28700.0000","1","±100","0.063","R0402_28k70"
"CRCW060328K7FKEA","Vishay","0603","28700.0000","1","±100","0.1","R0603_28k70"
"CRCW080528K7FKEA","Vishay","0805","28700.0000","1","±100","0.125","R0805_28k70"
"CRCW120628K7FKEA","Vishay","1206","28700.0000","1","±100","0.25","R1206_28k70"
"CRCW060329K4FKEA","Vishay","0603","29400.0000","1","±100","0.1","R0603_29k40"
"CRCW120629K4FKEA","Vishay","1206","29400.0000","1","±100","0.25","R1206_29k40"
"CRCW080529K4FKEA","Vishay","0805","29400.0000","1","±100","0.125","R0805_29k40"
"CRCW040229K4FKED","Vishay","0402","29400.0000","1","±100","0.063","R0402_29k40"
"CRCW040230K0FKED","Vishay","0402","30000.0000","1","±100","0.063","R0402_30k"
"CRCW060330K0FKEA","Vishay","0603","30000.0000","1","±100","0.1","R0603_30k"
"CRCW120630K0FKEA","Vishay","1206","30000.0000","1","±100","0.25","R1206_30k"
"CRCW080530K0FKEA","Vishay","0805","30000.0000","1","±100","0.125","R0805_30k"
"CRCW040230K1FKED","Vishay","0402","30100.0000","1","±100","0.063","R0402_30k10"
"CRCW060330K1FKEA","Vishay","0603","30100.0000","1","±100","0.1","R0603_30k10"
"CRCW080530K1FKEA","Vishay","0805","30100.0000","1","±100","0.125","R0805_30k10"
"CRCW120630K1FKEA","Vishay","1206","30100.0000","1","±100","0.25","R1206_30k10"
"CRCW040230K9FKED","Vishay","0402","30900.0000","1","±100","0.063","R0402_30k90"
"CRCW080530K9FKEA","Vishay","0805","30900.0000","1","±100","0.125","R0805_30k90"
"CRCW120630K9FKEA","Vishay","1206","30900.0000","1","±100","0.25","R1206_30k90"
"CRCW060330K9FKEA","Vishay","0603","30900.0000","1","±100","0.1","R0603_30k90"
"CRCW060331K6FKEA","Vishay","0603","31600.0000","1","±100","0.1","R0603_31k60"
"CRCW120631K6FKEA","Vishay","1206","31600.0000","1","±100","0.25","R1206_31k60"
"CRCW040231K6FKED","Vishay","0402","31600.0000","1","±100","0.063","R0402_31k60"
"CRCW080531K6FKEA","Vishay","0805","31600.0000","1","±100","0.125","R0805_31k60"
"CRCW060332K4FKEA","Vishay","0603","32400.0000","1","±100","0.1","R0603_32k40"
"CRCW040232K4FKED","Vishay","0402","32400.0000","1","±100","0.063","R0402_32k40"
"CRCW120632K4FKEA","Vishay","1206","32400.0000","1","±100","0.25","R1206_32k40"
"CRCW080532K4FKEA","Vishay","0805","32400.0000","1","±100","0.125","R0805_32k40"
"CRCW040233K0FKED","Vishay","0402","33000.0000","1","±100","0.063","R0402_33k"
"CRCW060333K0FKEA","Vishay","0603","33000.0000","1","±100","0.1","R0603_33k"
"CRCW080533K0FKEA","Vishay","0805","33000.0000","1","±100","0.125","R0805_33k"
"CRCW120633K0FKEA","Vishay","1206","33000.0000","1","±100","0.25","R1206_33k"
"CRCW040233K2FKED","Vishay","0402","33200.0000","1","±100","0.063","R0402_33k20"
"CRCW060333K2FKEA","Vishay","0603","33200.0000","1","±100","0.1","R0603_33k20"
"CRCW080533K2FKEA","Vishay","0805","33200.0000","1","±100","0.125","R0805_33k20"
"CRCW040234K0FKED","Vishay","0402","34000.0000","1","±100","0.063","R0402_34k"
"CRCW120634K0FKEA","Vishay","1206","34000.0000","1","±100","0.25","R1206_34k"
"CRCW080534K0FKEA","Vishay","0805","34000.0000","1","±100","0.125","R0805_34k"
"CRCW060334K0FKEA","Vishay","0603","34000.0000","1","±100","0.1","R0603_34k"
"CRCW060334K8FKEA","Vishay","0603","34800.0000","1","±100","0.1","R0603_34k80"
"CRCW080534K8FKEA","Vishay","0805","34800.0000","1","±100","0.125","R0805_34k80"
"CRCW120634K8FKEA","Vishay","1206","34800.0000","1","±100","0.25","R1206_34k80"
"CRCW040234K8FKED","Vishay","0402","34800.0000","1","±100","0.063","R0402_34k80"
"CRCW060335K7FKEA","Vishay","0603","35700.0000","1","±100","0.1","R0603_35k70"
"CRCW080535K7FKEA","Vishay","0805","35700.0000","1","±100","0.125","R0805_35k70"
"CRCW120635K7FKEA","Vishay","1206","35700.0000","1","±100","0.25","R1206_35k70"
"CRCW040235K7FKED","Vishay","0402","35700.0000","1","±100","0.063","R0402_35k70"
"CRCW040236K0FKED","Vishay","0402","36000.0000","1","±100","0.063","R0402_36k"
"CRCW060336K0FKEA","Vishay","0603","36000.0000","1","±100","0.1","R0603_36k"
"CRCW080536K0FKEA","Vishay","0805","36000.0000","1","±100","0.125","R0805_36k"
"CRCW120636K0FKEA","Vishay","1206","36000.0000","1","±100","0.25","R1206_36k"
"CRCW040236K5FKED","Vishay","0402","36500.0000","1","±100","0.063","R0402_36k50"
"CRCW060336K5FKEA","Vishay","0603","36500.0000","1","±100","0.1","R0603_36k50"
"CRCW120636K5FKEA","Vishay","1206","36500.0000","1","±100","0.25","R1206_36k50"
"CRCW080536K5FKEA","Vishay","0805","36500.0000","1","±100","0.125","R0805_36k50"
"CRCW040237K4FKED","Vishay","0402","37400.0000","1","±100","0.063","R0402_37k40"
"CRCW060337K4FKEA","Vishay","0603","37400.0000","1","±100","0.1","R0603_37k40"
"CRCW080537K4FKEA","Vishay","0805","37400.0000","1","±100","0.125","R0805_37k40"
"CRCW120637K4FKEA","Vishay","1206","37400.0000","1","±100","0.25","R1206_37k40"
"CRCW040238K3FKED","Vishay","0402","38300.0000","1","±100","0.063","R0402_38k30"
"CRCW060338K3FKEA","Vishay","0603","38300.0000","1","±100","0.1","R0603_38k30"
"CRCW080538K3FKEA","Vishay","0805","38300.0000","1","±100","0.125","R0805_38k30"
"CRCW120638K3FKEA","Vishay","1206","38300.0000","1","±100","0.25","R1206_38k30"
"CRCW040239K0FKED","Vishay","0402","39000.0000","1","±100","0.063","R0402_39k"
"CRCW060339K0FKEA","Vishay","0603","39000.0000","1","±100","0.1","R0603_39k"
"CRCW080539K0FKEA","Vishay","0805","39000.0000","1","±100","0.125","R0805_39k"
"CRCW120639K0FKEA","Vishay","1206","39000.0000","1","±100","0.25","R1206_39k"
"CRCW040239K2FKED","Vishay","0402","39200.0000","1","±100","0.063","R0402_39k20"
"CRCW080539K2FKEA","Vishay","0805","39200.0000","1","±100","0.125","R0805_39k20"
"CRCW120639K2FKEA","Vishay","1206","39200.0000","1","±100","0.25","R1206_39k20"
"CRCW060339K2FKEA","Vishay","0603","39200.0000","1","±100","0.1","R0603_39k20"
"CRCW040240K2FKED","Vishay","0402","40200.0000","1","±100","0.063","R0402_40k20"
"CRCW060340K2FKEA","Vishay","0603","40200.0000","1","±100","0.1","R0603_40k20"
"CRCW080540K2FKEA","Vishay","0805","40200.0000","1","±100","0.125","R0805_40k20"
"CRCW120640K2FKEA","Vishay","1206","40200.0000","1","±100","0.25","R1206_40k20"
"CRCW040241K2FKED","Vishay","0402","41200.0000","1","±100","0.063","R0402_41k20"
"CRCW060341K2FKEA","Vishay","0603","41200.0000","1","±100","0.1","R0603_41k20"
"CRCW120641K2FKEA","Vishay","1206","41200.0000","1","±100","0.25","R1206_41k20"
"CRCW080541K2FKEA","Vishay","0805","41200.0000","1","±100","0.125","R0805_41k20"
"CRCW040242K2FKED","Vishay","0402","42200.0000","1","±100","0.063","R0402_42k20"
"CRCW060342K2FKEA","Vishay","0603","42200.0000","1","±100","0.1","R0603_42k20"
"CRCW080542K2FKEA","Vishay","0805","42200.0000","1","±100","0.125","R0805_42k20"
"CRCW120642K2FKEA","Vishay","1206","42200.0000","1","±100","0.25","R1206_42k20"
"CRCW040243K0FKED","Vishay","0402","43000.0000","1","±100","0.063","R0402_43k"
"CRCW060343K0FKEA","Vishay","0603","43000.0000","1","±100","0.1","R0603_43k"
"CRCW080543K0FKEA","Vishay","0805","43000.0000","1","±100","0.125","R0805_43k"
"CRCW120643K0FKEA","Vishay","1206","43000.0000","1","±100","0.25","R1206_43k"
"CRCW040243K2FKED","Vishay","0402","43200.0000","1","±100","0.063","R0402_43k20"
"CRCW060343K2FKEA","Vishay","0603","43200.0000","1","±100","0.1","R0603_43k20"
"CRCW080543K2FKEA","Vishay","0805","43200.0000","1","±100","0.125","R0805_43k20"
"CRCW120643K2FKEA","Vishay","1206","43200.0000","1","±100","0.25","R1206_43k20"
"CRCW040244K2FKED","Vishay","0402","44200.0000","1","±100","0.063","R0402_44k20"
"CRCW060344K2FKEA","Vishay","0603","44200.0000","1","±100","0.1","R0603_44k20"
"CRCW080544K2FKEA","Vishay","0805","44200.0000","1","±100","0.125","R0805_44k20"
"CRCW120644K2FKEA","Vishay","1206","44200.0000","1","±100","0.25","R1206_44k20"
"CRCW040245K3FKED","Vishay","0402","45300.0000","1","±100","0.063","R0402_45k30"
"CRCW060345K3FKEA","Vishay","0603","45300.0000","1","±100","0.1","R0603_45k30"
"CRCW080545K3FKEA","Vishay","0805","45300.0000","1","±100","0.125","R0805_45k30"
"CRCW120645K3FKEA","Vishay","1206","45300.0000","1","±100","0.25","R1206_45k30"
"CRCW040246K4FKED","Vishay","0402","46400.0000","1","±100","0.063","R0402_46k40"
"CRCW060346K4FKEA","Vishay","0603","46400.0000","1","±100","0.1","R0603_46k40"
"CRCW080546K4FKEA","Vishay","0805","46400.0000","1","±100","0.125","R0805_46k40"
"CRCW120646K4FKEA","Vishay","1206","46400.0000","1","±100","0.25","R1206_46k40"
"CRCW040247K0FKED","Vishay","0402","47000.0000","1","±100","0.063","R0402_47k"
"CRCW060347K0FKEA","Vishay","0603","47000.0000","1","±100","0.1","R0603_47k"
"CRCW080547K0FKEA","Vishay","0805","47000.0000","1","±100","0.125","R0805_47k"
"CRCW060347K5FKEA","Vishay","0603","47500.0000","1","±100","0.1","R0603_47k50"
"CRCW080547K5FKEA","Vishay","0805","47500.0000","1","±100","0.125","R0805_47k50"
"CRCW120647K5FKEA","Vishay","1206","47500.0000","1","±100","0.25","R1206_47k50"
"CRCW040247K5FKED","Vishay","0402","47500.0000","1","±100","0.063","R0402_47k50"
"CRCW040248K7FKED","Vishay","0402","48700.0000","1","±100","0.063","R0402_48k70"
"CRCW060348K7FKEA","Vishay","0603","48700.0000","1","±100","0.1","R0603_48k70"
"CRCW120648K7FKEA","Vishay","1206","48700.0000","1","±100","0.25","R1206_48k70"
"CRCW080548K7FKEA","Vishay","0805","48700.0000","1","±100","0.125","R0805_48k70"
"CRCW060349K9FKEA","Vishay","0603","49900.0000","1","±100","0.1","R0603_49k90"
"CRCW080549K9FKEA","Vishay","0805","49900.0000","1","±100","0.125","R0805_49k90"
"CRCW120649K9FKEA","Vishay","1206","49900.0000","1","±100","0.25","R1206_49k90"
"CRCW040249K9FKED","Vishay","0402","49900.0000","1","±100","0.063","R0402_49k90"
"CRCW080551K0FKEA","Vishay","0805","51000.0000","1","±100","0.125","R0805_51k"
"CRCW040251K0FKED","Vishay","0402","51000.0000","1","±100","0.063","R0402_51k"
"CRCW060351K0FKEA","Vishay","0603","51000.0000","1","±100","0.1","R0603_51k"
"CRCW120651K0FKEA","Vishay","1206","51000.0000","1","±100","0.25","R1206_51k"
"CRCW060351K1FKEA","Vishay","0603","51100.0000","1","±100","0.1","R0603_51k10"
"CRCW080551K1FKEA","Vishay","0805","51100.0000","1","±100","0.125","R0805_51k10"
"CRCW040251K1FKED","Vishay","0402","51100.0000","1","±100","0.063","R0402_51k10"
"CRCW120651K1FKEA","Vishay","1206","51100.0000","1","±100","0.25","R1206_51k10"
"CRCW040252K3FKED","Vishay","0402","52300.0000","1","±100","0.063","R0402_52k30"
"CRCW080552K3FKEA","Vishay","0805","52300.0000","1","±100","0.125","R0805_52k30"
"CRCW120652K3FKEA","Vishay","1206","52300.0000","1","±100","0.25","R1206_52k30"
"CRCW060352K3FKEA","Vishay","0603","52300.0000","1","±100","0.1","R0603_52k30"
"CRCW040253K6FKED","Vishay","0402","53600.0000","1","±100","0.063","R0402_53k60"
"CRCW060353K6FKEA","Vishay","0603","53600.0000","1","±100","0.1","R0603_53k60"
"CRCW120653K6FKEA","Vishay","1206","53600.0000","1","±100","0.25","R1206_53k60"
"CRCW080553K6FKEA","Vishay","0805","53600.0000","1","±100","0.125","R0805_53k60"
"CRCW060354K9FKEA","Vishay","0603","54900.0000","1","±100","0.1","R0603_54k90"
"CRCW080554K9FKEA","Vishay","0805","54900.0000","1","±100","0.125","R0805_54k90"
"CRCW120654K9FKEA","Vishay","1206","54900.0000","1","±100","0.25","R1206_54k90"
"CRCW040254K9FKED","Vishay","0402","54900.0000","1","±100","0.063","R0402_54k90"
"CRCW040256K0FKED","Vishay","0402","56000.0000","1","±100","0.063","R0402_56k"
"CRCW060356K0FKEA","Vishay","0603","56000.0000","1","±100","0.1","R0603_56k"
"CRCW080556K0FKEA","Vishay","0805","56000.0000","1","±100","0.125","R0805_56k"
"CRCW120656K0FKEA","Vishay","1206","56000.0000","1","±100","0.25","R1206_56k"
"CRCW040256K2FKED","Vishay","0402","56200.0000","1","±100","0.063","R0402_56k20"
"CRCW060356K2FKEA","Vishay","0603","56200.0000","1","±100","0.1","R0603_56k20"
"CRCW080556K2FKEA","Vishay","0805","56200.0000","1","±100","0.125","R0805_56k20"
"CRCW120656K2FKEA","Vishay","1206","56200.0000","1","±100","0.25","R1206_56k20"
"CRCW040257K6FKED","Vishay","0402","57600.0000","1","±100","0.063","R0402_57k60"
"CRCW060357K6FKEA","Vishay","0603","57600.0000","1","±100","0.1","R0603_57k60"
"CRCW080557K6FKEA","Vishay","0805","57600.0000","1","±100","0.125","R0805_57k60"
"CRCW120657K6FKEA","Vishay","1206","57600.0000","1","±100","0.25","R1206_57k60"
"CRCW040259K0FKED","Vishay","0402","59000.0000","1","±100","0.063","R0402_59k"
"CRCW060359K0FKEA","Vishay","0603","59000.0000","1","±100","0.1","R0603_59k"
"CRCW080559K0FKEA","Vishay","0805","59000.0000","1","±100","0.125","R0805_59k"
"CRCW120659K0FKEA","Vishay","1206","59000.0000","1","±100","0.25","R1206_59k"
"CRCW040260K4FKED","Vishay","0402","60400.0000","1","±100","0.063","R0402_60k40"
"CRCW060360K4FKEA","Vishay","0603","60400.0000","1","±100","0.1","R0603_60k40"
"CRCW080560K4FKEA","Vishay","0805","60400.0000","1","±100","0.125","R0805_60k40"
"CRCW120660K4FKEA","Vishay","1206","60400.0000","1","±100","0.25","R1206_60k40"
"CRCW060361K9FKEA","Vishay","0603","61900.0000","1","±100","0.1","R0603_61k90"
"CRCW080561K9FKEA","Vishay","0805","61900.0000","1","±100","0.125","R0805_61k90"
"CRCW040261K9FKED","Vishay","0402","61900.0000","1","±100","0.063","R0402_61k90"
"CRCW120661K9FKEA","Vishay","1206","61900.0000","1","±100","0.25","R1206_61k90"
"CRCW060362K0FKEA","Vishay","0603","62000.0000","1","±100","0.1","R0603_62k"
"CRCW040262K0FKED","Vishay","0402","62000.0000","1","±100","0.063","R0402_62k"
"CRCW080562K0FKEA","Vishay","0805","62000.0000","1","±100","0.125","R0805_62k"
"CRCW120662K0FKEA","Vishay","1206","62000.0000","1","±100","0.25","R1206_62k"
"CRCW040263K4FKED","Vishay","0402","63400.0000","1","±100","0.063","R0402_63k40"
"CRCW060363K4FKEA","Vishay","0603","63400.0000","1","±100","0.1","R0603_63k40"
"CRCW080563K4FKEA","Vishay","0805","63400.0000","1","±100","0.125","R0805_63k40"
"CRCW120663K4FKEA","Vishay","1206","63400.0000","1","±100","0.25","R1206_63k40"
"CRCW040264K9FKED","Vishay","0402","64900.0000","1","±100","0.063","R0402_64k90"
"CRCW060364K9FKEA","Vishay","0603","64900.0000","1","±100","0.1","R0603_64k90"
"CRCW120664K9FKEA","Vishay","1206","64900.0000","1","±100","0.25","R1206_64k90"
"CRCW080564K9FKEA","Vishay","0805","64900.0000","1","±100","0.125","R0805_64k90"
"CRCW040266K5FKED","Vishay","0402","66500.0000","1","±100","0.063","R0402_66k50"
"CRCW060366K5FKEA","Vishay","0603","66500.0000","1","±100","0.1","R0603_66k50"
"CRCW080566K5FKEA","Vishay","0805","66500.0000","1","±100","0.125","R0805_66k50"
"CRCW120666K5FKEA","Vishay","1206","66500.0000","1","±100","0.25","R1206_66k50"
"CRCW040268K0FKED","Vishay","0402","68000.0000","1","±100","0.063","R0402_68k"
"CRCW060368K0FKEA","Vishay","0603","68000.0000","1","±100","0.1","R0603_68k"
"CRCW080568K0FKEA","Vishay","0805","68000.0000","1","±100","0.125","R0805_68k"
"CRCW120668K0FKEA","Vishay","1206","68000.0000","1","±100","0.25","R1206_68k"
"CRCW040268K1FKED","Vishay","0402","68100.0000","1","±100","0.063","R0402_68k10"
"CRCW060368K1FKEA","Vishay","0603","68100.0000","1","±100","0.1","R0603_68k10"
"CRCW080568K1FKEA","Vishay","0805","68100.0000","1","±100","0.125","R0805_68k10"
"CRCW120668K1FKEA","Vishay","1206","68100.0000","1","±100","0.25","R1206_68k10"
"CRCW040269K8FKED","Vishay","0402","69800.0000","1","±100","0.063","R0402_69k80"
"CRCW060369K8FKEA","Vishay","0603","69800.0000","1","±100","0.1","R0603_69k80"
"CRCW080569K8FKEA","Vishay","0805","69800.0000","1","±100","0.125","R0805_69k80"
"CRCW120669K8FKEA","Vishay","1206","69800.0000","1","±100","0.25","R1206_69k80"
"CRCW040271K5FKED","Vishay","0402","71500.0000","1","±100","0.063","R0402_71k50"
"CRCW060371K5FKEA","Vishay","0603","71500.0000","1","±100","0.1","R0603_71k50"
"CRCW080571K5FKEA","Vishay","0805","71500.0000","1","±100","0.125","R0805_71k50"
"CRCW120671K5FKEA","Vishay","1206","71500.0000","1","±100","0.25","R1206_71k50"
"CRCW040273K2FKED","Vishay","0402","73200.0000","1","±100","0.063","R0402_73k20"
"CRCW060373K2FKEA","Vishay","0603","73200.0000","1","±100","0.1","R0603_73k20"
"CRCW120673K2FKEA","Vishay","1206","73200.0000","1","±100","0.25","R1206_73k20"
"CRCW080573K2FKEA","Vishay","0805","73200.0000","1","±100","0.125","R0805_73k20"
"CRCW040275K0FKED","Vishay","0402","75000.0000","1","±100","0.063","R0402_75k"
"CRCW060375K0FKEA","Vishay","0603","75000.0000","1","±100","0.1","R0603_75k"
"CRCW080575K0FKEA","Vishay","0805","75000.0000","1","±100","0.125","R0805_75k"
"CRCW120675K0FKEA","Vishay","1206","75000.0000","1","±100","0.25","R1206_75k"
"CRCW040276K8FKED","Vishay","0402","76800.0000","1","±100","0.063","R0402_76k80"
"CRCW060376K8FKEA","Vishay","0603","76800.0000","1","±100","0.1","R0603_76k80"
"CRCW080576K8FKEA","Vishay","0805","76800.0000","1","±100","0.125","R0805_76k80"
"CRCW120676K8FKEA","Vishay","1206","76800.0000","1","±100","0.25","R1206_76k80"
"CRCW040278K7FKED","Vishay","0402","78700.0000","1","±100","0.063","R0402_78k70"
"CRCW060378K7FKEA","Vishay","0603","78700.0000","1","±100","0.1","R0603_78k70"
"CRCW080578K7FKEA","Vishay","0805","78700.0000","1","±100","0.125","R0805_78k70"
"CRCW120678K7FKEA","Vishay","1206","78700.0000","1","±100","0.25","R1206_78k70"
"CRCW040280K6FKED","Vishay","0402","80600.0000","1","±100","0.063","R0402_80k60"
"CRCW060380K6FKEA","Vishay","0603","80600.0000","1","±100","0.1","R0603_80k60"
"CRCW080580K6FKEA","Vishay","0805","80600.0000","1","±100","0.125","R0805_80k60"
"CRCW120680K6FKEA","Vishay","1206","80600.0000","1","±100","0.25","R1206_80k60"
"CRCW060382K0FKEA","Vishay","0603","82000.0000","1","±100","0.1","R0603_82k"
"CRCW120682K0FKEA","Vishay","1206","82000.0000","1","±100","0.25","R1206_82k"
"CRCW040282K0FKED","Vishay","0402","82000.0000","1","±100","0.063","R0402_82k"
"CRCW080582K0FKEA","Vishay","0805","82000.0000","1","±100","0.125","R0805_82k"
"CRCW060382K5FKEA","Vishay","0603","82500.0000","1","±100","0.1","R0603_82k50"
"CRCW080582K5FKEA","Vishay","0805","82500.0000","1","±100","0.125","R0805_82k50"
"CRCW120682K5FKEA","Vishay","1206","82500.0000","1","±100","0.25","R1206_82k50"
"CRCW040282K5FKED","Vishay","0402","82500.0000","1","±100","0.063","R0402_82k50"
"CRCW040284K5FKED","Vishay","0402","84500.0000","1","±100","0.063","R0402_84k50"
"CRCW060384K5FKEA","Vishay","0603","84500.0000","1","±100","0.1","R0603_84k50"
"CRCW120684K5FKEA","Vishay","1206","84500.0000","1","±100","0.25","R1206_84k50"
"CRCW080584K5FKEA","Vishay","0805","84500.0000","1","±100","0.125","R0805_84k50"
"CRCW040286K6FKED","Vishay","0402","86600.0000","1","±100","0.063","R0402_86k60"
"CRCW060386K6FKEA","Vishay","0603","86600.0000","1","±100","0.1","R0603_86k60"
"CRCW080586K6FKEA","Vishay","0805","86600.0000","1","±100","0.125","R0805_86k60"
"CRCW120686K6FKEA","Vishay","1206","86600.0000","1","±100","0.25","R1206_86k60"
"CRCW040288K7FKED","Vishay","0402","88700.0000","1","±100","0.063","R0402_88k70"
"CRCW060388K7FKEA","Vishay","0603","88700.0000","1","±100","0.1","R0603_88k70"
"CRCW120688K7FKEA","Vishay","1206","88700.0000","1","±100","0.25","R1206_88k70"
"CRCW080588K7FKEA","Vishay","0805","88700.0000","1","±100","0.125","R0805_88k70"
"CRCW040290K9FKED","Vishay","0402","90900.0000","1","±100","0.063","R0402_90k90"
"CRCW060390K9FKEA","Vishay","0603","90900.0000","1","±100","0.1","R0603_90k90"
"CRCW080590K9FKEA","Vishay","0805","90900.0000","1","±100","0.125","R0805_90k90"
"CRCW120690K9FKEA","Vishay","1206","90900.0000","1","±100","0.25","R1206_90k90"
"CRCW060391K0FKEA","Vishay","0603","91000.0000","1","±100","0.1","R0603_91k"
"CRCW040291K0FKED","Vishay","0402","91000.0000","1","±100","0.063","R0402_91k"
"CRCW120691K0FKEA","Vishay","1206","91000.0000","1","±100","0.25","R1206_91k"
"CRCW080591K0FKEA","Vishay","0805","91000.0000","1","±100","0.125","R0805_91k"
"CRCW080593K1FKEA","Vishay","0805","93100.0000","1","±100","0.125","R0805_93k10"
"CRCW060393K1FKEA","Vishay","0603","93100.0000","1","±100","0.1","R0603_93k10"
"CRCW040293K1FKED","Vishay","0402","93100.0000","1","±100","0.063","R0402_93k10"
"CRCW120693K1FKEA","Vishay","1206","93100.0000","1","±100","0.25","R1206_93k10"
"CRCW040295K3FKED","Vishay","0402","95300.0000","1","±100","0.063","R0402_95k30"
"CRCW060395K3FKEA","Vishay","0603","95300.0000","1","±100","0.1","R0603_95k30"
"CRCW120695K3FKEA","Vishay","1206","95300.0000","1","±100","0.25","R1206_95k30"
"CRCW080595K3FKEA","Vishay","0805","95300.0000","1","±100","0.125","R0805_95k30"
"CRCW060397K6FKEA","Vishay","0603","97600.0000","1","±100","0.1","R0603_97k60"
"CRCW040297K6FKED","Vishay","0402","97600.0000","1","±100","0.063","R0402_97k60"
"CRCW080597K6FKEA","Vishay","0805","97600.0000","1","±100","0.125","R0805_97k60"
"CRCW120697K6FKEA","Vishay","1206","97600.0000","1","±100","0.25","R1206_97k60"
"CRCW0402100KFKED","Vishay","0402","100000.0000","1","±100","0.063","R0402_100k"
"CRCW0603100KFKEA","Vishay","0603","100000.0000","1","±100","0.1","R0603_100k"
"CRCW0805100KFKEA","Vishay","0805","100000.0000","1","±100","0.125","R0805_100k"
"CRCW0402102KFKED","Vishay","0402","102000.0000","1","±100","0.063","R0402_102k"
"CRCW0603102KFKEA","Vishay","0603","102000.0000","1","±100","0.1","R0603_102k"
"CRCW0805102KFKEA","Vishay","0805","102000.0000","1","±100","0.125","R0805_102k"
"CRCW1206102KFKEA","Vishay","1206","102000.0000","1","±100","0.25","R1206_102k"
"CRCW0402105KFKED","Vishay","0402","105000.0000","1","±100","0.063","R0402_105k"
"CRCW0603105KFKEA","Vishay","0603","105000.0000","1","±100","0.1","R0603_105k"
"CRCW0805105KFKEA","Vishay","0805","105000.0000","1","±100","0.125","R0805_105k"
"CRCW1206105KFKEA","Vishay","1206","105000.0000","1","±100","0.25","R1206_105k"
"CRCW0402107KFKED","Vishay","0402","107000.0000","1","±100","0.063","R0402_107k"
"CRCW0603107KFKEA","Vishay","0603","107000.0000","1","±100","0.1","R0603_107k"
"CRCW0805107KFKEA","Vishay","0805","107000.0000","1","±100","0.125","R0805_107k"
"CRCW1206107KFKEA","Vishay","1206","107000.0000","1","±100","0.25","R1206_107k"
"CRCW0402110KFKED","Vishay","0402","110000.0000","1","±100","0.063","R0402_110k"
"CRCW0603110KFKEA","Vishay","0603","110000.0000","1","±100","0.1","R0603_110k"
"CRCW0805110KFKEA","Vishay","0805","110000.0000","1","±100","0.125","R0805_110k"
"CRCW1206110KFKEA","Vishay","1206","110000.0000","1","±100","0.25","R1206_110k"
"CRCW0805113KFKEA","Vishay","0805","113000.0000","1","±100","0.125","R0805_113k"
"CRCW1206113KFKEA","Vishay","1206","113000.0000","1","±100","0.25","R1206_113k"
"CRCW0603113KFKEA","Vishay","0603","113000.0000","1","±100","0.1","R0603_113k"
"CRCW0402113KFKED","Vishay","0402","113000.0000","1","±100","0.063","R0402_113k"
"CRCW0603115KFKEA","Vishay","0603","115000.0000","1","±100","0.1","R0603_115k"
"CRCW0805115KFKEA","Vishay","0805","115000.0000","1","±100","0.125","R0805_115k"
"CRCW1206115KFKEA","Vishay","1206","115000.0000","1","±100","0.25","R1206_115k"
"CRCW0402115KFKED","Vishay","0402","115000.0000","1","±100","0.063","R0402_115k"
"CRCW0603118KFKEA","Vishay","0603","118000.0000","1","±100","0.1","R0603_118k"
"CRCW0402118KFKED","Vishay","0402","118000.0000","1","±100","0.063","R0402_118k"
"CRCW0805118KFKEA","Vishay","0805","118000.0000","1","±100","0.125","R0805_118k"
"CRCW1206118KFKEA","Vishay","1206","118000.0000","1","±100","0.25","R1206_118k"
"CRCW0603120KFKEA","Vishay","0603","120000.0000","1","±100","0.1","R0603_120k"
"CRCW0402120KFKED","Vishay","0402","120000.0000","1","±100","0.063","R0402_120k"
"CRCW1206120KFKEA","Vishay","1206","120000.0000","1","±100","0.25","R1206_120k"
"CRCW0805120KFKEA","Vishay","0805","120000.0000","1","±100","0.125","R0805_120k"
"CRCW0402121KFKED","Vishay","0402","121000.0000","1","±100","0.063","R0402_121k"
"CRCW0603121KFKEA","Vishay","0603","121000.0000","1","±100","0.1","R0603_121k"
"CRCW0805121KFKEA","Vishay","0805","121000.0000","1","±100","0.125","R0805_121k"
"CRCW1206121KFKEA","Vishay","1206","121000.0000","1","±100","0.25","R1206_121k"
"CRCW0603124KFKEA","Vishay","0603","124000.0000","1","±100","0.1","R0603_124k"
"CRCW1206124KFKEA","Vishay","1206","124000.0000","1","±100","0.25","R1206_124k"
"CRCW0402124KFKED","Vishay","0402","124000.0000","1","±100","0.063","R0402_124k"
"CRCW0805124KFKEA","Vishay","0805","124000.0000","1","±100","0.125","R0805_124k"
"CRCW0402127KFKED","Vishay","0402","127000.0000","1","±100","0.063","R0402_127k"
"CRCW0603127KFKEA","Vishay","0603","127000.0000","1","±100","0.1","R0603_127k"
"CRCW0805127KFKEA","Vishay","0805","127000.0000","1","±100","0.125","R0805_127k"
"CRCW1206127KFKEA","Vishay","1206","127000.0000","1","±100","0.25","R1206_127k"
"CRCW0402130KFKED","Vishay","0402","130000.0000","1","±100","0.063","R0402_130k"
"CRCW0603130KFKEA","Vishay","0603","130000.0000","1","±100","0.1","R0603_130k"
"CRCW0805130KFKEA","Vishay","0805","130000.0000","1","±100","0.125","R0805_130k"
"CRCW1206130KFKEA","Vishay","1206","130000.0000","1","±100","0.25","R1206_130k"
"CRCW0402133KFKED","Vishay","0402","133000.0000","1","±100","0.063","R0402_133k"
"CRCW0603133KFKEA","Vishay","0603","133000.0000","1","±100","0.1","R0603_133k"
"CRCW0805133KFKEA","Vishay","0805","133000.0000","1","±100","0.125","R0805_133k"
"CRCW1206133KFKEA","Vishay","1206","133000.0000","1","±100","0.25","R1206_133k"
"CRCW0603137KFKEA","Vishay","0603","137000.0000","1","±100","0.1","R0603_137k"
"CRCW1206137KFKEA","Vishay","1206","137000.0000","1","±100","0.25","R1206_137k"
"CRCW0805137KFKEA","Vishay","0805","137000.0000","1","±100","0.125","R0805_137k"
"CRCW0402137KFKED","Vishay","0402","137000.0000","1","±100","0.063","R0402_137k"
"CRCW0402140KFKED","Vishay","0402","140000.0000","1","±100","0.063","R0402_140k"
"CRCW1206140KFKEA","Vishay","1206","140000.0000","1","±100","0.25","R1206_140k"
"CRCW0805140KFKEA","Vishay","0805","140000.0000","1","±100","0.125","R0805_140k"
"CRCW0603140KFKEA","Vishay","0603","140000.0000","1","±100","0.1","R0603_140k"
"CRCW0402143KFKED","Vishay","0402","143000.0000","1","±100","0.063","R0402_143k"
"CRCW0603143KFKEA","Vishay","0603","143000.0000","1","±100","0.1","R0603_143k"
"CRCW0805143KFKEA","Vishay","0805","143000.0000","1","±100","0.125","R0805_143k"
"CRCW1206143KFKEA","Vishay","1206","143000.0000","1","±100","0.25","R1206_143k"
"CRCW0402147KFKED","Vishay","0402","147000.0000","1","±100","0.063","R0402_147k"
"CRCW0603147KFKEA","Vishay","0603","147000.0000","1","±100","0.1","R0603_147k"
"CRCW0805147KFKEA","Vishay","0805","147000.0000","1","±100","0.125","R0805_147k"
"CRCW1206147KFKEA","Vishay","1206","147000.0000","1","±100","0.25","R1206_147k"
"CRCW0402150KFKED","Vishay","0402","150000.0000","1","±100","0.063","R0402_150k"
"CRCW0603150KFKEA","Vishay","0603","150000.0000","1","±100","0.1","R0603_150k"
"CRCW0805150KFKEA","Vishay","0805","150000.0000","1","±100","0.125","R0805_150k"
"CRCW1206150KFKEA","Vishay","1206","150000.0000","1","±100","0.25","R1206_150k"
"CRCW0402154KFKED","Vishay","0402","154000.0000","1","±100","0.063","R0402_154k"
"CRCW0603154KFKEA","Vishay","0603","154000.0000","1","±100","0.1","R0603_154k"
"CRCW0805154KFKEA","Vishay","0805","154000.0000","1","±100","0.125","R0805_154k"
"CRCW1206154KFKEA","Vishay","1206","154000.0000","1","±100","0.25","R1206_154k"
"CRCW0402158KFKED","Vishay","0402","158000.0000","1","±100","0.063","R0402_158k"
"CRCW0603158KFKEA","Vishay","0603","158000.0000","1","±100","0.1","R0603_158k"
"CRCW0805158KFKEA","Vishay","0805","158000.0000","1","±100","0.125","R0805_158k"
"CRCW1206158KFKEA","Vishay","1206","158000.0000","1","±100","0.25","R1206_158k"
"CRCW0402160KFKED","Vishay","0402","160000.0000","1","±100","0.063","R0402_160k"
"CRCW0603160KFKEA","Vishay","0603","160000.0000","1","±100","0.1","R0603_160k"
"CRCW1206160KFKEA","Vishay","1206","160000.0000","1","±100","0.25","R1206_160k"
"CRCW0805160KFKEA","Vishay","0805","160000.0000","1","±100","0.125","R0805_160k"
"CRCW0402162KFKED","Vishay","0402","162000.0000","1","±100","0.063","R0402_162k"
"CRCW0603162KFKEA","Vishay","0603","162000.0000","1","±100","0.1","R0603_162k"
"CRCW0805162KFKEA","Vishay","0805","162000.0000","1","±100","0.125","R0805_162k"
"CRCW1206162KFKEA","Vishay","1206","162000.0000","1","±100","0.25","R1206_162k"
"CRCW0402165KFKED","Vishay","0402","165000.0000","1","±100","0.063","R0402_165k"
"CRCW0603165KFKEA","Vishay","0603","165000.0000","1","±100","0.1","R0603_165k"
"CRCW0805165KFKEA","Vishay","0805","165000.0000","1","±100","0.125","R0805_165k"
"CRCW1206165KFKEA","Vishay","1206","165000.0000","1","±100","0.25","R1206_165k"
"CRCW0402169KFKED","Vishay","0402","169000.0000","1","±100","0.063","R0402_169k"
"CRCW0805169KFKEA","Vishay","0805","169000.0000","1","±100","0.125","R0805_169k"
"CRCW1206169KFKEA","Vishay","1206","169000.0000","1","±100","0.25","R1206_169k"
"CRCW0603169KFKEA","Vishay","0603","169000.0000","1","±100","0.1","R0603_169k"
"CRCW0603174KFKEA","Vishay","0603","174000.0000","1","±100","0.1","R0603_174k"
"CRCW0805174KFKEA","Vishay","0805","174000.0000","1","±100","0.125","R0805_174k"
"CRCW1206174KFKEA","Vishay","1206","174000.0000","1","±100","0.25","R1206_174k"
"CRCW0402174KFKED","Vishay","0402","174000.0000","1","±100","0.063","R0402_174k"
"CRCW0603178KFKEA","Vishay","0603","178000.0000","1","±100","0.1","R0603_178k"
"CRCW0805178KFKEA","Vishay","0805","178000.0000","1","±100","0.125","R0805_178k"
"CRCW1206178KFKEA","Vishay","1206","178000.0000","1","±100","0.25","R1206_178k"
"CRCW0402178KFKED","Vishay","0402","178000.0000","1","±100","0.063","R0402_178k"
"CRCW0603180KFKEA","Vishay","0603","180000.0000","1","±100","0.1","R0603_180k"
"CRCW1206180KFKEA","Vishay","1206","180000.0000","1","±100","0.25","R1206_180k"
"CRCW0805180KFKEA","Vishay","0805","180000.0000","1","±100","0.125","R0805_180k"
"CRCW0402180KFKED","Vishay","0402","180000.0000","1","±100","0.063","R0402_180k"
"CRCW0402182KFKED","Vishay","0402","182000.0000","1","±100","0.063","R0402_182k"
"CRCW0603182KFKEA","Vishay","0603","182000.0000","1","±100","0.1","R0603_182k"
"CRCW0805182KFKEA","Vishay","0805","182000.0000","1","±100","0.125","R0805_182k"
"CRCW1206182KFKEA","Vishay","1206","182000.0000","1","±100","0.25","R1206_182k"
"CRCW0603187KFKEA","Vishay","0603","187000.0000","1","±100","0.1","R0603_187k"
"CRCW0805187KFKEA","Vishay","0805","187000.0000","1","±100","0.125","R0805_187k"
"CRCW0402187KFKED","Vishay","0402","187000.0000","1","±100","0.063","R0402_187k"
"CRCW1206187KFKEA","Vishay","1206","187000.0000","1","±100","0.25","R1206_187k"
"CRCW0402191KFKED","Vishay","0402","191000.0000","1","±100","0.063","R0402_191k"
"CRCW0603191KFKEA","Vishay","0603","191000.0000","1","±100","0.1","R0603_191k"
"CRCW0805191KFKEA","Vishay","0805","191000.0000","1","±100","0.125","R0805_191k"
"CRCW1206191KFKEA","Vishay","1206","191000.0000","1","±100","0.25","R1206_191k"
"CRCW0402196KFKED","Vishay","0402","196000.0000","1","±100","0.063","R0402_196k"
"CRCW0603196KFKEA","Vishay","0603","196000.0000","1","±100","0.1","R0603_196k"
"CRCW0805196KFKEA","Vishay","0805","196000.0000","1","±100","0.125","R0805_196k"
"CRCW1206196KFKEA","Vishay","1206","196000.0000","1","±100","0.25","R1206_196k"
"CRCW0402200KFKED","Vishay","0402","200000.0000","1","±100","0.063","R0402_200k"
"CRCW0603200KFKEA","Vishay","0603","200000.0000","1","±100","0.1","R0603_200k"
"CRCW0805200KFKEA","Vishay","0805","200000.0000","1","±100","0.125","R0805_200k"
"CRCW1206200KFKEA","Vishay","1206","200000.0000","1","±100","0.25","R1206_200k"
"CRCW0603205KFKEA","Vishay","0603","205000.0000","1","±100","0.1","R0603_205k"
"CRCW1206205KFKEA","Vishay","1206","205000.0000","1","±100","0.25","R1206_205k"
"CRCW0402205KFKED","Vishay","0402","205000.0000","1","±100","0.063","R0402_205k"
"CRCW0805205KFKEA","Vishay","0805","205000.0000","1","±100","0.125","R0805_205k"
"CRCW0402210KFKED","Vishay","0402","210000.0000","1","±100","0.063","R0402_210k"
"CRCW1206210KFKEA","Vishay","1206","210000.0000","1","±100","0.25","R1206_210k"
"CRCW0603210KFKEA","Vishay","0603","210000.0000","1","±100","0.1","R0603_210k"
"CRCW0805210KFKEA","Vishay","0805","210000.0000","1","±100","0.125","R0805_210k"
"CRCW0402215KFKED","Vishay","0402","215000.0000","1","±100","0.063","R0402_215k"
"CRCW0603215KFKEA","Vishay","0603","215000.0000","1","±100","0.1","R0603_215k"
"CRCW0805215KFKEA","Vishay","0805","215000.0000","1","±100","0.125","R0805_215k"
"CRCW1206215KFKEA","Vishay","1206","215000.0000","1","±100","0.25","R1206_215k"
"CRCW0402220KFKED","Vishay","0402","220000.0000","1","±100","0.063","R0402_220k"
"CRCW0603220KFKEA","Vishay","0603","220000.0000","1","±100","0.1","R0603_220k"
"CRCW0805220KFKEA","Vishay","0805","220000.0000","1","±100","0.125","R0805_220k"
"CRCW1206220KFKEA","Vishay","1206","220000.0000","1","±100","0.25","R1206_220k"
"CRCW0402221KFKED","Vishay","0402","221000.0000","1","±100","0.063","R0402_221k"
"CRCW0805221KFKEA","Vishay","0805","221000.0000","1","±100","0.125","R0805_221k"
"CRCW0603221KFKEA","Vishay","0603","221000.0000","1","±100","0.1","R0603_221k"
"CRCW1206221KFKEA","Vishay","1206","221000.0000","1","±100","0.25","R1206_221k"
"CRCW1206226KFKEA","Vishay","1206","226000.0000","1","±100","0.25","R1206_226k"
"CRCW0402226KFKED","Vishay","0402","226000.0000","1","±100","0.063","R0402_226k"
"CRCW0805226KFKEA","Vishay","0805","226000.0000","1","±100","0.125","R0805_226k"
"CRCW0603226KFKEA","Vishay","0603","226000.0000","1","±100","0.1","R0603_226k"
"CRCW0603232KFKEA","Vishay","0603","232000.0000","1","±100","0.1","R0603_232k"
"CRCW0805232KFKEA","Vishay","0805","232000.0000","1","±100","0.125","R0805_232k"
"CRCW1206232KFKEA","Vishay","1206","232000.0000","1","±100","0.25","R1206_232k"
"CRCW0402232KFKED","Vishay","0402","232000.0000","1","±100","0.063","R0402_232k"
"CRCW0402237KFKED","Vishay","0402","237000.0000","1","±100","0.063","R0402_237k"
"CRCW0603237KFKEA","Vishay","0603","237000.0000","1","±100","0.1","R0603_237k"
"CRCW1206237KFKEA","Vishay","1206","237000.0000","1","±100","0.25","R1206_237k"
"CRCW0805237KFKEA","Vishay","0805","237000.0000","1","±100","0.125","R0805_237k"
"CRCW0402240KFKED","Vishay","0402","240000.0000","1","±100","0.063","R0402_240k"
"CRCW0603240KFKEA","Vishay","0603","240000.0000","1","±100","0.1","R0603_240k"
"CRCW1206240KFKEA","Vishay","1206","240000.0000","1","±100","0.25","R1206_240k"
"CRCW0805240KFKEA","Vishay","0805","240000.0000","1","±100","0.125","R0805_240k"
"CRCW0402243KFKED","Vishay","0402","243000.0000","1","±100","0.063","R0402_243k"
"CRCW0603243KFKEA","Vishay","0603","243000.0000","1","±100","0.1","R0603_243k"
"CRCW0805243KFKEA","Vishay","0805","243000.0000","1","±100","0.125","R0805_243k"
"CRCW1206243KFKEA","Vishay","1206","243000.0000","1","±100","0.25","R1206_243k"
"CRCW0402249KFKED","Vishay","0402","249000.0000","1","±100","0.063","R0402_249k"
"CRCW0603249KFKEA","Vishay","0603","249000.0000","1","±100","0.1","R0603_249k"
"CRCW1206249KFKEA","Vishay","1206","249000.0000","1","±100","0.25","R1206_249k"
"CRCW0805249KFKEA","Vishay","0805","249000.0000","1","±100","0.125","R0805_249k"
"CRCW0402255KFKED","Vishay","0402","255000.0000","1","±100","0.063","R0402_255k"
"CRCW0603255KFKEA","Vishay","0603","255000.0000","1","±100","0.1","R0603_255k"
"CRCW0805255KFKEA","Vishay","0805","255000.0000","1","±100","0.125","R0805_255k"
"CRCW1206255KFKEA","Vishay","1206","255000.0000","1","±100","0.25","R1206_255k"
"CRCW0402261KFKED","Vishay","0402","261000.0000","1","±100","0.063","R0402_261k"
"CRCW0603261KFKEA","Vishay","0603","261000.0000","1","±100","0.1","R0603_261k"
"CRCW0805261KFKEA","Vishay","0805","261000.0000","1","±100","0.125","R0805_261k"
"CRCW1206261KFKEA","Vishay","1206","261000.0000","1","±100","0.25","R1206_261k"
"CRCW0402267KFKED","Vishay","0402","267000.0000","1","±100","0.063","R0402_267k"
"CRCW0603267KFKEA","Vishay","0603","267000.0000","1","±100","0.1","R0603_267k"
"CRCW1206267KFKEA","Vishay","1206","267000.0000","1","±100","0.25","R1206_267k"
"CRCW0805267KFKEA","Vishay","0805","267000.0000","1","±100","0.125","R0805_267k"
"CRCW0603270KFKEA","Vishay","0603","270000.0000","1","±100","0.1","R0603_270k"
"CRCW0805270KFKEA","Vishay","0805","270000.0000","1","±100","0.125","R0805_270k"
"CRCW0402270KFKED","Vishay","0402","270000.0000","1","±100","0.063","R0402_270k"
"CRCW1206270KFKEA","Vishay","1206","270000.0000","1","±100","0.25","R1206_270k"
"CRCW0805274KFKEA","Vishay","0805","274000.0000","1","±100","0.125","R0805_274k"
"CRCW0603274KFKEA","Vishay","0603","274000.0000","1","±100","0.1","R0603_274k"
"CRCW0402274KFKED","Vishay","0402","274000.0000","1","±100","0.063","R0402_274k"
"CRCW1206274KFKEA","Vishay","1206","274000.0000","1","±100","0.25","R1206_274k"
"CRCW0402280KFKED","Vishay","0402","280000.0000","1","±100","0.063","R0402_280k"
"CRCW0603280KFKEA","Vishay","0603","280000.0000","1","±100","0.1","R0603_280k"
"CRCW0805280KFKEA","Vishay","0805","280000.0000","1","±100","0.125","R0805_280k"
"CRCW1206280KFKEA","Vishay","1206","280000.0000","1","±100","0.25","R1206_280k"
"CRCW0603287KFKEA","Vishay","0603","287000.0000","1","±100","0.1","R0603_287k"
"CRCW0805287KFKEA","Vishay","0805","287000.0000","1","±100","0.125","R0805_287k"
"CRCW1206287KFKEA","Vishay","1206","287000.0000","1","±100","0.25","R1206_287k"
"CRCW0402287KFKED","Vishay","0402","287000.0000","1","±100","0.063","R0402_287k"
"CRCW0402294KFKED","Vishay","0402","294000.0000","1","±100","0.063","R0402_294k"
"CRCW1206294KFKEA","Vishay","1206","294000.0000","1","±100","0.25","R1206_294k"
"CRCW0603294KFKEA","Vishay","0603","294000.0000","1","±100","0.1","R0603_294k"
"CRCW0805294KFKEA","Vishay","0805","294000.0000","1","±100","0.125","R0805_294k"
"CRCW0402300KFKED","Vishay","0402","300000.0000","1","±100","0.063","R0402_300k"
"CRCW0603300KFKEA","Vishay","0603","300000.0000","1","±100","0.1","R0603_300k"
"CRCW0805300KFKEA","Vishay","0805","300000.0000","1","±100","0.125","R0805_300k"
"CRCW1206300KFKEA","Vishay","1206","300000.0000","1","±100","0.25","R1206_300k"
"CRCW0402301KFKED","Vishay","0402","301000.0000","1","±100","0.063","R0402_301k"
"CRCW0603301KFKEA","Vishay","0603","301000.0000","1","±100","0.1","R0603_301k"
"CRCW0805301KFKEA","Vishay","0805","301000.0000","1","±100","0.125","R0805_301k"
"CRCW1206301KFKEA","Vishay","1206","301000.0000","1","±100","0.25","R1206_301k"
"CRCW0402309KFKED","Vishay","0402","309000.0000","1","±100","0.063","R0402_309k"
"CRCW1206309KFKEA","Vishay","1206","309000.0000","1","±100","0.25","R1206_309k"
"CRCW0805309KFKEA","Vishay","0805","309000.0000","1","±100","0.125","R0805_309k"
"CRCW0603309KFKEA","Vishay","0603","309000.0000","1","±100","0.1","R0603_309k"
"CRCW0402316KFKED","Vishay","0402","316000.0000","1","±100","0.063","R0402_316k"
"CRCW0603316KFKEA","Vishay","0603","316000.0000","1","±100","0.1","R0603_316k"
"CRCW1206316KFKEA","Vishay","1206","316000.0000","1","±100","0.25","R1206_316k"
"CRCW0805316KFKEA","Vishay","0805","316000.0000","1","±100","0.125","R0805_316k"
"CRCW0402324KFKED","Vishay","0402","324000.0000","1","±100","0.063","R0402_324k"
"CRCW0603324KFKEA","Vishay","0603","324000.0000","1","±100","0.1","R0603_324k"
"CRCW1206324KFKEA","Vishay","1206","324000.0000","1","±100","0.25","R1206_324k"
"CRCW0805324KFKEA","Vishay","0805","324000.0000","1","±100","0.125","R0805_324k"
"CRCW0402330KFKED","Vishay","0402","330000.0000","1","±100","0.063","R0402_330k"
"CRCW0603330KFKEA","Vishay","0603","330000.0000","1","±100","0.1","R0603_330k"
"CRCW0805330KFKEA","Vishay","0805","330000.0000","1","±100","0.125","R0805_330k"
"CRCW1206330KFKEA","Vishay","1206","330000.0000","1","±100","0.25","R1206_330k"
"CRCW0603332KFKEA","Vishay","0603","332000.0000","1","±100","0.1","R0603_332k"
"CRCW1206332KFKEA","Vishay","1206","332000.0000","1","±100","0.25","R1206_332k"
"CRCW0805332KFKEA","Vishay","0805","332000.0000","1","±100","0.125","R0805_332k"
"CRCW0402332KFKED","Vishay","0402","332000.0000","1","±100","0.063","R0402_332k"
"CRCW0402340KFKED","Vishay","0402","340000.0000","1","±100","0.063","R0402_340k"
"CRCW0603340KFKEA","Vishay","0603","340000.0000","1","±100","0.1","R0603_340k"
"CRCW0805340KFKEA","Vishay","0805","340000.0000","1","±100","0.125","R0805_340k"
"CRCW1206340KFKEA","Vishay","1206","340000.0000","1","±100","0.25","R1206_340k"
"CRCW0805348KFKEA","Vishay","0805","348000.0000","1","±100","0.125","R0805_348k"
"CRCW0603348KFKEA","Vishay","0603","348000.0000","1","±100","0.1","R0603_348k"
"CRCW1206348KFKEA","Vishay","1206","348000.0000","1","±100","0.25","R1206_348k"
"CRCW0402348KFKED","Vishay","0402","348000.0000","1","±100","0.063","R0402_348k"
"CRCW0603357KFKEA","Vishay","0603","357000.0000","1","±100","0.1","R0603_357k"
"CRCW0402357KFKED","Vishay","0402","357000.0000","1","±100","0.063","R0402_357k"
"CRCW0805357KFKEA","Vishay","0805","357000.0000","1","±100","0.125","R0805_357k"
"CRCW1206357KFKEA","Vishay","1206","357000.0000","1","±100","0.25","R1206_357k"
"CRCW0402360KFKED","Vishay","0402","360000.0000","1","±100","0.063","R0402_360k"
"CRCW0603360KFKEA","Vishay","0603","360000.0000","1","±100","0.1","R0603_360k"
"CRCW0805360KFKEA","Vishay","0805","360000.0000","1","±100","0.125","R0805_360k"
"CRCW1206360KFKEA","Vishay","1206","360000.0000","1","±100","0.25","R1206_360k"
"CRCW0603365KFKEA","Vishay","0603","365000.0000","1","±100","0.1","R0603_365k"
"CRCW1206365KFKEA","Vishay","1206","365000.0000","1","±100","0.25","R1206_365k"
"CRCW0402365KFKED","Vishay","0402","365000.0000","1","±100","0.063","R0402_365k"
"CRCW0805365KFKEA","Vishay","0805","365000.0000","1","±100","0.125","R0805_365k"
"CRCW0603374KFKEA","Vishay","0603","374000.0000","1","±100","0.1","R0603_374k"
"CRCW0805374KFKEA","Vishay","0805","374000.0000","1","±100","0.125","R0805_374k"
"CRCW0402374KFKED","Vishay","0402","374000.0000","1","±100","0.063","R0402_374k"
"CRCW1206374KFKEA","Vishay","1206","374000.0000","1","±100","0.25","R1206_374k"
"CRCW1206383KFKEA","Vishay","1206","383000.0000","1","±100","0.25","R1206_383k"
"CRCW0402383KFKED","Vishay","0402","383000.0000","1","±100","0.063","R0402_383k"
"CRCW0805383KFKEA","Vishay","0805","383000.0000","1","±100","0.125","R0805_383k"
"CRCW0603383KFKEA","Vishay","0603","383000.0000","1","±100","0.1","R0603_383k"
"CRCW0402390KFKED","Vishay","0402","390000.0000","1","±100","0.063","R0402_390k"
"CRCW0603390KFKEA","Vishay","0603","390000.0000","1","±100","0.1","R0603_390k"
"CRCW0805390KFKEA","Vishay","0805","390000.0000","1","±100","0.125","R0805_390k"
"CRCW1206390KFKEA","Vishay","1206","390000.0000","1","±100","0.25","R1206_390k"
"CRCW0603392KFKEA","Vishay","0603","392000.0000","1","±100","0.1","R0603_392k"
"CRCW0805392KFKEA","Vishay","0805","392000.0000","1","±100","0.125","R0805_392k"
"CRCW1206392KFKEA","Vishay","1206","392000.0000","1","±100","0.25","R1206_392k"
"CRCW0402392KFKED","Vishay","0402","392000.0000","1","±100","0.063","R0402_392k"
"CRCW0402402KFKED","Vishay","0402","402000.0000","1","±100","0.063","R0402_402k"
"CRCW0603402KFKEA","Vishay","0603","402000.0000","1","±100","0.1","R0603_402k"
"CRCW0805402KFKEA","Vishay","0805","402000.0000","1","±100","0.125","R0805_402k"
"CRCW1206402KFKEA","Vishay","1206","402000.0000","1","±100","0.25","R1206_402k"
"CRCW0603412KFKEA","Vishay","0603","412000.0000","1","±100","0.1","R0603_412k"
"CRCW1206412KFKEA","Vishay","1206","412000.0000","1","±100","0.25","R1206_412k"
"CRCW0402412KFKED","Vishay","0402","412000.0000","1","±100","0.063","R0402_412k"
"CRCW0805412KFKEA","Vishay","0805","412000.0000","1","±100","0.125","R0805_412k"
"CRCW0402422KFKED","Vishay","0402","422000.0000","1","±100","0.063","R0402_422k"
"CRCW0603422KFKEA","Vishay","0603","422000.0000","1","±100","0.1","R0603_422k"
"CRCW0805422KFKEA","Vishay","0805","422000.0000","1","±100","0.125","R0805_422k"
"CRCW1206422KFKEA","Vishay","1206","422000.0000","1","±100","0.25","R1206_422k"
"CRCW0402430KFKED","Vishay","0402","430000.0000","1","±100","0.063","R0402_430k"
"CRCW0603430KFKEA","Vishay","0603","430000.0000","1","±100","0.1","R0603_430k"
"CRCW1206430KFKEA","Vishay","1206","430000.0000","1","±100","0.25","R1206_430k"
"CRCW0805430KFKEA","Vishay","0805","430000.0000","1","±100","0.125","R0805_430k"
"CRCW0402432KFKED","Vishay","0402","432000.0000","1","±100","0.063","R0402_432k"
"CRCW0805432KFKEA","Vishay","0805","432000.0000","1","±100","0.125","R0805_432k"
"CRCW0603432KFKEA","Vishay","0603","432000.0000","1","±100","0.1","R0603_432k"
"CRCW1206432KFKEA","Vishay","1206","432000.0000","1","±100","0.25","R1206_432k"
"CRCW0402442KFKED","Vishay","0402","442000.0000","1","±100","0.063","R0402_442k"
"CRCW0805442KFKEA","Vishay","0805","442000.0000","1","±100","0.125","R0805_442k"
"CRCW1206442KFKEA","Vishay","1206","442000.0000","1","±100","0.25","R1206_442k"
"CRCW0603442KFKEA","Vishay","0603","442000.0000","1","±100","0.1","R0603_442k"
"CRCW0402453KFKED","Vishay","0402","453000.0000","1","±100","0.063","R0402_453k"
"CRCW0805453KFKEA","Vishay","0805","453000.0000","1","±100","0.125","R0805_453k"
"CRCW0603453KFKEA","Vishay","0603","453000.0000","1","±100","0.1","R0603_453k"
"CRCW1206453KFKEA","Vishay","1206","453000.0000","1","±100","0.25","R1206_453k"
"CRCW0603464KFKEA","Vishay","0603","464000.0000","1","±100","0.1","R0603_464k"
"CRCW0402464KFKED","Vishay","0402","464000.0000","1","±100","0.063","R0402_464k"
"CRCW0805464KFKEA","Vishay","0805","464000.0000","1","±100","0.125","R0805_464k"
"CRCW1206464KFKEA","Vishay","1206","464000.0000","1","±100","0.25","R1206_464k"
"CRCW0603470KFKEA","Vishay","0603","470000.0000","1","±100","0.1","R0603_470k"
"CRCW0805470KFKEA","Vishay","0805","470000.0000","1","±100","0.125","R0805_470k"
"CRCW0402470KFKED","Vishay","0402","470000.0000","1","±100","0.063","R0402_470k"
"CRCW1206470KFKEA","Vishay","1206","470000.0000","1","±100","0.25","R1206_470k"
"CRCW0402475KFKED","Vishay","0402","475000.0000","1","±100","0.063","R0402_475k"
"CRCW0603475KFKEA","Vishay","0603","475000.0000","1","±100","0.1","R0603_475k"
"CRCW0805475KFKEA","Vishay","0805","475000.0000","1","±100","0.125","R0805_475k"
"CRCW1206475KFKEA","Vishay","1206","475000.0000","1","±100","0.25","R1206_475k"
"CRCW0402487KFKED","Vishay","0402","487000.0000","1","±100","0.063","R0402_487k"
"CRCW0603487KFKEA","Vishay","0603","487000.0000","1","±100","0.1","R0603_487k"
"CRCW0805487KFKEA","Vishay","0805","487000.0000","1","±100","0.125","R0805_487k"
"CRCW1206487KFKEA","Vishay","1206","487000.0000","1","±100","0.25","R1206_487k"
"CRCW0603499KFKEA","Vishay","0603","499000.0000","1","±100","0.1","R0603_499k"
"CRCW0805499KFKEA","Vishay","0805","499000.0000","1","±100","0.125","R0805_499k"
"CRCW1206499KFKEA","Vishay","1206","499000.0000","1","±100","0.25","R1206_499k"
"CRCW0402499KFKED","Vishay","0402","499000.0000","1","±100","0.063","R0402_499k"
"CRCW0402510KFKED","Vishay","0402","510000.0000","1","±100","0.063","R0402_510k"
"CRCW0603510KFKEA","Vishay","0603","510000.0000","1","±100","0.1","R0603_510k"
"CRCW0805510KFKEA","Vishay","0805","510000.0000","1","±100","0.125","R0805_510k"
"CRCW1206510KFKEA","Vishay","1206","510000.0000","1","±100","0.25","R1206_510k"
"CRCW0402511KFKED","Vishay","0402","511000.0000","1","±100","0.063","R0402_511k"
"CRCW0603511KFKEA","Vishay","0603","511000.0000","1","±100","0.1","R0603_511k"
"CRCW0805511KFKEA","Vishay","0805","511000.0000","1","±100","0.125","R0805_511k"
"CRCW1206511KFKEA","Vishay","1206","511000.0000","1","±100","0.25","R1206_511k"
"CRCW0402523KFKED","Vishay","0402","523000.0000","1","±100","0.063","R0402_523k"
"CRCW0805523KFKEA","Vishay","0805","523000.0000","1","±100","0.125","R0805_523k"
"CRCW0603523KFKEA","Vishay","0603","523000.0000","1","±100","0.1","R0603_523k"
"CRCW1206523KFKEA","Vishay","1206","523000.0000","1","±100","0.25","R1206_523k"
"CRCW0603536KFKEA","Vishay","0603","536000.0000","1","±100","0.1","R0603_536k"
"CRCW0402536KFKED","Vishay","0402","536000.0000","1","±100","0.063","R0402_536k"
"CRCW0805536KFKEA","Vishay","0805","536000.0000","1","±100","0.125","R0805_536k"
"CRCW1206536KFKEA","Vishay","1206","536000.0000","1","±100","0.25","R1206_536k"
"CRCW0402549KFKED","Vishay","0402","549000.0000","1","±100","0.063","R0402_549k"
"CRCW0805549KFKEA","Vishay","0805","549000.0000","1","±100","0.125","R0805_549k"
"CRCW0603549KFKEA","Vishay","0603","549000.0000","1","±100","0.1","R0603_549k"
"CRCW1206549KFKEA","Vishay","1206","549000.0000","1","±100","0.25","R1206_549k"
"CRCW0603560KFKEA","Vishay","0603","560000.0000","1","±100","0.1","R0603_560k"
"CRCW0805560KFKEA","Vishay","0805","560000.0000","1","±100","0.125","R0805_560k"
"CRCW1206560KFKEA","Vishay","1206","560000.0000","1","±100","0.25","R1206_560k"
"CRCW0402560KFKED","Vishay","0402","560000.0000","1","±100","0.063","R0402_560k"
"CRCW0603562KFKEA","Vishay","0603","562000.0000","1","±100","0.1","R0603_562k"
"CRCW0805562KFKEA","Vishay","0805","562000.0000","1","±100","0.125","R0805_562k"
"CRCW1206562KFKEA","Vishay","1206","562000.0000","1","±100","0.25","R1206_562k"
"CRCW0402562KFKED","Vishay","0402","562000.0000","1","±100","0.063","R0402_562k"
"CRCW0402576KFKED","Vishay","0402","576000.0000","1","±100","0.063","R0402_576k"
"CRCW0603576KFKEA","Vishay","0603","576000.0000","1","±100","0.1","R0603_576k"
"CRCW0805576KFKEA","Vishay","0805","576000.0000","1","±100","0.125","R0805_576k"
"CRCW1206576KFKEA","Vishay","1206","576000.0000","1","±100","0.25","R1206_576k"
"CRCW0402590KFKED","Vishay","0402","590000.0000","1","±100","0.063","R0402_590k"
"CRCW0603590KFKEA","Vishay","0603","590000.0000","1","±100","0.1","R0603_590k"
"CRCW0805590KFKEA","Vishay","0805","590000.0000","1","±100","0.125","R0805_590k"
"CRCW1206590KFKEA","Vishay","1206","590000.0000","1","±100","0.25","R1206_590k"
"CRCW0402604KFKED","Vishay","0402","604000.0000","1","±100","0.063","R0402_604k"
"CRCW0603604KFKEA","Vishay","0603","604000.0000","1","±100","0.1","R0603_604k"
"CRCW1206604KFKEA","Vishay","1206","604000.0000","1","±100","0.25","R1206_604k"
"CRCW0805604KFKEA","Vishay","0805","604000.0000","1","±100","0.125","R0805_604k"
"CRCW0603619KFKEA","Vishay","0603","619000.0000","1","±100","0.1","R0603_619k"
"CRCW0402619KFKED","Vishay","0402","619000.0000","1","±100","0.063","R0402_619k"
"CRCW1206619KFKEA","Vishay","1206","619000.0000","1","±100","0.25","R1206_619k"
"CRCW0805619KFKEA","Vishay","0805","619000.0000","1","±100","0.125","R0805_619k"
"CRCW0603620KFKEA","Vishay","0603","620000.0000","1","±100","0.1","R0603_620k"
"CRCW1206620KFKEA","Vishay","1206","620000.0000","1","±100","0.25","R1206_620k"
"CRCW0402620KFKED","Vishay","0402","620000.0000","1","±100","0.063","R0402_620k"
"CRCW0805620KFKEA","Vishay","0805","620000.0000","1","±100","0.125","R0805_620k"
"CRCW0402634KFKED","Vishay","0402","634000.0000","1","±100","0.063","R0402_634k"
"CRCW1206634KFKEA","Vishay","1206","634000.0000","1","±100","0.25","R1206_634k"
"CRCW0805634KFKEA","Vishay","0805","634000.0000","1","±100","0.125","R0805_634k"
"CRCW0603634KFKEA","Vishay","0603","634000.0000","1","±100","0.1","R0603_634k"
"CRCW0402649KFKED","Vishay","0402","649000.0000","1","±100","0.063","R0402_649k"
"CRCW0603649KFKEA","Vishay","0603","649000.0000","1","±100","0.1","R0603_649k"
"CRCW0805649KFKEA","Vishay","0805","649000.0000","1","±100","0.125","R0805_649k"
"CRCW1206649KFKEA","Vishay","1206","649000.0000","1","±100","0.25","R1206_649k"
"CRCW0402665KFKED","Vishay","0402","665000.0000","1","±100","0.063","R0402_665k"
"CRCW1206665KFKEA","Vishay","1206","665000.0000","1","±100","0.25","R1206_665k"
"CRCW0603665KFKEA","Vishay","0603","665000.0000","1","±100","0.1","R0603_665k"
"CRCW0805665KFKEA","Vishay","0805","665000.0000","1","±100","0.125","R0805_665k"
"CRCW0402680KFKED","Vishay","0402","680000.0000","1","±100","0.063","R0402_680k"
"CRCW0603680KFKEA","Vishay","0603","680000.0000","1","±100","0.1","R0603_680k"
"CRCW1206680KFKEA","Vishay","1206","680000.0000","1","±100","0.25","R1206_680k"
"CRCW0805680KFKEA","Vishay","0805","680000.0000","1","±100","0.125","R0805_680k"
"CRCW0805681KFKEA","Vishay","0805","681000.0000","1","±100","0.125","R0805_681k"
"CRCW1206681KFKEA","Vishay","1206","681000.0000","1","±100","0.25","R1206_681k"
"CRCW0603681KFKEA","Vishay","0603","681000.0000","1","±100","0.1","R0603_681k"
"CRCW0402681KFKED","Vishay","0402","681000.0000","1","±100","0.063","R0402_681k"
"CRCW0402698KFKED","Vishay","0402","698000.0000","1","±100","0.063","R0402_698k"
"CRCW0603698KFKEA","Vishay","0603","698000.0000","1","±100","0.1","R0603_698k"
"CRCW0805698KFKEA","Vishay","0805","698000.0000","1","±100","0.125","R0805_698k"
"CRCW1206698KFKEA","Vishay","1206","698000.0000","1","±100","0.25","R1206_698k"
"CRCW0402715KFKED","Vishay","0402","715000.0000","1","±100","0.063","R0402_715k"
"CRCW0603715KFKEA","Vishay","0603","715000.0000","1","±100","0.1","R0603_715k"
"CRCW0805715KFKEA","Vishay","0805","715000.0000","1","±100","0.125","R0805_715k"
"CRCW1206715KFKEA","Vishay","1206","715000.0000","1","±100","0.25","R1206_715k"
"CRCW0402732KFKED","Vishay","0402","732000.0000","1","±100","0.063","R0402_732k"
"CRCW0603732KFKEA","Vishay","0603","732000.0000","1","±100","0.1","R0603_732k"
"CRCW0805732KFKEA","Vishay","0805","732000.0000","1","±100","0.125","R0805_732k"
"CRCW1206732KFKEA","Vishay","1206","732000.0000","1","±100","0.25","R1206_732k"
"CRCW0402750KFKED","Vishay","0402","750000.0000","1","±100","0.063","R0402_750k"
"CRCW0805750KFKEA","Vishay","0805","750000.0000","1","±100","0.125","R0805_750k"
"CRCW1206750KFKEA","Vishay","1206","750000.0000","1","±100","0.25","R1206_750k"
"CRCW0603750KFKEA","Vishay","0603","750000.0000","1","±100","0.1","R0603_750k"
"CRCW0402768KFKED","Vishay","0402","768000.0000","1","±100","0.063","R0402_768k"
"CRCW1206768KFKEA","Vishay","1206","768000.0000","1","±100","0.25","R1206_768k"
"CRCW0603768KFKEA","Vishay","0603","768000.0000","1","±100","0.1","R0603_768k"
"CRCW0805768KFKEA","Vishay","0805","768000.0000","1","±100","0.125","R0805_768k"
"CRCW1206787KFKEA","Vishay","1206","787000.0000","1","±100","0.25","R1206_787k"
"CRCW0603787KFKEA","Vishay","0603","787000.0000","1","±100","0.1","R0603_787k"
"CRCW0402787KFKED","Vishay","0402","787000.0000","1","±100","0.063","R0402_787k"
"CRCW0805787KFKEA","Vishay","0805","787000.0000","1","±100","0.125","R0805_787k"
"CRCW0603806KFKEA","Vishay","0603","806000.0000","1","±100","0.1","R0603_806k"
"CRCW0402806KFKED","Vishay","0402","806000.0000","1","±100","0.063","R0402_806k"
"CRCW0805806KFKEA","Vishay","0805","806000.0000","1","±100","0.125","R0805_806k"
"CRCW1206806KFKEA","Vishay","1206","806000.0000","1","±100","0.25","R1206_806k"
"CRCW0402820KFKED","Vishay","0402","820000.0000","1","±100","0.063","R0402_820k"
"CRCW0603820KFKEA","Vishay","0603","820000.0000","1","±100","0.1","R0603_820k"
"CRCW0805820KFKEA","Vishay","0805","820000.0000","1","±100","0.125","R0805_820k"
"CRCW1206820KFKEA","Vishay","1206","820000.0000","1","±100","0.25","R1206_820k"
"CRCW0402825KFKED","Vishay","0402","825000.0000","1","±100","0.063","R0402_825k"
"CRCW0805825KFKEA","Vishay","0805","825000.0000","1","±100","0.125","R0805_825k"
"CRCW1206825KFKEA","Vishay","1206","825000.0000","1","±100","0.25","R1206_825k"
"CRCW0603825KFKEA","Vishay","0603","825000.0000","1","±100","0.1","R0603_825k"
"CRCW0402845KFKED","Vishay","0402","845000.0000","1","±100","0.063","R0402_845k"
"CRCW0805845KFKEA","Vishay","0805","845000.0000","1","±100","0.125","R0805_845k"
"CRCW1206845KFKEA","Vishay","1206","845000.0000","1","±100","0.25","R1206_845k"
"CRCW0603845KFKEA","Vishay","0603","845000.0000","1","±100","0.1","R0603_845k"
"CRCW0402866KFKED","Vishay","0402","866000.0000","1","±100","0.063","R0402_866k"
"CRCW0805866KFKEA","Vishay","0805","866000.0000","1","±100","0.125","R0805_866k"
"CRCW1206866KFKEA","Vishay","1206","866000.0000","1","±100","0.25","R1206_866k"
"CRCW0603866KFKEA","Vishay","0603","866000.0000","1","±100","0.1","R0603_866k"
"CRCW0402887KFKED","Vishay","0402","887000.0000","1","±100","0.063","R0402_887k"
"CRCW0805887KFKEA","Vishay","0805","887000.0000","1","±100","0.125","R0805_887k"
"CRCW0603887KFKEA","Vishay","0603","887000.0000","1","±100","0.1","R0603_887k"
"CRCW1206887KFKEA","Vishay","1206","887000.0000","1","±100","0.25","R1206_887k"
"CRCW0402909KFKED","Vishay","0402","909000.0000","1","±100","0.063","R0402_909k"
"CRCW0603909KFKEA","Vishay","0603","909000.0000","1","±100","0.1","R0603_909k"
"CRCW1206909KFKEA","Vishay","1206","909000.0000","1","±100","0.25","R1206_909k"
"CRCW0805909KFKEA","Vishay","0805","909000.0000","1","±100","0.125","R0805_909k"
"CRCW0402910KFKED","Vishay","0402","910000.0000","1","±100","0.063","R0402_910k"
"CRCW0603910KFKEA","Vishay","0603","910000.0000","1","±100","0.1","R0603_910k"
"CRCW1206910KFKEA","Vishay","1206","910000.0000","1","±100","0.25","R1206_910k"
"CRCW0805910KFKEA","Vishay","0805","910000.0000","1","±100","0.125","R0805_910k"
"CRCW1206931KFKEA","Vishay","1206","931000.0000","1","±100","0.25","R1206_931k"
"CRCW0603931KFKEA","Vishay","0603","931000.0000","1","±100","0.1","R0603_931k"
"CRCW0402931KFKED","Vishay","0402","931000.0000","1","±100","0.063","R0402_931k"
"CRCW0805931KFKEA","Vishay","0805","931000.0000","1","±100","0.125","R0805_931k"
"CRCW0402953KFKED","Vishay","0402","953000.0000","1","±100","0.063","R0402_953k"
"CRCW0603953KFKEA","Vishay","0603","953000.0000","1","±100","0.1","R0603_953k"
"CRCW0805953KFKEA","Vishay","0805","953000.0000","1","±100","0.125","R0805_953k"
"CRCW1206953KFKEA","Vishay","1206","953000.0000","1","±100","0.25","R1206_953k"
"CRCW0402976KFKED","Vishay","0402","976000.0000","1","±100","0.063","R0402_976k"
"CRCW0603976KFKEA","Vishay","0603","976000.0000","1","±100","0.1","R0603_976k"
"CRCW1206976KFKEA","Vishay","1206","976000.0000","1","±100","0.25","R1206_976k"
"CRCW0805976KFKEA","Vishay","0805","976000.0000","1","±100","0.125","R0805_976k"
"CRCW04021M00FKED","Vishay","0402","1000000.0000","1","±100","0.063","R0402_1M"
"CRCW06031M00FKEA","Vishay","0603","1000000.0000","1","±100","0.1","R0603_1M"
"CRCW08051M00FKEA","Vishay","0805","1000000.0000","1","±100","0.125","R0805_1M"
"CRCW12061M00FKEA","Vishay","1206","1000000.0000","1","±100","0.25","R1206_1M"
"CRCW06031M02FKEA","Vishay","0603","1020000.0000","1","±100","0.1","R0603_1M02"
"CRCW04021M02FKED","Vishay","0402","1020000.0000","1","±100","0.063","R0402_1M02"
"CRCW08051M02FKEA","Vishay","0805","1020000.0000","1","±100","0.125","R0805_1M02"
"CRCW12061M02FKEA","Vishay","1206","1020000.0000","1","±100","0.25","R1206_1M02"
"CRCW04021M05FKED","Vishay","0402","1050000.0000","1","±100","0.063","R0402_1M05"
"CRCW06031M05FKEA","Vishay","0603","1050000.0000","1","±100","0.1","R0603_1M05"
"CRCW08051M05FKEA","Vishay","0805","1050000.0000","1","±100","0.125","R0805_1M05"
"CRCW12061M05FKEA","Vishay","1206","1050000.0000","1","±100","0.25","R1206_1M05"
"CRCW06031M07FKEA","Vishay","0603","1070000.0000","1","±100","0.1","R0603_1M07"
"CRCW12061M07FKEA","Vishay","1206","1070000.0000","1","±100","0.25","R1206_1M07"
"CRCW04021M07FKED","Vishay","0402","1070000.0000","1","±100","0.063","R0402_1M07"
"CRCW08051M07FKEA","Vishay","0805","1070000.0000","1","±100","0.125","R0805_1M07"
"CRCW04021M10FKED","Vishay","0402","1100000.0000","1","±100","0.063","R0402_1M10"
"CRCW06031M10FKEA","Vishay","0603","1100000.0000","1","±100","0.1","R0603_1M10"
"CRCW12061M10FKEA","Vishay","1206","1100000.0000","1","±100","0.25","R1206_1M10"
"CRCW08051M10FKEA","Vishay","0805","1100000.0000","1","±100","0.125","R0805_1M10"
"CRCW04021M13FKED","Vishay","0402","1130000.0000","1","±100","0.063","R0402_1M13"
"CRCW06031M13FKEA","Vishay","0603","1130000.0000","1","±100","0.1","R0603_1M13"
"CRCW08051M13FKEA","Vishay","0805","1130000.0000","1","±100","0.125","R0805_1M13"
"CRCW12061M13FKEA","Vishay","1206","1130000.0000","1","±100","0.25","R1206_1M13"
"CRCW06031M15FKEA","Vishay","0603","1150000.0000","1","±100","0.1","R0603_1M15"
"CRCW04021M15FKED","Vishay","0402","1150000.0000","1","±100","0.063","R0402_1M15"
"CRCW08051M15FKEA","Vishay","0805","1150000.0000","1","±100","0.125","R0805_1M15"
"CRCW12061M15FKEA","Vishay","1206","1150000.0000","1","±100","0.25","R1206_1M15"
"CRCW04021M18FKED","Vishay","0402","1180000.0000","1","±100","0.063","R0402_1M18"
"CRCW06031M18FKEA","Vishay","0603","1180000.0000","1","±100","0.1","R0603_1M18"
"CRCW08051M18FKEA","Vishay","0805","1180000.0000","1","±100","0.125","R0805_1M18"
"CRCW12061M18FKEA","Vishay","1206","1180000.0000","1","±100","0.25","R1206_1M18"
"CRCW04021M20FKED","Vishay","0402","1200000.0000","1","±100","0.063","R0402_1M20"
"CRCW06031M20FKEA","Vishay","0603","1200000.0000","1","±100","0.1","R0603_1M20"
"CRCW08051M20FKEA","Vishay","0805","1200000.0000","1","±100","0.125","R0805_1M20"
"CRCW12061M20FKEA","Vishay","1206","1200000.0000","1","±100","0.25","R1206_1M20"
"CRCW04021M21FKED","Vishay","0402","1210000.0000","1","±100","0.063","R0402_1M21"
"CRCW06031M21FKEA","Vishay","0603","1210000.0000","1","±100","0.1","R0603_1M21"
"CRCW12061M21FKEA","Vishay","1206","1210000.0000","1","±100","0.25","R1206_1M21"
"CRCW08051M21FKEA","Vishay","0805","1210000.0000","1","±100","0.125","R0805_1M21"
"CRCW08051M24FKEA","Vishay","0805","1240000.0000","1","±100","0.125","R0805_1M24"
"CRCW06031M24FKEA","Vishay","0603","1240000.0000","1","±100","0.1","R0603_1M24"
"CRCW04021M24FKED","Vishay","0402","1240000.0000","1","±100","0.063","R0402_1M24"
"CRCW12061M24FKEA","Vishay","1206","1240000.0000","1","±100","0.25","R1206_1M24"
"CRCW04021M27FKED","Vishay","0402","1270000.0000","1","±100","0.063","R0402_1M27"
"CRCW08051M27FKEA","Vishay","0805","1270000.0000","1","±100","0.125","R0805_1M27"
"CRCW06031M27FKEA","Vishay","0603","1270000.0000","1","±100","0.1","R0603_1M27"
"CRCW12061M27FKEA","Vishay","1206","1270000.0000","1","±100","0.25","R1206_1M27"
"CRCW04021M30FKED","Vishay","0402","1300000.0000","1","±100","0.063","R0402_1M30"
"CRCW08051M30FKEA","Vishay","0805","1300000.0000","1","±100","0.125","R0805_1M30"
"CRCW06031M30FKEA","Vishay","0603","1300000.0000","1","±100","0.1","R0603_1M30"
"CRCW12061M30FKEA","Vishay","1206","1300000.0000","1","±100","0.25","R1206_1M30"
"CRCW04021M33FKED","Vishay","0402","1330000.0000","1","±100","0.063","R0402_1M33"
"CRCW08051M33FKEA","Vishay","0805","1330000.0000","1","±100","0.125","R0805_1M33"
"CRCW12061M33FKEA","Vishay","1206","1330000.0000","1","±100","0.25","R1206_1M33"
"CRCW06031M33FKEA","Vishay","0603","1330000.0000","1","±100","0.1","R0603_1M33"
"CRCW08051M37FKEA","Vishay","0805","1370000.0000","1","±100","0.125","R0805_1M37"
"CRCW04021M37FKED","Vishay","0402","1370000.0000","1","±100","0.063","R0402_1M37"
"CRCW12061M37FKEA","Vishay","1206","1370000.0000","1","±100","0.25","R1206_1M37"
"CRCW06031M37FKEA","Vishay","0603","1370000.0000","1","±100","0.1","R0603_1M37"
"CRCW04021M40FKED","Vishay","0402","1400000.0000","1","±100","0.063","R0402_1M40"
"CRCW06031M40FKEA","Vishay","0603","1400000.0000","1","±100","0.1","R0603_1M40"
"CRCW08051M40FKEA","Vishay","0805","1400000.0000","1","±100","0.125","R0805_1M40"
"CRCW12061M40FKEA","Vishay","1206","1400000.0000","1","±100","0.25","R1206_1M40"
"CRCW06031M43FKEA","Vishay","0603","1430000.0000","1","±100","0.1","R0603_1M43"
"CRCW08051M43FKEA","Vishay","0805","1430000.0000","1","±100","0.125","R0805_1M43"
"CRCW12061M43FKEA","Vishay","1206","1430000.0000","1","±100","0.25","R1206_1M43"
"CRCW04021M43FKED","Vishay","0402","1430000.0000","1","±100","0.063","R0402_1M43"
"CRCW08051M47FKEA","Vishay","0805","1470000.0000","1","±100","0.125","R0805_1M47"
"CRCW06031M47FKEA","Vishay","0603","1470000.0000","1","±100","0.1","R0603_1M47"
"CRCW04021M47FKED","Vishay","0402","1470000.0000","1","±100","0.063","R0402_1M47"
"CRCW12061M47FKEA","Vishay","1206","1470000.0000","1","±100","0.25","R1206_1M47"
"CRCW04021M50FKED","Vishay","0402","1500000.0000","1","±100","0.063","R0402_1M50"
"CRCW06031M50FKEA","Vishay","0603","1500000.0000","1","±100","0.1","R0603_1M50"
"CRCW12061M50FKEA","Vishay","1206","1500000.0000","1","±100","0.25","R1206_1M50"
"CRCW08051M50FKEA","Vishay","0805","1500000.0000","1","±100","0.125","R0805_1M50"
"CRCW06031M54FKEA","Vishay","0603","1540000.0000","1","±100","0.1","R0603_1M54"
"CRCW04021M54FKED","Vishay","0402","1540000.0000","1","±100","0.063","R0402_1M54"
"CRCW12061M54FKEA","Vishay","1206","1540000.0000","1","±100","0.25","R1206_1M54"
"CRCW08051M54FKEA","Vishay","0805","1540000.0000","1","±100","0.125","R0805_1M54"
"CRCW04021M58FKED","Vishay","0402","1580000.0000","1","±100","0.063","R0402_1M58"
"CRCW08051M58FKEA","Vishay","0805","1580000.0000","1","±100","0.125","R0805_1M58"
"CRCW06031M58FKEA","Vishay","0603","1580000.0000","1","±100","0.1","R0603_1M58"
"CRCW12061M58FKEA","Vishay","1206","1580000.0000","1","±100","0.25","R1206_1M58"
"CRCW04021M60FKED","Vishay","0402","1600000.0000","1","±100","0.063","R0402_1M60"
"CRCW06031M60FKEA","Vishay","0603","1600000.0000","1","±100","0.1","R0603_1M60"
"CRCW08051M60FKEA","Vishay","0805","1600000.0000","1","±100","0.125","R0805_1M60"
"CRCW12061M60FKEA","Vishay","1206","1600000.0000","1","±100","0.25","R1206_1M60"
"CRCW04021M62FKED","Vishay","0402","1620000.0000","1","±100","0.063","R0402_1M62"
"CRCW06031M62FKEA","Vishay","0603","1620000.0000","1","±100","0.1","R0603_1M62"
"CRCW12061M62FKEA","Vishay","1206","1620000.0000","1","±100","0.25","R1206_1M62"
"CRCW08051M62FKEA","Vishay","0805","1620000.0000","1","±100","0.125","R0805_1M62"
"CRCW06031M65FKEA","Vishay","0603","1650000.0000","1","±100","0.1","R0603_1M65"
"CRCW08051M65FKEA","Vishay","0805","1650000.0000","1","±100","0.125","R0805_1M65"
"CRCW04021M65FKED","Vishay","0402","1650000.0000","1","±100","0.063","R0402_1M65"
"CRCW12061M65FKEA","Vishay","1206","1650000.0000","1","±100","0.25","R1206_1M65"
"CRCW04021M69FKED","Vishay","0402","1690000.0000","1","±100","0.063","R0402_1M69"
"CRCW12061M69FKEA","Vishay","1206","1690000.0000","1","±100","0.25","R1206_1M69"
"CRCW08051M69FKEA","Vishay","0805","1690000.0000","1","±100","0.125","R0805_1M69"
"CRCW06031M69FKEA","Vishay","0603","1690000.0000","1","±100","0.1","R0603_1M69"
"CRCW06031M74FKEA","Vishay","0603","1740000.0000","1","±100","0.1","R0603_1M74"
"CRCW08051M74FKEA","Vishay","0805","1740000.0000","1","±100","0.125","R0805_1M74"
"CRCW04021M74FKED","Vishay","0402","1740000.0000","1","±100","0.063","R0402_1M74"
"CRCW12061M74FKEA","Vishay","1206","1740000.0000","1","±100","0.25","R1206_1M74"
"CRCW04021M78FKED","Vishay","0402","1780000.0000","1","±100","0.063","R0402_1M78"
"CRCW06031M78FKEA","Vishay","0603","1780000.0000","1","±100","0.1","R0603_1M78"
"CRCW08051M78FKEA","Vishay","0805","1780000.0000","1","±100","0.125","R0805_1M78"
"CRCW12061M78FKEA","Vishay","1206","1780000.0000","1","±100","0.25","R1206_1M78"
"CRCW04021M80FKED","Vishay","0402","1800000.0000","1","±100","0.063","R0402_1M80"
"CRCW06031M80FKEA","Vishay","0603","1800000.0000","1","±100","0.1","R0603_1M80"
"CRCW08051M80FKEA","Vishay","0805","1800000.0000","1","±100","0.125","R0805_1M80"
"CRCW12061M80FKEA","Vishay","1206","1800000.0000","1","±100","0.25","R1206_1M80"
"CRCW06031M82FKEA","Vishay","0603","1820000.0000","1","±100","0.1","R0603_1M82"
"CRCW12061M82FKEA","Vishay","1206","1820000.0000","1","±100","0.25","R1206_1M82"
"CRCW04021M82FKED","Vishay","0402","1820000.0000","1","±100","0.063","R0402_1M82"
"CRCW08051M82FKEA","Vishay","0805","1820000.0000","1","±100","0.125","R0805_1M82"
"CRCW04021M87FKED","Vishay","0402","1870000.0000","1","±100","0.063","R0402_1M87"
"CRCW06031M87FKEA","Vishay","0603","1870000.0000","1","±100","0.1","R0603_1M87"
"CRCW12061M87FKEA","Vishay","1206","1870000.0000","1","±100","0.25","R1206_1M87"
"CRCW08051M87FKEA","Vishay","0805","1870000.0000","1","±100","0.125","R0805_1M87"
"CRCW04021M91FKED","Vishay","0402","1910000.0000","1","±100","0.063","R0402_1M91"
"CRCW06031M91FKEA","Vishay","0603","1910000.0000","1","±100","0.1","R0603_1M91"
"CRCW08051M91FKEA","Vishay","0805","1910000.0000","1","±100","0.125","R0805_1M91"
"CRCW12061M91FKEA","Vishay","1206","1910000.0000","1","±100","0.25","R1206_1M91"
"CRCW04021M96FKED","Vishay","0402","1960000.0000","1","±100","0.063","R0402_1M96"
"CRCW06031M96FKEA","Vishay","0603","1960000.0000","1","±100","0.1","R0603_1M96"
"CRCW12061M96FKEA","Vishay","1206","1960000.0000","1","±100","0.25","R1206_1M96"
"CRCW08051M96FKEA","Vishay","0805","1960000.0000","1","±100","0.125","R0805_1M96"
"CRCW04022M00FKED","Vishay","0402","2000000.0000","1","±100","0.063","R0402_2M"
"CRCW06032M00FKEA","Vishay","0603","2000000.0000","1","±100","0.1","R0603_2M"
"CRCW08052M00FKEA","Vishay","0805","2000000.0000","1","±100","0.125","R0805_2M"
"CRCW12062M00FKEA","Vishay","1206","2000000.0000","1","±100","0.25","R1206_2M"
"CRCW08052M05FKEA","Vishay","0805","2050000.0000","1","±100","0.125","R0805_2M05"
"CRCW12062M05FKEA","Vishay","1206","2050000.0000","1","±100","0.25","R1206_2M05"
"CRCW06032M05FKEA","Vishay","0603","2050000.0000","1","±100","0.1","R0603_2M05"
"CRCW04022M05FKED","Vishay","0402","2050000.0000","1","±100","0.063","R0402_2M05"
"CRCW04022M10FKED","Vishay","0402","2100000.0000","1","±100","0.063","R0402_2M10"
"CRCW08052M10FKEA","Vishay","0805","2100000.0000","1","±100","0.125","R0805_2M10"
"CRCW06032M10FKEA","Vishay","0603","2100000.0000","1","±100","0.1","R0603_2M10"
"CRCW12062M10FKEA","Vishay","1206","2100000.0000","1","±100","0.25","R1206_2M10"
"CRCW04022M15FKED","Vishay","0402","2150000.0000","1","±100","0.063","R0402_2M15"
"CRCW08052M15FKEA","Vishay","0805","2150000.0000","1","±100","0.125","R0805_2M15"
"CRCW12062M15FKEA","Vishay","1206","2150000.0000","1","±100","0.25","R1206_2M15"
"CRCW06032M15FKEA","Vishay","0603","2150000.0000","1","±100","0.1","R0603_2M15"
"CRCW04022M20FKED","Vishay","0402","2200000.0000","1","±100","0.063","R0402_2M20"
"CRCW06032M20FKEA","Vishay","0603","2200000.0000","1","±100","0.1","R0603_2M20"
"CRCW12062M20FKEA","Vishay","1206","2200000.0000","1","±100","0.25","R1206_2M20"
"CRCW08052M20FKEA","Vishay","0805","2200000.0000","1","±100","0.125","R0805_2M20"
"CRCW04022M21FKED","Vishay","0402","2210000.0000","1","±100","0.063","R0402_2M21"
"CRCW06032M21FKEA","Vishay","0603","2210000.0000","1","±100","0.1","R0603_2M21"
"CRCW08052M21FKEA","Vishay","0805","2210000.0000","1","±100","0.125","R0805_2M21"
"CRCW12062M21FKEA","Vishay","1206","2210000.0000","1","±100","0.25","R1206_2M21"
"CRCW06032M26FKEA","Vishay","0603","2260000.0000","1","±100","0.1","R0603_2M26"
"CRCW08052M26FKEA","Vishay","0805","2260000.0000","1","±100","0.125","R0805_2M26"
"CRCW04022M26FKED","Vishay","0402","2260000.0000","1","±100","0.063","R0402_2M26"
"CRCW12062M26FKEA","Vishay","1206","2260000.0000","1","±100","0.25","R1206_2M26"
"CRCW06032M32FKEA","Vishay","0603","2320000.0000","1","±100","0.1","R0603_2M32"
"CRCW04022M32FKED","Vishay","0402","2320000.0000","1","±100","0.063","R0402_2M32"
"CRCW08052M32FKEA","Vishay","0805","2320000.0000","1","±100","0.125","R0805_2M32"
"CRCW12062M32FKEA","Vishay","1206","2320000.0000","1","±100","0.25","R1206_2M32"
"CRCW04022M37FKED","Vishay","0402","2370000.0000","1","±100","0.063","R0402_2M37"
"CRCW06032M37FKEA","Vishay","0603","2370000.0000","1","±100","0.1","R0603_2M37"
"CRCW08052M37FKEA","Vishay","0805","2370000.0000","1","±100","0.125","R0805_2M37"
"CRCW12062M37FKEA","Vishay","1206","2370000.0000","1","±100","0.25","R1206_2M37"
"CRCW04022M40FKED","Vishay","0402","2400000.0000","1","±100","0.063","R0402_2M40"
"CRCW06032M40FKEA","Vishay","0603","2400000.0000","1","±100","0.1","R0603_2M40"
"CRCW08052M40FKEA","Vishay","0805","2400000.0000","1","±100","0.125","R0805_2M40"
"CRCW12062M40FKEA","Vishay","1206","2400000.0000","1","±100","0.25","R1206_2M40"
"CRCW06032M43FKEA","Vishay","0603","2430000.0000","1","±100","0.1","R0603_2M43"
"CRCW04022M43FKED","Vishay","0402","2430000.0000","1","±100","0.063","R0402_2M43"
"CRCW08052M43FKEA","Vishay","0805","2430000.0000","1","±100","0.125","R0805_2M43"
"CRCW12062M43FKEA","Vishay","1206","2430000.0000","1","±100","0.25","R1206_2M43"
"CRCW04022M49FKED","Vishay","0402","2490000.0000","1","±100","0.063","R0402_2M49"
"CRCW06032M49FKEA","Vishay","0603","2490000.0000","1","±100","0.1","R0603_2M49"
"CRCW08052M49FKEA","Vishay","0805","2490000.0000","1","±100","0.125","R0805_2M49"
"CRCW12062M49FKEA","Vishay","1206","2490000.0000","1","±100","0.25","R1206_2M49"
"CRCW06032M55FKEA","Vishay","0603","2550000.0000","1","±100","0.1","R0603_2M55"
"CRCW12062M55FKEA","Vishay","1206","2550000.0000","1","±100","0.25","R1206_2M55"
"CRCW04022M55FKED","Vishay","0402","2550000.0000","1","±100","0.063","R0402_2M55"
"CRCW08052M55FKEA","Vishay","0805","2550000.0000","1","±100","0.125","R0805_2M55"
"CRCW08052M61FKEA","Vishay","0805","2610000.0000","1","±100","0.125","R0805_2M61"
"CRCW12062M61FKEA","Vishay","1206","2610000.0000","1","±100","0.25","R1206_2M61"
"CRCW06032M61FKEA","Vishay","0603","2610000.0000","1","±100","0.1","R0603_2M61"
"CRCW04022M61FKED","Vishay","0402","2610000.0000","1","±100","0.063","R0402_2M61"
"CRCW06032M67FKEA","Vishay","0603","2670000.0000","1","±100","0.1","R0603_2M67"
"CRCW08052M67FKEA","Vishay","0805","2670000.0000","1","±100","0.125","R0805_2M67"
"CRCW04022M67FKED","Vishay","0402","2670000.0000","1","±100","0.063","R0402_2M67"
"CRCW12062M67FKEA","Vishay","1206","2670000.0000","1","±100","0.25","R1206_2M67"
"CRCW04022M70FKED","Vishay","0402","2700000.0000","1","±100","0.063","R0402_2M70"
"CRCW06032M70FKEA","Vishay","0603","2700000.0000","1","±100","0.1","R0603_2M70"
"CRCW08052M70FKEA","Vishay","0805","2700000.0000","1","±100","0.125","R0805_2M70"
"CRCW12062M70FKEA","Vishay","1206","2700000.0000","1","±100","0.25","R1206_2M70"
"CRCW04022M74FKED","Vishay","0402","2740000.0000","1","±100","0.063","R0402_2M74"
"CRCW12062M74FKEA","Vishay","1206","2740000.0000","1","±100","0.25","R1206_2M74"
"CRCW08052M74FKEA","Vishay","0805","2740000.0000","1","±100","0.125","R0805_2M74"
"CRCW06032M74FKEA","Vishay","0603","2740000.0000","1","±100","0.1","R0603_2M74"
"CRCW04022M80FKED","Vishay","0402","2800000.0000","1","±100","0.063","R0402_2M80"
"CRCW08052M80FKEA","Vishay","0805","2800000.0000","1","±100","0.125","R0805_2M80"
"CRCW12062M80FKEA","Vishay","1206","2800000.0000","1","±100","0.25","R1206_2M80"
"CRCW06032M80FKEA","Vishay","0603","2800000.0000","1","±100","0.1","R0603_2M80"
"CRCW04022M87FKED","Vishay","0402","2870000.0000","1","±100","0.063","R0402_2M87"
"CRCW08052M87FKEA","Vishay","0805","2870000.0000","1","±100","0.125","R0805_2M87"
"CRCW12062M87FKEA","Vishay","1206","2870000.0000","1","±100","0.25","R1206_2M87"
"CRCW06032M87FKEA","Vishay","0603","2870000.0000","1","±100","0.1","R0603_2M87"
"CRCW04022M94FKED","Vishay","0402","2940000.0000","1","±100","0.063","R0402_2M94"
"CRCW06032M94FKEA","Vishay","0603","2940000.0000","1","±100","0.1","R0603_2M94"
"CRCW08052M94FKEA","Vishay","0805","2940000.0000","1","±100","0.125","R0805_2M94"
"CRCW12062M94FKEA","Vishay","1206","2940000.0000","1","±100","0.25","R1206_2M94"
"CRCW04023M00FKED","Vishay","0402","3000000.0000","1","±100","0.063","R0402_3M"
"CRCW06033M00FKEA","Vishay","0603","3000000.0000","1","±100","0.1","R0603_3M"
"CRCW08053M00FKEA","Vishay","0805","3000000.0000","1","±100","0.125","R0805_3M"
"CRCW12063M00FKEA","Vishay","1206","3000000.0000","1","±100","0.25","R1206_3M"
"CRCW04023M01FKED","Vishay","0402","3010000.0000","1","±100","0.063","R0402_3M01"
"CRCW08053M01FKEA","Vishay","0805","3010000.0000","1","±100","0.125","R0805_3M01"
"CRCW12063M01FKEA","Vishay","1206","3010000.0000","1","±100","0.25","R1206_3M01"
"CRCW06033M01FKEA","Vishay","0603","3010000.0000","1","±100","0.1","R0603_3M01"
"CRCW06033M09FKEA","Vishay","0603","3090000.0000","1","±100","0.1","R0603_3M09"
"CRCW04023M09FKED","Vishay","0402","3090000.0000","1","±100","0.063","R0402_3M09"
"CRCW12063M09FKEA","Vishay","1206","3090000.0000","1","±100","0.25","R1206_3M09"
"CRCW08053M09FKEA","Vishay","0805","3090000.0000","1","±100","0.125","R0805_3M09"
"CRCW06033M16FKEA","Vishay","0603","3160000.0000","1","±100","0.1","R0603_3M16"
"CRCW04023M16FKED","Vishay","0402","3160000.0000","1","±100","0.063","R0402_3M16"
"CRCW08053M16FKEA","Vishay","0805","3160000.0000","1","±100","0.125","R0805_3M16"
"CRCW12063M16FKEA","Vishay","1206","3160000.0000","1","±100","0.25","R1206_3M16"
"CRCW04023M24FKED","Vishay","0402","3240000.0000","1","±100","0.063","R0402_3M24"
"CRCW06033M24FKEA","Vishay","0603","3240000.0000","1","±100","0.1","R0603_3M24"
"CRCW08053M24FKEA","Vishay","0805","3240000.0000","1","±100","0.125","R0805_3M24"
"CRCW12063M24FKEA","Vishay","1206","3240000.0000","1","±100","0.25","R1206_3M24"
"CRCW06033M30FKEA","Vishay","0603","3300000.0000","1","±100","0.1","R0603_3M30"
"CRCW08053M30FKEA","Vishay","0805","3300000.0000","1","±100","0.125","R0805_3M30"
"CRCW12063M30FKEA","Vishay","1206","3300000.0000","1","±100","0.25","R1206_3M30"
"CRCW04023M30FKED","Vishay","0402","3300000.0000","1","±100","0.063","R0402_3M30"
"CRCW04023M32FKED","Vishay","0402","3320000.0000","1","±100","0.063","R0402_3M32"
"CRCW12063M32FKEA","Vishay","1206","3320000.0000","1","±100","0.25","R1206_3M32"
"CRCW06033M32FKEA","Vishay","0603","3320000.0000","1","±100","0.1","R0603_3M32"
"CRCW08053M32FKEA","Vishay","0805","3320000.0000","1","±100","0.125","R0805_3M32"
"CRCW04023M40FKED","Vishay","0402","3400000.0000","1","±100","0.063","R0402_3M40"
"CRCW08053M40FKEA","Vishay","0805","3400000.0000","1","±100","0.125","R0805_3M40"
"CRCW12063M40FKEA","Vishay","1206","3400000.0000","1","±100","0.25","R1206_3M40"
"CRCW06033M40FKEA","Vishay","0603","3400000.0000","1","±100","0.1","R0603_3M40"
"CRCW04023M48FKED","Vishay","0402","3480000.0000","1","±100","0.063","R0402_3M48"
"CRCW06033M48FKEA","Vishay","0603","3480000.0000","1","±100","0.1","R0603_3M48"
"CRCW12063M48FKEA","Vishay","1206","3480000.0000","1","±100","0.25","R1206_3M48"
"CRCW08053M48FKEA","Vishay","0805","3480000.0000","1","±100","0.125","R0805_3M48"
"CRCW08053M57FKEA","Vishay","0805","3570000.0000","1","±100","0.125","R0805_3M57"
"CRCW04023M57FKED","Vishay","0402","3570000.0000","1","±100","0.063","R0402_3M57"
"CRCW12063M57FKEA","Vishay","1206","3570000.0000","1","±100","0.25","R1206_3M57"
"CRCW06033M57FKEA","Vishay","0603","3570000.0000","1","±100","0.1","R0603_3M57"
"CRCW06033M60FKEA","Vishay","0603","3600000.0000","1","±100","0.1","R0603_3M60"
"CRCW08053M60FKEA","Vishay","0805","3600000.0000","1","±100","0.125","R0805_3M60"
"CRCW12063M60FKEA","Vishay","1206","3600000.0000","1","±100","0.25","R1206_3M60"
"CRCW04023M60FKED","Vishay","0402","3600000.0000","1","±100","0.063","R0402_3M60"
"CRCW06033M65FKEA","Vishay","0603","3650000.0000","1","±100","0.1","R0603_3M65"
"CRCW08053M65FKEA","Vishay","0805","3650000.0000","1","±100","0.125","R0805_3M65"
"CRCW04023M65FKED","Vishay","0402","3650000.0000","1","±100","0.063","R0402_3M65"
"CRCW12063M65FKEA","Vishay","1206","3650000.0000","1","±100","0.25","R1206_3M65"
"CRCW06033M74FKEA","Vishay","0603","3740000.0000","1","±100","0.1","R0603_3M74"
"CRCW12063M74FKEA","Vishay","1206","3740000.0000","1","±100","0.25","R1206_3M74"
"CRCW04023M74FKED","Vishay","0402","3740000.0000","1","±100","0.063","R0402_3M74"
"CRCW08053M74FKEA","Vishay","0805","3740000.0000","1","±100","0.125","R0805_3M74"
"CRCW04023M83FKED","Vishay","0402","3830000.0000","1","±100","0.063","R0402_3M83"
"CRCW08053M83FKEA","Vishay","0805","3830000.0000","1","±100","0.125","R0805_3M83"
"CRCW12063M83FKEA","Vishay","1206","3830000.0000","1","±100","0.25","R1206_3M83"
"CRCW06033M83FKEA","Vishay","0603","3830000.0000","1","±100","0.1","R0603_3M83"
"CRCW06033M90FKEA","Vishay","0603","3900000.0000","1","±100","0.1","R0603_3M90"
"CRCW08053M90FKEA","Vishay","0805","3900000.0000","1","±100","0.125","R0805_3M90"
"CRCW04023M90FKED","Vishay","0402","3900000.0000","1","±100","0.063","R0402_3M90"
"CRCW12063M90FKEA","Vishay","1206","3900000.0000","1","±100","0.25","R1206_3M90"
"CRCW06033M92FKEA","Vishay","0603","3920000.0000","1","±100","0.1","R0603_3M92"
"CRCW04023M92FKED","Vishay","0402","3920000.0000","1","±100","0.063","R0402_3M92"
"CRCW08053M92FKEA","Vishay","0805","3920000.0000","1","±100","0.125","R0805_3M92"
"CRCW12063M92FKEA","Vishay","1206","3920000.0000","1","±100","0.25","R1206_3M92"
"CRCW04024M02FKED","Vishay","0402","4020000.0000","1","±100","0.063","R0402_4M02"
"CRCW06034M02FKEA","Vishay","0603","4020000.0000","1","±100","0.1","R0603_4M02"
"CRCW08054M02FKEA","Vishay","0805","4020000.0000","1","±100","0.125","R0805_4M02"
"CRCW12064M02FKEA","Vishay","1206","4020000.0000","1","±100","0.25","R1206_4M02"
"CRCW06034M12FKEA","Vishay","0603","4120000.0000","1","±100","0.1","R0603_4M12"
"CRCW12064M12FKEA","Vishay","1206","4120000.0000","1","±100","0.25","R1206_4M12"
"CRCW04024M12FKED","Vishay","0402","4120000.0000","1","±100","0.063","R0402_4M12"
"CRCW08054M12FKEA","Vishay","0805","4120000.0000","1","±100","0.125","R0805_4M12"
"CRCW08054M22FKEA","Vishay","0805","4220000.0000","1","±100","0.125","R0805_4M22"
"CRCW12064M22FKEA","Vishay","1206","4220000.0000","1","±100","0.25","R1206_4M22"
"CRCW06034M22FKEA","Vishay","0603","4220000.0000","1","±100","0.1","R0603_4M22"
"CRCW04024M22FKED","Vishay","0402","4220000.0000","1","±100","0.063","R0402_4M22"
"CRCW08054M30FKEA","Vishay","0805","4300000.0000","1","±100","0.125","R0805_4M30"
"CRCW12064M30FKEA","Vishay","1206","4300000.0000","1","±100","0.25","R1206_4M30"
"CRCW06034M30FKEA","Vishay","0603","4300000.0000","1","±100","0.1","R0603_4M30"
"CRCW04024M30FKED","Vishay","0402","4300000.0000","1","±100","0.063","R0402_4M30"
"CRCW06034M32FKEA","Vishay","0603","4320000.0000","1","±100","0.1","R0603_4M32"
"CRCW04024M32FKED","Vishay","0402","4320000.0000","1","±100","0.063","R0402_4M32"
"CRCW08054M32FKEA","Vishay","0805","4320000.0000","1","±100","0.125","R0805_4M32"
"CRCW12064M32FKEA","Vishay","1206","4320000.0000","1","±100","0.25","R1206_4M32"
"CRCW04024M42FKED","Vishay","0402","4420000.0000","1","±100","0.063","R0402_4M42"
"CRCW06034M42FKEA","Vishay","0603","4420000.0000","1","±100","0.1","R0603_4M42"
"CRCW08054M42FKEA","Vishay","0805","4420000.0000","1","±100","0.125","R0805_4M42"
"CRCW12064M42FKEA","Vishay","1206","4420000.0000","1","±100","0.25","R1206_4M42"
"CRCW06034M53FKEA","Vishay","0603","4530000.0000","1","±100","0.1","R0603_4M53"
"CRCW08054M53FKEA","Vishay","0805","4530000.0000","1","±100","0.125","R0805_4M53"
"CRCW12064M53FKEA","Vishay","1206","4530000.0000","1","±100","0.25","R1206_4M53"
"CRCW04024M53FKED","Vishay","0402","4530000.0000","1","±100","0.063","R0402_4M53"
"CRCW08054M64FKEA","Vishay","0805","4640000.0000","1","±100","0.125","R0805_4M64"
"CRCW12064M64FKEA","Vishay","1206","4640000.0000","1","±100","0.25","R1206_4M64"
"CRCW04024M64FKED","Vishay","0402","4640000.0000","1","±100","0.063","R0402_4M64"
"CRCW06034M64FKEA","Vishay","0603","4640000.0000","1","±100","0.1","R0603_4M64"
"CRCW04024M70FKED","Vishay","0402","4700000.0000","1","±100","0.063","R0402_4M70"
"CRCW06034M70FKEA","Vishay","0603","4700000.0000","1","±100","0.1","R0603_4M70"
"CRCW08054M70FKEA","Vishay","0805","4700000.0000","1","±100","0.125","R0805_4M70"
"CRCW12064M70FKEA","Vishay","1206","4700000.0000","1","±100","0.25","R1206_4M70"
"CRCW08054M75FKEA","Vishay","0805","4750000.0000","1","±100","0.125","R0805_4M75"
"CRCW06034M75FKEA","Vishay","0603","4750000.0000","1","±100","0.1","R0603_4M75"
"CRCW12064M75FKEA","Vishay","1206","4750000.0000","1","±100","0.25","R1206_4M75"
"CRCW04024M75FKED","Vishay","0402","4750000.0000","1","±100","0.063","R0402_4M75"
"CRCW06034M87FKEA","Vishay","0603","4870000.0000","1","±100","0.1","R0603_4M87"
"CRCW04024M87FKED","Vishay","0402","4870000.0000","1","±100","0.063","R0402_4M87"
"CRCW08054M87FKEA","Vishay","0805","4870000.0000","1","±100","0.125","R0805_4M87"
"CRCW12064M87FKEA","Vishay","1206","4870000.0000","1","±100","0.25","R1206_4M87"
"CRCW04024M99FKED","Vishay","0402","4990000.0000","1","±100","0.063","R0402_4M99"
"CRCW06034M99FKEA","Vishay","0603","4990000.0000","1","±100","0.1","R0603_4M99"
"CRCW08054M99FKEA","Vishay","0805","4990000.0000","1","±100","0.125","R0805_4M99"
"CRCW12064M99FKEA","Vishay","1206","4990000.0000","1","±100","0.25","R1206_4M99"
"CRCW06035M10FKEA","Vishay","0603","5100000.0000","1","±100","0.1","R0603_5M10"
"CRCW08055M10FKEA","Vishay","0805","5100000.0000","1","±100","0.125","R0805_5M10"
"CRCW12065M10FKEA","Vishay","1206","5100000.0000","1","±100","0.25","R1206_5M10"
"CRCW06035M11FKEA","Vishay","0603","5110000.0000","1","±100","0.1","R0603_5M11"
"CRCW08055M11FKEA","Vishay","0805","5110000.0000","1","±100","0.125","R0805_5M11"
"CRCW12065M11FKEA","Vishay","1206","5110000.0000","1","±100","0.25","R1206_5M11"
"CRCW04025M11FKED","Vishay","0402","5110000.0000","1","±100","0.063","R0402_5M11"
"CRCW06035M23FKEA","Vishay","0603","5230000.0000","1","±100","0.1","R0603_5M23"
"CRCW04025M23FKED","Vishay","0402","5230000.0000","1","±100","0.063","R0402_5M23"
"CRCW08055M23FKEA","Vishay","0805","5230000.0000","1","±100","0.125","R0805_5M23"
"CRCW12065M23FKEA","Vishay","1206","5230000.0000","1","±100","0.25","R1206_5M23"
"CRCW06035M36FKEA","Vishay","0603","5360000.0000","1","±100","0.1","R0603_5M36"
"CRCW04025M36FKED","Vishay","0402","5360000.0000","1","±100","0.063","R0402_5M36"
"CRCW08055M36FKEA","Vishay","0805","5360000.0000","1","±100","0.125","R0805_5M36"
"CRCW12065M36FKEA","Vishay","1206","5360000.0000","1","±100","0.25","R1206_5M36"
"CRCW08055M49FKEA","Vishay","0805","5490000.0000","1","±100","0.125","R0805_5M49"
"CRCW12065M49FKEA","Vishay","1206","5490000.0000","1","±100","0.25","R1206_5M49"
"CRCW06035M49FKEA","Vishay","0603","5490000.0000","1","±100","0.1","R0603_5M49"
"CRCW04025M49FKED","Vishay","0402","5490000.0000","1","±100","0.063","R0402_5M49"
"CRCW06035M60FKEA","Vishay","0603","5600000.0000","1","±100","0.1","R0603_5M60"
"CRCW08055M60FKEA","Vishay","0805","5600000.0000","1","±100","0.125","R0805_5M60"
"CRCW12065M60FKEA","Vishay","1206","5600000.0000","1","±100","0.25","R1206_5M60"
"CRCW12065M62FKEA","Vishay","1206","5620000.0000","1","±100","0.25","R1206_5M62"
"CRCW06035M62FKEA","Vishay","0603","5620000.0000","1","±100","0.1","R0603_5M62"
"CRCW08055M62FKEA","Vishay","0805","5620000.0000","1","±100","0.125","R0805_5M62"
"CRCW06035M76FKEA","Vishay","0603","5760000.0000","1","±100","0.1","R0603_5M76"
"CRCW08055M76FKEA","Vishay","0805","5760000.0000","1","±100","0.125","R0805_5M76"
"CRCW12065M76FKEA","Vishay","1206","5760000.0000","1","±100","0.25","R1206_5M76"
"CRCW06035M90FKEA","Vishay","0603","5900000.0000","1","±100","0.1","R0603_5M90"
"CRCW08055M90FKEA","Vishay","0805","5900000.0000","1","±100","0.125","R0805_5M90"
"CRCW12065M90FKEA","Vishay","1206","5900000.0000","1","±100","0.25","R1206_5M90"
"CRCW06036M04FKEA","Vishay","0603","6040000.0000","1","±100","0.1","R0603_6M04"
"CRCW08056M04FKEA","Vishay","0805","6040000.0000","1","±100","0.125","R0805_6M04"
"CRCW12066M04FKEA","Vishay","1206","6040000.0000","1","±100","0.25","R1206_6M04"
"CRCW06036M19FKEA","Vishay","0603","6190000.0000","1","±100","0.1","R0603_6M19"
"CRCW08056M19FKEA","Vishay","0805","6190000.0000","1","±100","0.125","R0805_6M19"
"CRCW06036M20FKEA","Vishay","0603","6200000.0000","1","±100","0.1","R0603_6M20"
"CRCW08056M20FKEA","Vishay","0805","6200000.0000","1","±100","0.125","R0805_6M20"
"CRCW12066M20FKEA","Vishay","1206","6200000.0000","1","±100","0.25","R1206_6M20"
"CRCW06036M34FKEA","Vishay","0603","6340000.0000","1","±100","0.1","R0603_6M34"
"CRCW08056M34FKEA","Vishay","0805","6340000.0000","1","±100","0.125","R0805_6M34"
"CRCW12066M34FKEA","Vishay","1206","6340000.0000","1","±100","0.25","R1206_6M34"
"CRCW08056M49FKEA","Vishay","0805","6490000.0000","1","±100","0.125","R0805_6M49"
"CRCW12066M49FKEA","Vishay","1206","6490000.0000","1","±100","0.25","R1206_6M49"
"CRCW06036M49FKEA","Vishay","0603","6490000.0000","1","±100","0.1","R0603_6M49"
"CRCW12066M65FKEA","Vishay","1206","6650000.0000","1","±100","0.25","R1206_6M65"
"CRCW08056M65FKEA","Vishay","0805","6650000.0000","1","±100","0.125","R0805_6M65"
"CRCW06036M65FKEA","Vishay","0603","6650000.0000","1","±100","0.1","R0603_6M65"
"CRCW06036M80FKEA","Vishay","0603","6800000.0000","1","±100","0.1","R0603_6M80"
"CRCW12066M80FKEA","Vishay","1206","6800000.0000","1","±100","0.25","R1206_6M80"
"CRCW08056M80FKEA","Vishay","0805","6800000.0000","1","±100","0.125","R0805_6M80"
"CRCW08056M81FKEA","Vishay","0805","6810000.0000","1","±100","0.125","R0805_6M81"
"CRCW12066M81FKEA","Vishay","1206","6810000.0000","1","±100","0.25","R1206_6M81"
"CRCW06036M81FKEA","Vishay","0603","6810000.0000","1","±100","0.1","R0603_6M81"
"CRCW06036M98FKEA","Vishay","0603","6980000.0000","1","±100","0.1","R0603_6M98"
"CRCW08056M98FKEA","Vishay","0805","6980000.0000","1","±100","0.125","R0805_6M98"
"CRCW12066M98FKEA","Vishay","1206","6980000.0000","1","±100","0.25","R1206_6M98"
"CRCW06037M15FKEA","Vishay","0603","7150000.0000","1","±100","0.1","R0603_7M15"
"CRCW12067M15FKEA","Vishay","1206","7150000.0000","1","±100","0.25","R1206_7M15"
"CRCW08057M15FKEA","Vishay","0805","7150000.0000","1","±100","0.125","R0805_7M15"
"CRCW06037M32FKEA","Vishay","0603","7320000.0000","1","±100","0.1","R0603_7M32"
"CRCW08057M32FKEA","Vishay","0805","7320000.0000","1","±100","0.125","R0805_7M32"
"CRCW12067M32FKEA","Vishay","1206","7320000.0000","1","±100","0.25","R1206_7M32"
"CRCW06037M50FKEA","Vishay","0603","7500000.0000","1","±100","0.1","R0603_7M50"
"CRCW08057M50FKEA","Vishay","0805","7500000.0000","1","±100","0.125","R0805_7M50"
"CRCW12067M50FKEA","Vishay","1206","7500000.0000","1","±100","0.25","R1206_7M50"
"CRCW06037M68FKEA","Vishay","0603","7680000.0000","1","±100","0.1","R0603_7M68"
"CRCW08057M68FKEA","Vishay","0805","7680000.0000","1","±100","0.125","R0805_7M68"
"CRCW12067M68FKEA","Vishay","1206","7680000.0000","1","±100","0.25","R1206_7M68"
"CRCW08057M87FKEA","Vishay","0805","7870000.0000","1","±100","0.125","R0805_7M87"
"CRCW06037M87FKEA","Vishay","0603","7870000.0000","1","±100","0.1","R0603_7M87"
"CRCW12067M87FKEA","Vishay","1206","7870000.0000","1","±100","0.25","R1206_7M87"
"CRCW06038M06FKEA","Vishay","0603","8060000.0000","1","±100","0.1","R0603_8M06"
"CRCW08058M06FKEA","Vishay","0805","8060000.0000","1","±100","0.125","R0805_8M06"
"CRCW12068M06FKEA","Vishay","1206","8060000.0000","1","±100","0.25","R1206_8M06"
"CRCW06038M20FKEA","Vishay","0603","8200000.0000","1","±100","0.1","R0603_8M20"
"CRCW08058M20FKEA","Vishay","0805","8200000.0000","1","±100","0.125","R0805_8M20"
"CRCW12068M20FKEA","Vishay","1206","8200000.0000","1","±100","0.25","R1206_8M20"
"CRCW06038M25FKEA","Vishay","0603","8250000.0000","1","±100","0.1","R0603_8M25"
"CRCW08058M25FKEA","Vishay","0805","8250000.0000","1","±100","0.125","R0805_8M25"
"CRCW12068M25FKEA","Vishay","1206","8250000.0000","1","±100","0.25","R1206_8M25"
"CRCW06038M45FKEA","Vishay","0603","8450000.0000","1","±100","0.1","R0603_8M45"
"CRCW08058M45FKEA","Vishay","0805","8450000.0000","1","±100","0.125","R0805_8M45"
"CRCW12068M45FKEA","Vishay","1206","8450000.0000","1","±100","0.25","R1206_8M45"
"CRCW12068M66FKEA","Vishay","1206","8660000.0000","1","±100","0.25","R1206_8M66"
"CRCW06038M66FKEA","Vishay","0603","8660000.0000","1","±100","0.1","R0603_8M66"
"CRCW08058M66FKEA","Vishay","0805","8660000.0000","1","±100","0.125","R0805_8M66"
"CRCW06038M87FKEA","Vishay","0603","8870000.0000","1","±100","0.1","R0603_8M87"
"CRCW08058M87FKEA","Vishay","0805","8870000.0000","1","±100","0.125","R0805_8M87"
"CRCW12068M87FKEA","Vishay","1206","8870000.0000","1","±100","0.25","R1206_8M87"
"CRCW06039M09FKEA","Vishay","0603","9090000.0000","1","±100","0.1","R0603_9M09"
"CRCW08059M09FKEA","Vishay","0805","9090000.0000","1","±100","0.125","R0805_9M09"
"CRCW12069M09FKEA","Vishay","1206","9090000.0000","1","±100","0.25","R1206_9M09"
"CRCW06039M10FKEA","Vishay","0603","9100000.0000","1","±100","0.1","R0603_9M10"
"CRCW08059M10FKEA","Vishay","0805","9100000.0000","1","±100","0.125","R0805_9M10"
"CRCW12069M10FKEA","Vishay","1206","9100000.0000","1","±100","0.25","R1206_9M10"
"CRCW06039M31FKEA","Vishay","0603","9310000.0000","1","±100","0.1","R0603_9M31"
"CRCW08059M31FKEA","Vishay","0805","9310000.0000","1","±100","0.125","R0805_9M31"
"CRCW12069M31FKEA","Vishay","1206","9310000.0000","1","±100","0.25","R1206_9M31"
"CRCW06039M53FKEA","Vishay","0603","9530000.0000","1","±100","0.1","R0603_9M53"
"CRCW08059M53FKEA","Vishay","0805","9530000.0000","1","±100","0.125","R0805_9M53"
"CRCW12069M53FKEA","Vishay","1206","9530000.0000","1","±100","0.25","R1206_9M53"
"CRCW06039M76FKEA","Vishay","0603","9760000.0000","1","±100","0.1","R0603_9M76"
"CRCW12069M76FKEA","Vishay","1206","9760000.0000","1","±100","0.25","R1206_9M76"
"CRCW08059M76FKEA","Vishay","0805","9760000.0000","1","±100","0.125","R0805_9M76"
"CRCW040210M0FKED","Vishay","0402","10000000.0000","1","±100","0.063","R0402_10M"
"CRCW060310M0FKEA","Vishay","0603","10000000.0000","1","±100","0.1","R0603_10M"
"CRCW080510M0FKEA","Vishay","0805","10000000.0000","1","±100","0.125","R0805_10M"
"CRCW120610M0FKEA","Vishay","1206","10000000.0000","1","±100","0.25","R1206_10M"
