Datasheet,Image,DK Part #,Mfr Part #,Mfr,Supplier,Description,Stock,Price,@ qty,Min Qty, Package,Series,Product Status,"Resistance","Tolerance","Power (Watts)","Composition","Features","Temperature Coefficient","Operating Temperature","Package / Case","Supplier Device Package","Ratings","Size / Dimension","Height - Seated (Max)","Number of Terminations","Failure Rate","URL"
"https://www.koaspeer.com/pdfs/SR73.pdf","//mm.digikey.com/Volume0/opasdata/d220001/medias/images/319/2019%3B%3B0402%281005%29-1x0%2C5x0%2C4.JPG","2019-SR731ETTPR100FTR-ND,2019-SR731ETTPR100FCT-ND,2019-SR731ETTPR100FDKR-ND","SR731ETTPR100F","KOA Speer Electronics, Inc.","KOA Speer Electronics, Inc.","RES 0.1 OHM 1% 1/6W 0402","40,833","0.57","0","1","Tape & Reel (TR),Cut Tape (CT),Digi-Reel®","SR73","Active","100 mOhms","±1%","0.167W, 1/6W","Thick Film","Automotive AEC-Q200, Current Sense","±500ppm/°C","-55°C ~ 150°C","0402 (1005 Metric)","0402","-","0.039"" L x 0.020"" W (1.00mm x 0.50mm)","0.016"" (0.40mm)","2","-","https://www.digikey.com/en/products/detail/koa-speer-electronics-inc/SR731ETTPR100F/9834542"
"https://www.koaspeer.com/pdfs/SR73.pdf","//mm.digikey.com/Volume0/opasdata/d220001/medias/images/320/2019%3B%3B0805%282012%29-2x1%2C25x0%2C6.JPG","2019-SR732ATTDR560FTR-ND,2019-SR732ATTDR560FCT-ND,2019-SR732ATTDR560FDKR-ND","SR732ATTDR560F","KOA Speer Electronics, Inc.","KOA Speer Electronics, Inc.","RES 0.56 OHM 1% 1/3W 0805","5,000","0.37","0","1","Tape & Reel (TR),Cut Tape (CT),Digi-Reel®","SR73","Active","560 mOhms","±1%","0.333W, 1/3W","Thick Film","Automotive AEC-Q200, Current Sense","±100ppm/°C","-55°C ~ 150°C","0805 (2012 Metric)","0805","-","0.079"" L x 0.049"" W (2.00mm x 1.25mm)","0.024"" (0.60mm)","2","-","https://www.digikey.com/en/products/detail/koa-speer-electronics-inc/SR732ATTDR560F/9845583"
"https://www.koaspeer.com/pdfs/SR73.pdf","//mm.digikey.com/Volume0/opasdata/d220001/medias/images/320/2019%3B%3B0805%282012%29-2x1%2C25x0%2C6.JPG","2019-SR732ATTDR680FTR-ND,2019-SR732ATTDR680FCT-ND,2019-SR732ATTDR680FDKR-ND","SR732ATTDR680F","KOA Speer Electronics, Inc.","KOA Speer Electronics, Inc.","RES 0.68 OHM 1% 1/3W 0805","2,609","0.37","0","1","Tape & Reel (TR),Cut Tape (CT),Digi-Reel®","SR73","Active","680 mOhms","±1%","0.333W, 1/3W","Thick Film","Automotive AEC-Q200, Current Sense","±100ppm/°C","-55°C ~ 150°C","0805 (2012 Metric)","0805","-","0.079"" L x 0.049"" W (2.00mm x 1.25mm)","0.024"" (0.60mm)","2","-","https://www.digikey.com/en/products/detail/koa-speer-electronics-inc/SR732ATTDR680F/9845586"
"https://www.koaspeer.com/pdfs/SR73.pdf","//mm.digikey.com/Volume0/opasdata/d220001/medias/images/320/2019%3B%3B1206%283216%29-3%2C2x1%2C6x0%2C6.JPG","2019-SR732BTTD1R00FTR-ND,2019-SR732BTTD1R00FCT-ND,2019-SR732BTTD1R00FDKR-ND","SR732BTTD1R00F","KOA Speer Electronics, Inc.","KOA Speer Electronics, Inc.","RES 1 OHM 1% 1/3W 1206","178,452","0.41","0","1","Tape & Reel (TR),Cut Tape (CT),Digi-Reel®","SR73","Active","1 Ohms","±1%","0.333W, 1/3W","Thick Film","Automotive AEC-Q200, Current Sense","±100ppm/°C","-55°C ~ 150°C","1206 (3216 Metric)","1206","-","0.126"" L x 0.063"" W (3.20mm x 1.60mm)","0.024"" (0.60mm)","2","-","https://www.digikey.com/en/products/detail/koa-speer-electronics-inc/SR732BTTD1R00F/9845589"
"https://www.koaspeer.com/pdfs/SR73.pdf","//mm.digikey.com/Volume0/opasdata/d220001/medias/images/320/2019%3B%3B1206%283216%29-3%2C2x1%2C6x0%2C6.JPG","2019-SR732BTTD3R90FTR-ND,2019-SR732BTTD3R90FCT-ND,2019-SR732BTTD3R90FDKR-ND","SR732BTTD3R90F","KOA Speer Electronics, Inc.","KOA Speer Electronics, Inc.","RES 3.9 OHM 1% 1/3W 1206","11,294","0.41","0","1","Tape & Reel (TR),Cut Tape (CT),Digi-Reel®","SR73","Active","3.9 Ohms","±1%","0.333W, 1/3W","Thick Film","Automotive AEC-Q200, Current Sense","±100ppm/°C","-55°C ~ 150°C","1206 (3216 Metric)","1206","-","0.126"" L x 0.063"" W (3.20mm x 1.60mm)","0.024"" (0.60mm)","2","-","https://www.digikey.com/en/products/detail/koa-speer-electronics-inc/SR732BTTD3R90F/9845598"
"https://www.koaspeer.com/pdfs/SR73.pdf","//mm.digikey.com/Volume0/opasdata/d220001/medias/images/320/2019%3B%3B0603%281608%29-1%2C6x0%2C8x0%2C55.JPG","2019-SR731JTTDR470FTR-ND,2019-SR731JTTDR470FCT-ND,2019-SR731JTTDR470FDKR-ND","SR731JTTDR470F","KOA Speer Electronics, Inc.","KOA Speer Electronics, Inc.","RES 0.47 OHM 1% 1/4W 0603","5,652","0.41","0","1","Tape & Reel (TR),Cut Tape (CT),Digi-Reel®","SR73","Active","470 mOhms","±1%","0.25W, 1/4W","Thick Film","Automotive AEC-Q200, Current Sense","±200ppm/°C","-55°C ~ 150°C","0603 (1608 Metric)","0603","-","0.063"" L x 0.031"" W (1.60mm x 0.80mm)","0.022"" (0.55mm)","2","-","https://www.digikey.com/en/products/detail/koa-speer-electronics-inc/SR731JTTDR470F/9845559"
"https://www.koaspeer.com/pdfs/SR73.pdf","//mm.digikey.com/Volume0/opasdata/d220001/medias/images/320/2019%3B%3B1206%283216%29-3%2C2x1%2C6x0%2C6.JPG","2019-SR732BTTDR470FTR-ND,2019-SR732BTTDR470FCT-ND,2019-SR732BTTDR470FDKR-ND","SR732BTTDR470F","KOA Speer Electronics, Inc.","KOA Speer Electronics, Inc.","RES 0.47 OHM 1% 1/3W 1206","5,297","0.41","0","1","Tape & Reel (TR),Cut Tape (CT),Digi-Reel®","SR73","Active","470 mOhms","±1%","0.333W, 1/3W","Thick Film","Automotive AEC-Q200, Current Sense","±100ppm/°C","-55°C ~ 150°C","1206 (3216 Metric)","1206","-","0.126"" L x 0.063"" W (3.20mm x 1.60mm)","0.024"" (0.60mm)","2","-","https://www.digikey.com/en/products/detail/koa-speer-electronics-inc/SR732BTTDR470F/9845623"
"https://www.koaspeer.com/pdfs/SR73.pdf","//mm.digikey.com/Volume0/opasdata/d220001/medias/images/320/2019%3B%3B1206%283216%29-3%2C2x1%2C6x0%2C6.JPG","2019-SR732BTTD1R30FTR-ND,2019-SR732BTTD1R30FCT-ND,2019-SR732BTTD1R30FDKR-ND","SR732BTTD1R30F","KOA Speer Electronics, Inc.","KOA Speer Electronics, Inc.","RES 1.3 OHM 1% 1/3W 1206","5,000","0.41","0","1","Tape & Reel (TR),Cut Tape (CT),Digi-Reel®","SR73","Active","1.3 Ohms","±1%","0.333W, 1/3W","Thick Film","Automotive AEC-Q200, Current Sense","±100ppm/°C","-55°C ~ 150°C","1206 (3216 Metric)","1206","-","0.126"" L x 0.063"" W (3.20mm x 1.60mm)","0.024"" (0.60mm)","2","-","https://www.digikey.com/en/products/detail/koa-speer-electronics-inc/SR732BTTD1R30F/9845591"
"https://www.koaspeer.com/pdfs/SR73.pdf","//mm.digikey.com/Volume0/opasdata/d220001/medias/images/320/2019%3B%3B1206%283216%29-3%2C2x1%2C6x0%2C6.JPG","2019-SR732BTTDR620FTR-ND,2019-SR732BTTDR620FCT-ND,2019-SR732BTTDR620FDKR-ND","SR732BTTDR620F","KOA Speer Electronics, Inc.","KOA Speer Electronics, Inc.","RES 0.62 OHM 1% 1/3W 1206","4,741","0.41","0","1","Tape & Reel (TR),Cut Tape (CT),Digi-Reel®","SR73","Active","620 mOhms","±1%","0.333W, 1/3W","Thick Film","Automotive AEC-Q200, Current Sense","±100ppm/°C","-55°C ~ 150°C","1206 (3216 Metric)","1206","-","0.126"" L x 0.063"" W (3.20mm x 1.60mm)","0.024"" (0.60mm)","2","-","https://www.digikey.com/en/products/detail/koa-speer-electronics-inc/SR732BTTDR620F/9856702"
"https://www.koaspeer.com/pdfs/SR73.pdf","//mm.digikey.com/Volume0/opasdata/d220001/medias/images/320/2019%3B%3B0805%282012%29-2x1%2C25x0%2C6.JPG","2019-SR732ATTDR470FTR-ND,2019-SR732ATTDR470FCT-ND,2019-SR732ATTDR470FDKR-ND","SR732ATTDR470F","KOA Speer Electronics, Inc.","KOA Speer Electronics, Inc.","RES 0.47 OHM 1% 1/3W 0805","4,713","0.41","0","1","Tape & Reel (TR),Cut Tape (CT),Digi-Reel®","SR73","Active","470 mOhms","±1%","0.333W, 1/3W","Thick Film","Automotive AEC-Q200, Current Sense","±100ppm/°C","-55°C ~ 150°C","0805 (2012 Metric)","0805","-","0.079"" L x 0.049"" W (2.00mm x 1.25mm)","0.024"" (0.60mm)","2","-","https://www.digikey.com/en/products/detail/koa-speer-electronics-inc/SR732ATTDR470F/9845580"
"https://www.koaspeer.com/pdfs/SR73.pdf","//mm.digikey.com/Volume0/opasdata/d220001/medias/images/320/2019%3B%3B1206%283216%29-3%2C2x1%2C6x0%2C6.JPG","2019-SR732BTTDR10JTR-ND,2019-SR732BTTDR10JCT-ND,2019-SR732BTTDR10JDKR-ND","SR732BTTDR10J","KOA Speer Electronics, Inc.","KOA Speer Electronics, Inc.","RES 0.1 OHM 5% 1/3W 1206","9,357","0.48","0","1","Tape & Reel (TR),Cut Tape (CT),Digi-Reel®","SR73","Active","100 mOhms","±5%","0.333W, 1/3W","Thick Film","Automotive AEC-Q200, Current Sense","±200ppm/°C","-55°C ~ 150°C","1206 (3216 Metric)","1206","-","0.126"" L x 0.063"" W (3.20mm x 1.60mm)","0.024"" (0.60mm)","2","-","https://www.digikey.com/en/products/detail/koa-speer-electronics-inc/SR732BTTDR10J/9845608"
"https://www.koaspeer.com/pdfs/SR73.pdf","//mm.digikey.com/Volume0/opasdata/d220001/medias/images/320/2019%3B%3B1206%283216%29-3%2C2x1%2C6x0%2C6.JPG","2019-SR732BTTDR150FTR-ND,2019-SR732BTTDR150FCT-ND,2019-SR732BTTDR150FDKR-ND","SR732BTTDR150F","KOA Speer Electronics, Inc.","KOA Speer Electronics, Inc.","RES 0.15 OHM 1% 1/3W 1206","7,332","0.52","0","1","Tape & Reel (TR),Cut Tape (CT),Digi-Reel®","SR73","Active","150 mOhms","±1%","0.333W, 1/3W","Thick Film","Automotive AEC-Q200, Current Sense","±100ppm/°C","-55°C ~ 150°C","1206 (3216 Metric)","1206","-","0.126"" L x 0.063"" W (3.20mm x 1.60mm)","0.024"" (0.60mm)","2","-","https://www.digikey.com/en/products/detail/koa-speer-electronics-inc/SR732BTTDR150F/9856698"
"https://www.koaspeer.com/pdfs/SR73.pdf","//mm.digikey.com/Volume0/opasdata/d220001/medias/images/320/2019%3B%3B0603%281608%29-1%2C6x0%2C8x0%2C55.JPG","2019-SR731JTTDR287FTR-ND,2019-SR731JTTDR287FCT-ND,2019-SR731JTTDR287FDKR-ND","SR731JTTDR287F","KOA Speer Electronics, Inc.","KOA Speer Electronics, Inc.","RES 0.287 OHM 1% 1/4W 0603","41,349","0.53","0","1","Tape & Reel (TR),Cut Tape (CT),Digi-Reel®","SR73","Active","287 mOhms","±1%","0.25W, 1/4W","Thick Film","Automotive AEC-Q200, Current Sense","±200ppm/°C","-55°C ~ 150°C","0603 (1608 Metric)","0603","-","0.063"" L x 0.031"" W (1.60mm x 0.80mm)","0.022"" (0.55mm)","2","-","https://www.digikey.com/en/products/detail/koa-speer-electronics-inc/SR731JTTDR287F/9845556"
"https://www.koaspeer.com/pdfs/SR73.pdf","//mm.digikey.com/Volume0/opasdata/d220001/medias/images/320/2019%3B%3B0805%282012%29-2x1%2C25x0%2C6.JPG","2019-SR732ATTDR150FTR-ND,2019-SR732ATTDR150FCT-ND,2019-SR732ATTDR150FDKR-ND","SR732ATTDR150F","KOA Speer Electronics, Inc.","KOA Speer Electronics, Inc.","RES 0.15 OHM 1% 1/3W 0805","40,000","0.53","0","1","Tape & Reel (TR),Cut Tape (CT),Digi-Reel®","SR73","Active","150 mOhms","±1%","0.333W, 1/3W","Thick Film","Automotive AEC-Q200, Current Sense","±100ppm/°C","-55°C ~ 150°C","0805 (2012 Metric)","0805","-","0.079"" L x 0.049"" W (2.00mm x 1.25mm)","0.024"" (0.60mm)","2","-","https://www.digikey.com/en/products/detail/koa-speer-electronics-inc/SR732ATTDR150F/9845573"
"https://www.koaspeer.com/pdfs/SR73.pdf","//mm.digikey.com/Volume0/opasdata/d220001/medias/images/320/2019%3B%3B0603%281608%29-1%2C6x0%2C8x0%2C55.JPG","2019-SR731JTTDR200FTR-ND,2019-SR731JTTDR200FCT-ND,2019-SR731JTTDR200FDKR-ND","SR731JTTDR200F","KOA Speer Electronics, Inc.","KOA Speer Electronics, Inc.","RES 0.2 OHM 1% 1/4W 0603","23,506","0.53","0","1","Tape & Reel (TR),Cut Tape (CT),Digi-Reel®","SR73","Active","200 mOhms","±1%","0.25W, 1/4W","Thick Film","Automotive AEC-Q200, Current Sense","±200ppm/°C","-55°C ~ 150°C","0603 (1608 Metric)","0603","-","0.063"" L x 0.031"" W (1.60mm x 0.80mm)","0.022"" (0.55mm)","2","-","https://www.digikey.com/en/products/detail/koa-speer-electronics-inc/SR731JTTDR200F/9845553"
"https://www.koaspeer.com/pdfs/SR73.pdf","//mm.digikey.com/Volume0/opasdata/d220001/medias/images/320/2019%3B%3B0805%282012%29-2x1%2C25x0%2C6.JPG","2019-SR732ATTDR255FTR-ND,2019-SR732ATTDR255FCT-ND,2019-SR732ATTDR255FDKR-ND","SR732ATTDR255F","KOA Speer Electronics, Inc.","KOA Speer Electronics, Inc.","RES 0.255 OHM 1% 1/3W 0805","16,372","0.53","0","1","Tape & Reel (TR),Cut Tape (CT),Digi-Reel®","SR73","Active","255 mOhms","±1%","0.333W, 1/3W","Thick Film","Automotive AEC-Q200, Current Sense","±100ppm/°C","-55°C ~ 150°C","0805 (2012 Metric)","0805","-","0.079"" L x 0.049"" W (2.00mm x 1.25mm)","0.024"" (0.60mm)","2","-","https://www.digikey.com/en/products/detail/koa-speer-electronics-inc/SR732ATTDR255F/9845576"
"https://www.koaspeer.com/pdfs/SR73.pdf","//mm.digikey.com/Volume0/opasdata/d220001/medias/images/320/2019%3B%3B1206%283216%29-3%2C2x1%2C6x0%2C6.JPG","2019-SR732BTTDR330FTR-ND,2019-SR732BTTDR330FCT-ND,2019-SR732BTTDR330FDKR-ND","SR732BTTDR330F","KOA Speer Electronics, Inc.","KOA Speer Electronics, Inc.","RES 0.33 OHM 1% 1/3W 1206","13,683","0.53","0","1","Tape & Reel (TR),Cut Tape (CT),Digi-Reel®","SR73","Active","330 mOhms","±1%","0.333W, 1/3W","Thick Film","Automotive AEC-Q200, Current Sense","±100ppm/°C","-55°C ~ 150°C","1206 (3216 Metric)","1206","-","0.126"" L x 0.063"" W (3.20mm x 1.60mm)","0.024"" (0.60mm)","2","-","https://www.digikey.com/en/products/detail/koa-speer-electronics-inc/SR732BTTDR330F/9845619"
"https://www.koaspeer.com/pdfs/SR73.pdf","//mm.digikey.com/Volume0/opasdata/d220001/medias/images/320/2019%3B%3B0603%281608%29-1%2C6x0%2C8x0%2C55.JPG","2019-SR731JTTDR100FTR-ND,2019-SR731JTTDR100FCT-ND,2019-SR731JTTDR100FDKR-ND","SR731JTTDR100F","KOA Speer Electronics, Inc.","KOA Speer Electronics, Inc.","RES 0.1 OHM 1% 1/4W 0603","12,041","0.53","0","1","Tape & Reel (TR),Cut Tape (CT),Digi-Reel®","SR73","Active","100 mOhms","±1%","0.25W, 1/4W","Thick Film","Automotive AEC-Q200, Current Sense","±200ppm/°C","-55°C ~ 150°C","0603 (1608 Metric)","0603","-","0.063"" L x 0.031"" W (1.60mm x 0.80mm)","0.022"" (0.55mm)","2","-","https://www.digikey.com/en/products/detail/koa-speer-electronics-inc/SR731JTTDR100F/9845552"
"https://www.koaspeer.com/pdfs/SR73.pdf","//mm.digikey.com/Volume0/opasdata/d220001/medias/images/320/2019%3B%3B0805%282012%29-2x1%2C25x0%2C6.JPG","2019-SR732ATTDR200FTR-ND,2019-SR732ATTDR200FCT-ND,2019-SR732ATTDR200FDKR-ND","SR732ATTDR200F","KOA Speer Electronics, Inc.","KOA Speer Electronics, Inc.","RES 0.2 OHM 1% 1/3W 0805","9,858","0.53","0","1","Tape & Reel (TR),Cut Tape (CT),Digi-Reel®","SR73","Active","200 mOhms","±1%","0.333W, 1/3W","Thick Film","Automotive AEC-Q200, Current Sense","±100ppm/°C","-55°C ~ 150°C","0805 (2012 Metric)","0805","-","0.079"" L x 0.049"" W (2.00mm x 1.25mm)","0.024"" (0.60mm)","2","-","https://www.digikey.com/en/products/detail/koa-speer-electronics-inc/SR732ATTDR200F/9845574"
"https://www.koaspeer.com/pdfs/SR73.pdf","//mm.digikey.com/Volume0/opasdata/d220001/medias/images/320/2019%3B%3B0603%281608%29-1%2C6x0%2C8x0%2C55.JPG","2019-SR731JTTDR220FTR-ND,2019-SR731JTTDR220FCT-ND,2019-SR731JTTDR220FDKR-ND","SR731JTTDR220F","KOA Speer Electronics, Inc.","KOA Speer Electronics, Inc.","RES 0.22 OHM 1% 1/4W 0603","9,377","0.53","0","1","Tape & Reel (TR),Cut Tape (CT),Digi-Reel®","SR73","Active","220 mOhms","±1%","0.25W, 1/4W","Thick Film","Automotive AEC-Q200, Current Sense","±200ppm/°C","-55°C ~ 150°C","0603 (1608 Metric)","0603","-","0.063"" L x 0.031"" W (1.60mm x 0.80mm)","0.022"" (0.55mm)","2","-","https://www.digikey.com/en/products/detail/koa-speer-electronics-inc/SR731JTTDR220F/9845555"
"https://www.koaspeer.com/pdfs/SR73.pdf","//mm.digikey.com/Volume0/opasdata/d220001/medias/images/320/2019%3B%3B1206%283216%29-3%2C2x1%2C6x0%2C6.JPG","2019-SR732BTTDR200FTR-ND,2019-SR732BTTDR200FCT-ND,2019-SR732BTTDR200FDKR-ND","SR732BTTDR200F","KOA Speer Electronics, Inc.","KOA Speer Electronics, Inc.","RES 0.2 OHM 1% 1/3W 1206","9,032","0.53","0","1","Tape & Reel (TR),Cut Tape (CT),Digi-Reel®","SR73","Active","200 mOhms","±1%","0.333W, 1/3W","Thick Film","Automotive AEC-Q200, Current Sense","±100ppm/°C","-55°C ~ 150°C","1206 (3216 Metric)","1206","-","0.126"" L x 0.063"" W (3.20mm x 1.60mm)","0.024"" (0.60mm)","2","-","https://www.digikey.com/en/products/detail/koa-speer-electronics-inc/SR732BTTDR200F/9845613"
"https://www.koaspeer.com/pdfs/SR73.pdf","//mm.digikey.com/Volume0/opasdata/d220001/medias/images/320/2019%3B%3B1206%283216%29-3%2C2x1%2C6x0%2C6.JPG","2019-SR732BTTDR120FTR-ND,2019-SR732BTTDR120FCT-ND,2019-SR732BTTDR120FDKR-ND","SR732BTTDR120F","KOA Speer Electronics, Inc.","KOA Speer Electronics, Inc.","RES 0.12 OHM 1% 1/3W 1206","8,709","0.53","0","1","Tape & Reel (TR),Cut Tape (CT),Digi-Reel®","SR73","Active","120 mOhms","±1%","0.333W, 1/3W","Thick Film","Automotive AEC-Q200, Current Sense","±100ppm/°C","-55°C ~ 150°C","1206 (3216 Metric)","1206","-","0.126"" L x 0.063"" W (3.20mm x 1.60mm)","0.024"" (0.60mm)","2","-","https://www.digikey.com/en/products/detail/koa-speer-electronics-inc/SR732BTTDR120F/9845609"
"https://www.koaspeer.com/pdfs/SR73.pdf","//mm.digikey.com/Volume0/opasdata/d220001/medias/images/320/2019%3B%3B1206%283216%29-3%2C2x1%2C6x0%2C6.JPG","2019-SR732BTTDR100FTR-ND,2019-SR732BTTDR100FCT-ND,2019-SR732BTTDR100FDKR-ND","SR732BTTDR100F","KOA Speer Electronics, Inc.","KOA Speer Electronics, Inc.","RES 0.1 OHM 1% 1/3W 1206","6,666","0.53","0","1","Tape & Reel (TR),Cut Tape (CT),Digi-Reel®","SR73","Active","100 mOhms","±1%","0.333W, 1/3W","Thick Film","Automotive AEC-Q200, Current Sense","±100ppm/°C","-55°C ~ 150°C","1206 (3216 Metric)","1206","-","0.126"" L x 0.063"" W (3.20mm x 1.60mm)","0.024"" (0.60mm)","2","-","https://www.digikey.com/en/products/detail/koa-speer-electronics-inc/SR732BTTDR100F/9845607"
"https://www.koaspeer.com/pdfs/SR73.pdf","//mm.digikey.com/Volume0/opasdata/d220001/medias/images/320/2019%3B%3B0805%282012%29-2x1%2C25x0%2C6.JPG","2019-SR732ATTDR100FTR-ND,2019-SR732ATTDR100FCT-ND,2019-SR732ATTDR100FDKR-ND","SR732ATTDR100F","KOA Speer Electronics, Inc.","KOA Speer Electronics, Inc.","RES 0.1 OHM 1% 1/3W 0805","6,224","0.53","0","1","Tape & Reel (TR),Cut Tape (CT),Digi-Reel®","SR73","Active","100 mOhms","±1%","0.333W, 1/3W","Thick Film","Automotive AEC-Q200, Current Sense","±100ppm/°C","-55°C ~ 150°C","0805 (2012 Metric)","0805","-","0.079"" L x 0.049"" W (2.00mm x 1.25mm)","0.024"" (0.60mm)","2","-","https://www.digikey.com/en/products/detail/koa-speer-electronics-inc/SR732ATTDR100F/9845572"
"https://www.koaspeer.com/pdfs/SR73.pdf","//mm.digikey.com/Volume0/opasdata/d220001/medias/images/320/2019%3B%3B0603%281608%29-1%2C6x0%2C8x0%2C55.JPG","2019-SR731JTTDR330FTR-ND,2019-SR731JTTDR330FCT-ND,2019-SR731JTTDR330FDKR-ND","SR731JTTDR330F","KOA Speer Electronics, Inc.","KOA Speer Electronics, Inc.","RES 0.33 OHM 1% 1/4W 0603","5,822","0.53","0","1","Tape & Reel (TR),Cut Tape (CT),Digi-Reel®","SR73","Active","330 mOhms","±1%","0.25W, 1/4W","Thick Film","Automotive AEC-Q200, Current Sense","±200ppm/°C","-55°C ~ 150°C","0603 (1608 Metric)","0603","-","0.063"" L x 0.031"" W (1.60mm x 0.80mm)","0.022"" (0.55mm)","2","-","https://www.digikey.com/en/products/detail/koa-speer-electronics-inc/SR731JTTDR330F/9845558"
"https://www.koaspeer.com/pdfs/SR73.pdf","//mm.digikey.com/Volume0/opasdata/d220001/medias/images/320/2019%3B%3B1206%283216%29-3%2C2x1%2C6x0%2C6.JPG","2019-SR732BTTD1R00DTR-ND,2019-SR732BTTD1R00DCT-ND,2019-SR732BTTD1R00DDKR-ND","SR732BTTD1R00D","KOA Speer Electronics, Inc.","KOA Speer Electronics, Inc.","RES 1 OHM 0.5% 1/3W 1206","2,979","0.53","0","1","Tape & Reel (TR),Cut Tape (CT),Digi-Reel®","SR73","Active","1 Ohms","±0.5%","0.333W, 1/3W","Thick Film","Automotive AEC-Q200, Current Sense","±100ppm/°C","-55°C ~ 150°C","1206 (3216 Metric)","1206","-","0.126"" L x 0.063"" W (3.20mm x 1.60mm)","0.024"" (0.60mm)","2","-","https://www.digikey.com/en/products/detail/koa-speer-electronics-inc/SR732BTTD1R00D/9845588"
"https://www.koaspeer.com/pdfs/SR73.pdf","//mm.digikey.com/Volume0/opasdata/d220001/medias/images/319/2019%3B%3B0402%281005%29-1x0%2C5x0%2C4.JPG","2019-SR731ETTPR330FTR-ND,2019-SR731ETTPR330FCT-ND,2019-SR731ETTPR330FDKR-ND","SR731ETTPR330F","KOA Speer Electronics, Inc.","KOA Speer Electronics, Inc.","RES 0.33 OHM 1% 1/6W 0402","19,349","0.57","0","1","Tape & Reel (TR),Cut Tape (CT),Digi-Reel®","SR73","Active","330 mOhms","±1%","0.167W, 1/6W","Thick Film","Automotive AEC-Q200, Current Sense","±300ppm/°C","-55°C ~ 150°C","0402 (1005 Metric)","0402","-","0.039"" L x 0.020"" W (1.00mm x 0.50mm)","0.016"" (0.40mm)","2","-","https://www.digikey.com/en/products/detail/koa-speer-electronics-inc/SR731ETTPR330F/9845549"
"https://www.koaspeer.com/pdfs/SR73.pdf","//mm.digikey.com/Volume0/opasdata/d220001/medias/images/319/2019%3B%3B0402%281005%29-1x0%2C5x0%2C4.JPG","2019-SR731ETTPR220FTR-ND,2019-SR731ETTPR220FCT-ND,2019-SR731ETTPR220FDKR-ND","SR731ETTPR220F","KOA Speer Electronics, Inc.","KOA Speer Electronics, Inc.","RES 0.22 OHM 1% 1/6W 0402","14,737","0.57","0","1","Tape & Reel (TR),Cut Tape (CT),Digi-Reel®","SR73","Active","220 mOhms","±1%","0.167W, 1/6W","Thick Film","Automotive AEC-Q200, Current Sense","±300ppm/°C","-55°C ~ 150°C","0402 (1005 Metric)","0402","-","0.039"" L x 0.020"" W (1.00mm x 0.50mm)","0.016"" (0.40mm)","2","-","https://www.digikey.com/en/products/detail/koa-speer-electronics-inc/SR731ETTPR220F/9845548"
"https://www.koaspeer.com/pdfs/SR73.pdf","//mm.digikey.com/Volume0/opasdata/d220001/medias/images/320/2019%3B%3B1210%283225%29-3%2C2x2%2C6x0%2C6.JPG","2019-SR732ETTDR100FTR-ND,2019-SR732ETTDR100FCT-ND,2019-SR732ETTDR100FDKR-ND","SR732ETTDR100F","KOA Speer Electronics, Inc.","KOA Speer Electronics, Inc.","RES 0.1 OHM 1% 1/2W 1210","25,007","0.66","0","1","Tape & Reel (TR),Cut Tape (CT),Digi-Reel®","SR73","Active","100 mOhms","±1%","0.5W, 1/2W","Thick Film","Automotive AEC-Q200, Current Sense","±100ppm/°C","-55°C ~ 150°C","1210 (3225 Metric)","1210","-","0.126"" L x 0.102"" W (3.20mm x 2.60mm)","0.024"" (0.60mm)","2","-","https://www.digikey.com/en/products/detail/koa-speer-electronics-inc/SR732ETTDR100F/9845639"
"https://www.koaspeer.com/pdfs/SR73.pdf","//mm.digikey.com/Volume0/opasdata/d220001/medias/images/320/2019%3B%3B2512%286432%29-3%2C6x3%2C1x0%2C6.JPG","2019-SR733ATTE1R00FTR-ND,2019-SR733ATTE1R00FCT-ND,2019-SR733ATTE1R00FDKR-ND","SR733ATTE1R00F","KOA Speer Electronics, Inc.","KOA Speer Electronics, Inc.","RES 1 OHM 1% 1W 2512","3,288","0.82","0","1","Tape & Reel (TR),Cut Tape (CT),Digi-Reel®","SR73","Active","1 Ohms","±1%","1W","Thick Film","Automotive AEC-Q200, Current Sense","±100ppm/°C","-55°C ~ 150°C","2512 (6332 Metric)","2512","-","0.248"" L x 0.122"" W (6.30mm x 3.10mm)","0.024"" (0.60mm)","2","-","https://www.digikey.com/en/products/detail/koa-speer-electronics-inc/SR733ATTE1R00F/9845653"
"https://www.koaspeer.com/pdfs/SR73.pdf","//mm.digikey.com/Volume0/opasdata/d220001/medias/images/320/2019%3B%3B2512%286432%29-3%2C6x3%2C1x0%2C6.JPG","2019-SR733ATTER604FTR-ND,2019-SR733ATTER604FCT-ND,2019-SR733ATTER604FDKR-ND","SR733ATTER604F","KOA Speer Electronics, Inc.","KOA Speer Electronics, Inc.","RES 0.604 OHM 1% 1W 2512","25,411","0.87","0","1","Tape & Reel (TR),Cut Tape (CT),Digi-Reel®","SR73","Active","604 mOhms","±1%","1W","Thick Film","Automotive AEC-Q200, Current Sense","±100ppm/°C","-55°C ~ 150°C","2512 (6332 Metric)","2512","-","0.248"" L x 0.122"" W (6.30mm x 3.10mm)","0.024"" (0.60mm)","2","-","https://www.digikey.com/en/products/detail/koa-speer-electronics-inc/SR733ATTER604F/9845659"
"https://www.koaspeer.com/pdfs/SR73.pdf","//mm.digikey.com/Volume0/opasdata/d220001/medias/images/320/2019%3B%3B2512%286432%29-3%2C6x3%2C1x0%2C6.JPG","2019-SR733ATTER499FTR-ND,2019-SR733ATTER499FCT-ND,2019-SR733ATTER499FDKR-ND","SR733ATTER499F","KOA Speer Electronics, Inc.","KOA Speer Electronics, Inc.","RES 0.499 OHM 1% 1W 2512","3,936","0.91","0","1","Tape & Reel (TR),Cut Tape (CT),Digi-Reel®","SR73","Active","499 mOhms","±1%","1W","Thick Film","Automotive AEC-Q200, Current Sense","±100ppm/°C","-55°C ~ 150°C","2512 (6332 Metric)","2512","-","0.248"" L x 0.122"" W (6.30mm x 3.10mm)","0.024"" (0.60mm)","2","-","https://www.digikey.com/en/products/detail/koa-speer-electronics-inc/SR733ATTER499F/9845658"
"https://www.koaspeer.com/pdfs/SR73.pdf","//mm.digikey.com/Volume0/opasdata/d220001/medias/images/320/2019%3B%3B2512%286432%29-3%2C6x3%2C1x0%2C6.JPG","2019-SR733ATTER200FTR-ND,2019-SR733ATTER200FCT-ND,2019-SR733ATTER200FDKR-ND","SR733ATTER200F","KOA Speer Electronics, Inc.","KOA Speer Electronics, Inc.","RES 0.2 OHM 1% 1W 2512","2,468","0.92","0","1","Tape & Reel (TR),Cut Tape (CT),Digi-Reel®","SR73","Active","200 mOhms","±1%","1W","Thick Film","Automotive AEC-Q200, Current Sense","±100ppm/°C","-55°C ~ 150°C","2512 (6332 Metric)","2512","-","0.248"" L x 0.122"" W (6.30mm x 3.10mm)","0.024"" (0.60mm)","2","-","https://www.digikey.com/en/products/detail/koa-speer-electronics-inc/SR733ATTER200F/9845657"
"https://www.koaspeer.com/pdfs/SR73.pdf","//mm.digikey.com/Volume0/opasdata/d220001/medias/images/320/2019%3B%3B2512%286432%29-3%2C6x3%2C1x0%2C6.JPG","2019-SR733ATTER100FTR-ND,2019-SR733ATTER100FCT-ND,2019-SR733ATTER100FDKR-ND","SR733ATTER100F","KOA Speer Electronics, Inc.","KOA Speer Electronics, Inc.","RES 0.1 OHM 1% 1W 2512","11,853","0.97","0","1","Tape & Reel (TR),Cut Tape (CT),Digi-Reel®","SR73","Active","100 mOhms","±1%","1W","Thick Film","Automotive AEC-Q200, Current Sense","±100ppm/°C","-55°C ~ 150°C","2512 (6332 Metric)","2512","-","0.248"" L x 0.122"" W (6.30mm x 3.10mm)","0.024"" (0.60mm)","2","-","https://www.digikey.com/en/products/detail/koa-speer-electronics-inc/SR733ATTER100F/9845655"
"https://www.koaspeer.com/pdfs/SR73.pdf","//mm.digikey.com/Volume0/opasdata/d220001/medias/images/320/2019%3B%3B1206%283216%29-3%2C2x1%2C6x0%2C6.JPG","2019-SR732BTTDR47JTR-ND,2019-SR732BTTDR47JCT-ND,2019-SR732BTTDR47JDKR-ND","SR732BTTDR47J","KOA Speer Electronics, Inc.","KOA Speer Electronics, Inc.","RES 0.47 OHM 5% 1/3W 1206","10,551","0.35","0","1","Tape & Reel (TR),Cut Tape (CT),Digi-Reel®","SR73","Active","470 mOhms","±5%","0.333W, 1/3W","Thick Film","Automotive AEC-Q200, Current Sense","±200ppm/°C","-55°C ~ 150°C","1206 (3216 Metric)","1206","-","0.126"" L x 0.063"" W (3.20mm x 1.60mm)","0.024"" (0.60mm)","2","-","https://www.digikey.com/en/products/detail/koa-speer-electronics-inc/SR732BTTDR47J/9845624"
"https://www.koaspeer.com/pdfs/SR73.pdf","//mm.digikey.com/Volume0/opasdata/d220001/medias/images/320/2019%3B%3B1206%283216%29-3%2C2x1%2C6x0%2C6.JPG","2019-SR732BTTER715FTR-ND,2019-SR732BTTER715FCT-ND,2019-SR732BTTER715FDKR-ND","SR732BTTER715F","KOA Speer Electronics, Inc.","KOA Speer Electronics, Inc.","RESISTOR","7,850","0.37","0","1","Tape & Reel (TR),Cut Tape (CT),Digi-Reel®","SR73","Active","715 mOhms","±1%","0.333W, 1/3W","Thick Film","Automotive AEC-Q200, Current Sense","±100ppm/°C","-55°C ~ 150°C","1206 (3216 Metric)","1206","-","0.126"" L x 0.063"" W (3.20mm x 1.60mm)","0.028"" (0.70mm)","2","-","https://www.digikey.com/en/products/detail/koa-speer-electronics-inc/SR732BTTER715F/21680325"
"https://www.koaspeer.com/pdfs/SR73.pdf","//mm.digikey.com/Volume0/opasdata/d220001/medias/images/320/2019%3B%3B0805%282012%29-2x1%2C25x0%2C6.JPG","2019-SR732ATTE4R99FTR-ND,2019-SR732ATTE4R99FCT-ND,2019-SR732ATTE4R99FDKR-ND","SR732ATTE4R99F","KOA Speer Electronics, Inc.","KOA Speer Electronics, Inc.","RESISTOR","2,789","0.37","0","1","Tape & Reel (TR),Cut Tape (CT),Digi-Reel®","SR73","Active","4.99 Ohms","±1%","0.333W, 1/3W","Thick Film","Automotive AEC-Q200, Current Sense","±100ppm/°C","-55°C ~ 150°C","0805 (2012 Metric)","0805","-","0.079"" L x 0.049"" W (2.00mm x 1.25mm)","0.024"" (0.60mm)","2","-","https://www.digikey.com/en/products/detail/koa-speer-electronics-inc/SR732ATTE4R99F/21680620"
"https://www.koaspeer.com/pdfs/SR73.pdf","//mm.digikey.com/Volume0/opasdata/d220001/medias/images/320/2019%3B%3B0603%281608%29-1%2C6x0%2C8x0%2C55.JPG","2019-SR731JTTDR499FTR-ND,2019-SR731JTTDR499FCT-ND,2019-SR731JTTDR499FDKR-ND","SR731JTTDR499F","KOA Speer Electronics, Inc.","KOA Speer Electronics, Inc.","RES 0.499 OHM 1% 1/4W 0603","16,832","0.41","0","1","Tape & Reel (TR),Cut Tape (CT),Digi-Reel®","SR73","Active","499 mOhms","±1%","0.25W, 1/4W","Thick Film","Automotive AEC-Q200, Current Sense","±200ppm/°C","-55°C ~ 150°C","0603 (1608 Metric)","0603","-","0.063"" L x 0.031"" W (1.60mm x 0.80mm)","0.022"" (0.55mm)","2","-","https://www.digikey.com/en/products/detail/koa-speer-electronics-inc/SR731JTTDR499F/9845560"
"https://www.koaspeer.com/pdfs/SR73.pdf","//mm.digikey.com/Volume0/opasdata/d220001/medias/images/320/2019%3B%3B1206%283216%29-3%2C2x1%2C6x0%2C6.JPG","2019-SR732BTTD2R00FTR-ND,2019-SR732BTTD2R00FCT-ND,2019-SR732BTTD2R00FDKR-ND","SR732BTTD2R00F","KOA Speer Electronics, Inc.","KOA Speer Electronics, Inc.","RES 2 OHM 1% 1/3W 1206","12,525","0.41","0","1","Tape & Reel (TR),Cut Tape (CT),Digi-Reel®","SR73","Active","2 Ohms","±1%","0.333W, 1/3W","Thick Film","Automotive AEC-Q200, Current Sense","±100ppm/°C","-55°C ~ 150°C","1206 (3216 Metric)","1206","-","0.126"" L x 0.063"" W (3.20mm x 1.60mm)","0.024"" (0.60mm)","2","-","https://www.digikey.com/en/products/detail/koa-speer-electronics-inc/SR732BTTD2R00F/9845594"
"https://www.koaspeer.com/pdfs/SR73.pdf","//mm.digikey.com/Volume0/opasdata/d220001/medias/images/320/2019%3B%3B0603%281608%29-1%2C6x0%2C8x0%2C55.JPG","2019-SR731JTTDR510FTR-ND,2019-SR731JTTDR510FCT-ND,2019-SR731JTTDR510FDKR-ND","SR731JTTDR510F","KOA Speer Electronics, Inc.","KOA Speer Electronics, Inc.","RES 0.510 OHM 1% 1/4W 0603","11,863","0.41","0","1","Tape & Reel (TR),Cut Tape (CT),Digi-Reel®","SR73","Active","510 mOhms","±1%","0.25W, 1/4W","Thick Film","Automotive AEC-Q200, Current Sense","±200ppm/°C","-55°C ~ 150°C","0603 (1608 Metric)","0603","-","0.063"" L x 0.031"" W (1.60mm x 0.80mm)","0.022"" (0.55mm)","2","-","https://www.digikey.com/en/products/detail/koa-speer-electronics-inc/SR731JTTDR510F/9845561"
"https://www.koaspeer.com/pdfs/SR73.pdf","//mm.digikey.com/Volume0/opasdata/d220001/medias/images/320/2019%3B%3B1206%283216%29-3%2C2x1%2C6x0%2C6.JPG","2019-SR732BTTDR511FTR-ND,2019-SR732BTTDR511FCT-ND,2019-SR732BTTDR511FDKR-ND","SR732BTTDR511F","KOA Speer Electronics, Inc.","KOA Speer Electronics, Inc.","RES 0.511 OHM 1% 1/3W 1206","11,084","0.41","0","1","Tape & Reel (TR),Cut Tape (CT),Digi-Reel®","SR73","Active","511 mOhms","±1%","0.333W, 1/3W","Thick Film","Automotive AEC-Q200, Current Sense","±100ppm/°C","-55°C ~ 150°C","1206 (3216 Metric)","1206","-","0.126"" L x 0.063"" W (3.20mm x 1.60mm)","0.024"" (0.60mm)","2","-","https://www.digikey.com/en/products/detail/koa-speer-electronics-inc/SR732BTTDR511F/9845626"
"https://www.koaspeer.com/pdfs/SR73.pdf","//mm.digikey.com/Volume0/opasdata/d220001/medias/images/320/2019%3B%3B1206%283216%29-3%2C2x1%2C6x0%2C6.JPG","2019-SR732BTTD1R20FTR-ND,2019-SR732BTTD1R20FCT-ND,2019-SR732BTTD1R20FDKR-ND","SR732BTTD1R20F","KOA Speer Electronics, Inc.","KOA Speer Electronics, Inc.","RES 1.2 OHM 1% 1/3W 1206","10,761","0.41","0","1","Tape & Reel (TR),Cut Tape (CT),Digi-Reel®","SR73","Active","1.2 Ohms","±1%","0.333W, 1/3W","Thick Film","Automotive AEC-Q200, Current Sense","±100ppm/°C","-55°C ~ 150°C","1206 (3216 Metric)","1206","-","0.126"" L x 0.063"" W (3.20mm x 1.60mm)","0.024"" (0.60mm)","2","-","https://www.digikey.com/en/products/detail/koa-speer-electronics-inc/SR732BTTD1R20F/9845590"
"https://www.koaspeer.com/pdfs/SR73.pdf","//mm.digikey.com/Volume0/opasdata/d220001/medias/images/320/2019%3B%3B1206%283216%29-3%2C2x1%2C6x0%2C6.JPG","2019-SR732BTTD2R20FTR-ND,2019-SR732BTTD2R20FCT-ND,2019-SR732BTTD2R20FDKR-ND","SR732BTTD2R20F","KOA Speer Electronics, Inc.","KOA Speer Electronics, Inc.","RES 2.2 OHM 1% 1/3W 1206","10,446","0.41","0","1","Tape & Reel (TR),Cut Tape (CT),Digi-Reel®","SR73","Active","2.2 Ohms","±1%","0.333W, 1/3W","Thick Film","Automotive AEC-Q200, Current Sense","±100ppm/°C","-55°C ~ 150°C","1206 (3216 Metric)","1206","-","0.126"" L x 0.063"" W (3.20mm x 1.60mm)","0.024"" (0.60mm)","2","-","https://www.digikey.com/en/products/detail/koa-speer-electronics-inc/SR732BTTD2R20F/9845595"
"https://www.koaspeer.com/pdfs/SR73.pdf","//mm.digikey.com/Volume0/opasdata/d220001/medias/images/320/2019%3B%3B0805%282012%29-2x1%2C25x0%2C6.JPG","2019-SR732ATTD3R30FTR-ND,2019-SR732ATTD3R30FCT-ND,2019-SR732ATTD3R30FDKR-ND","SR732ATTD3R30F","KOA Speer Electronics, Inc.","KOA Speer Electronics, Inc.","RES 3.3 OHM 1% 1/3W 0805","7,365","0.41","0","1","Tape & Reel (TR),Cut Tape (CT),Digi-Reel®","SR73","Active","3.3 Ohms","±1%","0.333W, 1/3W","Thick Film","Automotive AEC-Q200, Current Sense","±100ppm/°C","-55°C ~ 150°C","0805 (2012 Metric)","0805","-","0.079"" L x 0.049"" W (2.00mm x 1.25mm)","0.024"" (0.60mm)","2","-","https://www.digikey.com/en/products/detail/koa-speer-electronics-inc/SR732ATTD3R30F/9845569"
"https://www.koaspeer.com/pdfs/SR73.pdf","//mm.digikey.com/Volume0/opasdata/d220001/medias/images/320/2019%3B%3B0805%282012%29-2x1%2C25x0%2C6.JPG","2019-SR732ATTDR604FTR-ND,2019-SR732ATTDR604FCT-ND,2019-SR732ATTDR604FDKR-ND","SR732ATTDR604F","KOA Speer Electronics, Inc.","KOA Speer Electronics, Inc.","RES 0.604 OHM 1% 1/3W 0805","6,869","0.41","0","1","Tape & Reel (TR),Cut Tape (CT),Digi-Reel®","SR73","Active","604 mOhms","±1%","0.333W, 1/3W","Thick Film","Automotive AEC-Q200, Current Sense","±100ppm/°C","-55°C ~ 150°C","0805 (2012 Metric)","0805","-","0.079"" L x 0.049"" W (2.00mm x 1.25mm)","0.024"" (0.60mm)","2","-","https://www.digikey.com/en/products/detail/koa-speer-electronics-inc/SR732ATTDR604F/9845584"
"https://www.koaspeer.com/pdfs/SR73.pdf","//mm.digikey.com/Volume0/opasdata/d220001/medias/images/320/2019%3B%3B0805%282012%29-2x1%2C25x0%2C6.JPG","2019-SR732ATTD2R00FTR-ND,2019-SR732ATTD2R00FCT-ND,2019-SR732ATTD2R00FDKR-ND","SR732ATTD2R00F","KOA Speer Electronics, Inc.","KOA Speer Electronics, Inc.","RES 2 OHM 1% 1/3W 0805","6,723","0.41","0","1","Tape & Reel (TR),Cut Tape (CT),Digi-Reel®","SR73","Active","2 Ohms","±1%","0.333W, 1/3W","Thick Film","Automotive AEC-Q200, Current Sense","±100ppm/°C","-55°C ~ 150°C","0805 (2012 Metric)","0805","-","0.079"" L x 0.049"" W (2.00mm x 1.25mm)","0.024"" (0.60mm)","2","-","https://www.digikey.com/en/products/detail/koa-speer-electronics-inc/SR732ATTD2R00F/9845565"
"https://www.koaspeer.com/pdfs/SR73.pdf","//mm.digikey.com/Volume0/opasdata/d220001/medias/images/320/2019%3B%3B1206%283216%29-3%2C2x1%2C6x0%2C6.JPG","2019-SR732BTTD1R40FTR-ND,2019-SR732BTTD1R40FCT-ND,2019-SR732BTTD1R40FDKR-ND","SR732BTTD1R40F","KOA Speer Electronics, Inc.","KOA Speer Electronics, Inc.","RES 1.4 OHM 1% 1/3W 1206","4,332","0.41","0","1","Tape & Reel (TR),Cut Tape (CT),Digi-Reel®","SR73","Active","1.4 Ohms","±1%","0.333W, 1/3W","Thick Film","Automotive AEC-Q200, Current Sense","±100ppm/°C","-55°C ~ 150°C","1206 (3216 Metric)","1206","-","0.126"" L x 0.063"" W (3.20mm x 1.60mm)","0.024"" (0.60mm)","2","-","https://www.digikey.com/en/products/detail/koa-speer-electronics-inc/SR732BTTD1R40F/9845592"
"https://www.koaspeer.com/pdfs/SR73.pdf","//mm.digikey.com/Volume0/opasdata/d220001/medias/images/320/2019%3B%3B0805%282012%29-2x1%2C25x0%2C6.JPG","2019-SR732ATTDR510FTR-ND,2019-SR732ATTDR510FCT-ND,2019-SR732ATTDR510FDKR-ND","SR732ATTDR510F","KOA Speer Electronics, Inc.","KOA Speer Electronics, Inc.","RES 0.51 OHM 1% 1/3W 0805","4,277","0.41","0","1","Tape & Reel (TR),Cut Tape (CT),Digi-Reel®","SR73","Active","510 mOhms","±1%","0.333W, 1/3W","Thick Film","Automotive AEC-Q200, Current Sense","±100ppm/°C","-55°C ~ 150°C","0805 (2012 Metric)","0805","-","0.079"" L x 0.049"" W (2.00mm x 1.25mm)","0.024"" (0.60mm)","2","-","https://www.digikey.com/en/products/detail/koa-speer-electronics-inc/SR732ATTDR510F/9845582"
"https://www.koaspeer.com/pdfs/SR73.pdf","//mm.digikey.com/Volume0/opasdata/d220001/medias/images/320/2019%3B%3B1206%283216%29-3%2C2x1%2C6x0%2C6.JPG","2019-SR732BTTDR560FTR-ND,2019-SR732BTTDR560FCT-ND,2019-SR732BTTDR560FDKR-ND","SR732BTTDR560F","KOA Speer Electronics, Inc.","KOA Speer Electronics, Inc.","RES 0.56 OHM 1% 1/3W 1206","2,765","0.41","0","1","Tape & Reel (TR),Cut Tape (CT),Digi-Reel®","SR73","Active","560 mOhms","±1%","0.333W, 1/3W","Thick Film","Automotive AEC-Q200, Current Sense","±100ppm/°C","-55°C ~ 150°C","1206 (3216 Metric)","1206","-","0.126"" L x 0.063"" W (3.20mm x 1.60mm)","0.024"" (0.60mm)","2","-","https://www.digikey.com/en/products/detail/koa-speer-electronics-inc/SR732BTTDR560F/9845627"
"https://www.koaspeer.com/pdfs/SR73.pdf","//mm.digikey.com/Volume0/opasdata/d220001/medias/images/320/2019%3B%3B0805%282012%29-2x1%2C25x0%2C6.JPG","2019-SR732ATTDR499FTR-ND,2019-SR732ATTDR499FCT-ND,2019-SR732ATTDR499FDKR-ND","SR732ATTDR499F","KOA Speer Electronics, Inc.","KOA Speer Electronics, Inc.","RES 0.499 OHM 1% 1/3W 0805","2,286","0.41","0","1","Tape & Reel (TR),Cut Tape (CT),Digi-Reel®","SR73","Active","499 mOhms","±1%","0.333W, 1/3W","Thick Film","Automotive AEC-Q200, Current Sense","±100ppm/°C","-55°C ~ 150°C","0805 (2012 Metric)","0805","-","0.079"" L x 0.049"" W (2.00mm x 1.25mm)","0.024"" (0.60mm)","2","-","https://www.digikey.com/en/products/detail/koa-speer-electronics-inc/SR732ATTDR499F/9845581"
"https://www.koaspeer.com/pdfs/SR73.pdf","//mm.digikey.com/Volume0/opasdata/d220001/medias/images/320/2019%3B%3B1206%283216%29-3%2C2x1%2C6x0%2C6.JPG","2019-SR732BTTDR22JTR-ND,2019-SR732BTTDR22JCT-ND,2019-SR732BTTDR22JDKR-ND","SR732BTTDR22J","KOA Speer Electronics, Inc.","KOA Speer Electronics, Inc.","RES 0.22 OHM 5% 1/3W 1206","5,776","0.48","0","1","Tape & Reel (TR),Cut Tape (CT),Digi-Reel®","SR73","Active","220 mOhms","±5%","0.333W, 1/3W","Thick Film","Automotive AEC-Q200, Current Sense","±200ppm/°C","-55°C ~ 150°C","1206 (3216 Metric)","1206","-","0.126"" L x 0.063"" W (3.20mm x 1.60mm)","0.024"" (0.60mm)","2","-","https://www.digikey.com/en/products/detail/koa-speer-electronics-inc/SR732BTTDR22J/9845616"
"https://www.koaspeer.com/pdfs/SR73.pdf","//mm.digikey.com/Volume0/opasdata/d220001/medias/images/320/2019%3B%3B1210%283225%29-3%2C2x2%2C6x0%2C6.JPG","2019-SR732ETTDR47JTR-ND,2019-SR732ETTDR47JCT-ND,2019-SR732ETTDR47JDKR-ND","SR732ETTDR47J","KOA Speer Electronics, Inc.","KOA Speer Electronics, Inc.","RES 0.47 OHM 5% 1/2W 1210","5,042","0.48","0","1","Tape & Reel (TR),Cut Tape (CT),Digi-Reel®","SR73","Active","470 mOhms","±5%","0.5W, 1/2W","Thick Film","Automotive AEC-Q200, Current Sense","±200ppm/°C","-55°C ~ 150°C","1210 (3225 Metric)","1210","-","0.126"" L x 0.102"" W (3.20mm x 2.60mm)","0.024"" (0.60mm)","2","-","https://www.digikey.com/en/products/detail/koa-speer-electronics-inc/SR732ETTDR47J/9845646"
"https://www.koaspeer.com/pdfs/SR73.pdf","//mm.digikey.com/Volume0/opasdata/d220001/medias/images/320/2019%3B%3B1206%283216%29-3%2C2x1%2C6x0%2C6.JPG","2019-SR732BTTDR15JTR-ND,2019-SR732BTTDR15JCT-ND,2019-SR732BTTDR15JDKR-ND","SR732BTTDR15J","KOA Speer Electronics, Inc.","KOA Speer Electronics, Inc.","RES 0.15 OHM 5% 1/3W 1206","5,000","0.48","0","1","Tape & Reel (TR),Cut Tape (CT),Digi-Reel®","SR73","Active","150 mOhms","±5%","0.333W, 1/3W","Thick Film","Automotive AEC-Q200, Current Sense","±200ppm/°C","-55°C ~ 150°C","1206 (3216 Metric)","1206","-","0.126"" L x 0.063"" W (3.20mm x 1.60mm)","0.024"" (0.60mm)","2","-","https://www.digikey.com/en/products/detail/koa-speer-electronics-inc/SR732BTTDR15J/9845611"
"https://www.koaspeer.com/pdfs/SR73.pdf","//mm.digikey.com/Volume0/opasdata/d220001/medias/images/320/2019%3B%3B0805%282012%29-2x1%2C25x0%2C6.JPG","2019-SR732ATTER133FTR-ND,2019-SR732ATTER133FCT-ND,2019-SR732ATTER133FDKR-ND","SR732ATTER133F","KOA Speer Electronics, Inc.","KOA Speer Electronics, Inc.","RESISTOR","7,810","0.52","0","1","Tape & Reel (TR),Cut Tape (CT),Digi-Reel®","SR73","Active","133 mOhms","±1%","0.333W, 1/3W","Thick Film","Automotive AEC-Q200, Current Sense","±100ppm/°C","-55°C ~ 150°C","0805 (2012 Metric)","0805","-","0.079"" L x 0.049"" W (2.00mm x 1.25mm)","0.024"" (0.60mm)","2","-","https://www.digikey.com/en/products/detail/koa-speer-electronics-inc/SR732ATTER133F/21679879"
"https://www.koaspeer.com/pdfs/SR73.pdf","//mm.digikey.com/Volume0/opasdata/d220001/medias/images/320/2019%3B%3B0805%282012%29-2x1%2C25x0%2C6.JPG","2019-SR732ATTER261FTR-ND,2019-SR732ATTER261FCT-ND,2019-SR732ATTER261FDKR-ND","SR732ATTER261F","KOA Speer Electronics, Inc.","KOA Speer Electronics, Inc.","RESISTOR","6,440","0.52","0","1","Tape & Reel (TR),Cut Tape (CT),Digi-Reel®","SR73","Active","261 mOhms","±1%","0.333W, 1/3W","Thick Film","Automotive AEC-Q200, Current Sense","±100ppm/°C","-55°C ~ 150°C","0805 (2012 Metric)","0805","-","0.079"" L x 0.049"" W (2.00mm x 1.25mm)","0.024"" (0.60mm)","2","-","https://www.digikey.com/en/products/detail/koa-speer-electronics-inc/SR732ATTER261F/21681351"
"https://www.koaspeer.com/pdfs/SR73.pdf","//mm.digikey.com/Volume0/opasdata/d220001/medias/images/320/2019%3B%3B1206%283216%29-3%2C2x1%2C6x0%2C6.JPG","2019-SR732BTTDR430FTR-ND,2019-SR732BTTDR430FCT-ND,2019-SR732BTTDR430FDKR-ND","SR732BTTDR430F","KOA Speer Electronics, Inc.","KOA Speer Electronics, Inc.","RES 0.43 OHM 1% 1/3W 1206","5,000","0.52","0","1","Tape & Reel (TR),Cut Tape (CT),Digi-Reel®","SR73","Active","430 mOhms","±1%","0.333W, 1/3W","Thick Film","Automotive AEC-Q200, Current Sense","±100ppm/°C","-55°C ~ 150°C","1206 (3216 Metric)","1206","-","0.126"" L x 0.063"" W (3.20mm x 1.60mm)","0.024"" (0.60mm)","2","-","https://www.digikey.com/en/products/detail/koa-speer-electronics-inc/SR732BTTDR430F/9845622"
"https://www.koaspeer.com/pdfs/SR73.pdf","//mm.digikey.com/Volume0/opasdata/d220001/medias/images/320/2019%3B%3B0805%282012%29-2x1%2C25x0%2C6.JPG","2019-SR732ATTER402FTR-ND,2019-SR732ATTER402FCT-ND,2019-SR732ATTER402FDKR-ND","SR732ATTER402F","KOA Speer Electronics, Inc.","KOA Speer Electronics, Inc.","RESISTOR","4,000","0.52","0","1","Tape & Reel (TR),Cut Tape (CT),Digi-Reel®","SR73","Active","402 mOhms","±1%","0.333W, 1/3W","Thick Film","Automotive AEC-Q200, Current Sense","±100ppm/°C","-55°C ~ 150°C","0805 (2012 Metric)","0805","-","0.079"" L x 0.049"" W (2.00mm x 1.25mm)","0.024"" (0.60mm)","2","-","https://www.digikey.com/en/products/detail/koa-speer-electronics-inc/SR732ATTER402F/21680022"
"https://www.koaspeer.com/pdfs/SR73.pdf","//mm.digikey.com/Volume0/opasdata/d220001/medias/images/320/2019%3B%3B1206%283216%29-3%2C2x1%2C6x0%2C6.JPG","2019-SR732BTTER232FTR-ND,2019-SR732BTTER232FCT-ND,2019-SR732BTTER232FDKR-ND","SR732BTTER232F","KOA Speer Electronics, Inc.","KOA Speer Electronics, Inc.","RESISTOR","4,000","0.52","0","1","Tape & Reel (TR),Cut Tape (CT),Digi-Reel®","SR73","Active","232 mOhms","±1%","0.333W, 1/3W","Thick Film","Automotive AEC-Q200, Current Sense","±100ppm/°C","-55°C ~ 150°C","1206 (3216 Metric)","1206","-","0.126"" L x 0.063"" W (3.20mm x 1.60mm)","0.028"" (0.70mm)","2","-","https://www.digikey.com/en/products/detail/koa-speer-electronics-inc/SR732BTTER232F/21680944"
"https://www.koaspeer.com/pdfs/SR73.pdf","//mm.digikey.com/Volume0/opasdata/d220001/medias/images/320/2019%3B%3B1206%283216%29-3%2C2x1%2C6x0%2C6.JPG","2019-SR732BTTDR270FTR-ND,2019-SR732BTTDR270FCT-ND,2019-SR732BTTDR270FDKR-ND","SR732BTTDR270F","KOA Speer Electronics, Inc.","KOA Speer Electronics, Inc.","RES 0.27 OHM 1% 1/3W 1206","3,515","0.52","0","1","Tape & Reel (TR),Cut Tape (CT),Digi-Reel®","SR73","Active","270 mOhms","±1%","0.333W, 1/3W","Thick Film","Automotive AEC-Q200, Current Sense","±100ppm/°C","-55°C ~ 150°C","1206 (3216 Metric)","1206","-","0.126"" L x 0.063"" W (3.20mm x 1.60mm)","0.024"" (0.60mm)","2","-","https://www.digikey.com/en/products/detail/koa-speer-electronics-inc/SR732BTTDR270F/9856699"
"https://www.koaspeer.com/pdfs/SR73.pdf","//mm.digikey.com/Volume0/opasdata/d220001/medias/images/320/2019%3B%3B0805%282012%29-2x1%2C25x0%2C6.JPG","2019-SR732ATTER143FTR-ND,2019-SR732ATTER143FCT-ND,2019-SR732ATTER143FDKR-ND","SR732ATTER143F","KOA Speer Electronics, Inc.","KOA Speer Electronics, Inc.","RESISTOR","1,398","0.52","0","1","Tape & Reel (TR),Cut Tape (CT),Digi-Reel®","SR73","Active","143 mOhms","±1%","0.333W, 1/3W","Thick Film","Automotive AEC-Q200, Current Sense","±100ppm/°C","-55°C ~ 150°C","0805 (2012 Metric)","0805","-","0.079"" L x 0.049"" W (2.00mm x 1.25mm)","0.024"" (0.60mm)","2","-","https://www.digikey.com/en/products/detail/koa-speer-electronics-inc/SR732ATTER143F/21679925"
"https://www.koaspeer.com/pdfs/SR73.pdf","//mm.digikey.com/Volume0/opasdata/d220001/medias/images/320/2019%3B%3B0805%282012%29-2x1%2C25x0%2C6.JPG","2019-SR732ATTDR390FTR-ND,2019-SR732ATTDR390FCT-ND,2019-SR732ATTDR390FDKR-ND","SR732ATTDR390F","KOA Speer Electronics, Inc.","KOA Speer Electronics, Inc.","RES 0.39 OHM 1% 1/3W 0805","14,547","0.53","0","1","Tape & Reel (TR),Cut Tape (CT),Digi-Reel®","SR73","Active","390 mOhms","±1%","0.333W, 1/3W","Thick Film","Automotive AEC-Q200, Current Sense","±100ppm/°C","-55°C ~ 150°C","0805 (2012 Metric)","0805","-","0.079"" L x 0.049"" W (2.00mm x 1.25mm)","0.024"" (0.60mm)","2","-","https://www.digikey.com/en/products/detail/koa-speer-electronics-inc/SR732ATTDR390F/9845579"
"https://www.koaspeer.com/pdfs/SR73.pdf","//mm.digikey.com/Volume0/opasdata/d220001/medias/images/320/2019%3B%3B1206%283216%29-3%2C2x1%2C6x0%2C6.JPG","2019-SR732BTTDR220FTR-ND,2019-SR732BTTDR220FCT-ND,2019-SR732BTTDR220FDKR-ND","SR732BTTDR220F","KOA Speer Electronics, Inc.","KOA Speer Electronics, Inc.","RES 0.22 OHM 1% 1/3W 1206","12,588","0.53","0","1","Tape & Reel (TR),Cut Tape (CT),Digi-Reel®","SR73","Active","220 mOhms","±1%","0.333W, 1/3W","Thick Film","Automotive AEC-Q200, Current Sense","±100ppm/°C","-55°C ~ 150°C","1206 (3216 Metric)","1206","-","0.126"" L x 0.063"" W (3.20mm x 1.60mm)","0.024"" (0.60mm)","2","-","https://www.digikey.com/en/products/detail/koa-speer-electronics-inc/SR732BTTDR220F/9845615"
"https://www.koaspeer.com/pdfs/SR73.pdf","//mm.digikey.com/Volume0/opasdata/d220001/medias/images/320/2019%3B%3B1206%283216%29-3%2C2x1%2C6x0%2C6.JPG","2019-SR732BTTDR390FTR-ND,2019-SR732BTTDR390FCT-ND,2019-SR732BTTDR390FDKR-ND","SR732BTTDR390F","KOA Speer Electronics, Inc.","KOA Speer Electronics, Inc.","RES 0.39 OHM 1% 1/3W 1206","9,907","0.53","0","1","Tape & Reel (TR),Cut Tape (CT),Digi-Reel®","SR73","Active","390 mOhms","±1%","0.333W, 1/3W","Thick Film","Automotive AEC-Q200, Current Sense","±100ppm/°C","-55°C ~ 150°C","1206 (3216 Metric)","1206","-","0.126"" L x 0.063"" W (3.20mm x 1.60mm)","0.024"" (0.60mm)","2","-","https://www.digikey.com/en/products/detail/koa-speer-electronics-inc/SR732BTTDR390F/9845621"
"https://www.koaspeer.com/pdfs/SR73.pdf","//mm.digikey.com/Volume0/opasdata/d220001/medias/images/320/2019%3B%3B1206%283216%29-3%2C2x1%2C6x0%2C6.JPG","2019-SR732BTTDR300FTR-ND,2019-SR732BTTDR300FCT-ND,2019-SR732BTTDR300FDKR-ND","SR732BTTDR300F","KOA Speer Electronics, Inc.","KOA Speer Electronics, Inc.","RES 0.3 OHM 1% 1/3W 1206","9,839","0.53","0","1","Tape & Reel (TR),Cut Tape (CT),Digi-Reel®","SR73","Active","300 mOhms","±1%","0.333W, 1/3W","Thick Film","Automotive AEC-Q200, Current Sense","±100ppm/°C","-55°C ~ 150°C","1206 (3216 Metric)","1206","-","0.126"" L x 0.063"" W (3.20mm x 1.60mm)","0.024"" (0.60mm)","2","-","https://www.digikey.com/en/products/detail/koa-speer-electronics-inc/SR732BTTDR300F/9845618"
"https://www.koaspeer.com/pdfs/SR73.pdf","//mm.digikey.com/Volume0/opasdata/d220001/medias/images/319/2019%3B%3B0402%281005%29-1x0%2C5x0%2C4.JPG","2019-SR731ETTP2R20FTR-ND,2019-SR731ETTP2R20FCT-ND,2019-SR731ETTP2R20FDKR-ND","SR731ETTP2R20F","KOA Speer Electronics, Inc.","KOA Speer Electronics, Inc.","RES 2.2 OHM 1% 1/6W 0402","9,400","0.53","0","1","Tape & Reel (TR),Cut Tape (CT),Digi-Reel®","SR73","Active","2.2 Ohms","±1%","0.167W, 1/6W","Thick Film","Automotive AEC-Q200, Current Sense","±200ppm/°C","-55°C ~ 150°C","0402 (1005 Metric)","0402","-","0.039"" L x 0.020"" W (1.00mm x 0.50mm)","0.016"" (0.40mm)","2","-","https://www.digikey.com/en/products/detail/koa-speer-electronics-inc/SR731ETTP2R20F/9834538"
"https://www.koaspeer.com/pdfs/SR73.pdf","//mm.digikey.com/Volume0/opasdata/d220001/medias/images/320/2019%3B%3B0805%282012%29-2x1%2C25x0%2C6.JPG","2019-SR732ATTDR300FTR-ND,2019-SR732ATTDR300FCT-ND,2019-SR732ATTDR300FDKR-ND","SR732ATTDR300F","KOA Speer Electronics, Inc.","KOA Speer Electronics, Inc.","RES 0.3 OHM 1% 1/3W 0805","6,665","0.53","0","1","Tape & Reel (TR),Cut Tape (CT),Digi-Reel®","SR73","Active","300 mOhms","±1%","0.333W, 1/3W","Thick Film","Automotive AEC-Q200, Current Sense","±100ppm/°C","-55°C ~ 150°C","0805 (2012 Metric)","0805","-","0.079"" L x 0.049"" W (2.00mm x 1.25mm)","0.024"" (0.60mm)","2","-","https://www.digikey.com/en/products/detail/koa-speer-electronics-inc/SR732ATTDR300F/9845577"
"https://www.koaspeer.com/pdfs/SR73.pdf","//mm.digikey.com/Volume0/opasdata/d220001/medias/images/320/2019%3B%3B0805%282012%29-2x1%2C25x0%2C6.JPG","2019-SR732ATTDR220FTR-ND,2019-SR732ATTDR220FCT-ND,2019-SR732ATTDR220FDKR-ND","SR732ATTDR220F","KOA Speer Electronics, Inc.","KOA Speer Electronics, Inc.","RES 0.22 OHM 1% 1/3W 0805","5,666","0.53","0","1","Tape & Reel (TR),Cut Tape (CT),Digi-Reel®","SR73","Active","220 mOhms","±1%","0.333W, 1/3W","Thick Film","Automotive AEC-Q200, Current Sense","±100ppm/°C","-55°C ~ 150°C","0805 (2012 Metric)","0805","-","0.079"" L x 0.049"" W (2.00mm x 1.25mm)","0.024"" (0.60mm)","2","-","https://www.digikey.com/en/products/detail/koa-speer-electronics-inc/SR732ATTDR220F/9845575"
"https://www.koaspeer.com/pdfs/SR73.pdf","//mm.digikey.com/Volume0/opasdata/d220001/medias/images/320/2019%3B%3B1206%283216%29-3%2C2x1%2C6x0%2C6.JPG","2019-SR732BTTER100FTR-ND,2019-SR732BTTER100FCT-ND,2019-SR732BTTER100FDKR-ND","SR732BTTER100F","KOA Speer Electronics, Inc.","KOA Speer Electronics, Inc.","RESISTOR","3,711","0.53","0","1","Tape & Reel (TR),Cut Tape (CT),Digi-Reel®","SR73","Active","100 mOhms","±1%","0.333W, 1/3W","Thick Film","Automotive AEC-Q200, Current Sense","±100ppm/°C","-55°C ~ 150°C","1206 (3216 Metric)","1206","-","0.126"" L x 0.063"" W (3.20mm x 1.60mm)","0.028"" (0.70mm)","2","-","https://www.digikey.com/en/products/detail/koa-speer-electronics-inc/SR732BTTER100F/21681113"
"https://www.koaspeer.com/pdfs/SR73.pdf","//mm.digikey.com/Volume0/opasdata/d220001/medias/images/320/2019%3B%3B1210%283225%29-3%2C2x2%2C6x0%2C6.JPG","2019-SR732ETTE1R65FTR-ND,2019-SR732ETTE1R65FCT-ND,2019-SR732ETTE1R65FDKR-ND","SR732ETTE1R65F","KOA Speer Electronics, Inc.","KOA Speer Electronics, Inc.","RESISTOR","3,355","0.54","0","1","Tape & Reel (TR),Cut Tape (CT),Digi-Reel®","SR73","Active","1.65 Ohms","±1%","0.5W, 1/2W","Thick Film","Automotive AEC-Q200, Current Sense","±100ppm/°C","-55°C ~ 150°C","1210 (3225 Metric)","1210","-","0.126"" L x 0.102"" W (3.20mm x 2.60mm)","0.028"" (0.70mm)","2","-","https://www.digikey.com/en/products/detail/koa-speer-electronics-inc/SR732ETTE1R65F/21680057"
"https://www.koaspeer.com/pdfs/SR73.pdf","//mm.digikey.com/Volume0/opasdata/d220001/medias/images/320/2019%3B%3B1210%283225%29-3%2C2x2%2C6x0%2C6.JPG","2019-SR732ETTE6R65FTR-ND,2019-SR732ETTE6R65FCT-ND,2019-SR732ETTE6R65FDKR-ND","SR732ETTE6R65F","KOA Speer Electronics, Inc.","KOA Speer Electronics, Inc.","RESISTOR","1,438","0.54","0","1","Tape & Reel (TR),Cut Tape (CT),Digi-Reel®","SR73","Active","6.65 Ohms","±1%","0.5W, 1/2W","Thick Film","Automotive AEC-Q200, Current Sense","±100ppm/°C","-55°C ~ 150°C","1210 (3225 Metric)","1210","-","0.126"" L x 0.102"" W (3.20mm x 2.60mm)","0.028"" (0.70mm)","2","-","https://www.digikey.com/en/products/detail/koa-speer-electronics-inc/SR732ETTE6R65F/21680728"
"https://www.koaspeer.com/pdfs/SR73.pdf","//mm.digikey.com/Volume0/opasdata/d220001/medias/images/320/2019%3B%3B1210%283225%29-3%2C2x2%2C6x0%2C6.JPG","2019-SR732ETTD1R00FTR-ND,2019-SR732ETTD1R00FCT-ND,2019-SR732ETTD1R00FDKR-ND","SR732ETTD1R00F","KOA Speer Electronics, Inc.","KOA Speer Electronics, Inc.","RES 1 OHM 1% 1/2W 1210","12,543","0.55","0","1","Tape & Reel (TR),Cut Tape (CT),Digi-Reel®","SR73","Active","1 Ohms","±1%","0.5W, 1/2W","Thick Film","Automotive AEC-Q200, Current Sense","±100ppm/°C","-55°C ~ 150°C","1210 (3225 Metric)","1210","-","0.126"" L x 0.102"" W (3.20mm x 2.60mm)","0.024"" (0.60mm)","2","-","https://www.digikey.com/en/products/detail/koa-speer-electronics-inc/SR732ETTD1R00F/9845631"
"https://www.koaspeer.com/pdfs/SR73.pdf","//mm.digikey.com/Volume0/opasdata/d220001/medias/images/320/2019%3B%3B1210%283225%29-3%2C2x2%2C6x0%2C6.JPG","2019-SR732ETTD2R00FTR-ND,2019-SR732ETTD2R00FCT-ND,2019-SR732ETTD2R00FDKR-ND","SR732ETTD2R00F","KOA Speer Electronics, Inc.","KOA Speer Electronics, Inc.","RES 2 OHM 1% 1/2W 1210","8,502","0.55","0","1","Tape & Reel (TR),Cut Tape (CT),Digi-Reel®","SR73","Active","2 Ohms","±1%","0.5W, 1/2W","Thick Film","Automotive AEC-Q200, Current Sense","±100ppm/°C","-55°C ~ 150°C","1210 (3225 Metric)","1210","-","0.126"" L x 0.102"" W (3.20mm x 2.60mm)","0.024"" (0.60mm)","2","-","https://www.digikey.com/en/products/detail/koa-speer-electronics-inc/SR732ETTD2R00F/9845634"
"https://www.koaspeer.com/pdfs/SR73.pdf","//mm.digikey.com/Volume0/opasdata/d220001/medias/images/320/2019%3B%3B1210%283225%29-3%2C2x2%2C6x0%2C6.JPG","2019-SR732ETTDR499FTR-ND,2019-SR732ETTDR499FCT-ND,2019-SR732ETTDR499FDKR-ND","SR732ETTDR499F","KOA Speer Electronics, Inc.","KOA Speer Electronics, Inc.","RES 0.499 OHM 1% 1/2W 1210","4,637","0.55","0","1","Tape & Reel (TR),Cut Tape (CT),Digi-Reel®","SR73","Active","499 mOhms","±1%","0.5W, 1/2W","Thick Film","Automotive AEC-Q200, Current Sense","±100ppm/°C","-55°C ~ 150°C","1210 (3225 Metric)","1210","-","0.126"" L x 0.102"" W (3.20mm x 2.60mm)","0.024"" (0.60mm)","2","-","https://www.digikey.com/en/products/detail/koa-speer-electronics-inc/SR732ETTDR499F/9845647"
"https://www.koaspeer.com/pdfs/SR73.pdf","//mm.digikey.com/Volume0/opasdata/d220001/medias/images/319/2019%3B%3B0402%281005%29-1x0%2C5x0%2C4.JPG","2019-SR731ETTP5R10FTR-ND,2019-SR731ETTP5R10FCT-ND,2019-SR731ETTP5R10FDKR-ND","SR731ETTP5R10F","KOA Speer Electronics, Inc.","KOA Speer Electronics, Inc.","RES 5.1 OHM 1% 1/6W 0402","6,413","0.56","0","1","Tape & Reel (TR),Cut Tape (CT),Digi-Reel®","SR73","Active","5.1 Ohms","±1%","0.167W, 1/6W","Thick Film","Automotive AEC-Q200, Current Sense","±200ppm/°C","-55°C ~ 150°C","0402 (1005 Metric)","0402","-","0.039"" L x 0.020"" W (1.00mm x 0.50mm)","0.016"" (0.40mm)","2","-","https://www.digikey.com/en/products/detail/koa-speer-electronics-inc/SR731ETTP5R10F/9834541"
"https://www.koaspeer.com/pdfs/SR73.pdf","//mm.digikey.com/Volume0/opasdata/d220001/medias/images/319/2019%3B%3B0402%281005%29-1x0%2C5x0%2C4.JPG","2019-SR731ETTP1R00FTR-ND,2019-SR731ETTP1R00FCT-ND,2019-SR731ETTP1R00FDKR-ND","SR731ETTP1R00F","KOA Speer Electronics, Inc.","KOA Speer Electronics, Inc.","RES 1 OHM 1% 1/6W 0402","5,550","0.56","0","1","Tape & Reel (TR),Cut Tape (CT),Digi-Reel®","SR73","Active","1 Ohms","±1%","0.167W, 1/6W","Thick Film","Automotive AEC-Q200, Current Sense","±200ppm/°C","-55°C ~ 150°C","0402 (1005 Metric)","0402","-","0.039"" L x 0.020"" W (1.00mm x 0.50mm)","0.016"" (0.40mm)","2","-","https://www.digikey.com/en/products/detail/koa-speer-electronics-inc/SR731ETTP1R00F/9834539"
"https://www.koaspeer.com/pdfs/SR73.pdf","//mm.digikey.com/Volume0/opasdata/d220001/medias/images/319/2019%3B%3B0402%281005%29-1x0%2C5x0%2C4.JPG","2019-SR731ETTPR510FTR-ND,2019-SR731ETTPR510FCT-ND,2019-SR731ETTPR510FDKR-ND","SR731ETTPR510F","KOA Speer Electronics, Inc.","KOA Speer Electronics, Inc.","RES 0.51 OHM 1% 1/6W 0402","3,706","0.56","0","1","Tape & Reel (TR),Cut Tape (CT),Digi-Reel®","SR73","Active","510 mOhms","±1%","0.167W, 1/6W","Thick Film","Automotive AEC-Q200, Current Sense","±200ppm/°C","-55°C ~ 150°C","0402 (1005 Metric)","0402","-","0.039"" L x 0.020"" W (1.00mm x 0.50mm)","0.016"" (0.40mm)","2","-","https://www.digikey.com/en/products/detail/koa-speer-electronics-inc/SR731ETTPR510F/9845550"
"https://www.koaspeer.com/pdfs/SR73.pdf","//mm.digikey.com/Volume0/opasdata/d220001/medias/images/320/2019%3B%3B1210%283225%29-3%2C2x2%2C6x0%2C6.JPG","2019-SR732ETTDR10JTR-ND,2019-SR732ETTDR10JCT-ND,2019-SR732ETTDR10JDKR-ND","SR732ETTDR10J","KOA Speer Electronics, Inc.","KOA Speer Electronics, Inc.","RES 0.1 OHM 5% 1/2W 1210","9,521","0.6","0","1","Tape & Reel (TR),Cut Tape (CT),Digi-Reel®","SR73","Active","100 mOhms","±5%","0.5W, 1/2W","Thick Film","Automotive AEC-Q200, Current Sense","±200ppm/°C","-55°C ~ 150°C","1210 (3225 Metric)","1210","-","0.126"" L x 0.102"" W (3.20mm x 2.60mm)","0.024"" (0.60mm)","2","-","https://www.digikey.com/en/products/detail/koa-speer-electronics-inc/SR732ETTDR10J/9845640"
"https://www.koaspeer.com/pdfs/SR73.pdf","//mm.digikey.com/Volume0/opasdata/d220001/medias/images/320/2019%3B%3B1210%283225%29-3%2C2x2%2C6x0%2C6.JPG","2019-SR732ETTDR390FTR-ND,2019-SR732ETTDR390FCT-ND,2019-SR732ETTDR390FDKR-ND","SR732ETTDR390F","KOA Speer Electronics, Inc.","KOA Speer Electronics, Inc.","RES 0.39 OHM 1% 1/2W 1210","95,384","0.66","0","1","Tape & Reel (TR),Cut Tape (CT),Digi-Reel®","SR73","Active","390 mOhms","±1%","0.5W, 1/2W","Thick Film","Automotive AEC-Q200, Current Sense","±100ppm/°C","-55°C ~ 150°C","1210 (3225 Metric)","1210","-","0.126"" L x 0.102"" W (3.20mm x 2.60mm)","0.024"" (0.60mm)","2","-","https://www.digikey.com/en/products/detail/koa-speer-electronics-inc/SR732ETTDR390F/9845644"
"https://www.koaspeer.com/pdfs/SR73.pdf","//mm.digikey.com/Volume0/opasdata/d220001/medias/images/320/2019%3B%3B1210%283225%29-3%2C2x2%2C6x0%2C6.JPG","2019-SR732ETTDR137FTR-ND,2019-SR732ETTDR137FCT-ND,2019-SR732ETTDR137FDKR-ND","SR732ETTDR137F","KOA Speer Electronics, Inc.","KOA Speer Electronics, Inc.","RES 0.137 OHM 1% 1/2W 1210","9,460","0.66","0","1","Tape & Reel (TR),Cut Tape (CT),Digi-Reel®","SR73","Active","137 mOhms","±1%","0.5W, 1/2W","Thick Film","Automotive AEC-Q200, Current Sense","±100ppm/°C","-55°C ~ 150°C","1210 (3225 Metric)","1210","-","0.126"" L x 0.102"" W (3.20mm x 2.60mm)","0.024"" (0.60mm)","2","-","https://www.digikey.com/en/products/detail/koa-speer-electronics-inc/SR732ETTDR137F/9845641"
"https://www.koaspeer.com/pdfs/SR73.pdf","//mm.digikey.com/Volume0/opasdata/d220001/medias/images/320/2019%3B%3B1210%283225%29-3%2C2x2%2C6x0%2C6.JPG","2019-SR732ETTDR150FTR-ND,2019-SR732ETTDR150FCT-ND,2019-SR732ETTDR150FDKR-ND","SR732ETTDR150F","KOA Speer Electronics, Inc.","KOA Speer Electronics, Inc.","RES 0.15 OHM 1% 1/2W 1210","7,288","0.66","0","1","Tape & Reel (TR),Cut Tape (CT),Digi-Reel®","SR73","Active","150 mOhms","±1%","0.5W, 1/2W","Thick Film","Automotive AEC-Q200, Current Sense","±100ppm/°C","-55°C ~ 150°C","1210 (3225 Metric)","1210","-","0.126"" L x 0.102"" W (3.20mm x 2.60mm)","0.024"" (0.60mm)","2","-","https://www.digikey.com/en/products/detail/koa-speer-electronics-inc/SR732ETTDR150F/9845642"
"https://www.koaspeer.com/pdfs/SR73.pdf","//mm.digikey.com/Volume0/opasdata/d220001/medias/images/320/2019%3B%3B1210%283225%29-3%2C2x2%2C6x0%2C6.JPG","2019-SR732HTTER500FTR-ND,2019-SR732HTTER500FCT-ND,2019-SR732HTTER500FDKR-ND","SR732HTTER500F","KOA Speer Electronics, Inc.","KOA Speer Electronics, Inc.","RESISTOR","3,874","0.66","0","1","Tape & Reel (TR),Cut Tape (CT),Digi-Reel®","SR73","Active","500 mOhms","±1%","0.75W, 3/4W","Thick Film","Automotive AEC-Q200, Current Sense","±100ppm/°C","-55°C ~ 150°C","2010 (5025 Metric)","2010","-","0.197"" L x 0.098"" W (5.00mm x 2.50mm)","0.028"" (0.70mm)","2","-","https://www.digikey.com/en/products/detail/koa-speer-electronics-inc/SR732HTTER500F/21681465"
"https://www.koaspeer.com/pdfs/SR73.pdf","//mm.digikey.com/Volume0/opasdata/d220001/medias/images/320/2019%3B%3B2010%285025%29-5x2%2C5x0%2C6.JPG","2019-SR732HTTE1R00FTR-ND,2019-SR732HTTE1R00FCT-ND,2019-SR732HTTE1R00FDKR-ND","SR732HTTE1R00F","KOA Speer Electronics, Inc.","KOA Speer Electronics, Inc.","RES 1 OHM 1% 3/4W 2010","88,918","0.68","0","1","Tape & Reel (TR),Cut Tape (CT),Digi-Reel®","SR73","Active","1 Ohms","±1%","0.75W, 3/4W","Thick Film","Automotive AEC-Q200, Current Sense","±100ppm/°C","-55°C ~ 150°C","2010 (5025 Metric)","2010","-","0.197"" L x 0.098"" W (5.00mm x 2.50mm)","0.024"" (0.60mm)","2","-","https://www.digikey.com/en/products/detail/koa-speer-electronics-inc/SR732HTTE1R00F/9845650"
"https://www.koaspeer.com/pdfs/SR73.pdf","//mm.digikey.com/Volume0/opasdata/d220001/medias/images/320/2019%3B%3B1210%283225%29-3%2C2x2%2C6x0%2C6.JPG","2019-SR732ETTER287FTR-ND,2019-SR732ETTER287FCT-ND,2019-SR732ETTER287FDKR-ND","SR732ETTER287F","KOA Speer Electronics, Inc.","KOA Speer Electronics, Inc.","RESISTOR","7,984","0.69","0","1","Tape & Reel (TR),Cut Tape (CT),Digi-Reel®","SR73","Active","287 mOhms","±1%","0.5W, 1/2W","Thick Film","Automotive AEC-Q200, Current Sense","±100ppm/°C","-55°C ~ 150°C","1210 (3225 Metric)","1210","-","0.126"" L x 0.102"" W (3.20mm x 2.60mm)","0.028"" (0.70mm)","2","-","https://www.digikey.com/en/products/detail/koa-speer-electronics-inc/SR732ETTER287F/21681463"
"https://www.koaspeer.com/pdfs/SR73.pdf","//mm.digikey.com/Volume0/opasdata/d220001/medias/images/320/2019%3B%3B1210%283225%29-3%2C2x2%2C6x0%2C6.JPG","2019-SR732ETTER100FTR-ND,2019-SR732ETTER100FCT-ND,2019-SR732ETTER100FDKR-ND","SR732ETTER100F","KOA Speer Electronics, Inc.","KOA Speer Electronics, Inc.","RESISTOR","2,943","0.69","0","1","Tape & Reel (TR),Cut Tape (CT),Digi-Reel®","SR73","Active","100 mOhms","±1%","0.5W, 1/2W","Thick Film","Automotive AEC-Q200, Current Sense","±100ppm/°C","-55°C ~ 150°C","1210 (3225 Metric)","1210","-","0.126"" L x 0.102"" W (3.20mm x 2.60mm)","0.028"" (0.70mm)","2","-","https://www.digikey.com/en/products/detail/koa-speer-electronics-inc/SR732ETTER100F/21681668"
"https://www.koaspeer.com/pdfs/SR73.pdf","//mm.digikey.com/Volume0/opasdata/d220001/medias/images/320/2019%3B%3B1210%283225%29-3%2C2x2%2C6x0%2C6.JPG","2019-SR732ETTER255FTR-ND,2019-SR732ETTER255FCT-ND,2019-SR732ETTER255FDKR-ND","SR732ETTER255F","KOA Speer Electronics, Inc.","KOA Speer Electronics, Inc.","RESISTOR","2,645","0.69","0","1","Tape & Reel (TR),Cut Tape (CT),Digi-Reel®","SR73","Active","255 mOhms","±1%","0.5W, 1/2W","Thick Film","Automotive AEC-Q200, Current Sense","±100ppm/°C","-55°C ~ 150°C","1210 (3225 Metric)","1210","-","0.126"" L x 0.102"" W (3.20mm x 2.60mm)","0.028"" (0.70mm)","2","-","https://www.digikey.com/en/products/detail/koa-speer-electronics-inc/SR732ETTER255F/21680341"
"https://www.koaspeer.com/pdfs/SR73.pdf","//mm.digikey.com/Volume0/opasdata/d220001/medias/images/320/2019%3B%3B2512%286432%29-3%2C6x3%2C1x0%2C6.JPG","2019-SR733ATTE2R40FTR-ND,2019-SR733ATTE2R40FCT-ND,2019-SR733ATTE2R40FDKR-ND","SR733ATTE2R40F","KOA Speer Electronics, Inc.","KOA Speer Electronics, Inc.","RES 2.4 OHM 1% 1W 2512","7,619","0.82","0","1","Tape & Reel (TR),Cut Tape (CT),Digi-Reel®","SR73","Active","2.4 Ohms","±1%","1W","Thick Film","Automotive AEC-Q200, Current Sense","±100ppm/°C","-55°C ~ 150°C","2512 (6332 Metric)","2512","-","0.248"" L x 0.122"" W (6.30mm x 3.10mm)","0.024"" (0.60mm)","2","-","https://www.digikey.com/en/products/detail/koa-speer-electronics-inc/SR733ATTE2R40F/9845654"
"https://www.koaspeer.com/pdfs/SR73.pdf","//mm.digikey.com/Volume0/opasdata/d220001/medias/images/320/2019%3B%3B1210%283225%29-3%2C2x2%2C6x0%2C6.JPG","2019-SR732ETTD30LJTR-ND,2019-SR732ETTD30LJCT-ND,2019-SR732ETTD30LJDKR-ND","SR732ETTD30LJ","KOA Speer Electronics, Inc.","KOA Speer Electronics, Inc.","RES 0.03 OHM 5% 1/2W 1210","3,353","0.85","0","1","Tape & Reel (TR),Cut Tape (CT),Digi-Reel®","SR73","Active","30 mOhms","±5%","0.5W, 1/2W","Thick Film","Automotive AEC-Q200, Current Sense","±1000ppm/°C","-55°C ~ 150°C","1210 (3225 Metric)","1210","-","0.126"" L x 0.102"" W (3.20mm x 2.60mm)","0.024"" (0.60mm)","2","-","https://www.digikey.com/en/products/detail/koa-speer-electronics-inc/SR732ETTD30LJ/9845635"
"https://www.koaspeer.com/pdfs/SR73.pdf","//mm.digikey.com/Volume0/opasdata/d220001/medias/images/320/2019%3B%3B2512%286432%29-3%2C6x3%2C1x0%2C6.JPG","2019-SR733ATTER150FTR-ND,2019-SR733ATTER150FCT-ND,2019-SR733ATTER150FDKR-ND","SR733ATTER150F","KOA Speer Electronics, Inc.","KOA Speer Electronics, Inc.","RES 0.15 OHM 1% 1W 2512","9,435","0.97","0","1","Tape & Reel (TR),Cut Tape (CT),Digi-Reel®","SR73","Active","150 mOhms","±1%","1W","Thick Film","Automotive AEC-Q200, Current Sense","±100ppm/°C","-55°C ~ 150°C","2512 (6332 Metric)","2512","-","0.248"" L x 0.122"" W (6.30mm x 3.10mm)","0.024"" (0.60mm)","2","-","https://www.digikey.com/en/products/detail/koa-speer-electronics-inc/SR733ATTER150F/9845656"
"https://www.koaspeer.com/pdfs/SR73.pdf","//mm.digikey.com/Volume0/opasdata/d220001/medias/images/320/2019%3B%3B1206%283216%29-3%2C2x1%2C6x0%2C6.JPG","2019-SR732BTTD4R7JTR-ND,2019-SR732BTTD4R7JCT-ND,2019-SR732BTTD4R7JDKR-ND","SR732BTTD4R7J","KOA Speer Electronics, Inc.","KOA Speer Electronics, Inc.","RES 4.7 OHM 5% 1/3W 1206","4,590","0.35","0","1","Tape & Reel (TR),Cut Tape (CT),Digi-Reel®","SR73","Active","4.7 Ohms","±5%","0.333W, 1/3W","Thick Film","Automotive AEC-Q200, Current Sense","±200ppm/°C","-55°C ~ 150°C","1206 (3216 Metric)","1206","-","0.126"" L x 0.063"" W (3.20mm x 1.60mm)","0.024"" (0.60mm)","2","-","https://www.digikey.com/en/products/detail/koa-speer-electronics-inc/SR732BTTD4R7J/9845600"
"https://www.koaspeer.com/pdfs/SR73.pdf","//mm.digikey.com/Volume0/opasdata/d220001/medias/images/320/2019%3B%3B0805%282012%29-2x1%2C25x0%2C6.JPG","2019-SR732ATTE8R25FTR-ND,2019-SR732ATTE8R25FCT-ND,2019-SR732ATTE8R25FDKR-ND","SR732ATTE8R25F","KOA Speer Electronics, Inc.","KOA Speer Electronics, Inc.","RESISTOR","8,355","0.37","0","1","Tape & Reel (TR),Cut Tape (CT),Digi-Reel®","SR73","Active","8.25 Ohms","±1%","0.333W, 1/3W","Thick Film","Automotive AEC-Q200, Current Sense","±100ppm/°C","-55°C ~ 150°C","0805 (2012 Metric)","0805","-","0.079"" L x 0.049"" W (2.00mm x 1.25mm)","0.024"" (0.60mm)","2","-","https://www.digikey.com/en/products/detail/koa-speer-electronics-inc/SR732ATTE8R25F/21681822"
"https://www.koaspeer.com/pdfs/SR73.pdf","//mm.digikey.com/Volume0/opasdata/d220001/medias/images/320/2019%3B%3B1206%283216%29-3%2C2x1%2C6x0%2C6.JPG","2019-SR732BTTER750FTR-ND,2019-SR732BTTER750FCT-ND,2019-SR732BTTER750FDKR-ND","SR732BTTER750F","KOA Speer Electronics, Inc.","KOA Speer Electronics, Inc.","RESISTOR","7,980","0.37","0","1","Tape & Reel (TR),Cut Tape (CT),Digi-Reel®","SR73","Active","750 mOhms","±1%","0.333W, 1/3W","Thick Film","Automotive AEC-Q200, Current Sense","±100ppm/°C","-55°C ~ 150°C","1206 (3216 Metric)","1206","-","0.126"" L x 0.063"" W (3.20mm x 1.60mm)","0.028"" (0.70mm)","2","-","https://www.digikey.com/en/products/detail/koa-speer-electronics-inc/SR732BTTER750F/21681205"
"https://www.koaspeer.com/pdfs/SR73.pdf","//mm.digikey.com/Volume0/opasdata/d220001/medias/images/320/2019%3B%3B1206%283216%29-3%2C2x1%2C6x0%2C6.JPG","2019-SR732BTTD4R87FTR-ND,2019-SR732BTTD4R87FCT-ND,2019-SR732BTTD4R87FDKR-ND","SR732BTTD4R87F","KOA Speer Electronics, Inc.","KOA Speer Electronics, Inc.","RES 4.87 OHM 1% 1/3W 1206","5,000","0.37","0","1","Tape & Reel (TR),Cut Tape (CT),Digi-Reel®","SR73","Active","4.87 Ohms","±1%","0.333W, 1/3W","Thick Film","Automotive AEC-Q200, Current Sense","±100ppm/°C","-55°C ~ 150°C","1206 (3216 Metric)","1206","-","0.126"" L x 0.063"" W (3.20mm x 1.60mm)","0.024"" (0.60mm)","2","-","https://www.digikey.com/en/products/detail/koa-speer-electronics-inc/SR732BTTD4R87F/9845601"
"https://www.koaspeer.com/pdfs/SR73.pdf","//mm.digikey.com/Volume0/opasdata/d220001/medias/images/320/2019%3B%3B1206%283216%29-3%2C2x1%2C6x0%2C6.JPG","2019-SR732BTTD1R18FTR-ND,2019-SR732BTTD1R18FCT-ND,2019-SR732BTTD1R18FDKR-ND","SR732BTTD1R18F","KOA Speer Electronics, Inc.","KOA Speer Electronics, Inc.","RES 1.18 OHM 1% 1/3W 1206","4,047","0.37","0","1","Tape & Reel (TR),Cut Tape (CT),Digi-Reel®","SR73","Active","1.18 Ohms","±1%","0.333W, 1/3W","Thick Film","Automotive AEC-Q200, Current Sense","±100ppm/°C","-55°C ~ 150°C","1206 (3216 Metric)","1206","-","0.126"" L x 0.063"" W (3.20mm x 1.60mm)","0.024"" (0.60mm)","2","-","https://www.digikey.com/en/products/detail/koa-speer-electronics-inc/SR732BTTD1R18F/9856691"
"https://www.koaspeer.com/pdfs/SR73.pdf","//mm.digikey.com/Volume0/opasdata/d220001/medias/images/320/2019%3B%3B1206%283216%29-3%2C2x1%2C6x0%2C6.JPG","2019-SR732BTTER787FTR-ND,2019-SR732BTTER787FCT-ND,2019-SR732BTTER787FDKR-ND","SR732BTTER787F","KOA Speer Electronics, Inc.","KOA Speer Electronics, Inc.","RESISTOR","4,000","0.37","0","1","Tape & Reel (TR),Cut Tape (CT),Digi-Reel®","SR73","Active","787 mOhms","±1%","0.333W, 1/3W","Thick Film","Automotive AEC-Q200, Current Sense","±100ppm/°C","-55°C ~ 150°C","1206 (3216 Metric)","1206","-","0.126"" L x 0.063"" W (3.20mm x 1.60mm)","0.028"" (0.70mm)","2","-","https://www.digikey.com/en/products/detail/koa-speer-electronics-inc/SR732BTTER787F/21679521"
"https://www.koaspeer.com/pdfs/SR73.pdf","//mm.digikey.com/Volume0/opasdata/d220001/medias/images/320/2019%3B%3B0805%282012%29-2x1%2C25x0%2C6.JPG","2019-SR732ATTER768FTR-ND,2019-SR732ATTER768FCT-ND,2019-SR732ATTER768FDKR-ND","SR732ATTER768F","KOA Speer Electronics, Inc.","KOA Speer Electronics, Inc.","RESISTOR","4,000","0.37","0","1","Tape & Reel (TR),Cut Tape (CT),Digi-Reel®","SR73","Active","768 mOhms","±1%","0.333W, 1/3W","Thick Film","Automotive AEC-Q200, Current Sense","±100ppm/°C","-55°C ~ 150°C","0805 (2012 Metric)","0805","-","0.079"" L x 0.049"" W (2.00mm x 1.25mm)","0.024"" (0.60mm)","2","-","https://www.digikey.com/en/products/detail/koa-speer-electronics-inc/SR732ATTER768F/21681323"
"https://www.koaspeer.com/pdfs/SR73.pdf","//mm.digikey.com/Volume0/opasdata/d220001/medias/images/320/2019%3B%3B1206%283216%29-3%2C2x1%2C6x0%2C6.JPG","2019-SR732BTTER698FTR-ND,2019-SR732BTTER698FCT-ND,2019-SR732BTTER698FDKR-ND","SR732BTTER698F","KOA Speer Electronics, Inc.","KOA Speer Electronics, Inc.","RESISTOR","3,970","0.37","0","1","Tape & Reel (TR),Cut Tape (CT),Digi-Reel®","SR73","Active","698 mOhms","±1%","0.333W, 1/3W","Thick Film","Automotive AEC-Q200, Current Sense","±100ppm/°C","-55°C ~ 150°C","1206 (3216 Metric)","1206","-","0.126"" L x 0.063"" W (3.20mm x 1.60mm)","0.028"" (0.70mm)","2","-","https://www.digikey.com/en/products/detail/koa-speer-electronics-inc/SR732BTTER698F/21680295"
"https://www.koaspeer.com/pdfs/SR73.pdf","//mm.digikey.com/Volume0/opasdata/d220001/medias/images/320/2019%3B%3B0805%282012%29-2x1%2C25x0%2C6.JPG","2019-SR732ATTER845FTR-ND,2019-SR732ATTER845FCT-ND,2019-SR732ATTER845FDKR-ND","SR732ATTER845F","KOA Speer Electronics, Inc.","KOA Speer Electronics, Inc.","RESISTOR","3,930","0.37","0","1","Tape & Reel (TR),Cut Tape (CT),Digi-Reel®","SR73","Active","845 mOhms","±1%","0.333W, 1/3W","Thick Film","Automotive AEC-Q200, Current Sense","±100ppm/°C","-55°C ~ 150°C","0805 (2012 Metric)","0805","-","0.079"" L x 0.049"" W (2.00mm x 1.25mm)","0.024"" (0.60mm)","2","-","https://www.digikey.com/en/products/detail/koa-speer-electronics-inc/SR732ATTER845F/21680636"
"https://www.koaspeer.com/pdfs/SR73.pdf","//mm.digikey.com/Volume0/opasdata/d220001/medias/images/320/2019%3B%3B0805%282012%29-2x1%2C25x0%2C6.JPG","2019-SR732ATTER649FTR-ND,2019-SR732ATTER649FCT-ND,2019-SR732ATTER649FDKR-ND","SR732ATTER649F","KOA Speer Electronics, Inc.","KOA Speer Electronics, Inc.","RESISTOR","3,900","0.37","0","1","Tape & Reel (TR),Cut Tape (CT),Digi-Reel®","SR73","Active","649 mOhms","±1%","0.333W, 1/3W","Thick Film","Automotive AEC-Q200, Current Sense","±100ppm/°C","-55°C ~ 150°C","0805 (2012 Metric)","0805","-","0.079"" L x 0.049"" W (2.00mm x 1.25mm)","0.024"" (0.60mm)","2","-","https://www.digikey.com/en/products/detail/koa-speer-electronics-inc/SR732ATTER649F/21681293"
"https://www.koaspeer.com/pdfs/SR73.pdf","//mm.digikey.com/Volume0/opasdata/d220001/medias/images/320/2019%3B%3B0805%282012%29-2x1%2C25x0%2C6.JPG","2019-SR732ATTER665FTR-ND,2019-SR732ATTER665FCT-ND,2019-SR732ATTER665FDKR-ND","SR732ATTER665F","KOA Speer Electronics, Inc.","KOA Speer Electronics, Inc.","RESISTOR","3,875","0.37","0","1","Tape & Reel (TR),Cut Tape (CT),Digi-Reel®","SR73","Active","665 mOhms","±1%","0.333W, 1/3W","Thick Film","Automotive AEC-Q200, Current Sense","±100ppm/°C","-55°C ~ 150°C","0805 (2012 Metric)","0805","-","0.079"" L x 0.049"" W (2.00mm x 1.25mm)","0.024"" (0.60mm)","2","-","https://www.digikey.com/en/products/detail/koa-speer-electronics-inc/SR732ATTER665F/21680296"
"https://www.koaspeer.com/pdfs/SR73.pdf","//mm.digikey.com/Volume0/opasdata/d220001/medias/images/320/2019%3B%3B0805%282012%29-2x1%2C25x0%2C6.JPG","2019-SR732ATTER825FTR-ND,2019-SR732ATTER825FCT-ND,2019-SR732ATTER825FDKR-ND","SR732ATTER825F","KOA Speer Electronics, Inc.","KOA Speer Electronics, Inc.","RESISTOR","3,835","0.37","0","1","Tape & Reel (TR),Cut Tape (CT),Digi-Reel®","SR73","Active","825 mOhms","±1%","0.333W, 1/3W","Thick Film","Automotive AEC-Q200, Current Sense","±100ppm/°C","-55°C ~ 150°C","0805 (2012 Metric)","0805","-","0.079"" L x 0.049"" W (2.00mm x 1.25mm)","0.024"" (0.60mm)","2","-","https://www.digikey.com/en/products/detail/koa-speer-electronics-inc/SR732ATTER825F/21681285"
"https://www.koaspeer.com/pdfs/SR73.pdf","//mm.digikey.com/Volume0/opasdata/d220001/medias/images/320/2019%3B%3B0805%282012%29-2x1%2C25x0%2C6.JPG","2019-SR732ATTDR562FTR-ND,2019-SR732ATTDR562FCT-ND,2019-SR732ATTDR562FDKR-ND","SR732ATTDR562F","KOA Speer Electronics, Inc.","KOA Speer Electronics, Inc.","RES 0.562 OHM 1% 1/3W 0805","3,697","0.37","0","1","Tape & Reel (TR),Cut Tape (CT),Digi-Reel®","SR73","Active","562 mOhms","±1%","0.333W, 1/3W","Thick Film","Automotive AEC-Q200, Current Sense","±100ppm/°C","-55°C ~ 150°C","0805 (2012 Metric)","0805","-","0.079"" L x 0.049"" W (2.00mm x 1.25mm)","0.024"" (0.60mm)","2","-","https://www.digikey.com/en/products/detail/koa-speer-electronics-inc/SR732ATTDR562F/9856689"
"https://www.koaspeer.com/pdfs/SR73.pdf","//mm.digikey.com/Volume0/opasdata/d220001/medias/images/320/2019%3B%3B1206%283216%29-3%2C2x1%2C6x0%2C6.JPG","2019-SR732BTTE2R00FTR-ND,2019-SR732BTTE2R00FCT-ND,2019-SR732BTTE2R00FDKR-ND","SR732BTTE2R00F","KOA Speer Electronics, Inc.","KOA Speer Electronics, Inc.","RESISTOR","3,660","0.37","0","1","Tape & Reel (TR),Cut Tape (CT),Digi-Reel®","SR73","Active","2 Ohms","±1%","0.333W, 1/3W","Thick Film","Automotive AEC-Q200, Current Sense","±100ppm/°C","-55°C ~ 150°C","1206 (3216 Metric)","1206","-","0.126"" L x 0.063"" W (3.20mm x 1.60mm)","0.028"" (0.70mm)","2","-","https://www.digikey.com/en/products/detail/koa-speer-electronics-inc/SR732BTTE2R00F/21679664"
"https://www.koaspeer.com/pdfs/SR73.pdf","//mm.digikey.com/Volume0/opasdata/d220001/medias/images/320/2019%3B%3B1206%283216%29-3%2C2x1%2C6x0%2C6.JPG","2019-SR732BTTE6R98FTR-ND,2019-SR732BTTE6R98FCT-ND,2019-SR732BTTE6R98FDKR-ND","SR732BTTE6R98F","KOA Speer Electronics, Inc.","KOA Speer Electronics, Inc.","RESISTOR","3,590","0.37","0","1","Tape & Reel (TR),Cut Tape (CT),Digi-Reel®","SR73","Active","6.98 Ohms","±1%","0.333W, 1/3W","Thick Film","Automotive AEC-Q200, Current Sense","±100ppm/°C","-55°C ~ 150°C","1206 (3216 Metric)","1206","-","0.126"" L x 0.063"" W (3.20mm x 1.60mm)","0.028"" (0.70mm)","2","-","https://www.digikey.com/en/products/detail/koa-speer-electronics-inc/SR732BTTE6R98F/21680877"
"https://www.koaspeer.com/pdfs/SR73.pdf","//mm.digikey.com/Volume0/opasdata/d220001/medias/images/320/2019%3B%3B1206%283216%29-3%2C2x1%2C6x0%2C6.JPG","2019-SR732BTTER499FTR-ND,2019-SR732BTTER499FCT-ND,2019-SR732BTTER499FDKR-ND","SR732BTTER499F","KOA Speer Electronics, Inc.","KOA Speer Electronics, Inc.","RESISTOR","3,526","0.37","0","1","Tape & Reel (TR),Cut Tape (CT),Digi-Reel®","SR73","Active","499 mOhms","±1%","0.333W, 1/3W","Thick Film","Automotive AEC-Q200, Current Sense","±100ppm/°C","-55°C ~ 150°C","1206 (3216 Metric)","1206","-","0.126"" L x 0.063"" W (3.20mm x 1.60mm)","0.028"" (0.70mm)","2","-","https://www.digikey.com/en/products/detail/koa-speer-electronics-inc/SR732BTTER499F/21681099"
"https://www.koaspeer.com/pdfs/SR73.pdf","//mm.digikey.com/Volume0/opasdata/d220001/medias/images/320/2019%3B%3B0805%282012%29-2x1%2C25x0%2C6.JPG","2019-SR732ATTER866FTR-ND,2019-SR732ATTER866FCT-ND,2019-SR732ATTER866FDKR-ND","SR732ATTER866F","KOA Speer Electronics, Inc.","KOA Speer Electronics, Inc.","RESISTOR","3,340","0.37","0","1","Tape & Reel (TR),Cut Tape (CT),Digi-Reel®","SR73","Active","866 mOhms","±1%","0.333W, 1/3W","Thick Film","Automotive AEC-Q200, Current Sense","±100ppm/°C","-55°C ~ 150°C","0805 (2012 Metric)","0805","-","0.079"" L x 0.049"" W (2.00mm x 1.25mm)","0.024"" (0.60mm)","2","-","https://www.digikey.com/en/products/detail/koa-speer-electronics-inc/SR732ATTER866F/21680509"
"https://www.koaspeer.com/pdfs/SR73.pdf","//mm.digikey.com/Volume0/opasdata/d220001/medias/images/320/2019%3B%3B1206%283216%29-3%2C2x1%2C6x0%2C6.JPG","2019-SR732BTTER931FTR-ND,2019-SR732BTTER931FCT-ND,2019-SR732BTTER931FDKR-ND","SR732BTTER931F","KOA Speer Electronics, Inc.","KOA Speer Electronics, Inc.","RESISTOR","3,335","0.37","0","1","Tape & Reel (TR),Cut Tape (CT),Digi-Reel®","SR73","Active","931 mOhms","±1%","0.333W, 1/3W","Thick Film","Automotive AEC-Q200, Current Sense","±100ppm/°C","-55°C ~ 150°C","1206 (3216 Metric)","1206","-","0.126"" L x 0.063"" W (3.20mm x 1.60mm)","0.028"" (0.70mm)","2","-","https://www.digikey.com/en/products/detail/koa-speer-electronics-inc/SR732BTTER931F/21680035"
"https://www.koaspeer.com/pdfs/SR73.pdf","//mm.digikey.com/Volume0/opasdata/d220001/medias/images/320/2019%3B%3B1206%283216%29-3%2C2x1%2C6x0%2C6.JPG","2019-SR732BTTER576FTR-ND,2019-SR732BTTER576FCT-ND,2019-SR732BTTER576FDKR-ND","SR732BTTER576F","KOA Speer Electronics, Inc.","KOA Speer Electronics, Inc.","RESISTOR","3,328","0.37","0","1","Tape & Reel (TR),Cut Tape (CT),Digi-Reel®","SR73","Active","576 mOhms","±1%","0.333W, 1/3W","Thick Film","Automotive AEC-Q200, Current Sense","±100ppm/°C","-55°C ~ 150°C","1206 (3216 Metric)","1206","-","0.126"" L x 0.063"" W (3.20mm x 1.60mm)","0.028"" (0.70mm)","2","-","https://www.digikey.com/en/products/detail/koa-speer-electronics-inc/SR732BTTER576F/21681153"
"https://www.koaspeer.com/pdfs/SR73.pdf","//mm.digikey.com/Volume0/opasdata/d220001/medias/images/320/2019%3B%3B1206%283216%29-3%2C2x1%2C6x0%2C6.JPG","2019-SR732BTTE6R04FTR-ND,2019-SR732BTTE6R04FCT-ND,2019-SR732BTTE6R04FDKR-ND","SR732BTTE6R04F","KOA Speer Electronics, Inc.","KOA Speer Electronics, Inc.","RESISTOR","3,138","0.37","0","1","Tape & Reel (TR),Cut Tape (CT),Digi-Reel®","SR73","Active","6.04 Ohms","±1%","0.333W, 1/3W","Thick Film","Automotive AEC-Q200, Current Sense","±100ppm/°C","-55°C ~ 150°C","1206 (3216 Metric)","1206","-","0.126"" L x 0.063"" W (3.20mm x 1.60mm)","0.028"" (0.70mm)","2","-","https://www.digikey.com/en/products/detail/koa-speer-electronics-inc/SR732BTTE6R04F/21680931"
"https://www.koaspeer.com/pdfs/SR73.pdf","//mm.digikey.com/Volume0/opasdata/d220001/medias/images/320/2019%3B%3B1206%283216%29-3%2C2x1%2C6x0%2C6.JPG","2019-SR732BTTER649FTR-ND,2019-SR732BTTER649FCT-ND,2019-SR732BTTER649FDKR-ND","SR732BTTER649F","KOA Speer Electronics, Inc.","KOA Speer Electronics, Inc.","RESISTOR","3,000","0.37","0","1","Tape & Reel (TR),Cut Tape (CT),Digi-Reel®","SR73","Active","649 mOhms","±1%","0.333W, 1/3W","Thick Film","Automotive AEC-Q200, Current Sense","±100ppm/°C","-55°C ~ 150°C","1206 (3216 Metric)","1206","-","0.126"" L x 0.063"" W (3.20mm x 1.60mm)","0.028"" (0.70mm)","2","-","https://www.digikey.com/en/products/detail/koa-speer-electronics-inc/SR732BTTER649F/21680602"
"https://www.koaspeer.com/pdfs/SR73.pdf","//mm.digikey.com/Volume0/opasdata/d220001/medias/images/320/2019%3B%3B0805%282012%29-2x1%2C25x0%2C6.JPG","2019-SR732ATTDR649FTR-ND,2019-SR732ATTDR649FCT-ND,2019-SR732ATTDR649FDKR-ND","SR732ATTDR649F","KOA Speer Electronics, Inc.","KOA Speer Electronics, Inc.","RES 0.649 OHM 1% 1/3W 0805","2,864","0.37","0","1","Tape & Reel (TR),Cut Tape (CT),Digi-Reel®","SR73","Active","649 mOhms","±1%","0.333W, 1/3W","Thick Film","Automotive AEC-Q200, Current Sense","±100ppm/°C","-55°C ~ 150°C","0805 (2012 Metric)","0805","-","0.079"" L x 0.049"" W (2.00mm x 1.25mm)","0.024"" (0.60mm)","2","-","https://www.digikey.com/en/products/detail/koa-speer-electronics-inc/SR732ATTDR649F/9856690"
"https://www.koaspeer.com/pdfs/SR73.pdf","//mm.digikey.com/Volume0/opasdata/d220001/medias/images/320/2019%3B%3B1206%283216%29-3%2C2x1%2C6x0%2C6.JPG","2019-SR732BTTER665FTR-ND,2019-SR732BTTER665FCT-ND,2019-SR732BTTER665FDKR-ND","SR732BTTER665F","KOA Speer Electronics, Inc.","KOA Speer Electronics, Inc.","RESISTOR","2,860","0.37","0","1","Tape & Reel (TR),Cut Tape (CT),Digi-Reel®","SR73","Active","665 mOhms","±1%","0.333W, 1/3W","Thick Film","Automotive AEC-Q200, Current Sense","±100ppm/°C","-55°C ~ 150°C","1206 (3216 Metric)","1206","-","0.126"" L x 0.063"" W (3.20mm x 1.60mm)","0.028"" (0.70mm)","2","-","https://www.digikey.com/en/products/detail/koa-speer-electronics-inc/SR732BTTER665F/21681380"
"https://www.koaspeer.com/pdfs/SR73.pdf","//mm.digikey.com/Volume0/opasdata/d220001/medias/images/320/2019%3B%3B1206%283216%29-3%2C2x1%2C6x0%2C6.JPG","2019-SR732BTTE1R00FTR-ND,2019-SR732BTTE1R00FCT-ND,2019-SR732BTTE1R00FDKR-ND","SR732BTTE1R00F","KOA Speer Electronics, Inc.","KOA Speer Electronics, Inc.","RESISTOR","2,585","0.37","0","1","Tape & Reel (TR),Cut Tape (CT),Digi-Reel®","SR73","Active","1 Ohms","±1%","0.333W, 1/3W","Thick Film","Automotive AEC-Q200, Current Sense","±100ppm/°C","-55°C ~ 150°C","1206 (3216 Metric)","1206","-","0.126"" L x 0.063"" W (3.20mm x 1.60mm)","0.028"" (0.70mm)","2","-","https://www.digikey.com/en/products/detail/koa-speer-electronics-inc/SR732BTTE1R00F/21680352"
"https://www.koaspeer.com/pdfs/SR73.pdf","//mm.digikey.com/Volume0/opasdata/d220001/medias/images/320/2019%3B%3B1206%283216%29-3%2C2x1%2C6x0%2C6.JPG","2019-SR732BTTD2R70FTR-ND,2019-SR732BTTD2R70FCT-ND,2019-SR732BTTD2R70FDKR-ND","SR732BTTD2R70F","KOA Speer Electronics, Inc.","KOA Speer Electronics, Inc.","RES 2.7 OHM 1% 1/3W 1206","9,982","0.41","0","1","Tape & Reel (TR),Cut Tape (CT),Digi-Reel®","SR73","Active","2.7 Ohms","±1%","0.333W, 1/3W","Thick Film","Automotive AEC-Q200, Current Sense","±100ppm/°C","-55°C ~ 150°C","1206 (3216 Metric)","1206","-","0.126"" L x 0.063"" W (3.20mm x 1.60mm)","0.024"" (0.60mm)","2","-","https://www.digikey.com/en/products/detail/koa-speer-electronics-inc/SR732BTTD2R70F/9845597"
"https://www.koaspeer.com/pdfs/SR73.pdf","//mm.digikey.com/Volume0/opasdata/d220001/medias/images/320/2019%3B%3B1206%283216%29-3%2C2x1%2C6x0%2C6.JPG","2019-SR732BTTD6R80FTR-ND,2019-SR732BTTD6R80FCT-ND,2019-SR732BTTD6R80FDKR-ND","SR732BTTD6R80F","KOA Speer Electronics, Inc.","KOA Speer Electronics, Inc.","RES 6.8 OHM 1% 1/3W 1206","8,850","0.41","0","1","Tape & Reel (TR),Cut Tape (CT),Digi-Reel®","SR73","Active","6.8 Ohms","±1%","0.333W, 1/3W","Thick Film","Automotive AEC-Q200, Current Sense","±100ppm/°C","-55°C ~ 150°C","1206 (3216 Metric)","1206","-","0.126"" L x 0.063"" W (3.20mm x 1.60mm)","0.024"" (0.60mm)","2","-","https://www.digikey.com/en/products/detail/koa-speer-electronics-inc/SR732BTTD6R80F/9845605"
"https://www.koaspeer.com/pdfs/SR73.pdf","//mm.digikey.com/Volume0/opasdata/d220001/medias/images/320/2019%3B%3B0805%282012%29-2x1%2C25x0%2C6.JPG","2019-SR732ATTDR750FTR-ND,2019-SR732ATTDR750FCT-ND,2019-SR732ATTDR750FDKR-ND","SR732ATTDR750F","KOA Speer Electronics, Inc.","KOA Speer Electronics, Inc.","RES 0.75 OHM 1% 1/3W 0805","8,096","0.41","0","1","Tape & Reel (TR),Cut Tape (CT),Digi-Reel®","SR73","Active","750 mOhms","±1%","0.333W, 1/3W","Thick Film","Automotive AEC-Q200, Current Sense","±100ppm/°C","-55°C ~ 150°C","0805 (2012 Metric)","0805","-","0.079"" L x 0.049"" W (2.00mm x 1.25mm)","0.024"" (0.60mm)","2","-","https://www.digikey.com/en/products/detail/koa-speer-electronics-inc/SR732ATTDR750F/9845587"
"https://www.koaspeer.com/pdfs/SR73.pdf","//mm.digikey.com/Volume0/opasdata/d220001/medias/images/320/2019%3B%3B0805%282012%29-2x1%2C25x0%2C6.JPG","2019-SR732ATTDR620FTR-ND,2019-SR732ATTDR620FCT-ND,2019-SR732ATTDR620FDKR-ND","SR732ATTDR620F","KOA Speer Electronics, Inc.","KOA Speer Electronics, Inc.","RES 0.62 OHM 1% 1/3W 0805","6,161","0.41","0","1","Tape & Reel (TR),Cut Tape (CT),Digi-Reel®","SR73","Active","620 mOhms","±1%","0.333W, 1/3W","Thick Film","Automotive AEC-Q200, Current Sense","±100ppm/°C","-55°C ~ 150°C","0805 (2012 Metric)","0805","-","0.079"" L x 0.049"" W (2.00mm x 1.25mm)","0.024"" (0.60mm)","2","-","https://www.digikey.com/en/products/detail/koa-speer-electronics-inc/SR732ATTDR620F/9845585"
"https://www.koaspeer.com/pdfs/SR73.pdf","//mm.digikey.com/Volume0/opasdata/d220001/medias/images/320/2019%3B%3B1206%283216%29-3%2C2x1%2C6x0%2C6.JPG","2019-SR732BTTD5R10FTR-ND,2019-SR732BTTD5R10FCT-ND,2019-SR732BTTD5R10FDKR-ND","SR732BTTD5R10F","KOA Speer Electronics, Inc.","KOA Speer Electronics, Inc.","RES 5.1 OHM 1% 1/3W 1206","5,260","0.41","0","1","Tape & Reel (TR),Cut Tape (CT),Digi-Reel®","SR73","Active","5.1 Ohms","±1%","0.333W, 1/3W","Thick Film","Automotive AEC-Q200, Current Sense","±100ppm/°C","-55°C ~ 150°C","1206 (3216 Metric)","1206","-","0.126"" L x 0.063"" W (3.20mm x 1.60mm)","0.024"" (0.60mm)","2","-","https://www.digikey.com/en/products/detail/koa-speer-electronics-inc/SR732BTTD5R10F/9845602"
"https://www.koaspeer.com/pdfs/SR73.pdf","//mm.digikey.com/Volume0/opasdata/d220001/medias/images/320/2019%3B%3B0805%282012%29-2x1%2C25x0%2C6.JPG","2019-SR732ATTD5R60FTR-ND,2019-SR732ATTD5R60FCT-ND,2019-SR732ATTD5R60FDKR-ND","SR732ATTD5R60F","KOA Speer Electronics, Inc.","KOA Speer Electronics, Inc.","RES 5.6 OHM 1% 1/3W 0805","4,377","0.41","0","1","Tape & Reel (TR),Cut Tape (CT),Digi-Reel®","SR73","Active","5.6 Ohms","±1%","0.333W, 1/3W","Thick Film","Automotive AEC-Q200, Current Sense","±100ppm/°C","-55°C ~ 150°C","0805 (2012 Metric)","0805","-","0.079"" L x 0.049"" W (2.00mm x 1.25mm)","0.024"" (0.60mm)","2","-","https://www.digikey.com/en/products/detail/koa-speer-electronics-inc/SR732ATTD5R60F/9845570"
"https://www.koaspeer.com/pdfs/SR73.pdf","//mm.digikey.com/Volume0/opasdata/d220001/medias/images/320/2019%3B%3B1206%283216%29-3%2C2x1%2C6x0%2C6.JPG","2019-SR732BTTD1R50FTR-ND,2019-SR732BTTD1R50FCT-ND,2019-SR732BTTD1R50FDKR-ND","SR732BTTD1R50F","KOA Speer Electronics, Inc.","KOA Speer Electronics, Inc.","RES 1.5 OHM 1% 1/3W 1206","3,560","0.41","0","1","Tape & Reel (TR),Cut Tape (CT),Digi-Reel®","SR73","Active","1.5 Ohms","±1%","0.333W, 1/3W","Thick Film","Automotive AEC-Q200, Current Sense","±100ppm/°C","-55°C ~ 150°C","1206 (3216 Metric)","1206","-","0.126"" L x 0.063"" W (3.20mm x 1.60mm)","0.024"" (0.60mm)","2","-","https://www.digikey.com/en/products/detail/koa-speer-electronics-inc/SR732BTTD1R50F/9845593"
"https://www.koaspeer.com/pdfs/SR73.pdf","//mm.digikey.com/Volume0/opasdata/d220001/medias/images/320/2019%3B%3B1206%283216%29-3%2C2x1%2C6x0%2C6.JPG","2019-SR732BTTDR510FTR-ND,2019-SR732BTTDR510FCT-ND,2019-SR732BTTDR510FDKR-ND","SR732BTTDR510F","KOA Speer Electronics, Inc.","KOA Speer Electronics, Inc.","RES 0.51 OHM 1% 1/3W 1206","2,603","0.41","0","1","Tape & Reel (TR),Cut Tape (CT),Digi-Reel®","SR73","Active","510 mOhms","±1%","0.333W, 1/3W","Thick Film","Automotive AEC-Q200, Current Sense","±100ppm/°C","-55°C ~ 150°C","1206 (3216 Metric)","1206","-","0.126"" L x 0.063"" W (3.20mm x 1.60mm)","0.024"" (0.60mm)","2","-","https://www.digikey.com/en/products/detail/koa-speer-electronics-inc/SR732BTTDR510F/9845625"
"https://www.koaspeer.com/pdfs/SR73.pdf","//mm.digikey.com/Volume0/opasdata/d220001/medias/images/320/2019%3B%3B0805%282012%29-2x1%2C25x0%2C6.JPG","2019-SR732ATTD1R50FTR-ND,2019-SR732ATTD1R50FCT-ND,2019-SR732ATTD1R50FDKR-ND","SR732ATTD1R50F","KOA Speer Electronics, Inc.","KOA Speer Electronics, Inc.","RES 1.5 OHM 1% 1/3W 0805","2,386","0.41","0","1","Tape & Reel (TR),Cut Tape (CT),Digi-Reel®","SR73","Active","1.5 Ohms","±1%","0.333W, 1/3W","Thick Film","Automotive AEC-Q200, Current Sense","±100ppm/°C","-55°C ~ 150°C","0805 (2012 Metric)","0805","-","0.079"" L x 0.049"" W (2.00mm x 1.25mm)","0.024"" (0.60mm)","2","-","https://www.digikey.com/en/products/detail/koa-speer-electronics-inc/SR732ATTD1R50F/9845564"
"https://www.koaspeer.com/pdfs/SR73.pdf","//mm.digikey.com/Volume0/opasdata/d220001/medias/images/320/2019%3B%3B1206%283216%29-3%2C2x1%2C6x0%2C6.JPG","2019-SR732BTTD5R60FTR-ND,2019-SR732BTTD5R60FCT-ND,2019-SR732BTTD5R60FDKR-ND","SR732BTTD5R60F","KOA Speer Electronics, Inc.","KOA Speer Electronics, Inc.","RES 5.6 OHM 1% 1/3W 1206","1,872","0.41","0","1","Tape & Reel (TR),Cut Tape (CT),Digi-Reel®","SR73","Active","5.6 Ohms","±1%","0.333W, 1/3W","Thick Film","Automotive AEC-Q200, Current Sense","±100ppm/°C","-55°C ~ 150°C","1206 (3216 Metric)","1206","-","0.126"" L x 0.063"" W (3.20mm x 1.60mm)","0.024"" (0.60mm)","2","-","https://www.digikey.com/en/products/detail/koa-speer-electronics-inc/SR732BTTD5R60F/9845603"
"https://www.koaspeer.com/pdfs/SR73.pdf","//mm.digikey.com/Volume0/opasdata/d220001/medias/images/320/2019%3B%3B1206%283216%29-3%2C2x1%2C6x0%2C6.JPG","2019-SR732BTTD2R21FTR-ND,2019-SR732BTTD2R21FCT-ND,2019-SR732BTTD2R21FDKR-ND","SR732BTTD2R21F","KOA Speer Electronics, Inc.","KOA Speer Electronics, Inc.","RES 2.21 OHM 1% 1/3W 1206","1,677","0.41","0","1","Tape & Reel (TR),Cut Tape (CT),Digi-Reel®","SR73","Active","2.21 Ohms","±1%","0.333W, 1/3W","Thick Film","Automotive AEC-Q200, Current Sense","±100ppm/°C","-55°C ~ 150°C","1206 (3216 Metric)","1206","-","0.126"" L x 0.063"" W (3.20mm x 1.60mm)","0.024"" (0.60mm)","2","-","https://www.digikey.com/en/products/detail/koa-speer-electronics-inc/SR732BTTD2R21F/9845596"
"https://www.koaspeer.com/pdfs/SR73.pdf","//mm.digikey.com/Volume0/opasdata/d220001/medias/images/320/2019%3B%3B0805%282012%29-2x1%2C25x0%2C6.JPG","2019-SR732ATTD3R01FTR-ND,2019-SR732ATTD3R01FCT-ND,2019-SR732ATTD3R01FDKR-ND","SR732ATTD3R01F","KOA Speer Electronics, Inc.","KOA Speer Electronics, Inc.","RES 3.01 OHM 1% 1/3W 0805","1,414","0.41","0","1","Tape & Reel (TR),Cut Tape (CT),Digi-Reel®","SR73","Active","3.01 Ohms","±1%","0.333W, 1/3W","Thick Film","Automotive AEC-Q200, Current Sense","±100ppm/°C","-55°C ~ 150°C","0805 (2012 Metric)","0805","-","0.079"" L x 0.049"" W (2.00mm x 1.25mm)","0.024"" (0.60mm)","2","-","https://www.digikey.com/en/products/detail/koa-speer-electronics-inc/SR732ATTD3R01F/9845568"
"https://www.koaspeer.com/pdfs/SR73.pdf","//mm.digikey.com/Volume0/opasdata/d220001/medias/images/320/2019%3B%3B1206%283216%29-3%2C2x1%2C6x0%2C6.JPG","2019-SR732BTTDR20JTR-ND,2019-SR732BTTDR20JCT-ND,2019-SR732BTTDR20JDKR-ND","SR732BTTDR20J","KOA Speer Electronics, Inc.","KOA Speer Electronics, Inc.","RES 0.2 OHM 5% 1/3W 1206","5,159","0.48","0","1","Tape & Reel (TR),Cut Tape (CT),Digi-Reel®","SR73","Active","200 mOhms","±5%","0.333W, 1/3W","Thick Film","Automotive AEC-Q200, Current Sense","±200ppm/°C","-55°C ~ 150°C","1206 (3216 Metric)","1206","-","0.126"" L x 0.063"" W (3.20mm x 1.60mm)","0.024"" (0.60mm)","2","-","https://www.digikey.com/en/products/detail/koa-speer-electronics-inc/SR732BTTDR20J/9845614"
"https://www.koaspeer.com/pdfs/SR73.pdf","//mm.digikey.com/Volume0/opasdata/d220001/medias/images/320/2019%3B%3B1210%283225%29-3%2C2x2%2C6x0%2C6.JPG","2019-SR732ETTD1R2JTR-ND,2019-SR732ETTD1R2JCT-ND,2019-SR732ETTD1R2JDKR-ND","SR732ETTD1R2J","KOA Speer Electronics, Inc.","KOA Speer Electronics, Inc.","RES 1.2 OHM 5% 1/2W 1210","4,580","0.48","0","1","Tape & Reel (TR),Cut Tape (CT),Digi-Reel®","SR73","Active","1.2 Ohms","±5%","0.5W, 1/2W","Thick Film","Automotive AEC-Q200, Current Sense","±200ppm/°C","-55°C ~ 150°C","1210 (3225 Metric)","1210","-","0.126"" L x 0.102"" W (3.20mm x 2.60mm)","0.024"" (0.60mm)","2","-","https://www.digikey.com/en/products/detail/koa-speer-electronics-inc/SR732ETTD1R2J/9845632"
"https://www.koaspeer.com/pdfs/SR73.pdf","//mm.digikey.com/Volume0/opasdata/d220001/medias/images/320/2019%3B%3B1206%283216%29-3%2C2x1%2C6x0%2C6.JPG","2019-SR732BTTDR12JTR-ND,2019-SR732BTTDR12JCT-ND,2019-SR732BTTDR12JDKR-ND","SR732BTTDR12J","KOA Speer Electronics, Inc.","KOA Speer Electronics, Inc.","RES 0.12 OHM 5% 1/3W 1206","3,782","0.48","0","1","Tape & Reel (TR),Cut Tape (CT),Digi-Reel®","SR73","Active","120 mOhms","±5%","0.333W, 1/3W","Thick Film","Automotive AEC-Q200, Current Sense","±200ppm/°C","-55°C ~ 150°C","1206 (3216 Metric)","1206","-","0.126"" L x 0.063"" W (3.20mm x 1.60mm)","0.024"" (0.60mm)","2","-","https://www.digikey.com/en/products/detail/koa-speer-electronics-inc/SR732BTTDR12J/9845610"
"https://www.koaspeer.com/pdfs/SR73.pdf","//mm.digikey.com/Volume0/opasdata/d220001/medias/images/320/2019%3B%3B0805%282012%29-2x1%2C25x0%2C6.JPG","2019-SR732ATTER316FTR-ND,2019-SR732ATTER316FCT-ND,2019-SR732ATTER316FDKR-ND","SR732ATTER316F","KOA Speer Electronics, Inc.","KOA Speer Electronics, Inc.","RESISTOR","11,000","0.52","0","1","Tape & Reel (TR),Cut Tape (CT),Digi-Reel®","SR73","Active","316 mOhms","±1%","0.333W, 1/3W","Thick Film","Automotive AEC-Q200, Current Sense","±100ppm/°C","-55°C ~ 150°C","0805 (2012 Metric)","0805","-","0.079"" L x 0.049"" W (2.00mm x 1.25mm)","0.024"" (0.60mm)","2","-","https://www.digikey.com/en/products/detail/koa-speer-electronics-inc/SR732ATTER316F/21681498"
"https://www.koaspeer.com/pdfs/SR73.pdf","//mm.digikey.com/Volume0/opasdata/d220001/medias/images/320/2019%3B%3B0805%282012%29-2x1%2C25x0%2C6.JPG","2019-SR732ATTER182FTR-ND,2019-SR732ATTER182FCT-ND,2019-SR732ATTER182FDKR-ND","SR732ATTER182F","KOA Speer Electronics, Inc.","KOA Speer Electronics, Inc.","RESISTOR","8,000","0.52","0","1","Tape & Reel (TR),Cut Tape (CT),Digi-Reel®","SR73","Active","182 mOhms","±1%","0.333W, 1/3W","Thick Film","Automotive AEC-Q200, Current Sense","±100ppm/°C","-55°C ~ 150°C","0805 (2012 Metric)","0805","-","0.079"" L x 0.049"" W (2.00mm x 1.25mm)","0.024"" (0.60mm)","2","-","https://www.digikey.com/en/products/detail/koa-speer-electronics-inc/SR732ATTER182F/21679543"
"https://www.koaspeer.com/pdfs/SR73.pdf","//mm.digikey.com/Volume0/opasdata/d220001/medias/images/320/2019%3B%3B0805%282012%29-2x1%2C25x0%2C6.JPG","2019-SR732ATTER158FTR-ND,2019-SR732ATTER158FCT-ND,2019-SR732ATTER158FDKR-ND","SR732ATTER158F","KOA Speer Electronics, Inc.","KOA Speer Electronics, Inc.","RESISTOR","8,000","0.52","0","1","Tape & Reel (TR),Cut Tape (CT),Digi-Reel®","SR73","Active","158 mOhms","±1%","0.333W, 1/3W","Thick Film","Automotive AEC-Q200, Current Sense","±100ppm/°C","-55°C ~ 150°C","0805 (2012 Metric)","0805","-","0.079"" L x 0.049"" W (2.00mm x 1.25mm)","0.024"" (0.60mm)","2","-","https://www.digikey.com/en/products/detail/koa-speer-electronics-inc/SR732ATTER158F/21681320"
"https://www.koaspeer.com/pdfs/SR73.pdf","//mm.digikey.com/Volume0/opasdata/d220001/medias/images/320/2019%3B%3B1206%283216%29-3%2C2x1%2C6x0%2C6.JPG","2019-SR732BTTER165FTR-ND,2019-SR732BTTER165FCT-ND,2019-SR732BTTER165FDKR-ND","SR732BTTER165F","KOA Speer Electronics, Inc.","KOA Speer Electronics, Inc.","RESISTOR","7,478","0.52","0","1","Tape & Reel (TR),Cut Tape (CT),Digi-Reel®","SR73","Active","165 mOhms","±1%","0.333W, 1/3W","Thick Film","Automotive AEC-Q200, Current Sense","±100ppm/°C","-55°C ~ 150°C","1206 (3216 Metric)","1206","-","0.126"" L x 0.063"" W (3.20mm x 1.60mm)","0.028"" (0.70mm)","2","-","https://www.digikey.com/en/products/detail/koa-speer-electronics-inc/SR732BTTER165F/21680690"
"https://www.koaspeer.com/pdfs/SR73.pdf","//mm.digikey.com/Volume0/opasdata/d220001/medias/images/320/2019%3B%3B0805%282012%29-2x1%2C25x0%2C6.JPG","2019-SR732ATTER280FTR-ND,2019-SR732ATTER280FCT-ND,2019-SR732ATTER280FDKR-ND","SR732ATTER280F","KOA Speer Electronics, Inc.","KOA Speer Electronics, Inc.","RESISTOR","4,025","0.52","0","1","Tape & Reel (TR),Cut Tape (CT),Digi-Reel®","SR73","Active","280 mOhms","±1%","0.333W, 1/3W","Thick Film","Automotive AEC-Q200, Current Sense","±100ppm/°C","-55°C ~ 150°C","0805 (2012 Metric)","0805","-","0.079"" L x 0.049"" W (2.00mm x 1.25mm)","0.024"" (0.60mm)","2","-","https://www.digikey.com/en/products/detail/koa-speer-electronics-inc/SR732ATTER280F/21680527"
"https://www.koaspeer.com/pdfs/SR73.pdf","//mm.digikey.com/Volume0/opasdata/d220001/medias/images/320/2019%3B%3B0805%282012%29-2x1%2C25x0%2C6.JPG","2019-SR732ATTER154FTR-ND,2019-SR732ATTER154FCT-ND,2019-SR732ATTER154FDKR-ND","SR732ATTER154F","KOA Speer Electronics, Inc.","KOA Speer Electronics, Inc.","RESISTOR","4,000","0.52","0","1","Tape & Reel (TR),Cut Tape (CT),Digi-Reel®","SR73","Active","154 mOhms","±1%","0.333W, 1/3W","Thick Film","Automotive AEC-Q200, Current Sense","±100ppm/°C","-55°C ~ 150°C","0805 (2012 Metric)","0805","-","0.079"" L x 0.049"" W (2.00mm x 1.25mm)","0.024"" (0.60mm)","2","-","https://www.digikey.com/en/products/detail/koa-speer-electronics-inc/SR732ATTER154F/21680755"
"https://www.koaspeer.com/pdfs/SR73.pdf","//mm.digikey.com/Volume0/opasdata/d220001/medias/images/320/2019%3B%3B1206%283216%29-3%2C2x1%2C6x0%2C6.JPG","2019-SR732BTTER287FTR-ND,2019-SR732BTTER287FCT-ND,2019-SR732BTTER287FDKR-ND","SR732BTTER287F","KOA Speer Electronics, Inc.","KOA Speer Electronics, Inc.","RESISTOR","3,997","0.52","0","1","Tape & Reel (TR),Cut Tape (CT),Digi-Reel®","SR73","Active","287 mOhms","±1%","0.333W, 1/3W","Thick Film","Automotive AEC-Q200, Current Sense","±100ppm/°C","-55°C ~ 150°C","1206 (3216 Metric)","1206","-","0.126"" L x 0.063"" W (3.20mm x 1.60mm)","0.028"" (0.70mm)","2","-","https://www.digikey.com/en/products/detail/koa-speer-electronics-inc/SR732BTTER287F/21679795"
"https://www.koaspeer.com/pdfs/SR73.pdf","//mm.digikey.com/Volume0/opasdata/d220001/medias/images/320/2019%3B%3B1206%283216%29-3%2C2x1%2C6x0%2C6.JPG","2019-SR732BTTER340FTR-ND,2019-SR732BTTER340FCT-ND,2019-SR732BTTER340FDKR-ND","SR732BTTER340F","KOA Speer Electronics, Inc.","KOA Speer Electronics, Inc.","RESISTOR","3,925","0.52","0","1","Tape & Reel (TR),Cut Tape (CT),Digi-Reel®","SR73","Active","340 mOhms","±1%","0.333W, 1/3W","Thick Film","Automotive AEC-Q200, Current Sense","±100ppm/°C","-55°C ~ 150°C","1206 (3216 Metric)","1206","-","0.126"" L x 0.063"" W (3.20mm x 1.60mm)","0.028"" (0.70mm)","2","-","https://www.digikey.com/en/products/detail/koa-speer-electronics-inc/SR732BTTER340F/21680227"
"https://www.koaspeer.com/pdfs/SR73.pdf","//mm.digikey.com/Volume0/opasdata/d220001/medias/images/320/2019%3B%3B0805%282012%29-2x1%2C25x0%2C6.JPG","2019-SR732ATTER287FTR-ND,2019-SR732ATTER287FCT-ND,2019-SR732ATTER287FDKR-ND","SR732ATTER287F","KOA Speer Electronics, Inc.","KOA Speer Electronics, Inc.","RESISTOR","3,889","0.52","0","1","Tape & Reel (TR),Cut Tape (CT),Digi-Reel®","SR73","Active","287 mOhms","±1%","0.333W, 1/3W","Thick Film","Automotive AEC-Q200, Current Sense","±100ppm/°C","-55°C ~ 150°C","0805 (2012 Metric)","0805","-","0.079"" L x 0.049"" W (2.00mm x 1.25mm)","0.024"" (0.60mm)","2","-","https://www.digikey.com/en/products/detail/koa-speer-electronics-inc/SR732ATTER287F/21680378"
"https://www.koaspeer.com/pdfs/SR73.pdf","//mm.digikey.com/Volume0/opasdata/d220001/medias/images/320/2019%3B%3B1206%283216%29-3%2C2x1%2C6x0%2C6.JPG","2019-SR732BTTER294FTR-ND,2019-SR732BTTER294FCT-ND,2019-SR732BTTER294FDKR-ND","SR732BTTER294F","KOA Speer Electronics, Inc.","KOA Speer Electronics, Inc.","RESISTOR","3,510","0.52","0","1","Tape & Reel (TR),Cut Tape (CT),Digi-Reel®","SR73","Active","294 mOhms","±1%","0.333W, 1/3W","Thick Film","Automotive AEC-Q200, Current Sense","±100ppm/°C","-55°C ~ 150°C","1206 (3216 Metric)","1206","-","0.126"" L x 0.063"" W (3.20mm x 1.60mm)","0.028"" (0.70mm)","2","-","https://www.digikey.com/en/products/detail/koa-speer-electronics-inc/SR732BTTER294F/21680178"
"https://www.koaspeer.com/pdfs/SR73.pdf","//mm.digikey.com/Volume0/opasdata/d220001/medias/images/320/2019%3B%3B0805%282012%29-2x1%2C25x0%2C6.JPG","2019-SR732ATTER232FTR-ND,2019-SR732ATTER232FCT-ND,2019-SR732ATTER232FDKR-ND","SR732ATTER232F","KOA Speer Electronics, Inc.","KOA Speer Electronics, Inc.","RESISTOR","3,332","0.52","0","1","Tape & Reel (TR),Cut Tape (CT),Digi-Reel®","SR73","Active","232 mOhms","±1%","0.333W, 1/3W","Thick Film","Automotive AEC-Q200, Current Sense","±100ppm/°C","-55°C ~ 150°C","0805 (2012 Metric)","0805","-","0.079"" L x 0.049"" W (2.00mm x 1.25mm)","0.024"" (0.60mm)","2","-","https://www.digikey.com/en/products/detail/koa-speer-electronics-inc/SR732ATTER232F/21681651"
"https://www.koaspeer.com/pdfs/SR73.pdf","//mm.digikey.com/Volume0/opasdata/d220001/medias/images/320/2019%3B%3B1206%283216%29-3%2C2x1%2C6x0%2C6.JPG","2019-SR732BTTER133FTR-ND,2019-SR732BTTER133FCT-ND,2019-SR732BTTER133FDKR-ND","SR732BTTER133F","KOA Speer Electronics, Inc.","KOA Speer Electronics, Inc.","RESISTOR","2,583","0.52","0","1","Tape & Reel (TR),Cut Tape (CT),Digi-Reel®","SR73","Active","133 mOhms","±1%","0.333W, 1/3W","Thick Film","Automotive AEC-Q200, Current Sense","±100ppm/°C","-55°C ~ 150°C","1206 (3216 Metric)","1206","-","0.126"" L x 0.063"" W (3.20mm x 1.60mm)","0.028"" (0.70mm)","2","-","https://www.digikey.com/en/products/detail/koa-speer-electronics-inc/SR732BTTER133F/21679870"
"https://www.koaspeer.com/pdfs/SR73.pdf","//mm.digikey.com/Volume0/opasdata/d220001/medias/images/320/2019%3B%3B0805%282012%29-2x1%2C25x0%2C6.JPG","2019-SR732ATTER169FTR-ND,2019-SR732ATTER169FCT-ND,2019-SR732ATTER169FDKR-ND","SR732ATTER169F","KOA Speer Electronics, Inc.","KOA Speer Electronics, Inc.","RESISTOR","2,545","0.52","0","1","Tape & Reel (TR),Cut Tape (CT),Digi-Reel®","SR73","Active","169 mOhms","±1%","0.333W, 1/3W","Thick Film","Automotive AEC-Q200, Current Sense","±100ppm/°C","-55°C ~ 150°C","0805 (2012 Metric)","0805","-","0.079"" L x 0.049"" W (2.00mm x 1.25mm)","0.024"" (0.60mm)","2","-","https://www.digikey.com/en/products/detail/koa-speer-electronics-inc/SR732ATTER169F/21680040"
"https://www.koaspeer.com/pdfs/SR73.pdf","//mm.digikey.com/Volume0/opasdata/d220001/medias/images/320/2019%3B%3B0805%282012%29-2x1%2C25x0%2C6.JPG","2019-SR732ATTER442FTR-ND,2019-SR732ATTER442FCT-ND,2019-SR732ATTER442FDKR-ND","SR732ATTER442F","KOA Speer Electronics, Inc.","KOA Speer Electronics, Inc.","RESISTOR","2,494","0.52","0","1","Tape & Reel (TR),Cut Tape (CT),Digi-Reel®","SR73","Active","442 mOhms","±1%","0.333W, 1/3W","Thick Film","Automotive AEC-Q200, Current Sense","±100ppm/°C","-55°C ~ 150°C","0805 (2012 Metric)","0805","-","0.079"" L x 0.049"" W (2.00mm x 1.25mm)","0.024"" (0.60mm)","2","-","https://www.digikey.com/en/products/detail/koa-speer-electronics-inc/SR732ATTER442F/21679669"
"https://www.koaspeer.com/pdfs/SR73.pdf","//mm.digikey.com/Volume0/opasdata/d220001/medias/images/320/2019%3B%3B0805%282012%29-2x1%2C25x0%2C6.JPG","2019-SR732ATTER348FTR-ND,2019-SR732ATTER348FCT-ND,2019-SR732ATTER348FDKR-ND","SR732ATTER348F","KOA Speer Electronics, Inc.","KOA Speer Electronics, Inc.","RESISTOR","2,251","0.52","0","1","Tape & Reel (TR),Cut Tape (CT),Digi-Reel®","SR73","Active","348 mOhms","±1%","0.333W, 1/3W","Thick Film","Automotive AEC-Q200, Current Sense","±100ppm/°C","-55°C ~ 150°C","0805 (2012 Metric)","0805","-","0.079"" L x 0.049"" W (2.00mm x 1.25mm)","0.024"" (0.60mm)","2","-","https://www.digikey.com/en/products/detail/koa-speer-electronics-inc/SR732ATTER348F/21681764"
"https://www.koaspeer.com/pdfs/SR73.pdf","//mm.digikey.com/Volume0/opasdata/d220001/medias/images/320/2019%3B%3B1206%283216%29-3%2C2x1%2C6x0%2C6.JPG","2019-SR732BTTER124FTR-ND,2019-SR732BTTER124FCT-ND,2019-SR732BTTER124FDKR-ND","SR732BTTER124F","KOA Speer Electronics, Inc.","KOA Speer Electronics, Inc.","RESISTOR","1,890","0.52","0","1","Tape & Reel (TR),Cut Tape (CT),Digi-Reel®","SR73","Active","124 mOhms","±1%","0.333W, 1/3W","Thick Film","Automotive AEC-Q200, Current Sense","±100ppm/°C","-55°C ~ 150°C","1206 (3216 Metric)","1206","-","0.126"" L x 0.063"" W (3.20mm x 1.60mm)","0.028"" (0.70mm)","2","-","https://www.digikey.com/en/products/detail/koa-speer-electronics-inc/SR732BTTER124F/21681670"
"https://www.koaspeer.com/pdfs/SR73.pdf","//mm.digikey.com/Volume0/opasdata/d220001/medias/images/320/2019%3B%3B0603%281608%29-1%2C6x0%2C8x0%2C55.JPG","2019-SR731JTTDR300FTR-ND,2019-SR731JTTDR300FCT-ND,2019-SR731JTTDR300FDKR-ND","SR731JTTDR300F","KOA Speer Electronics, Inc.","KOA Speer Electronics, Inc.","RES 0.3 OHM 1% 1/4W 0603","8,852","0.53","0","1","Tape & Reel (TR),Cut Tape (CT),Digi-Reel®","SR73","Active","300 mOhms","±1%","0.25W, 1/4W","Thick Film","Automotive AEC-Q200, Current Sense","±200ppm/°C","-55°C ~ 150°C","0603 (1608 Metric)","0603","-","0.063"" L x 0.031"" W (1.60mm x 0.80mm)","0.022"" (0.55mm)","2","-","https://www.digikey.com/en/products/detail/koa-speer-electronics-inc/SR731JTTDR300F/9845557"
"https://www.koaspeer.com/pdfs/SR73.pdf","//mm.digikey.com/Volume0/opasdata/d220001/medias/images/319/2019%3B%3B0402%281005%29-1x0%2C5x0%2C4.JPG","2019-SR731ETTP3R90FTR-ND,2019-SR731ETTP3R90FCT-ND,2019-SR731ETTP3R90FDKR-ND","SR731ETTP3R90F","KOA Speer Electronics, Inc.","KOA Speer Electronics, Inc.","RES 3.9 OHM 1% 1/6W 0402","5,292","0.53","0","1","Tape & Reel (TR),Cut Tape (CT),Digi-Reel®","SR73","Active","3.9 Ohms","±1%","0.167W, 1/6W","Thick Film","Automotive AEC-Q200, Current Sense","±200ppm/°C","-55°C ~ 150°C","0402 (1005 Metric)","0402","-","0.039"" L x 0.020"" W (1.00mm x 0.50mm)","0.016"" (0.40mm)","2","-","https://www.digikey.com/en/products/detail/koa-speer-electronics-inc/SR731ETTP3R90F/9834540"
"https://www.koaspeer.com/pdfs/SR73.pdf","//mm.digikey.com/Volume0/opasdata/d220001/medias/images/320/2019%3B%3B0603%281608%29-1%2C6x0%2C8x0%2C55.JPG","2019-SR731JTTDR205FTR-ND,2019-SR731JTTDR205FCT-ND,2019-SR731JTTDR205FDKR-ND","SR731JTTDR205F","KOA Speer Electronics, Inc.","KOA Speer Electronics, Inc.","RES 0.205 OHM 1% 1/4W 0603","1,101","0.53","0","1","Tape & Reel (TR),Cut Tape (CT),Digi-Reel®","SR73","Active","205 mOhms","±1%","0.25W, 1/4W","Thick Film","Automotive AEC-Q200, Current Sense","±200ppm/°C","-55°C ~ 150°C","0603 (1608 Metric)","0603","-","0.063"" L x 0.031"" W (1.60mm x 0.80mm)","0.022"" (0.55mm)","2","-","https://www.digikey.com/en/products/detail/koa-speer-electronics-inc/SR731JTTDR205F/9845554"
"https://www.koaspeer.com/pdfs/SR73.pdf","//mm.digikey.com/Volume0/opasdata/d220001/medias/images/320/2019%3B%3B1210%283225%29-3%2C2x2%2C6x0%2C6.JPG","2019-SR732ETTD1R50FTR-ND,2019-SR732ETTD1R50FCT-ND,2019-SR732ETTD1R50FDKR-ND","SR732ETTD1R50F","KOA Speer Electronics, Inc.","KOA Speer Electronics, Inc.","RES 1.5 OHM 1% 1/2W 1210","4,500","0.54","0","1","Tape & Reel (TR),Cut Tape (CT),Digi-Reel®","SR73","Active","1.5 Ohms","±1%","0.5W, 1/2W","Thick Film","Automotive AEC-Q200, Current Sense","±100ppm/°C","-55°C ~ 150°C","1210 (3225 Metric)","1210","-","0.126"" L x 0.102"" W (3.20mm x 2.60mm)","0.024"" (0.60mm)","2","-","https://www.digikey.com/en/products/detail/koa-speer-electronics-inc/SR732ETTD1R50F/9845633"
"https://www.koaspeer.com/pdfs/SR73.pdf","//mm.digikey.com/Volume0/opasdata/d220001/medias/images/320/2019%3B%3B1210%283225%29-3%2C2x2%2C6x0%2C6.JPG","2019-SR732ETTDR511FTR-ND,2019-SR732ETTDR511FCT-ND,2019-SR732ETTDR511FDKR-ND","SR732ETTDR511F","KOA Speer Electronics, Inc.","KOA Speer Electronics, Inc.","RES 0.511 OHM 1% 1/2W 1210","4,410","0.54","0","1","Tape & Reel (TR),Cut Tape (CT),Digi-Reel®","SR73","Active","511 mOhms","±1%","0.5W, 1/2W","Thick Film","Automotive AEC-Q200, Current Sense","±100ppm/°C","-55°C ~ 150°C","1210 (3225 Metric)","1210","-","0.126"" L x 0.102"" W (3.20mm x 2.60mm)","0.024"" (0.60mm)","2","-","https://www.digikey.com/en/products/detail/koa-speer-electronics-inc/SR732ETTDR511F/9845648"
"https://www.koaspeer.com/pdfs/SR73.pdf","//mm.digikey.com/Volume0/opasdata/d220001/medias/images/320/2019%3B%3B1210%283225%29-3%2C2x2%2C6x0%2C6.JPG","2019-SR732ETTE10R0FTR-ND,2019-SR732ETTE10R0FCT-ND,2019-SR732ETTE10R0FDKR-ND","SR732ETTE10R0F","KOA Speer Electronics, Inc.","KOA Speer Electronics, Inc.","RESISTOR","2,105","0.54","0","1","Tape & Reel (TR),Cut Tape (CT),Digi-Reel®","SR73","Active","10 Ohms","±1%","0.5W, 1/2W","Thick Film","Automotive AEC-Q200, Current Sense","±100ppm/°C","-55°C ~ 150°C","1210 (3225 Metric)","1210","-","0.126"" L x 0.102"" W (3.20mm x 2.60mm)","0.028"" (0.70mm)","2","-","https://www.digikey.com/en/products/detail/koa-speer-electronics-inc/SR732ETTE10R0F/21679478"
"https://www.koaspeer.com/pdfs/SR73.pdf","//mm.digikey.com/Volume0/opasdata/d220001/medias/images/320/2019%3B%3B1210%283225%29-3%2C2x2%2C6x0%2C6.JPG","2019-SR732ETTE4R02FTR-ND,2019-SR732ETTE4R02FCT-ND,2019-SR732ETTE4R02FDKR-ND","SR732ETTE4R02F","KOA Speer Electronics, Inc.","KOA Speer Electronics, Inc.","RESISTOR","1,374","0.54","0","1","Tape & Reel (TR),Cut Tape (CT),Digi-Reel®","SR73","Active","4.02 Ohms","±1%","0.5W, 1/2W","Thick Film","Automotive AEC-Q200, Current Sense","±100ppm/°C","-55°C ~ 150°C","1210 (3225 Metric)","1210","-","0.126"" L x 0.102"" W (3.20mm x 2.60mm)","0.028"" (0.70mm)","2","-","https://www.digikey.com/en/products/detail/koa-speer-electronics-inc/SR732ETTE4R02F/21680929"
"https://www.koaspeer.com/pdfs/SR73.pdf","//mm.digikey.com/Volume0/opasdata/d220001/medias/images/320/2019%3B%3B2010%285025%29-5x2%2C5x0%2C6.JPG","2019-SR732HTTE2R00FTR-ND,2019-SR732HTTE2R00FCT-ND,2019-SR732HTTE2R00FDKR-ND","SR732HTTE2R00F","KOA Speer Electronics, Inc.","KOA Speer Electronics, Inc.","RES 2 OHM 1% 3/4W 2010","4,000","0.64","0","1","Tape & Reel (TR),Cut Tape (CT),Digi-Reel®","SR73","Active","2 Ohms","±1%","0.75W, 3/4W","Thick Film","Automotive AEC-Q200, Current Sense","±100ppm/°C","-55°C ~ 150°C","2010 (5025 Metric)","2010","-","0.197"" L x 0.098"" W (5.00mm x 2.50mm)","0.024"" (0.60mm)","2","-","https://www.digikey.com/en/products/detail/koa-speer-electronics-inc/SR732HTTE2R00F/9845651"
"https://www.koaspeer.com/pdfs/SR73.pdf","//mm.digikey.com/Volume0/opasdata/d220001/medias/images/320/2019%3B%3B2010%285025%29-5x2%2C5x0%2C6.JPG","2019-SR732HTTE8R66FTR-ND,2019-SR732HTTE8R66FCT-ND,2019-SR732HTTE8R66FDKR-ND","SR732HTTE8R66F","KOA Speer Electronics, Inc.","KOA Speer Electronics, Inc.","RES 8.66 OHM 1% 3/4W 2010","3,000","0.64","0","1","Tape & Reel (TR),Cut Tape (CT),Digi-Reel®","SR73","Active","8.66 Ohms","±1%","0.75W, 3/4W","Thick Film","Automotive AEC-Q200, Current Sense","±100ppm/°C","-55°C ~ 150°C","2010 (5025 Metric)","2010","-","0.197"" L x 0.098"" W (5.00mm x 2.50mm)","0.024"" (0.60mm)","2","-","https://www.digikey.com/en/products/detail/koa-speer-electronics-inc/SR732HTTE8R66F/9845652"
"https://www.koaspeer.com/pdfs/SR73.pdf","//mm.digikey.com/Volume0/opasdata/d220001/medias/images/320/2019%3B%3B1210%283225%29-3%2C2x2%2C6x0%2C6.JPG","2019-SR732ETTER316FTR-ND,2019-SR732ETTER316FCT-ND,2019-SR732ETTER316FDKR-ND","SR732ETTER316F","KOA Speer Electronics, Inc.","KOA Speer Electronics, Inc.","RESISTOR","4,000","0.69","0","1","Tape & Reel (TR),Cut Tape (CT),Digi-Reel®","SR73","Active","316 mOhms","±1%","0.5W, 1/2W","Thick Film","Automotive AEC-Q200, Current Sense","±100ppm/°C","-55°C ~ 150°C","1210 (3225 Metric)","1210","-","0.126"" L x 0.102"" W (3.20mm x 2.60mm)","0.028"" (0.70mm)","2","-","https://www.digikey.com/en/products/detail/koa-speer-electronics-inc/SR732ETTER316F/21680879"
"https://www.koaspeer.com/pdfs/SR73.pdf","//mm.digikey.com/Volume0/opasdata/d220001/medias/images/320/2019%3B%3B1210%283225%29-3%2C2x2%2C6x0%2C6.JPG","2019-SR732ETTER357FTR-ND,2019-SR732ETTER357FCT-ND,2019-SR732ETTER357FDKR-ND","SR732ETTER357F","KOA Speer Electronics, Inc.","KOA Speer Electronics, Inc.","RESISTOR","4,000","0.69","0","1","Tape & Reel (TR),Cut Tape (CT),Digi-Reel®","SR73","Active","357 mOhms","±1%","0.5W, 1/2W","Thick Film","Automotive AEC-Q200, Current Sense","±100ppm/°C","-55°C ~ 150°C","1210 (3225 Metric)","1210","-","0.126"" L x 0.102"" W (3.20mm x 2.60mm)","0.028"" (0.70mm)","2","-","https://www.digikey.com/en/products/detail/koa-speer-electronics-inc/SR732ETTER357F/21681724"
"https://www.koaspeer.com/pdfs/SR73.pdf","//mm.digikey.com/Volume0/opasdata/d220001/medias/images/320/2019%3B%3B1210%283225%29-3%2C2x2%2C6x0%2C6.JPG","2019-SR732ETTER140FTR-ND,2019-SR732ETTER140FCT-ND,2019-SR732ETTER140FDKR-ND","SR732ETTER140F","KOA Speer Electronics, Inc.","KOA Speer Electronics, Inc.","RESISTOR","3,806","0.69","0","1","Tape & Reel (TR),Cut Tape (CT),Digi-Reel®","SR73","Active","140 mOhms","±1%","0.5W, 1/2W","Thick Film","Automotive AEC-Q200, Current Sense","±100ppm/°C","-55°C ~ 150°C","1210 (3225 Metric)","1210","-","0.126"" L x 0.102"" W (3.20mm x 2.60mm)","0.028"" (0.70mm)","2","-","https://www.digikey.com/en/products/detail/koa-speer-electronics-inc/SR732ETTER140F/21680808"
"https://www.koaspeer.com/pdfs/SR73.pdf","//mm.digikey.com/Volume0/opasdata/d220001/medias/images/320/2019%3B%3B1210%283225%29-3%2C2x2%2C6x0%2C6.JPG","2019-SR732ETTER165FTR-ND,2019-SR732ETTER165FCT-ND,2019-SR732ETTER165FDKR-ND","SR732ETTER165F","KOA Speer Electronics, Inc.","KOA Speer Electronics, Inc.","RESISTOR","3,800","0.69","0","1","Tape & Reel (TR),Cut Tape (CT),Digi-Reel®","SR73","Active","165 mOhms","±1%","0.5W, 1/2W","Thick Film","Automotive AEC-Q200, Current Sense","±100ppm/°C","-55°C ~ 150°C","1210 (3225 Metric)","1210","-","0.126"" L x 0.102"" W (3.20mm x 2.60mm)","0.028"" (0.70mm)","2","-","https://www.digikey.com/en/products/detail/koa-speer-electronics-inc/SR732ETTER165F/21681473"
"https://www.koaspeer.com/pdfs/SR73.pdf","//mm.digikey.com/Volume0/opasdata/d220001/medias/images/320/2019%3B%3B1210%283225%29-3%2C2x2%2C6x0%2C6.JPG","2019-SR732ETTER348FTR-ND,2019-SR732ETTER348FCT-ND,2019-SR732ETTER348FDKR-ND","SR732ETTER348F","KOA Speer Electronics, Inc.","KOA Speer Electronics, Inc.","RESISTOR","3,730","0.69","0","1","Tape & Reel (TR),Cut Tape (CT),Digi-Reel®","SR73","Active","348 mOhms","±1%","0.5W, 1/2W","Thick Film","Automotive AEC-Q200, Current Sense","±100ppm/°C","-55°C ~ 150°C","1210 (3225 Metric)","1210","-","0.126"" L x 0.102"" W (3.20mm x 2.60mm)","0.028"" (0.70mm)","2","-","https://www.digikey.com/en/products/detail/koa-speer-electronics-inc/SR732ETTER348F/21681886"
"https://www.koaspeer.com/pdfs/SR73.pdf","//mm.digikey.com/Volume0/opasdata/d220001/medias/images/320/2019%3B%3B1210%283225%29-3%2C2x2%2C6x0%2C6.JPG","2019-SR732ETTER200FTR-ND,2019-SR732ETTER200FCT-ND,2019-SR732ETTER200FDKR-ND","SR732ETTER200F","KOA Speer Electronics, Inc.","KOA Speer Electronics, Inc.","RESISTOR","3,240","0.69","0","1","Tape & Reel (TR),Cut Tape (CT),Digi-Reel®","SR73","Active","200 mOhms","±1%","0.5W, 1/2W","Thick Film","Automotive AEC-Q200, Current Sense","±100ppm/°C","-55°C ~ 150°C","1210 (3225 Metric)","1210","-","0.126"" L x 0.102"" W (3.20mm x 2.60mm)","0.028"" (0.70mm)","2","-","https://www.digikey.com/en/products/detail/koa-speer-electronics-inc/SR732ETTER200F/21680974"
"https://www.koaspeer.com/pdfs/SR73.pdf","//mm.digikey.com/Volume0/opasdata/d220001/medias/images/320/2019%3B%3B1210%283225%29-3%2C2x2%2C6x0%2C6.JPG","2019-SR732ETTD75LJTR-ND,2019-SR732ETTD75LJCT-ND,2019-SR732ETTD75LJDKR-ND","SR732ETTD75LJ","KOA Speer Electronics, Inc.","KOA Speer Electronics, Inc.","RES 0.075 OHM 5% 1/2W 1210","2,625","0.85","0","1","Tape & Reel (TR),Cut Tape (CT),Digi-Reel®","SR73","Active","75 mOhms","±5%","0.5W, 1/2W","Thick Film","Automotive AEC-Q200, Current Sense","±200ppm/°C","-55°C ~ 150°C","1210 (3225 Metric)","1210","-","0.126"" L x 0.102"" W (3.20mm x 2.60mm)","0.024"" (0.60mm)","2","-","https://www.digikey.com/en/products/detail/koa-speer-electronics-inc/SR732ETTD75LJ/9845638"
"https://www.koaspeer.com/pdfs/SR73.pdf","//mm.digikey.com/Volume0/opasdata/d220001/medias/images/320/2019%3B%3B1206%283216%29-3%2C2x1%2C6x0%2C6.JPG","2019-SR732BTTD6R19FTR-ND,2019-SR732BTTD6R19FCT-ND","SR732BTTD6R19F","KOA Speer Electronics, Inc.","KOA Speer Electronics, Inc.","RES 6.19 OHM 1% 1/3W 1206","4,111","0.37","0","1","Tape & Reel (TR),Cut Tape (CT)","SR73","Active","6.19 Ohms","±1%","0.333W, 1/3W","Thick Film","Automotive AEC-Q200, Current Sense","±100ppm/°C","-55°C ~ 150°C","1206 (3216 Metric)","1206","-","0.126"" L x 0.063"" W (3.20mm x 1.60mm)","0.024"" (0.60mm)","2","-","https://www.digikey.com/en/products/detail/koa-speer-electronics-inc/SR732BTTD6R19F/9845604"
"https://www.koaspeer.com/pdfs/SR73.pdf","//mm.digikey.com/Volume0/opasdata/d220001/medias/images/320/2019%3B%3B0805%282012%29-2x1%2C25x0%2C6.JPG","2019-SR732ATTD6R80FTR-ND,2019-SR732ATTD6R80FCT-ND","SR732ATTD6R80F","KOA Speer Electronics, Inc.","KOA Speer Electronics, Inc.","RES 6.8 OHM 1% 1/3W 0805","2,175","0.37","0","1","Tape & Reel (TR),Cut Tape (CT)","SR73","Active","6.8 Ohms","±1%","0.333W, 1/3W","Thick Film","Automotive AEC-Q200, Current Sense","±100ppm/°C","-55°C ~ 150°C","0805 (2012 Metric)","0805","-","0.079"" L x 0.049"" W (2.00mm x 1.25mm)","0.024"" (0.60mm)","2","-","https://www.digikey.com/en/products/detail/koa-speer-electronics-inc/SR732ATTD6R80F/9845571"
"https://www.koaspeer.com/pdfs/SR73.pdf","//mm.digikey.com/Volume0/opasdata/d220001/medias/images/320/2019%3B%3B1210%283225%29-3%2C2x2%2C6x0%2C6.JPG","2019-SR732ETTD3R0JTR-ND,2019-SR732ETTD3R0JCT-ND","SR732ETTD3R0J","KOA Speer Electronics, Inc.","KOA Speer Electronics, Inc.","RES 3 OHM 5% 1/2W 1210","4,926","0.46","0","1","Tape & Reel (TR),Cut Tape (CT)","SR73","Active","3 Ohms","±5%","0.5W, 1/2W","Thick Film","Automotive AEC-Q200, Current Sense","±200ppm/°C","-55°C ~ 150°C","1210 (3225 Metric)","1210","-","0.126"" L x 0.102"" W (3.20mm x 2.60mm)","0.024"" (0.60mm)","2","-","https://www.digikey.com/en/products/detail/koa-speer-electronics-inc/SR732ETTD3R0J/9845636"
"https://www.koaspeer.com/pdfs/SR73.pdf","//mm.digikey.com/Volume0/opasdata/d220001/medias/images/320/2019%3B%3B0805%282012%29-2x1%2C25x0%2C6.JPG","2019-SR732ATTD1R00FTR-ND,2019-SR732ATTD1R00FCT-ND,2019-SR732ATTD1R00FDKR-ND","SR732ATTD1R00F","KOA Speer Electronics, Inc.","KOA Speer Electronics, Inc.","RES 1 OHM 1% 1/3W 0805","243","0.41","0","1","Tape & Reel (TR),Cut Tape (CT),Digi-Reel®","SR73","Active","1 Ohms","±1%","0.333W, 1/3W","Thick Film","Automotive AEC-Q200, Current Sense","±100ppm/°C","-55°C ~ 150°C","0805 (2012 Metric)","0805","-","0.079"" L x 0.049"" W (2.00mm x 1.25mm)","0.024"" (0.60mm)","2","-","https://www.digikey.com/en/products/detail/koa-speer-electronics-inc/SR732ATTD1R00F/9845563"
"https://www.koaspeer.com/pdfs/SR73.pdf","//mm.digikey.com/Volume0/opasdata/d220001/medias/images/320/2019%3B%3B1206%283216%29-3%2C2x1%2C6x0%2C6.JPG","2019-SR732BTTE10R0FTR-ND,2019-SR732BTTE10R0FCT-ND,2019-SR732BTTE10R0FDKR-ND","SR732BTTE10R0F","KOA Speer Electronics, Inc.","KOA Speer Electronics, Inc.","RESISTOR","363","0.37","0","1","Tape & Reel (TR),Cut Tape (CT),Digi-Reel®","SR73","Active","10 Ohms","±1%","0.333W, 1/3W","Thick Film","Automotive AEC-Q200, Current Sense","±100ppm/°C","-55°C ~ 150°C","1206 (3216 Metric)","1206","-","0.126"" L x 0.063"" W (3.20mm x 1.60mm)","0.028"" (0.70mm)","2","-","https://www.digikey.com/en/products/detail/koa-speer-electronics-inc/SR732BTTE10R0F/21680830"
"https://www.koaspeer.com/pdfs/SR73.pdf","//mm.digikey.com/Volume0/opasdata/d220001/medias/images/320/2019%3B%3B0805%282012%29-2x1%2C25x0%2C6.JPG","2019-SR732ATTD2R61FTR-ND,2019-SR732ATTD2R61FCT-ND,2019-SR732ATTD2R61FDKR-ND","SR732ATTD2R61F","KOA Speer Electronics, Inc.","KOA Speer Electronics, Inc.","RES 2.61 OHM 1% 1/3W 0805","947","0.41","0","1","Tape & Reel (TR),Cut Tape (CT),Digi-Reel®","SR73","Active","2.61 Ohms","±1%","0.333W, 1/3W","Thick Film","Automotive AEC-Q200, Current Sense","±100ppm/°C","-55°C ~ 150°C","0805 (2012 Metric)","0805","-","0.079"" L x 0.049"" W (2.00mm x 1.25mm)","0.024"" (0.60mm)","2","-","https://www.digikey.com/en/products/detail/koa-speer-electronics-inc/SR732ATTD2R61F/9845567"
"https://www.koaspeer.com/pdfs/SR73.pdf","//mm.digikey.com/Volume0/opasdata/d220001/medias/images/320/2019%3B%3B0805%282012%29-2x1%2C25x0%2C6.JPG","2019-SR732ATTER140FTR-ND,2019-SR732ATTER140FCT-ND,2019-SR732ATTER140FDKR-ND","SR732ATTER140F","KOA Speer Electronics, Inc.","KOA Speer Electronics, Inc.","RESISTOR","855","0.52","0","1","Tape & Reel (TR),Cut Tape (CT),Digi-Reel®","SR73","Active","140 mOhms","±1%","0.333W, 1/3W","Thick Film","Automotive AEC-Q200, Current Sense","±100ppm/°C","-55°C ~ 150°C","0805 (2012 Metric)","0805","-","0.079"" L x 0.049"" W (2.00mm x 1.25mm)","0.024"" (0.60mm)","2","-","https://www.digikey.com/en/products/detail/koa-speer-electronics-inc/SR732ATTER140F/21679908"
"https://www.koaspeer.com/pdfs/SR73.pdf","//mm.digikey.com/Volume0/opasdata/d220001/medias/images/320/2019%3B%3B0805%282012%29-2x1%2C25x0%2C6.JPG","2019-SR732ATTDR330FTR-ND,2019-SR732ATTDR330FCT-ND,2019-SR732ATTDR330FDKR-ND","SR732ATTDR330F","KOA Speer Electronics, Inc.","KOA Speer Electronics, Inc.","RES 0.33 OHM 1% 1/3W 0805","784","0.53","0","1","Tape & Reel (TR),Cut Tape (CT),Digi-Reel®","SR73","Active","330 mOhms","±1%","0.333W, 1/3W","Thick Film","Automotive AEC-Q200, Current Sense","±100ppm/°C","-55°C ~ 150°C","0805 (2012 Metric)","0805","-","0.079"" L x 0.049"" W (2.00mm x 1.25mm)","0.024"" (0.60mm)","2","-","https://www.digikey.com/en/products/detail/koa-speer-electronics-inc/SR732ATTDR330F/9845578"
"https://www.koaspeer.com/pdfs/SR73.pdf","//mm.digikey.com/Volume0/opasdata/d220001/medias/images/320/2019%3B%3B1206%283216%29-3%2C2x1%2C6x0%2C6.JPG","2019-SR732BTTDR180FTR-ND,2019-SR732BTTDR180FCT-ND,2019-SR732BTTDR180FDKR-ND","SR732BTTDR180F","KOA Speer Electronics, Inc.","KOA Speer Electronics, Inc.","RES 0.18 OHM 1% 1/3W 1206","553","0.53","0","1","Tape & Reel (TR),Cut Tape (CT),Digi-Reel®","SR73","Active","180 mOhms","±1%","0.333W, 1/3W","Thick Film","Automotive AEC-Q200, Current Sense","±100ppm/°C","-55°C ~ 150°C","1206 (3216 Metric)","1206","-","0.126"" L x 0.063"" W (3.20mm x 1.60mm)","0.024"" (0.60mm)","2","-","https://www.digikey.com/en/products/detail/koa-speer-electronics-inc/SR732BTTDR180F/9845612"
"https://www.koaspeer.com/pdfs/SR73.pdf","//mm.digikey.com/Volume0/opasdata/d220001/medias/images/320/2019%3B%3B1210%283225%29-3%2C2x2%2C6x0%2C6.JPG","2019-SR732ETTDR30JTR-ND,2019-SR732ETTDR30JCT-ND,2019-SR732ETTDR30JDKR-ND","SR732ETTDR30J","KOA Speer Electronics, Inc.","KOA Speer Electronics, Inc.","RES 0.3 OHM 5% 1/2W 1210","464","0.6","0","1","Tape & Reel (TR),Cut Tape (CT),Digi-Reel®","SR73","Active","300 mOhms","±5%","0.5W, 1/2W","Thick Film","Automotive AEC-Q200, Current Sense","±200ppm/°C","-55°C ~ 150°C","1210 (3225 Metric)","1210","-","0.126"" L x 0.102"" W (3.20mm x 2.60mm)","0.024"" (0.60mm)","2","-","https://www.digikey.com/en/products/detail/koa-speer-electronics-inc/SR732ETTDR30J/9845643"
"https://www.koaspeer.com/pdfs/SR73.pdf","//mm.digikey.com/Volume0/opasdata/d220001/medias/images/320/2019%3B%3B0603%281608%29-1%2C6x0%2C8x0%2C55.JPG","2019-SR731JTTD4R02FTR-ND,2019-SR731JTTD4R02FCT-ND,2019-SR731JTTD4R02FDKR-ND","SR731JTTD4R02F","KOA Speer Electronics, Inc.","KOA Speer Electronics, Inc.","RES 4.02 OHM 1% 1/5W 0603","148","0.41","0","1","Tape & Reel (TR),Cut Tape (CT),Digi-Reel®","SR73","Active","4.02 Ohms","±1%","0.2W, 1/5W","Thick Film","Automotive AEC-Q200, Current Sense","±200ppm/°C","-55°C ~ 150°C","0603 (1608 Metric)","0603","-","0.063"" L x 0.031"" W (1.60mm x 0.80mm)","0.022"" (0.55mm)","2","-","https://www.digikey.com/en/products/detail/koa-speer-electronics-inc/SR731JTTD4R02F/9845551"
"https://www.koaspeer.com/pdfs/SR73.pdf","//mm.digikey.com/Volume0/opasdata/d220001/medias/images/320/2019%3B%3B1206%283216%29-3%2C2x1%2C6x0%2C6.JPG","2019-SR732BTTD8R20FTR-ND,2019-SR732BTTD8R20FCT-ND,2019-SR732BTTD8R20FDKR-ND","SR732BTTD8R20F","KOA Speer Electronics, Inc.","KOA Speer Electronics, Inc.","RES 8.2 OHM 1% 1/3W 1206","130","0.41","0","1","Tape & Reel (TR),Cut Tape (CT),Digi-Reel®","SR73","Active","8.2 Ohms","±1%","0.333W, 1/3W","Thick Film","Automotive AEC-Q200, Current Sense","±100ppm/°C","-55°C ~ 150°C","1206 (3216 Metric)","1206","-","0.126"" L x 0.063"" W (3.20mm x 1.60mm)","0.024"" (0.60mm)","2","-","https://www.digikey.com/en/products/detail/koa-speer-electronics-inc/SR732BTTD8R20F/9845606"
"https://www.koaspeer.com/pdfs/SR73.pdf","//mm.digikey.com/Volume0/opasdata/d220001/medias/images/320/2019%3B%3B1206%283216%29-3%2C2x1%2C6x0%2C6.JPG","2019-SR732BTTDR27JTR-ND,2019-SR732BTTDR27JCT-ND,2019-SR732BTTDR27JDKR-ND","SR732BTTDR27J","KOA Speer Electronics, Inc.","KOA Speer Electronics, Inc.","RES 0.27 OHM 5% 1/3W 1206","870","0.48","0","1","Tape & Reel (TR),Cut Tape (CT),Digi-Reel®","SR73","Active","270 mOhms","±5%","0.333W, 1/3W","Thick Film","Automotive AEC-Q200, Current Sense","±200ppm/°C","-55°C ~ 150°C","1206 (3216 Metric)","1206","-","0.126"" L x 0.063"" W (3.20mm x 1.60mm)","0.024"" (0.60mm)","2","-","https://www.digikey.com/en/products/detail/koa-speer-electronics-inc/SR732BTTDR27J/9845617"
"https://www.koaspeer.com/pdfs/SR73.pdf","//mm.digikey.com/Volume0/opasdata/d220001/medias/images/320/2019%3B%3B1206%283216%29-3%2C2x1%2C6x0%2C6.JPG","2019-SR732BTTER412FTR-ND,2019-SR732BTTER412FCT-ND,2019-SR732BTTER412FDKR-ND","SR732BTTER412F","KOA Speer Electronics, Inc.","KOA Speer Electronics, Inc.","RESISTOR","58","0.52","0","1","Tape & Reel (TR),Cut Tape (CT),Digi-Reel®","SR73","Active","412 mOhms","±1%","0.333W, 1/3W","Thick Film","Automotive AEC-Q200, Current Sense","±100ppm/°C","-55°C ~ 150°C","1206 (3216 Metric)","1206","-","0.126"" L x 0.063"" W (3.20mm x 1.60mm)","0.028"" (0.70mm)","2","-","https://www.digikey.com/en/products/detail/koa-speer-electronics-inc/SR732BTTER412F/21680222"
"https://www.koaspeer.com/pdfs/SR73.pdf","//mm.digikey.com/Volume0/opasdata/d220001/medias/images/320/2019%3B%3B1210%283225%29-3%2C2x2%2C6x0%2C6.JPG","2019-SR732ETTDR470FTR-ND,2019-SR732ETTDR470FCT-ND,2019-SR732ETTDR470FDKR-ND","SR732ETTDR470F","KOA Speer Electronics, Inc.","KOA Speer Electronics, Inc.","RES 0.47 OHM 1% 1/2W 1210","197","0.55","0","1","Tape & Reel (TR),Cut Tape (CT),Digi-Reel®","SR73","Active","470 mOhms","±1%","0.5W, 1/2W","Thick Film","Automotive AEC-Q200, Current Sense","±100ppm/°C","-55°C ~ 150°C","1210 (3225 Metric)","1210","-","0.126"" L x 0.102"" W (3.20mm x 2.60mm)","0.024"" (0.60mm)","2","-","https://www.digikey.com/en/products/detail/koa-speer-electronics-inc/SR732ETTDR470F/9845645"
"https://www.koaspeer.com/pdfs/SR73.pdf","//mm.digikey.com/Volume0/opasdata/d220001/medias/images/320/2019%3B%3B1210%283225%29-3%2C2x2%2C6x0%2C6.JPG","2019-SR732ETTER150FTR-ND,2019-SR732ETTER150FCT-ND,2019-SR732ETTER150FDKR-ND","SR732ETTER150F","KOA Speer Electronics, Inc.","KOA Speer Electronics, Inc.","RESISTOR","485","0.69","0","1","Tape & Reel (TR),Cut Tape (CT),Digi-Reel®","SR73","Active","150 mOhms","±1%","0.5W, 1/2W","Thick Film","Automotive AEC-Q200, Current Sense","±100ppm/°C","-55°C ~ 150°C","1210 (3225 Metric)","1210","-","0.126"" L x 0.102"" W (3.20mm x 2.60mm)","0.028"" (0.70mm)","2","-","https://www.digikey.com/en/products/detail/koa-speer-electronics-inc/SR732ETTER150F/21680848"
"https://www.koaspeer.com/pdfs/SR73.pdf","//mm.digikey.com/Volume0/opasdata/d220001/medias/images/320/2019%3B%3B2512%286432%29-3%2C6x3%2C1x0%2C6.JPG","2019-SR733ATTER500FTR-ND,2019-SR733ATTER500FCT-ND,2019-SR733ATTER500FDKR-ND","SR733ATTER500F","KOA Speer Electronics, Inc.","KOA Speer Electronics, Inc.","RESISTOR","252","0.91","0","1","Tape & Reel (TR),Cut Tape (CT),Digi-Reel®","SR73","Active","500 mOhms","±1%","1W","Thick Film","Automotive AEC-Q200, Current Sense","±100ppm/°C","-55°C ~ 150°C","2512 (6332 Metric)","2512","-","0.248"" L x 0.122"" W (6.30mm x 3.10mm)","0.028"" (0.70mm)","2","-","https://www.digikey.com/en/products/detail/koa-speer-electronics-inc/SR733ATTER500F/21681583"
"https://www.koaspeer.com/pdfs/SR73.pdf","//mm.digikey.com/Volume0/opasdata/d220001/medias/images/320/2019%3B%3B0805%282012%29-2x1%2C25x0%2C6.JPG","2019-SR732ATTD2R49FTR-ND,2019-SR732ATTD2R49FCT-ND,2019-SR732ATTD2R49FDKR-ND","SR732ATTD2R49F","KOA Speer Electronics, Inc.","KOA Speer Electronics, Inc.","RES 2.49 OHM 1% 1/3W 0805","0","0.41","0","1","Tape & Reel (TR),Cut Tape (CT),Digi-Reel®","SR73","Active","2.49 Ohms","±1%","0.333W, 1/3W","Thick Film","Automotive AEC-Q200, Current Sense","±100ppm/°C","-55°C ~ 150°C","0805 (2012 Metric)","0805","-","0.079"" L x 0.049"" W (2.00mm x 1.25mm)","0.024"" (0.60mm)","2","-","https://www.digikey.com/en/products/detail/koa-speer-electronics-inc/SR732ATTD2R49F/9845566"
"https://www.koaspeer.com/pdfs/SR73.pdf","//mm.digikey.com/Volume0/opasdata/d220001/medias/images/320/2019%3B%3B1206%283216%29-3%2C2x1%2C6x0%2C6.JPG","2019-SR732BTTDR680FTR-ND,2019-SR732BTTDR680FCT-ND,2019-SR732BTTDR680FDKR-ND","SR732BTTDR680F","KOA Speer Electronics, Inc.","KOA Speer Electronics, Inc.","RES 0.68 OHM 1% 1/3W 1206","0","0.41","0","1","Tape & Reel (TR),Cut Tape (CT),Digi-Reel®","SR73","Active","680 mOhms","±1%","0.333W, 1/3W","Thick Film","Automotive AEC-Q200, Current Sense","±100ppm/°C","-55°C ~ 150°C","1206 (3216 Metric)","1206","-","0.126"" L x 0.063"" W (3.20mm x 1.60mm)","0.024"" (0.60mm)","2","-","https://www.digikey.com/en/products/detail/koa-speer-electronics-inc/SR732BTTDR680F/9845628"
"https://www.koaspeer.com/pdfs/SR73.pdf","//mm.digikey.com/Volume0/opasdata/d220001/medias/images/320/2019%3B%3B1206%283216%29-3%2C2x1%2C6x0%2C6.JPG","2019-SR732BTTDR75JTR-ND,2019-SR732BTTDR75JCT-ND,2019-SR732BTTDR75JDKR-ND","SR732BTTDR75J","KOA Speer Electronics, Inc.","KOA Speer Electronics, Inc.","RES 0.75 OHM 5% 1/3W 1206","0","0.3","0","1","Tape & Reel (TR),Cut Tape (CT),Digi-Reel®","SR73","Active","750 mOhms","±5%","0.333W, 1/3W","Thick Film","Automotive AEC-Q200, Current Sense","±200ppm/°C","-55°C ~ 150°C","1206 (3216 Metric)","1206","-","0.126"" L x 0.063"" W (3.20mm x 1.60mm)","0.024"" (0.60mm)","2","-","https://www.digikey.com/en/products/detail/koa-speer-electronics-inc/SR732BTTDR75J/9845629"
"https://www.koaspeer.com/pdfs/SR73.pdf","//mm.digikey.com/Volume0/opasdata/d220001/medias/images/320/2019%3B%3B0805%282012%29-2x1%2C25x0%2C6.JPG","2019-SR732ATTER634FTR-ND,2019-SR732ATTER634FCT-ND,2019-SR732ATTER634FDKR-ND","SR732ATTER634F","KOA Speer Electronics, Inc.","KOA Speer Electronics, Inc.","RESISTOR","0","0.37","0","1","Tape & Reel (TR),Cut Tape (CT),Digi-Reel®","SR73","Active","634 mOhms","±1%","0.333W, 1/3W","Thick Film","Automotive AEC-Q200, Current Sense","±100ppm/°C","-55°C ~ 150°C","0805 (2012 Metric)","0805","-","0.079"" L x 0.049"" W (2.00mm x 1.25mm)","0.024"" (0.60mm)","2","-","https://www.digikey.com/en/products/detail/koa-speer-electronics-inc/SR732ATTER634F/21681434"
"https://www.koaspeer.com/pdfs/SR73.pdf","//mm.digikey.com/Volume0/opasdata/d220001/medias/images/320/2019%3B%3B1206%283216%29-3%2C2x1%2C6x0%2C6.JPG","2019-SR732BTTD4R70FTR-ND,2019-SR732BTTD4R70FCT-ND,2019-SR732BTTD4R70FDKR-ND","SR732BTTD4R70F","KOA Speer Electronics, Inc.","KOA Speer Electronics, Inc.","RES 4.7 OHM 1% 1/3W 1206","0","0.37","0","1","Tape & Reel (TR),Cut Tape (CT),Digi-Reel®","SR73","Active","4.7 Ohms","±1%","0.333W, 1/3W","Thick Film","Automotive AEC-Q200, Current Sense","±100ppm/°C","-55°C ~ 150°C","1206 (3216 Metric)","1206","-","0.126"" L x 0.063"" W (3.20mm x 1.60mm)","0.024"" (0.60mm)","2","-","https://www.digikey.com/en/products/detail/koa-speer-electronics-inc/SR732BTTD4R70F/9845599"
"https://www.koaspeer.com/pdfs/SR73.pdf","//mm.digikey.com/Volume0/opasdata/d220001/medias/images/320/2019%3B%3B1206%283216%29-3%2C2x1%2C6x0%2C6.JPG","2019-SR732BTTDR820FTR-ND,2019-SR732BTTDR820FCT-ND,2019-SR732BTTDR820FDKR-ND","SR732BTTDR820F","KOA Speer Electronics, Inc.","KOA Speer Electronics, Inc.","RES 0.82 OHM 1% 1/3W 1206","0","0.37","0","1","Tape & Reel (TR),Cut Tape (CT),Digi-Reel®","SR73","Active","820 mOhms","±1%","0.333W, 1/3W","Thick Film","Automotive AEC-Q200, Current Sense","±100ppm/°C","-55°C ~ 150°C","1206 (3216 Metric)","1206","-","0.126"" L x 0.063"" W (3.20mm x 1.60mm)","0.024"" (0.60mm)","2","-","https://www.digikey.com/en/products/detail/koa-speer-electronics-inc/SR732BTTDR820F/9845630"
"https://www.koaspeer.com/pdfs/SR73.pdf","//mm.digikey.com/Volume0/opasdata/d220001/medias/images/320/2019%3B%3B0603%281608%29-1%2C6x0%2C8x0%2C55.JPG","2019-SR731JTTDR511FTR-ND,2019-SR731JTTDR511FCT-ND,2019-SR731JTTDR511FDKR-ND","SR731JTTDR511F","KOA Speer Electronics, Inc.","KOA Speer Electronics, Inc.","RES 0.511 OHM 1% 1/4W 0603","49","0.41","0","1","Tape & Reel (TR),Cut Tape (CT),Digi-Reel®","SR73","Active","511 mOhms","±1%","0.25W, 1/4W","Thick Film","Automotive AEC-Q200, Current Sense","±200ppm/°C","-55°C ~ 150°C","0603 (1608 Metric)","0603","-","0.063"" L x 0.031"" W (1.60mm x 0.80mm)","0.022"" (0.55mm)","2","-","https://www.digikey.com/en/products/detail/koa-speer-electronics-inc/SR731JTTDR511F/9845562"
"https://www.koaspeer.com/pdfs/SR73.pdf","//mm.digikey.com/Volume0/opasdata/d220001/medias/images/320/2019%3B%3B1210%283225%29-3%2C2x2%2C6x0%2C6.JPG","2019-SR732ETTDR68JTR-ND,2019-SR732ETTDR68JCT-ND,2019-SR732ETTDR68JDKR-ND","SR732ETTDR68J","KOA Speer Electronics, Inc.","KOA Speer Electronics, Inc.","RES 0.68 OHM 5% 1/2W 1210","0","0.46","0","1","Tape & Reel (TR),Cut Tape (CT),Digi-Reel®","SR73","Active","680 mOhms","±5%","0.5W, 1/2W","Thick Film","Automotive AEC-Q200, Current Sense","±200ppm/°C","-55°C ~ 150°C","1210 (3225 Metric)","1210","-","0.126"" L x 0.102"" W (3.20mm x 2.60mm)","0.024"" (0.60mm)","2","-","https://www.digikey.com/en/products/detail/koa-speer-electronics-inc/SR732ETTDR68J/9845649"
"https://www.koaspeer.com/pdfs/SR73.pdf","//mm.digikey.com/Volume0/opasdata/d220001/medias/images/320/2019%3B%3B1206%283216%29-3%2C2x1%2C6x0%2C6.JPG","2019-SR732BTTER261FTR-ND,2019-SR732BTTER261FCT-ND,2019-SR732BTTER261FDKR-ND","SR732BTTER261F","KOA Speer Electronics, Inc.","KOA Speer Electronics, Inc.","RESISTOR","0","0.52","0","1","Tape & Reel (TR),Cut Tape (CT),Digi-Reel®","SR73","Active","261 mOhms","±1%","0.333W, 1/3W","Thick Film","Automotive AEC-Q200, Current Sense","±100ppm/°C","-55°C ~ 150°C","1206 (3216 Metric)","1206","-","0.126"" L x 0.063"" W (3.20mm x 1.60mm)","0.028"" (0.70mm)","2","-","https://www.digikey.com/en/products/detail/koa-speer-electronics-inc/SR732BTTER261F/21681078"
"https://www.koaspeer.com/pdfs/SR73.pdf","//mm.digikey.com/Volume0/opasdata/d220001/medias/images/320/2019%3B%3B1206%283216%29-3%2C2x1%2C6x0%2C6.JPG","2019-SR732BTTER143FTR-ND,2019-SR732BTTER143FCT-ND,2019-SR732BTTER143FDKR-ND","SR732BTTER143F","KOA Speer Electronics, Inc.","KOA Speer Electronics, Inc.","RESISTOR","0","0.52","0","1","Tape & Reel (TR),Cut Tape (CT),Digi-Reel®","SR73","Active","143 mOhms","±1%","0.333W, 1/3W","Thick Film","Automotive AEC-Q200, Current Sense","±100ppm/°C","-55°C ~ 150°C","1206 (3216 Metric)","1206","-","0.126"" L x 0.063"" W (3.20mm x 1.60mm)","0.028"" (0.70mm)","2","-","https://www.digikey.com/en/products/detail/koa-speer-electronics-inc/SR732BTTER143F/21681681"
"https://www.koaspeer.com/pdfs/SR73.pdf","//mm.digikey.com/Volume0/opasdata/d220001/medias/images/320/2019%3B%3B1206%283216%29-3%2C2x1%2C6x0%2C6.JPG","2019-SR732BTTER200FTR-ND,2019-SR732BTTER200FCT-ND,2019-SR732BTTER200FDKR-ND","SR732BTTER200F","KOA Speer Electronics, Inc.","KOA Speer Electronics, Inc.","RESISTOR","0","0.52","0","1","Tape & Reel (TR),Cut Tape (CT),Digi-Reel®","SR73","Active","200 mOhms","±1%","0.333W, 1/3W","Thick Film","Automotive AEC-Q200, Current Sense","±100ppm/°C","-55°C ~ 150°C","1206 (3216 Metric)","1206","-","0.126"" L x 0.063"" W (3.20mm x 1.60mm)","0.028"" (0.70mm)","2","-","https://www.digikey.com/en/products/detail/koa-speer-electronics-inc/SR732BTTER200F/21681727"
"https://www.koaspeer.com/pdfs/SR73.pdf","//mm.digikey.com/Volume0/opasdata/d220001/medias/images/320/2019%3B%3B1206%283216%29-3%2C2x1%2C6x0%2C6.JPG","2019-SR732BTTDR360FTR-ND,2019-SR732BTTDR360FCT-ND,2019-SR732BTTDR360FDKR-ND","SR732BTTDR360F","KOA Speer Electronics, Inc.","KOA Speer Electronics, Inc.","RES 0.36 OHM 1% 1/3W 1206","0","0.52","0","1","Tape & Reel (TR),Cut Tape (CT),Digi-Reel®","SR73","Active","360 mOhms","±1%","0.333W, 1/3W","Thick Film","Automotive AEC-Q200, Current Sense","±100ppm/°C","-55°C ~ 150°C","1206 (3216 Metric)","1206","-","0.126"" L x 0.063"" W (3.20mm x 1.60mm)","0.024"" (0.60mm)","2","-","https://www.digikey.com/en/products/detail/koa-speer-electronics-inc/SR732BTTDR360F/9845620"
"https://www.koaspeer.com/pdfs/SR73.pdf","//mm.digikey.com/Volume0/opasdata/d220001/medias/images/320/2019%3B%3B1206%283216%29-3%2C2x1%2C6x0%2C6.JPG","2019-SR732BTTDR68JTR-ND","SR732BTTDR68J","KOA Speer Electronics, Inc.","KOA Speer Electronics, Inc.","RES 0.68 OHM 5% 1/3W 1206","0","0.06331","0","5000","Tape & Reel (TR)","SR73","Active","680 mOhms","±5%","0.333W, 1/3W","Thick Film","Automotive AEC-Q200, Current Sense","±200ppm/°C","-55°C ~ 150°C","1206 (3216 Metric)","1206","-","0.126"" L x 0.063"" W (3.20mm x 1.60mm)","0.024"" (0.60mm)","2","-","https://www.digikey.com/en/products/detail/koa-speer-electronics-inc/SR732BTTDR68J/9856703"
"https://www.koaspeer.com/pdfs/SR73.pdf","//mm.digikey.com/Volume0/opasdata/d220001/medias/images/320/2019%3B%3B0603%281608%29-1%2C6x0%2C8x0%2C55.JPG","2019-SR731JTTD1R80FTR-ND","SR731JTTD1R80F","KOA Speer Electronics, Inc.","KOA Speer Electronics, Inc.","RES 1.8 OHM 1% 1/5W 0603","0","0.07773","0","5000","Tape & Reel (TR)","SR73","Active","1.8 Ohms","±1%","0.2W, 1/5W","Thick Film","Automotive AEC-Q200, Current Sense","±200ppm/°C","-55°C ~ 150°C","0603 (1608 Metric)","0603","-","0.063"" L x 0.031"" W (1.60mm x 0.80mm)","0.022"" (0.55mm)","2","-","https://www.digikey.com/en/products/detail/koa-speer-electronics-inc/SR731JTTD1R80F/9856685"
"https://www.koaspeer.com/pdfs/SR73.pdf","//mm.digikey.com/Volume0/opasdata/d220001/medias/images/320/2019%3B%3B0603%281608%29-1%2C6x0%2C8x0%2C55.JPG","2019-SR731JTTDR680FTR-ND","SR731JTTDR680F","KOA Speer Electronics, Inc.","KOA Speer Electronics, Inc.","RES 0.68 OHM 1% 1/4W 0603","0","0.07773","0","5000","Tape & Reel (TR)","SR73","Active","680 mOhms","±1%","0.25W, 1/4W","Thick Film","Automotive AEC-Q200, Current Sense","±200ppm/°C","-55°C ~ 150°C","0603 (1608 Metric)","0603","-","0.063"" L x 0.031"" W (1.60mm x 0.80mm)","0.022"" (0.55mm)","2","-","https://www.digikey.com/en/products/detail/koa-speer-electronics-inc/SR731JTTDR680F/9856687"
"https://www.koaspeer.com/pdfs/SR73.pdf","//mm.digikey.com/Volume0/opasdata/d220001/medias/images/320/2019%3B%3B1206%283216%29-3%2C2x1%2C6x0%2C6.JPG","2019-SR732BTTD1R80FTR-ND","SR732BTTD1R80F","KOA Speer Electronics, Inc.","KOA Speer Electronics, Inc.","RES 1.8 OHM 1% 1/3W 1206","0","0.07773","0","5000","Tape & Reel (TR)","SR73","Active","1.8 Ohms","±1%","0.333W, 1/3W","Thick Film","Automotive AEC-Q200, Current Sense","±100ppm/°C","-55°C ~ 150°C","1206 (3216 Metric)","1206","-","0.126"" L x 0.063"" W (3.20mm x 1.60mm)","0.024"" (0.60mm)","2","-","https://www.digikey.com/en/products/detail/koa-speer-electronics-inc/SR732BTTD1R80F/9856692"
"https://www.koaspeer.com/pdfs/SR73.pdf","//mm.digikey.com/Volume0/opasdata/d220001/medias/images/320/2019%3B%3B1206%283216%29-3%2C2x1%2C6x0%2C6.JPG","2019-SR732BTTD2R32FTR-ND","SR732BTTD2R32F","KOA Speer Electronics, Inc.","KOA Speer Electronics, Inc.","RES 2.32 OHM 1% 1/3W 1206","0","0.07773","0","5000","Tape & Reel (TR)","SR73","Active","2.32 Ohms","±1%","0.333W, 1/3W","Thick Film","Automotive AEC-Q200, Current Sense","±100ppm/°C","-55°C ~ 150°C","1206 (3216 Metric)","1206","-","0.126"" L x 0.063"" W (3.20mm x 1.60mm)","0.024"" (0.60mm)","2","-","https://www.digikey.com/en/products/detail/koa-speer-electronics-inc/SR732BTTD2R32F/9856693"
"https://www.koaspeer.com/pdfs/SR73.pdf","//mm.digikey.com/Volume0/opasdata/d220001/medias/images/320/2019%3B%3B1206%283216%29-3%2C2x1%2C6x0%2C6.JPG","2019-SR732BTTD3R32FTR-ND","SR732BTTD3R32F","KOA Speer Electronics, Inc.","KOA Speer Electronics, Inc.","RES 3.32 OHM 1% 1/3W 1206","0","0.07773","0","5000","Tape & Reel (TR)","SR73","Active","3.32 Ohms","±1%","0.333W, 1/3W","Thick Film","Automotive AEC-Q200, Current Sense","±100ppm/°C","-55°C ~ 150°C","1206 (3216 Metric)","1206","-","0.126"" L x 0.063"" W (3.20mm x 1.60mm)","0.024"" (0.60mm)","2","-","https://www.digikey.com/en/products/detail/koa-speer-electronics-inc/SR732BTTD3R32F/9856694"
"https://www.koaspeer.com/pdfs/SR73.pdf","//mm.digikey.com/Volume0/opasdata/d220001/medias/images/320/2019%3B%3B1206%283216%29-3%2C2x1%2C6x0%2C6.JPG","2019-SR732BTTD3R57FTR-ND","SR732BTTD3R57F","KOA Speer Electronics, Inc.","KOA Speer Electronics, Inc.","RES 3.57 OHM 1% 1/3W 1206","0","0.07773","0","5000","Tape & Reel (TR)","SR73","Active","3.57 Ohms","±1%","0.333W, 1/3W","Thick Film","Automotive AEC-Q200, Current Sense","±100ppm/°C","-55°C ~ 150°C","1206 (3216 Metric)","1206","-","0.126"" L x 0.063"" W (3.20mm x 1.60mm)","0.024"" (0.60mm)","2","-","https://www.digikey.com/en/products/detail/koa-speer-electronics-inc/SR732BTTD3R57F/9856695"
"https://www.koaspeer.com/pdfs/SR73.pdf","//mm.digikey.com/Volume0/opasdata/d220001/medias/images/320/2019%3B%3B1206%283216%29-3%2C2x1%2C6x0%2C6.JPG","2019-SR732BTTD7R68FTR-ND","SR732BTTD7R68F","KOA Speer Electronics, Inc.","KOA Speer Electronics, Inc.","RES 7.68 OHM 1% 1/3W 1206","0","0.07773","0","5000","Tape & Reel (TR)","SR73","Active","7.68 Ohms","±1%","0.333W, 1/3W","Thick Film","Automotive AEC-Q200, Current Sense","±100ppm/°C","-55°C ~ 150°C","1206 (3216 Metric)","1206","-","0.126"" L x 0.063"" W (3.20mm x 1.60mm)","0.024"" (0.60mm)","2","-","https://www.digikey.com/en/products/detail/koa-speer-electronics-inc/SR732BTTD7R68F/9856696"
"https://www.koaspeer.com/pdfs/SR73.pdf","//mm.digikey.com/Volume0/opasdata/d220001/medias/images/320/2019%3B%3B0603%281608%29-1%2C6x0%2C8x0%2C55.JPG","2019-SR731JTTDR360FTR-ND","SR731JTTDR360F","KOA Speer Electronics, Inc.","KOA Speer Electronics, Inc.","RES 0.36 OHM 1% 1/4W 0603","0","0.11196","0","5000","Tape & Reel (TR)","SR73","Active","360 mOhms","±1%","0.25W, 1/4W","Thick Film","Automotive AEC-Q200, Current Sense","±200ppm/°C","-55°C ~ 150°C","0603 (1608 Metric)","0603","-","0.063"" L x 0.031"" W (1.60mm x 0.80mm)","0.022"" (0.55mm)","2","-","https://www.digikey.com/en/products/detail/koa-speer-electronics-inc/SR731JTTDR360F/9856686"
"https://www.koaspeer.com/pdfs/SR73.pdf","//mm.digikey.com/Volume0/opasdata/d220001/medias/images/320/2019%3B%3B0805%282012%29-2x1%2C25x0%2C6.JPG","2019-SR732ATTDR110FTR-ND","SR732ATTDR110F","KOA Speer Electronics, Inc.","KOA Speer Electronics, Inc.","RES 0.11 OHM 1% 1/3W 0805","0","0.11196","0","5000","Tape & Reel (TR)","SR73","Active","110 mOhms","±1%","0.333W, 1/3W","Thick Film","Automotive AEC-Q200, Current Sense","±100ppm/°C","-55°C ~ 150°C","0805 (2012 Metric)","0805","-","0.079"" L x 0.049"" W (2.00mm x 1.25mm)","0.024"" (0.60mm)","2","-","https://www.digikey.com/en/products/detail/koa-speer-electronics-inc/SR732ATTDR110F/9856688"
"https://www.koaspeer.com/pdfs/SR73.pdf","//mm.digikey.com/Volume0/opasdata/d220001/medias/images/320/2019%3B%3B1206%283216%29-3%2C2x1%2C6x0%2C6.JPG","2019-SR732BTTDR110FTR-ND","SR732BTTDR110F","KOA Speer Electronics, Inc.","KOA Speer Electronics, Inc.","RES 0.11 OHM 1% 1/3W 1206","0","0.11196","0","5000","Tape & Reel (TR)","SR73","Active","110 mOhms","±1%","0.333W, 1/3W","Thick Film","Automotive AEC-Q200, Current Sense","±100ppm/°C","-55°C ~ 150°C","1206 (3216 Metric)","1206","-","0.126"" L x 0.063"" W (3.20mm x 1.60mm)","0.024"" (0.60mm)","2","-","https://www.digikey.com/en/products/detail/koa-speer-electronics-inc/SR732BTTDR110F/9856697"
"https://www.koaspeer.com/pdfs/SR73.pdf","//mm.digikey.com/Volume0/opasdata/d220001/medias/images/320/2019%3B%3B1206%283216%29-3%2C2x1%2C6x0%2C6.JPG","2019-SR732BTTDR301FTR-ND","SR732BTTDR301F","KOA Speer Electronics, Inc.","KOA Speer Electronics, Inc.","RES 0.301 OHM 1% 1/3W 1206","0","0.11196","0","5000","Tape & Reel (TR)","SR73","Active","301 mOhms","±1%","0.333W, 1/3W","Thick Film","Automotive AEC-Q200, Current Sense","±100ppm/°C","-55°C ~ 150°C","1206 (3216 Metric)","1206","-","0.126"" L x 0.063"" W (3.20mm x 1.60mm)","0.024"" (0.60mm)","2","-","https://www.digikey.com/en/products/detail/koa-speer-electronics-inc/SR732BTTDR301F/9856700"
"https://www.koaspeer.com/pdfs/SR73.pdf","//mm.digikey.com/Volume0/opasdata/d220001/medias/images/320/2019%3B%3B1206%283216%29-3%2C2x1%2C6x0%2C6.JPG","2019-SR732BTTDR402FTR-ND","SR732BTTDR402F","KOA Speer Electronics, Inc.","KOA Speer Electronics, Inc.","RES 0.402 OHM 1% 1/3W 1206","0","0.11196","0","5000","Tape & Reel (TR)","SR73","Active","402 mOhms","±1%","0.333W, 1/3W","Thick Film","Automotive AEC-Q200, Current Sense","±100ppm/°C","-55°C ~ 150°C","1206 (3216 Metric)","1206","-","0.126"" L x 0.063"" W (3.20mm x 1.60mm)","0.024"" (0.60mm)","2","-","https://www.digikey.com/en/products/detail/koa-speer-electronics-inc/SR732BTTDR402F/9856701"
"https://www.koaspeer.com/pdfs/SR73.pdf","//mm.digikey.com/Volume0/opasdata/d220001/medias/images/320/2019%3B%3B1210%283225%29-3%2C2x2%2C6x0%2C6.JPG","2019-SR732ETTD3R9JTR-ND","SR732ETTD3R9J","KOA Speer Electronics, Inc.","KOA Speer Electronics, Inc.","RES 3.9 OHM 5% 1/2W 1210","0","0.1156","0","5000","Tape & Reel (TR)","SR73","Active","3.9 Ohms","±5%","0.5W, 1/2W","Thick Film","Automotive AEC-Q200, Current Sense","±200ppm/°C","-55°C ~ 150°C","1210 (3225 Metric)","1210","-","0.126"" L x 0.102"" W (3.20mm x 2.60mm)","0.024"" (0.60mm)","2","-","https://www.digikey.com/en/products/detail/koa-speer-electronics-inc/SR732ETTD3R9J/9845637"
"https://www.koaspeer.com/pdfs/SR73.pdf","//mm.digikey.com/Volume0/opasdata/d220001/medias/images/320/2019%3B%3B1210%283225%29-3%2C2x2%2C6x0%2C6.JPG","2019-SR732ETTD3R32FTR-ND","SR732ETTD3R32F","KOA Speer Electronics, Inc.","KOA Speer Electronics, Inc.","RES 3.32 OHM 1% 1/2W 1210","0","0.11637","0","5000","Tape & Reel (TR)","SR73","Active","3.32 Ohms","±1%","0.5W, 1/2W","Thick Film","Automotive AEC-Q200, Current Sense","±100ppm/°C","-55°C ~ 150°C","1210 (3225 Metric)","1210","-","0.126"" L x 0.102"" W (3.20mm x 2.60mm)","0.024"" (0.60mm)","2","-","https://www.digikey.com/en/products/detail/koa-speer-electronics-inc/SR732ETTD3R32F/9856705"
"https://www.koaspeer.com/pdfs/SR73.pdf","//mm.digikey.com/Volume0/opasdata/d220001/medias/images/320/2019%3B%3B1210%283225%29-3%2C2x2%2C6x0%2C6.JPG","2019-SR732ETTDR475FTR-ND","SR732ETTDR475F","KOA Speer Electronics, Inc.","KOA Speer Electronics, Inc.","RES 0.475 OHM 1% 1/2W 1210","0","0.11637","0","5000","Tape & Reel (TR)","SR73","Active","475 mOhms","±1%","0.5W, 1/2W","Thick Film","Automotive AEC-Q200, Current Sense","±100ppm/°C","-55°C ~ 150°C","1210 (3225 Metric)","1210","-","0.126"" L x 0.102"" W (3.20mm x 2.60mm)","0.024"" (0.60mm)","2","-","https://www.digikey.com/en/products/detail/koa-speer-electronics-inc/SR732ETTDR475F/9856710"
"https://www.koaspeer.com/pdfs/SR73.pdf","//mm.digikey.com/Volume0/opasdata/d220001/medias/images/320/2019%3B%3B1210%283225%29-3%2C2x2%2C6x0%2C6.JPG","2019-SR732ETTDR39JTR-ND","SR732ETTDR39J","KOA Speer Electronics, Inc.","KOA Speer Electronics, Inc.","RES 0.39 OHM 5% 1/2W 1210","0","0.13054","0","5000","Tape & Reel (TR)","SR73","Active","390 mOhms","±5%","0.5W, 1/2W","Thick Film","Automotive AEC-Q200, Current Sense","±200ppm/°C","-55°C ~ 150°C","1210 (3225 Metric)","1210","-","0.126"" L x 0.102"" W (3.20mm x 2.60mm)","0.024"" (0.60mm)","2","-","https://www.digikey.com/en/products/detail/koa-speer-electronics-inc/SR732ETTDR39J/9856709"
"https://www.koaspeer.com/pdfs/SR73.pdf","//mm.digikey.com/Volume0/opasdata/d220001/medias/images/320/2019%3B%3B2010%285025%29-5x2%2C5x0%2C6.JPG","2019-SR732HTTE1R40FTR-ND","SR732HTTE1R40F","KOA Speer Electronics, Inc.","KOA Speer Electronics, Inc.","RES 1.4 OHM 1% 3/4W 2010","0","0.14763","0","4000","Tape & Reel (TR)","SR73","Active","1.4 Ohms","±1%","0.75W, 3/4W","Thick Film","Automotive AEC-Q200, Current Sense","±100ppm/°C","-55°C ~ 150°C","2010 (5025 Metric)","2010","-","0.197"" L x 0.098"" W (5.00mm x 2.50mm)","0.024"" (0.60mm)","2","-","https://www.digikey.com/en/products/detail/koa-speer-electronics-inc/SR732HTTE1R40F/9856711"
"https://www.koaspeer.com/pdfs/SR73.pdf","//mm.digikey.com/Volume0/opasdata/d220001/medias/images/320/2019%3B%3B1210%283225%29-3%2C2x2%2C6x0%2C6.JPG","2019-SR732ETTDR162FTR-ND","SR732ETTDR162F","KOA Speer Electronics, Inc.","KOA Speer Electronics, Inc.","RES 0.162 OHM 1% 1/2W 1210","0","0.14875","0","5000","Tape & Reel (TR)","SR73","Active","162 mOhms","±1%","0.5W, 1/2W","Thick Film","Automotive AEC-Q200, Current Sense","±100ppm/°C","-55°C ~ 150°C","1210 (3225 Metric)","1210","-","0.126"" L x 0.102"" W (3.20mm x 2.60mm)","0.024"" (0.60mm)","2","-","https://www.digikey.com/en/products/detail/koa-speer-electronics-inc/SR732ETTDR162F/9856707"
"https://www.koaspeer.com/pdfs/SR73.pdf","//mm.digikey.com/Volume0/opasdata/d220001/medias/images/320/2019%3B%3B1210%283225%29-3%2C2x2%2C6x0%2C6.JPG","2019-SR732ETTDR392FTR-ND","SR732ETTDR392F","KOA Speer Electronics, Inc.","KOA Speer Electronics, Inc.","RES 0.392 OHM 1% 1/2W 1210","0","0.14875","0","5000","Tape & Reel (TR)","SR73","Active","392 mOhms","±1%","0.5W, 1/2W","Thick Film","Automotive AEC-Q200, Current Sense","±100ppm/°C","-55°C ~ 150°C","1210 (3225 Metric)","1210","-","0.126"" L x 0.102"" W (3.20mm x 2.60mm)","0.024"" (0.60mm)","2","-","https://www.digikey.com/en/products/detail/koa-speer-electronics-inc/SR732ETTDR392F/9856708"
"https://www.koaspeer.com/pdfs/SR73.pdf","//mm.digikey.com/Volume0/opasdata/d220001/medias/images/320/2019%3B%3B1210%283225%29-3%2C2x2%2C6x0%2C6.JPG","2019-SR732ETTD33LJTR-ND","SR732ETTD33LJ","KOA Speer Electronics, Inc.","KOA Speer Electronics, Inc.","RES 0.033 OHM 5% 1/2W 1210","0","0.21562","0","5000","Tape & Reel (TR)","SR73","Active","33 mOhms","±5%","0.5W, 1/2W","Thick Film","Automotive AEC-Q200, Current Sense","±1000ppm/°C","-55°C ~ 150°C","1210 (3225 Metric)","1210","-","0.126"" L x 0.102"" W (3.20mm x 2.60mm)","0.024"" (0.60mm)","2","-","https://www.digikey.com/en/products/detail/koa-speer-electronics-inc/SR732ETTD33LJ/9856704"
"https://www.koaspeer.com/pdfs/SR73.pdf","//mm.digikey.com/Volume0/opasdata/d220001/medias/images/320/2019%3B%3B1210%283225%29-3%2C2x2%2C6x0%2C6.JPG","2019-SR732ETTD47LJTR-ND","SR732ETTD47LJ","KOA Speer Electronics, Inc.","KOA Speer Electronics, Inc.","RES 0.047 OHM 5% 1/2W 1210","0","0.21562","0","5000","Tape & Reel (TR)","SR73","Active","47 mOhms","±5%","0.5W, 1/2W","Thick Film","Automotive AEC-Q200, Current Sense","±200ppm/°C","-55°C ~ 150°C","1210 (3225 Metric)","1210","-","0.126"" L x 0.102"" W (3.20mm x 2.60mm)","0.024"" (0.60mm)","2","-","https://www.digikey.com/en/products/detail/koa-speer-electronics-inc/SR732ETTD47LJ/9856706"
