ISO-10303-21;
HEADER;
FILE_DESCRIPTION (( 'STEP AP214' ),
    '1' );
FILE_NAME ('KW-5R5C684_105-R.STEP',
    '2017-03-29T06:26:16',
    ( '' ),
    ( '' ),
    'SwSTEP 2.0',
    'SolidWorks 2013',
    '' );
FILE_SCHEMA (( 'AUTOMOTIVE_DESIGN' ));
ENDSEC;

DATA;
#1 = PRESENTATION_STYLE_ASSIGNMENT (( #2953 ) ) ;
#2 = VERTEX_POINT ( 'NONE', #2479 ) ;
#3 = CARTESIAN_POINT ( 'NONE',  ( 2.700000000000000200, -4.500000000000001800, -0.6500000000000000200 ) ) ;
#4 = DIRECTION ( 'NONE',  ( 0.0000000000000000000, -1.000000000000000000, 0.0000000000000000000 ) ) ;
#5 = PLANE ( 'NONE',  #1909 ) ;
#6 = VECTOR ( 'NONE', #2654, 1000.000000000000000 ) ;
#7 =( NAMED_UNIT ( * ) PLANE_ANGLE_UNIT ( ) SI_UNIT ( $, .RADIAN. ) );
#8 = FACE_OUTER_BOUND ( 'NONE', #1485, .T. ) ;
#9 = LINE ( 'NONE', #1124, #2926 ) ;
#10 = AXIS2_PLACEMENT_3D ( 'NONE', #959, #944, #793 ) ;
#11 =( GEOMETRIC_REPRESENTATION_CONTEXT ( 3 ) GLOBAL_UNCERTAINTY_ASSIGNED_CONTEXT ( ( #1319 ) ) GLOBAL_UNIT_ASSIGNED_CONTEXT ( ( #2961, #1013, #3283 ) ) REPRESENTATION_CONTEXT ( 'NONE', 'WORKASPACE' ) );
#12 = DIRECTION ( 'NONE',  ( 0.0000000000000000000, 0.0000000000000000000, 1.000000000000000000 ) ) ;
#13 = ADVANCED_FACE ( 'NONE', ( #2887 ), #2581, .T. ) ;
#14 = EDGE_LOOP ( 'NONE', ( #3842, #1323, #3569, #4070, #1576 ) ) ;
#15 = DIRECTION ( 'NONE',  ( -0.0000000000000000000, 1.000000000000000000, -0.0000000000000000000 ) ) ;
#16 = ORIENTED_EDGE ( 'NONE', *, *, #1964, .T. ) ;
#17 = PRESENTATION_LAYER_ASSIGNMENT (  '', '', ( #3887 ) ) ;
#18 =( LENGTH_UNIT ( ) NAMED_UNIT ( * ) SI_UNIT ( .MILLI., .METRE. ) );
#19 = STYLED_ITEM ( 'NONE', ( #3176 ), #895 ) ;
#20 =( LENGTH_UNIT ( ) NAMED_UNIT ( * ) SI_UNIT ( .MILLI., .METRE. ) );
#21 = DIRECTION ( 'NONE',  ( -0.0000000000000000000, -1.000000000000000000, -0.0000000000000000000 ) ) ;
#22 = ORIENTED_EDGE ( 'NONE', *, *, #2825, .F. ) ;
#23 = ORIENTED_EDGE ( 'NONE', *, *, #2996, .F. ) ;
#24 = EDGE_LOOP ( 'NONE', ( #3580, #2851, #275, #543 ) ) ;
#25 = FILL_AREA_STYLE_COLOUR ( '', #988 ) ;
#26 = PLANE ( 'NONE',  #3868 ) ;
#27 = VERTEX_POINT ( 'NONE', #2394 ) ;
#28 = SURFACE_STYLE_FILL_AREA ( #842 ) ;
#29 = FACE_OUTER_BOUND ( 'NONE', #3504, .T. ) ;
#30 = CARTESIAN_POINT ( 'NONE',  ( -2.749999999999998700, -4.900000000000001200, -0.7000000000000001800 ) ) ;
#31 = FILL_AREA_STYLE_COLOUR ( '', #896 ) ;
#32 = DIRECTION ( 'NONE',  ( 0.0000000000000000000, 1.000000000000000000, 0.0000000000000000000 ) ) ;
#33 =( GEOMETRIC_REPRESENTATION_CONTEXT ( 3 ) GLOBAL_UNCERTAINTY_ASSIGNED_CONTEXT ( ( #2596 ) ) GLOBAL_UNIT_ASSIGNED_CONTEXT ( ( #1017, #1006, #975 ) ) REPRESENTATION_CONTEXT ( 'NONE', 'WORKASPACE' ) );
#34 = PRESENTATION_STYLE_ASSIGNMENT (( #2096 ) ) ;
#35 = SURFACE_STYLE_USAGE ( .BOTH. , #61 ) ;
#36 = COLOUR_RGB ( '',0.7960784313725489700, 0.8235294117647058400, 0.9372549019607843100 ) ;
#37 = CARTESIAN_POINT ( 'NONE',  ( -2.100000000000000100, -5.500000000000000900, -0.6828640358836499700 ) ) ;
#38 = MECHANICAL_DESIGN_GEOMETRIC_PRESENTATION_REPRESENTATION (  '', ( #68 ), #33 ) ;
#39 = DIRECTION ( 'NONE',  ( -0.0000000000000000000, -1.000000000000000000, -0.0000000000000000000 ) ) ;
#40 = MECHANICAL_DESIGN_GEOMETRIC_PRESENTATION_REPRESENTATION (  '', ( #65 ), #11 ) ;
#41 = MECHANICAL_DESIGN_GEOMETRIC_PRESENTATION_REPRESENTATION (  '', ( #77 ), #161 ) ;
#42 = FILL_AREA_STYLE_COLOUR ( '', #1529 ) ;
#43 = PRESENTATION_LAYER_ASSIGNMENT (  '', '', ( #68 ) ) ;
#44 = DIRECTION ( 'NONE',  ( 0.0000000000000000000, 0.0000000000000000000, 1.000000000000000000 ) ) ;
#45 = PRESENTATION_LAYER_ASSIGNMENT (  '', '', ( #65 ) ) ;
#46 = SURFACE_SIDE_STYLE ('',( #3910 ) ) ;
#47 = LINE ( 'NONE', #3420, #3416 ) ;
#48 = AXIS2_PLACEMENT_3D ( 'NONE', #2002, #32, #2330 ) ;
#49 = LINE ( 'NONE', #413, #1694 ) ;
#50 = ORIENTED_EDGE ( 'NONE', *, *, #2659, .T. ) ;
#51 = CARTESIAN_POINT ( 'NONE',  ( -2.299999999999999400, -4.900000000000001200, -1.275000000000000600 ) ) ;
#52 = DIRECTION ( 'NONE',  ( 0.0000000000000000000, 1.000000000000000000, -0.0000000000000000000 ) ) ;
#53 = SURFACE_STYLE_FILL_AREA ( #3459 ) ;
#54 = ORIENTED_EDGE ( 'NONE', *, *, #3240, .F. ) ;
#55 = PRESENTATION_STYLE_ASSIGNMENT (( #2625 ) ) ;
#56 = AXIS2_PLACEMENT_3D ( 'NONE', #1607, #1330, #1313 ) ;
#57 = CARTESIAN_POINT ( 'NONE',  ( 0.0000000000000000000, 0.1293752051230246100, 0.0000000000000000000 ) ) ;
#58 = DIRECTION ( 'NONE',  ( 0.0000000000000000000, 0.0000000000000000000, 1.000000000000000000 ) ) ;
#59 = DIRECTION ( 'NONE',  ( 0.0000000000000000000, -1.000000000000000000, -1.951563910473908200E-016 ) ) ;
#60 = VERTEX_POINT ( 'NONE', #2306 ) ;
#61 = SURFACE_SIDE_STYLE ('',( #3499 ) ) ;
#62 = LINE ( 'NONE', #81, #2579 ) ;
#63 = PLANE ( 'NONE',  #3198 ) ;
#64 = VERTEX_POINT ( 'NONE', #2623 ) ;
#65 = STYLED_ITEM ( 'NONE', ( #2628 ), #2503 ) ;
#66 = FILL_AREA_STYLE ('',( #3911 ) ) ;
#67 = AXIS2_PLACEMENT_3D ( 'NONE', #2235, #264, #2551 ) ;
#68 = STYLED_ITEM ( 'NONE', ( #1761 ), #882 ) ;
#69 = ORIENTED_EDGE ( 'NONE', *, *, #1692, .F. ) ;
#70 = ORIENTED_EDGE ( 'NONE', *, *, #1291, .T. ) ;
#71 = ORIENTED_EDGE ( 'NONE', *, *, #2386, .F. ) ;
#72 = AXIS2_PLACEMENT_3D ( 'NONE', #1944, #645, #1630 ) ;
#73 = CARTESIAN_POINT ( 'NONE',  ( -2.300000000000000300, -5.100000000000000500, -1.899999999999999900 ) ) ;
#74 = PRESENTATION_STYLE_ASSIGNMENT (( #93 ) ) ;
#75 = ORIENTED_EDGE ( 'NONE', *, *, #1128, .F. ) ;
#76 = COLOUR_RGB ( '',0.7960784313725489700, 0.8235294117647058400, 0.9372549019607843100 ) ;
#77 = STYLED_ITEM ( 'NONE', ( #34 ), #3428 ) ;
#78 =( NAMED_UNIT ( * ) PLANE_ANGLE_UNIT ( ) SI_UNIT ( $, .RADIAN. ) );
#79 =( GEOMETRIC_REPRESENTATION_CONTEXT ( 3 ) GLOBAL_UNCERTAINTY_ASSIGNED_CONTEXT ( ( #1858 ) ) GLOBAL_UNIT_ASSIGNED_CONTEXT ( ( #1426, #2405, #1396 ) ) REPRESENTATION_CONTEXT ( 'NONE', 'WORKASPACE' ) );
#80 = FILL_AREA_STYLE ('',( #155 ) ) ;
#81 = CARTESIAN_POINT ( 'NONE',  ( -6.000000000000000000, -5.300000000000001600, -1.850000000000001200 ) ) ;
#82 = FILL_AREA_STYLE_COLOUR ( '', #1939 ) ;
#83 = ADVANCED_FACE ( 'NONE', ( #1714 ), #773, .T. ) ;
#84 = FILL_AREA_STYLE_COLOUR ( '', #954 ) ;
#85 = MECHANICAL_DESIGN_GEOMETRIC_PRESENTATION_REPRESENTATION (  '', ( #113 ), #79 ) ;
#86 = DIRECTION ( 'NONE',  ( 0.0000000000000000000, 0.0000000000000000000, 1.000000000000000000 ) ) ;
#87 =( LENGTH_UNIT ( ) NAMED_UNIT ( * ) SI_UNIT ( .MILLI., .METRE. ) );
#88 = SURFACE_STYLE_USAGE ( .BOTH. , #2057 ) ;
#89 =( NAMED_UNIT ( * ) PLANE_ANGLE_UNIT ( ) SI_UNIT ( $, .RADIAN. ) );
#90 = VERTEX_POINT ( 'NONE', #2318 ) ;
#91 = DIRECTION ( 'NONE',  ( 1.000000000000000000, -0.0000000000000000000, 0.0000000000000000000 ) ) ;
#92 = PRESENTATION_LAYER_ASSIGNMENT (  '', '', ( #113 ) ) ;
#93 = SURFACE_STYLE_USAGE ( .BOTH. , #2067 ) ;
#94 = ORIENTED_EDGE ( 'NONE', *, *, #2348, .T. ) ;
#95 = AXIS2_PLACEMENT_3D ( 'NONE', #2930, #973, #3247 ) ;
#96 = UNCERTAINTY_MEASURE_WITH_UNIT (LENGTH_MEASURE( 1.000000000000000100E-005 ), #2180, 'distance_accuracy_value', 'NONE');
#97 = PRESENTATION_LAYER_ASSIGNMENT (  '', '', ( #3052 ) ) ;
#98 = DIRECTION ( 'NONE',  ( 0.0000000000000000000, -1.000000000000000000, 0.0000000000000000000 ) ) ;
#99 = AXIS2_PLACEMENT_3D ( 'NONE', #1711, #1697, #1685 ) ;
#100 = ADVANCED_FACE ( 'NONE', ( #4045 ), #353, .F. ) ;
#101 = DIRECTION ( 'NONE',  ( -1.000000000000000000, -0.0000000000000000000, -0.0000000000000000000 ) ) ;
#102 = DIRECTION ( 'NONE',  ( 0.0000000000000000000, 0.0000000000000000000, 1.000000000000000000 ) ) ;
#103 = COLOUR_RGB ( '',0.7960784313725489700, 0.8235294117647058400, 0.9372549019607843100 ) ;
#104 = VERTEX_POINT ( 'NONE', #1744 ) ;
#105 = PLANE ( 'NONE',  #474 ) ;
#106 = SURFACE_STYLE_USAGE ( .BOTH. , #2080 ) ;
#107 = SURFACE_STYLE_FILL_AREA ( #3579 ) ;
#108 = ORIENTED_EDGE ( 'NONE', *, *, #2646, .T. ) ;
#109 = CARTESIAN_POINT ( 'NONE',  ( 2.299999999999999800, -11.80000000000000100, -0.04999999999999969700 ) ) ;
#110 = CIRCLE ( 'NONE', #1033, 0.3499999999999999800 ) ;
#111 = CARTESIAN_POINT ( 'NONE',  ( 8.300000000000000700, -10.00000000000000200, -0.3999999999999999700 ) ) ;
#112 = CARTESIAN_POINT ( 'NONE',  ( -4.666904755831205300, -5.400000000000000400, 4.525483399593913000 ) ) ;
#113 = STYLED_ITEM ( 'NONE', ( #1311 ), #841 ) ;
#114 = FACE_BOUND ( 'NONE', #1933, .T. ) ;
#115 = CARTESIAN_POINT ( 'NONE',  ( 0.0000000000000000000, -5.399999999999999500, 0.0000000000000000000 ) ) ;
#116 =( NAMED_UNIT ( * ) PLANE_ANGLE_UNIT ( ) SI_UNIT ( $, .RADIAN. ) );
#117 = DIRECTION ( 'NONE',  ( 0.0000000000000000000, 0.0000000000000000000, 1.000000000000000000 ) ) ;
#118 = CARTESIAN_POINT ( 'NONE',  ( 0.0000000000000000000, 3.150000000000000800, 0.0000000000000000000 ) ) ;
#119 =( LENGTH_UNIT ( ) NAMED_UNIT ( * ) SI_UNIT ( .MILLI., .METRE. ) );
#120 = FACE_OUTER_BOUND ( 'NONE', #504, .T. ) ;
#121 = SURFACE_STYLE_USAGE ( .BOTH. , #2097 ) ;
#122 = OPEN_SHELL ( 'NONE', ( #168, #3544, #1414, #1213, #2635, #3171, #83, #423, #3850, #4087, #3927, #3617, #2778, #1734, #189, #4037, #2624, #2162, #1535, #2065, #901, #3872, #3643, #4061, #1601, #2042, #2503, #370, #3137, #1015, #2173, #2882, #841, #2557, #723, #282, #3090, #882, #764, #3013, #576, #1079, #3333, #3610, #1569 ) ) ;
#123 = DIRECTION ( 'NONE',  ( 0.0000000000000000000, 0.0000000000000000000, -1.000000000000000000 ) ) ;
#124 =( LENGTH_UNIT ( ) NAMED_UNIT ( * ) SI_UNIT ( .MILLI., .METRE. ) );
#125 = PLANE ( 'NONE',  #3190 ) ;
#126 =( LENGTH_UNIT ( ) NAMED_UNIT ( * ) SI_UNIT ( .MILLI., .METRE. ) );
#127 = EDGE_LOOP ( 'NONE', ( #1624, #2588, #819 ) ) ;
#128 = VERTEX_POINT ( 'NONE', #1687 ) ;
#129 = ORIENTED_EDGE ( 'NONE', *, *, #1804, .T. ) ;
#130 = ORIENTED_EDGE ( 'NONE', *, *, #1080, .T. ) ;
#131 = PRESENTATION_LAYER_ASSIGNMENT (  '', '', ( #77 ) ) ;
#132 = CIRCLE ( 'NONE', #1756, 0.3500000000000000300 ) ;
#133 = ORIENTED_EDGE ( 'NONE', *, *, #1890, .F. ) ;
#134 = DIRECTION ( 'NONE',  ( -1.224646799147350500E-016, 1.000000000000000000, -0.0000000000000000000 ) ) ;
#135 = EDGE_LOOP ( 'NONE', ( #1163, #992 ) ) ;
#136 = CYLINDRICAL_SURFACE ( 'NONE', #3168, 0.1000000000000001400 ) ;
#137 = AXIS2_PLACEMENT_3D ( 'NONE', #1663, #3870, #1993 ) ;
#138 = DIRECTION ( 'NONE',  ( -1.000000000000000000, -0.0000000000000000000, -0.0000000000000000000 ) ) ;
#139 = SURFACE_STYLE_USAGE ( .BOTH. , #2106 ) ;
#140 = AXIS2_PLACEMENT_3D ( 'NONE', #2693, #753, #3016 ) ;
#141 = PRODUCT ( 'KW-5R5C684_105-R', 'KW-5R5C684_105-R', '', ( #4056 ) ) ;
#142 =( LENGTH_UNIT ( ) NAMED_UNIT ( * ) SI_UNIT ( .MILLI., .METRE. ) );
#143 = DIRECTION ( 'NONE',  ( 0.0000000000000000000, 0.0000000000000000000, 1.000000000000000000 ) ) ;
#144 = SURFACE_STYLE_USAGE ( .BOTH. , #2109 ) ;
#145 = SURFACE_STYLE_USAGE ( .BOTH. , #2111 ) ;
#146 = DIRECTION ( 'NONE',  ( 0.7071067811865458000, -0.0000000000000000000, -0.7071067811865492400 ) ) ;
#147 = PRESENTATION_STYLE_ASSIGNMENT (( #35 ) ) ;
#148 = FILL_AREA_STYLE ('',( #3972 ) ) ;
#149 = FILL_AREA_STYLE_COLOUR ( '', #3985 ) ;
#150 = CARTESIAN_POINT ( 'NONE',  ( -4.949235045178833800, -5.500000000000000900, 4.807813688941543300 ) ) ;
#151 =( GEOMETRIC_REPRESENTATION_CONTEXT ( 3 ) GLOBAL_UNCERTAINTY_ASSIGNED_CONTEXT ( ( #4114 ) ) GLOBAL_UNIT_ASSIGNED_CONTEXT ( ( #1986, #1961, #1936 ) ) REPRESENTATION_CONTEXT ( 'NONE', 'WORKASPACE' ) );
#152 = CARTESIAN_POINT ( 'NONE',  ( -7.898971854500425700E-016, -5.500000000000000900, -6.399999999999998600 ) ) ;
#153 = DIRECTION ( 'NONE',  ( 1.000000000000000000, 0.0000000000000000000, -0.0000000000000000000 ) ) ;
#154 =( NAMED_UNIT ( * ) PLANE_ANGLE_UNIT ( ) SI_UNIT ( $, .RADIAN. ) );
#155 = FILL_AREA_STYLE_COLOUR ( '', #2644 ) ;
#156 = FILL_AREA_STYLE ('',( #197 ) ) ;
#157 = SURFACE_STYLE_FILL_AREA ( #1659 ) ;
#158 = CARTESIAN_POINT ( 'NONE',  ( 8.300000000000000700, -11.45000000000000100, -0.3999999999999997400 ) ) ;
#159 = CARTESIAN_POINT ( 'NONE',  ( 2.299999999999999800, -10.00000000000000200, -0.3999999999999999700 ) ) ;
#160 = CARTESIAN_POINT ( 'NONE',  ( 0.0000000000000000000, -4.900000000000001200, 1.605143702949179400E-050 ) ) ;
#161 =( GEOMETRIC_REPRESENTATION_CONTEXT ( 3 ) GLOBAL_UNCERTAINTY_ASSIGNED_CONTEXT ( ( #2268 ) ) GLOBAL_UNIT_ASSIGNED_CONTEXT ( ( #119, #2411, #461 ) ) REPRESENTATION_CONTEXT ( 'NONE', 'WORKASPACE' ) );
#162 = VECTOR ( 'NONE', #904, 1000.000000000000000 ) ;
#163 = VECTOR ( 'NONE', #1500, 1000.000000000000000 ) ;
#164 = CIRCLE ( 'NONE', #2618, 0.1000000000000002600 ) ;
#165 = ORIENTED_EDGE ( 'NONE', *, *, #2734, .T. ) ;
#166 = ORIENTED_EDGE ( 'NONE', *, *, #2889, .F. ) ;
#167 = STYLED_ITEM ( 'NONE', ( #2826 ), #1393 ) ;
#168 = ADVANCED_FACE ( 'NONE', ( #2102 ), #3405, .F. ) ;
#169 = DIRECTION ( 'NONE',  ( -0.0000000000000000000, 1.000000000000000000, -0.0000000000000000000 ) ) ;
#170 = SURFACE_STYLE_FILL_AREA ( #847 ) ;
#171 =( GEOMETRIC_REPRESENTATION_CONTEXT ( 3 ) GLOBAL_UNCERTAINTY_ASSIGNED_CONTEXT ( ( #1518 ) ) GLOBAL_UNIT_ASSIGNED_CONTEXT ( ( #142, #2427, #476 ) ) REPRESENTATION_CONTEXT ( 'NONE', 'WORKASPACE' ) );
#172 = LINE ( 'NONE', #3737, #2668 ) ;
#173 = MECHANICAL_DESIGN_GEOMETRIC_PRESENTATION_REPRESENTATION (  '', ( #199 ), #151 ) ;
#174 = DIRECTION ( 'NONE',  ( -1.000000000000000000, 0.0000000000000000000, 0.0000000000000000000 ) ) ;
#175 = ORIENTED_EDGE ( 'NONE', *, *, #1210, .F. ) ;
#176 = CARTESIAN_POINT ( 'NONE',  ( -2.700000000000000600, -6.011764705882353800, 1.397058823529412600 ) ) ;
#177 = CARTESIAN_POINT ( 'NONE',  ( 0.0000000000000000000, -5.399999999999999500, -10.40000000000000000 ) ) ;
#178 = FILL_AREA_STYLE_COLOUR ( '', #1679 ) ;
#179 = CARTESIAN_POINT ( 'NONE',  ( -9.674709297958259000, -4.899999999999999500, 1.850000000000000300 ) ) ;
#180 = DIRECTION ( 'NONE',  ( 0.0000000000000000000, -1.000000000000000000, 0.0000000000000000000 ) ) ;
#181 = DIRECTION ( 'NONE',  ( 0.0000000000000000000, 0.0000000000000000000, -1.000000000000000000 ) ) ;
#182 = ORIENTED_EDGE ( 'NONE', *, *, #1898, .F. ) ;
#183 = PRESENTATION_LAYER_ASSIGNMENT (  '', '', ( #199 ) ) ;
#184 = ORIENTED_EDGE ( 'NONE', *, *, #1702, .T. ) ;
#185 = ORIENTED_EDGE ( 'NONE', *, *, #3042, .T. ) ;
#186 = DIRECTION ( 'NONE',  ( -0.7071067811865458000, 0.0000000000000000000, 0.7071067811865492400 ) ) ;
#187 = CARTESIAN_POINT ( 'NONE',  ( 0.0000000000000000000, 3.150000000000000800, 0.0000000000000000000 ) ) ;
#188 = EDGE_LOOP ( 'NONE', ( #2984, #2140 ) ) ;
#189 = ADVANCED_FACE ( 'NONE', ( #2647 ), #2260, .T. ) ;
#190 = AXIS2_PLACEMENT_3D ( 'NONE', #2339, #2312, #2302 ) ;
#191 = DIRECTION ( 'NONE',  ( -1.000000000000000000, 0.0000000000000000000, 1.224646799147353200E-016 ) ) ;
#192 = ORIENTED_EDGE ( 'NONE', *, *, #3061, .T. ) ;
#193 = ORIENTED_EDGE ( 'NONE', *, *, #1564, .T. ) ;
#194 = ORIENTED_EDGE ( 'NONE', *, *, #3297, .T. ) ;
#195 = FILL_AREA_STYLE_COLOUR ( '', #1956 ) ;
#196 = DIRECTION ( 'NONE',  ( 0.0000000000000000000, 0.0000000000000000000, 1.000000000000000000 ) ) ;
#197 = FILL_AREA_STYLE_COLOUR ( '', #1381 ) ;
#198 = CIRCLE ( 'NONE', #1412, 8.199999999999999300 ) ;
#199 = STYLED_ITEM ( 'NONE', ( #3224 ), #818 ) ;
#200 = ORIENTED_EDGE ( 'NONE', *, *, #1815, .T. ) ;
#201 = CARTESIAN_POINT ( 'NONE',  ( -4.456395985463638400, -5.500000000000000900, -4.593531846057408600 ) ) ;
#202 =( NAMED_UNIT ( * ) PLANE_ANGLE_UNIT ( ) SI_UNIT ( $, .RADIAN. ) );
#203 =( GEOMETRIC_REPRESENTATION_CONTEXT ( 3 ) GLOBAL_UNCERTAINTY_ASSIGNED_CONTEXT ( ( #2066 ) ) GLOBAL_UNIT_ASSIGNED_CONTEXT ( ( #966, #3232, #1312 ) ) REPRESENTATION_CONTEXT ( 'NONE', 'WORKASPACE' ) );
#204 = COLOUR_RGB ( '',0.7960784313725489700, 0.8235294117647058400, 0.9372549019607843100 ) ;
#205 = UNCERTAINTY_MEASURE_WITH_UNIT (LENGTH_MEASURE( 1.000000000000000100E-005 ), #1433, 'distance_accuracy_value', 'NONE');
#206 = MECHANICAL_DESIGN_GEOMETRIC_PRESENTATION_REPRESENTATION (  '', ( #2372 ), #171 ) ;
#207 = VERTEX_POINT ( 'NONE', #1318 ) ;
#208 = CARTESIAN_POINT ( 'NONE',  ( -4.737079716246686400, -5.400000000000000400, 4.595658360009395000 ) ) ;
#209 = COLOUR_RGB ( '',1.000000000000000000, 1.000000000000000000, 1.000000000000000000 ) ;
#210 = CARTESIAN_POINT ( 'NONE',  ( 2.250000000000001300, -5.900000000000001200, -0.6999999999999999600 ) ) ;
#211 =( NAMED_UNIT ( * ) SI_UNIT ( $, .STERADIAN. ) SOLID_ANGLE_UNIT ( ) );
#212 = DIRECTION ( 'NONE',  ( 0.0000000000000000000, -1.000000000000000000, 0.0000000000000000000 ) ) ;
#213 = FILL_AREA_STYLE_COLOUR ( '', #204 ) ;
#214 =( GEOMETRIC_REPRESENTATION_CONTEXT ( 3 ) GLOBAL_UNCERTAINTY_ASSIGNED_CONTEXT ( ( #4001 ) ) GLOBAL_UNIT_ASSIGNED_CONTEXT ( ( #2391, #2373, #2364 ) ) REPRESENTATION_CONTEXT ( 'NONE', 'WORKASPACE' ) );
#215 = FILL_AREA_STYLE_COLOUR ( '', #739 ) ;
#216 =( NAMED_UNIT ( * ) PLANE_ANGLE_UNIT ( ) SI_UNIT ( $, .RADIAN. ) );
#217 = DIRECTION ( 'NONE',  ( 0.0000000000000000000, 1.000000000000000000, 0.0000000000000000000 ) ) ;
#218 = MECHANICAL_DESIGN_GEOMETRIC_PRESENTATION_REPRESENTATION (  '', ( #255 ), #214 ) ;
#219 =( NAMED_UNIT ( * ) SI_UNIT ( $, .STERADIAN. ) SOLID_ANGLE_UNIT ( ) );
#220 = LINE ( 'NONE', #2038, #1950 ) ;
#221 = ORIENTED_EDGE ( 'NONE', *, *, #1773, .T. ) ;
#222 = CARTESIAN_POINT ( 'NONE',  ( 0.0000000000000000000, -5.500000000000000900, 0.0000000000000000000 ) ) ;
#223 = COLOUR_RGB ( '',0.0000000000000000000, 0.3843137254901960500, 0.7215686274509803800 ) ;
#224 = DIRECTION ( 'NONE',  ( 0.0000000000000000000, 0.0000000000000000000, -1.000000000000000000 ) ) ;
#225 = CARTESIAN_POINT ( 'NONE',  ( -2.299999999999998000, -4.900000000000001200, -1.850000000000000800 ) ) ;
#226 = AXIS2_PLACEMENT_3D ( 'NONE', #892, #3132, #4044 ) ;
#227 = LINE ( 'NONE', #3237, #1868 ) ;
#228 =( GEOMETRIC_REPRESENTATION_CONTEXT ( 3 ) GLOBAL_UNCERTAINTY_ASSIGNED_CONTEXT ( ( #3003 ) ) GLOBAL_UNIT_ASSIGNED_CONTEXT ( ( #2059, #89, #2380 ) ) REPRESENTATION_CONTEXT ( 'NONE', 'WORKASPACE' ) );
#229 = EDGE_LOOP ( 'NONE', ( #1910, #1278, #3081, #3718 ) ) ;
#230 = CARTESIAN_POINT ( 'NONE',  ( -4.450000000000000200, -5.900000000000001200, -2.470246229790972900E-016 ) ) ;
#231 = ORIENTED_EDGE ( 'NONE', *, *, #1673, .F. ) ;
#232 = MECHANICAL_DESIGN_GEOMETRIC_PRESENTATION_REPRESENTATION (  '', ( #326 ), #203 ) ;
#233 = DIRECTION ( 'NONE',  ( -0.7071067811865475700, 0.0000000000000000000, 0.7071067811865475700 ) ) ;
#234 = MECHANICAL_DESIGN_GEOMETRIC_PRESENTATION_REPRESENTATION (  '', ( #3052 ), #228 ) ;
#235 = PRESENTATION_LAYER_ASSIGNMENT (  '', '', ( #255 ) ) ;
#236 = CARTESIAN_POINT ( 'NONE',  ( -2.300000000000000300, -5.500000000000000900, -1.275000000000000400 ) ) ;
#237 =( NAMED_UNIT ( * ) SI_UNIT ( $, .STERADIAN. ) SOLID_ANGLE_UNIT ( ) );
#238 = UNCERTAINTY_MEASURE_WITH_UNIT (LENGTH_MEASURE( 1.000000000000000100E-005 ), #679, 'distance_accuracy_value', 'NONE');
#239 = DIRECTION ( 'NONE',  ( 0.0000000000000000000, 1.000000000000000000, -0.0000000000000000000 ) ) ;
#240 = LINE ( 'NONE', #3859, #1883 ) ;
#241 = AXIS2_PLACEMENT_3D ( 'NONE', #2943, #2664, #2649 ) ;
#242 = SURFACE_SIDE_STYLE ('',( #2829 ) ) ;
#243 = ORIENTED_EDGE ( 'NONE', *, *, #2018, .F. ) ;
#244 = EDGE_LOOP ( 'NONE', ( #3217, #3917, #728, #3788 ) ) ;
#245 = ORIENTED_EDGE ( 'NONE', *, *, #2023, .F. ) ;
#246 = VECTOR ( 'NONE', #1760, 1000.000000000000000 ) ;
#247 = ORIENTED_EDGE ( 'NONE', *, *, #2094, .F. ) ;
#248 = COLOUR_RGB ( '',0.7960784313725489700, 0.8235294117647058400, 0.9372549019607843100 ) ;
#249 = ORIENTED_EDGE ( 'NONE', *, *, #3113, .F. ) ;
#250 = DIRECTION ( 'NONE',  ( 0.0000000000000000000, 0.0000000000000000000, 1.000000000000000000 ) ) ;
#251 = EDGE_LOOP ( 'NONE', ( #956, #2808, #200, #3807 ) ) ;
#252 =( NAMED_UNIT ( * ) PLANE_ANGLE_UNIT ( ) SI_UNIT ( $, .RADIAN. ) );
#253 =( GEOMETRIC_REPRESENTATION_CONTEXT ( 3 ) GLOBAL_UNCERTAINTY_ASSIGNED_CONTEXT ( ( #1329 ) ) GLOBAL_UNIT_ASSIGNED_CONTEXT ( ( #1159, #3412, #1490 ) ) REPRESENTATION_CONTEXT ( 'NONE', 'WORKASPACE' ) );
#254 = APPLICATION_PROTOCOL_DEFINITION ( 'draft international standard', 'automotive_design', 1998, #2226 ) ;
#255 = STYLED_ITEM ( 'NONE', ( #1039 ), #764 ) ;
#256 = CARTESIAN_POINT ( 'NONE',  ( -4.807813688941523700, -5.299999999999999800, 4.949235045178852500 ) ) ;
#257 = PRESENTATION_LAYER_ASSIGNMENT (  '', '', ( #326 ) ) ;
#258 = STYLED_ITEM ( 'NONE', ( #1114 ), #3872 ) ;
#259 = DIRECTION ( 'NONE',  ( -0.0000000000000000000, -1.000000000000000000, -0.0000000000000000000 ) ) ;
#260 =( GEOMETRIC_REPRESENTATION_CONTEXT ( 3 ) GLOBAL_UNCERTAINTY_ASSIGNED_CONTEXT ( ( #3890 ) ) GLOBAL_UNIT_ASSIGNED_CONTEXT ( ( #2733, #2717, #2704 ) ) REPRESENTATION_CONTEXT ( 'NONE', 'WORKASPACE' ) );
#261 = CARTESIAN_POINT ( 'NONE',  ( 2.100000000000000100, -4.500000000000001800, -0.6500000000000000200 ) ) ;
#262 =( LENGTH_UNIT ( ) NAMED_UNIT ( * ) SI_UNIT ( .MILLI., .METRE. ) );
#263 = MECHANICAL_DESIGN_GEOMETRIC_PRESENTATION_REPRESENTATION (  '', ( #278 ), #260 ) ;
#264 = DIRECTION ( 'NONE',  ( -0.0000000000000000000, -1.000000000000000000, -0.0000000000000000000 ) ) ;
#265 = CARTESIAN_POINT ( 'NONE',  ( -9.472778987546679000, -5.300000000000001600, 1.850000000000000300 ) ) ;
#266 = SURFACE_STYLE_USAGE ( .BOTH. , #281 ) ;
#267 = CARTESIAN_POINT ( 'NONE',  ( -2.150561840347462000, -5.500000000000001800, -0.6657862553023212700 ) ) ;
#268 = ORIENTED_EDGE ( 'NONE', *, *, #1935, .T. ) ;
#269 = LINE ( 'NONE', #3565, #3593 ) ;
#270 = DIRECTION ( 'NONE',  ( 0.0000000000000000000, 0.0000000000000000000, -1.000000000000000000 ) ) ;
#271 = DIRECTION ( 'NONE',  ( -0.7071067811865474600, 0.0000000000000000000, 0.7071067811865474600 ) ) ;
#272 = AXIS2_PLACEMENT_3D ( 'NONE', #3276, #3299, #3028 ) ;
#273 = LINE ( 'NONE', #2214, #1913 ) ;
#274 = CIRCLE ( 'NONE', #2398, 9.700000000000001100 ) ;
#275 = ORIENTED_EDGE ( 'NONE', *, *, #3303, .F. ) ;
#276 = VERTEX_POINT ( 'NONE', #1260 ) ;
#277 = VECTOR ( 'NONE', #186, 1000.000000000000100 ) ;
#278 = STYLED_ITEM ( 'NONE', ( #1361 ), #723 ) ;
#279 = VECTOR ( 'NONE', #1610, 1000.000000000000000 ) ;
#280 = VECTOR ( 'NONE', #4013, 1000.000000000000100 ) ;
#281 = SURFACE_SIDE_STYLE ('',( #3779 ) ) ;
#282 = ADVANCED_FACE ( 'NONE', ( #3103 ), #3633, .T. ) ;
#283 = AXIS2_PLACEMENT_3D ( 'NONE', #510, #3170, #2810 ) ;
#284 = ORIENTED_EDGE ( 'NONE', *, *, #1181, .T. ) ;
#285 = PRESENTATION_LAYER_ASSIGNMENT (  '', '', ( #278 ) ) ;
#286 = FILL_AREA_STYLE ('',( #1917 ) ) ;
#287 = CARTESIAN_POINT ( 'NONE',  ( 0.0000000000000000000, -5.999999999999999100, 0.0000000000000000000 ) ) ;
#288 = AXIS2_PLACEMENT_3D ( 'NONE', #302, #1287, #2582 ) ;
#289 = VERTEX_POINT ( 'NONE', #983 ) ;
#290 = PRESENTATION_STYLE_ASSIGNMENT (( #2428 ) ) ;
#291 = DIRECTION ( 'NONE',  ( 0.0000000000000000000, 0.0000000000000000000, 1.000000000000000000 ) ) ;
#292 = DIRECTION ( 'NONE',  ( 0.0000000000000000000, 0.0000000000000000000, -1.000000000000000000 ) ) ;
#293 = FACE_OUTER_BOUND ( 'NONE', #696, .T. ) ;
#294 = ORIENTED_EDGE ( 'NONE', *, *, #3106, .F. ) ;
#295 = ORIENTED_EDGE ( 'NONE', *, *, #3106, .T. ) ;
#296 =( GEOMETRIC_REPRESENTATION_CONTEXT ( 3 ) GLOBAL_UNCERTAINTY_ASSIGNED_CONTEXT ( ( #3735 ) ) GLOBAL_UNIT_ASSIGNED_CONTEXT ( ( #3227, #3213, #3056 ) ) REPRESENTATION_CONTEXT ( 'NONE', 'WORKASPACE' ) );
#297 = UNCERTAINTY_MEASURE_WITH_UNIT (LENGTH_MEASURE( 1.000000000000000100E-005 ), #2886, 'distance_accuracy_value', 'NONE');
#298 = ORIENTED_EDGE ( 'NONE', *, *, #2505, .T. ) ;
#299 = DIRECTION ( 'NONE',  ( 0.6963118727286931000, 0.0000000000000000000, 0.7177393509464701200 ) ) ;
#300 = UNCERTAINTY_MEASURE_WITH_UNIT (LENGTH_MEASURE( 1.000000000000000100E-005 ), #391, 'distance_accuracy_value', 'NONE');
#301 = PRESENTATION_STYLE_ASSIGNMENT (( #759 ) ) ;
#302 = CARTESIAN_POINT ( 'NONE',  ( 0.0000000000000000000, 0.1293752051230246100, 0.0000000000000000000 ) ) ;
#303 = AXIS2_PLACEMENT_3D ( 'NONE', #1103, #2392, #796 ) ;
#304 =( NAMED_UNIT ( * ) PLANE_ANGLE_UNIT ( ) SI_UNIT ( $, .RADIAN. ) );
#305 = MECHANICAL_DESIGN_GEOMETRIC_PRESENTATION_REPRESENTATION (  '', ( #325 ), #296 ) ;
#306 = VERTEX_POINT ( 'NONE', #1092 ) ;
#307 = AXIS2_PLACEMENT_3D ( 'NONE', #4116, #2281, #311 ) ;
#308 = CARTESIAN_POINT ( 'NONE',  ( -2.100000000000000500, -5.700000000000000200, -0.6500000000000001300 ) ) ;
#309 = PRESENTATION_LAYER_ASSIGNMENT (  '', '', ( #438 ) ) ;
#310 = PRESENTATION_LAYER_ASSIGNMENT (  '', '', ( #325 ) ) ;
#311 = DIRECTION ( 'NONE',  ( 0.0000000000000000000, 0.0000000000000000000, 1.000000000000000000 ) ) ;
#312 = DIRECTION ( 'NONE',  ( 0.0000000000000000000, 0.0000000000000000000, 1.000000000000000000 ) ) ;
#313 = VERTEX_POINT ( 'NONE', #996 ) ;
#314 = AXIS2_PLACEMENT_3D ( 'NONE', #3652, #3357, #3344 ) ;
#315 =( LENGTH_UNIT ( ) NAMED_UNIT ( * ) SI_UNIT ( .MILLI., .METRE. ) );
#316 = CARTESIAN_POINT ( 'NONE',  ( -4.595658360009375400, -5.400000000000000400, 4.737079716246703300 ) ) ;
#317 = PRESENTATION_STYLE_ASSIGNMENT (( #3359 ) ) ;
#318 = DIRECTION ( 'NONE',  ( 0.0000000000000000000, 0.9701425001453318800, 0.2425356250363331400 ) ) ;
#319 = VECTOR ( 'NONE', #1715, 1000.000000000000000 ) ;
#320 = FILL_AREA_STYLE ('',( #584 ) ) ;
#321 = FACE_OUTER_BOUND ( 'NONE', #3717, .T. ) ;
#322 = CIRCLE ( 'NONE', #67, 9.648247010764702500 ) ;
#323 = SURFACE_SIDE_STYLE ('',( #791 ) ) ;
#324 = ORIENTED_EDGE ( 'NONE', *, *, #1383, .F. ) ;
#325 = STYLED_ITEM ( 'NONE', ( #3374 ), #688 ) ;
#326 = STYLED_ITEM ( 'NONE', ( #756 ), #2375 ) ;
#327 = SURFACE_STYLE_USAGE ( .BOTH. , #342 ) ;
#328 = DIRECTION ( 'NONE',  ( 2.664535259100375700E-015, 0.0000000000000000000, 1.000000000000000000 ) ) ;
#329 = CYLINDRICAL_SURFACE ( 'NONE', #346, 10.40000000000000000 ) ;
#330 = PRESENTATION_LAYER_ASSIGNMENT (  '', '', ( #1496 ) ) ;
#331 = COLOUR_RGB ( '',0.0000000000000000000, 0.3843137254901960500, 0.7215686274509803800 ) ;
#332 =( GEOMETRIC_REPRESENTATION_CONTEXT ( 3 ) GLOBAL_UNCERTAINTY_ASSIGNED_CONTEXT ( ( #3731 ) ) GLOBAL_UNIT_ASSIGNED_CONTEXT ( ( #3586, #3574, #3564 ) ) REPRESENTATION_CONTEXT ( 'NONE', 'WORKASPACE' ) );
#333 = CARTESIAN_POINT ( 'NONE',  ( 0.0000000000000000000, -5.400000000000000400, 0.0000000000000000000 ) ) ;
#334 = ORIENTED_EDGE ( 'NONE', *, *, #1825, .T. ) ;
#335 = VECTOR ( 'NONE', #1652, 1000.000000000000000 ) ;
#336 = EDGE_LOOP ( 'NONE', ( #3619, #2089, #3526, #1821 ) ) ;
#337 =( GEOMETRIC_REPRESENTATION_CONTEXT ( 3 ) GLOBAL_UNCERTAINTY_ASSIGNED_CONTEXT ( ( #2382 ) ) GLOBAL_UNIT_ASSIGNED_CONTEXT ( ( #3701, #1803, #3987 ) ) REPRESENTATION_CONTEXT ( 'NONE', 'WORKASPACE' ) );
#338 = CIRCLE ( 'NONE', #720, 8.599999999999999600 ) ;
#339 = MECHANICAL_DESIGN_GEOMETRIC_PRESENTATION_REPRESENTATION (  '', ( #355 ), #332 ) ;
#340 = ORIENTED_EDGE ( 'NONE', *, *, #2836, .T. ) ;
#341 = CARTESIAN_POINT ( 'NONE',  ( 2.250000000000000900, -5.900000000000001200, 0.7000000000000001800 ) ) ;
#342 = SURFACE_SIDE_STYLE ('',( #2019 ) ) ;
#343 = DIRECTION ( 'NONE',  ( -0.0000000000000000000, 1.000000000000000000, -0.0000000000000000000 ) ) ;
#344 = EDGE_LOOP ( 'NONE', ( #2469, #1973 ) ) ;
#345 = DIRECTION ( 'NONE',  ( -1.000000000000000000, 0.0000000000000000000, -8.491440303904564600E-017 ) ) ;
#346 = AXIS2_PLACEMENT_3D ( 'NONE', #57, #4136, #3905 ) ;
#347 = SURFACE_SIDE_STYLE ('',( #4100 ) ) ;
#348 = COLOUR_RGB ( '',0.7960784313725489700, 0.8235294117647058400, 0.9372549019607843100 ) ;
#349 = COLOUR_RGB ( '',0.7960784313725489700, 0.8235294117647058400, 0.9372549019607843100 ) ;
#350 = FACE_OUTER_BOUND ( 'NONE', #2670, .T. ) ;
#351 =( GEOMETRIC_REPRESENTATION_CONTEXT ( 3 ) GLOBAL_UNCERTAINTY_ASSIGNED_CONTEXT ( ( #2828 ) ) GLOBAL_UNIT_ASSIGNED_CONTEXT ( ( #3819, #1934, #4101 ) ) REPRESENTATION_CONTEXT ( 'NONE', 'WORKASPACE' ) );
#352 = AXIS2_PLACEMENT_3D ( 'NONE', #3952, #2098, #123 ) ;
#353 = CYLINDRICAL_SURFACE ( 'NONE', #855, 8.599999999999999600 ) ;
#354 = FILL_AREA_STYLE ('',( #734 ) ) ;
#355 = STYLED_ITEM ( 'NONE', ( #2069 ), #661 ) ;
#356 = MECHANICAL_DESIGN_GEOMETRIC_PRESENTATION_REPRESENTATION (  '', ( #441 ), #351 ) ;
#357 =( NAMED_UNIT ( * ) SI_UNIT ( $, .STERADIAN. ) SOLID_ANGLE_UNIT ( ) );
#358 = DIRECTION ( 'NONE',  ( 0.0000000000000000000, 1.000000000000000000, 0.0000000000000000000 ) ) ;
#359 = UNCERTAINTY_MEASURE_WITH_UNIT (LENGTH_MEASURE( 1.000000000000000100E-005 ), #1468, 'distance_accuracy_value', 'NONE');
#360 =( GEOMETRIC_REPRESENTATION_CONTEXT ( 3 ) GLOBAL_UNCERTAINTY_ASSIGNED_CONTEXT ( ( #570 ) ) GLOBAL_UNIT_ASSIGNED_CONTEXT ( ( #3429, #1503, #3723 ) ) REPRESENTATION_CONTEXT ( 'NONE', 'WORKASPACE' ) );
#361 = FILL_AREA_STYLE ('',( #25 ) ) ;
#362 = SURFACE_SIDE_STYLE ('',( #666 ) ) ;
#363 = LINE ( 'NONE', #656, #2110 ) ;
#364 = LINE ( 'NONE', #4054, #2115 ) ;
#365 = CIRCLE ( 'NONE', #2549, 8.750000000000000000 ) ;
#366 = ORIENTED_EDGE ( 'NONE', *, *, #1996, .T. ) ;
#367 = ORIENTED_EDGE ( 'NONE', *, *, #2374, .T. ) ;
#368 = PRESENTATION_LAYER_ASSIGNMENT (  '', '', ( #355 ) ) ;
#369 = CARTESIAN_POINT ( 'NONE',  ( -2.300000000000000300, -5.500000000000000900, -0.6500000000000001300 ) ) ;
#370 = ADVANCED_FACE ( 'NONE', ( #2809 ), #4043, .F. ) ;
#371 = SURFACE_STYLE_FILL_AREA ( #4033 ) ;
#372 = FACE_OUTER_BOUND ( 'NONE', #2431, .T. ) ;
#373 = DIRECTION ( 'NONE',  ( -0.0000000000000000000, 1.000000000000000000, -0.0000000000000000000 ) ) ;
#374 = CARTESIAN_POINT ( 'NONE',  ( -4.807813688941523700, -5.400000000000000400, 4.949235045178852500 ) ) ;
#375 = CIRCLE ( 'NONE', #3235, 0.6000000000000003100 ) ;
#376 = LINE ( 'NONE', #3107, #1259 ) ;
#377 = VERTEX_POINT ( 'NONE', #672 ) ;
#378 = CARTESIAN_POINT ( 'NONE',  ( 1.053196247266723700E-015, 3.150000000000000800, 8.599999999999999600 ) ) ;
#379 = CARTESIAN_POINT ( 'NONE',  ( -4.595658360009376300, -5.400000000000000400, -4.737079716246702400 ) ) ;
#380 = AXIS2_PLACEMENT_3D ( 'NONE', #921, #594, #271 ) ;
#381 = AXIS2_PLACEMENT_3D ( 'NONE', #3268, #1348, #3583 ) ;
#382 = VERTEX_POINT ( 'NONE', #622 ) ;
#383 =( GEOMETRIC_REPRESENTATION_CONTEXT ( 3 ) GLOBAL_UNCERTAINTY_ASSIGNED_CONTEXT ( ( #3611 ) ) GLOBAL_UNIT_ASSIGNED_CONTEXT ( ( #2324, #3963, #3938 ) ) REPRESENTATION_CONTEXT ( 'NONE', 'WORKASPACE' ) );
#384 = VERTEX_POINT ( 'NONE', #616 ) ;
#385 = COLOUR_RGB ( '',0.7960784313725489700, 0.8235294117647058400, 0.9372549019607843100 ) ;
#386 = PRESENTATION_LAYER_ASSIGNMENT (  '', '', ( #167 ) ) ;
#387 = ORIENTED_EDGE ( 'NONE', *, *, #1538, .T. ) ;
#388 = CARTESIAN_POINT ( 'NONE',  ( 2.500000000000000400, -4.900000000000000400, 0.0000000000000000000 ) ) ;
#389 = ORIENTED_EDGE ( 'NONE', *, *, #2716, .F. ) ;
#390 = AXIS2_PLACEMENT_3D ( 'NONE', #1300, #3542, #1622 ) ;
#391 =( LENGTH_UNIT ( ) NAMED_UNIT ( * ) SI_UNIT ( .MILLI., .METRE. ) );
#392 = MECHANICAL_DESIGN_GEOMETRIC_PRESENTATION_REPRESENTATION (  '', ( #419 ), #383 ) ;
#393 = CIRCLE ( 'NONE', #536, 0.1000000000000002600 ) ;
#394 = CARTESIAN_POINT ( 'NONE',  ( 1.236893267138826600E-015, 3.150000000000000800, -9.799999999999998900 ) ) ;
#395 = ORIENTED_EDGE ( 'NONE', *, *, #1395, .T. ) ;
#396 = ORIENTED_EDGE ( 'NONE', *, *, #3182, .F. ) ;
#397 = DIRECTION ( 'NONE',  ( 0.0000000000000000000, 0.0000000000000000000, 1.000000000000000000 ) ) ;
#398 = CARTESIAN_POINT ( 'NONE',  ( -2.300000000000000300, -5.500000000000000900, 1.275000000000000400 ) ) ;
#399 = VERTEX_POINT ( 'NONE', #572 ) ;
#400 = CARTESIAN_POINT ( 'NONE',  ( -4.595658360009376300, -5.500000000000000900, -4.537079716246703100 ) ) ;
#401 = PRESENTATION_STYLE_ASSIGNMENT (( #1495 ) ) ;
#402 = PRESENTATION_LAYER_ASSIGNMENT (  '', '', ( #419 ) ) ;
#403 = CARTESIAN_POINT ( 'NONE',  ( 0.0000000000000000000, 2.550000000000001200, -10.40000000000000000 ) ) ;
#404 = FILL_AREA_STYLE_COLOUR ( '', #3160 ) ;
#405 = DIRECTION ( 'NONE',  ( 0.0000000000000000000, 0.0000000000000000000, -1.000000000000000000 ) ) ;
#406 = FILL_AREA_STYLE_COLOUR ( '', #385 ) ;
#407 = FILL_AREA_STYLE ('',( #1360 ) ) ;
#408 = AXIS2_PLACEMENT_3D ( 'NONE', #369, #12, #3317 ) ;
#409 = SURFACE_STYLE_USAGE ( .BOTH. , #2361 ) ;
#410 = PRESENTATION_LAYER_ASSIGNMENT (  '', '', ( #441 ) ) ;
#411 = PRESENTATION_LAYER_ASSIGNMENT (  '', '', ( #4069 ) ) ;
#412 = ADVANCED_FACE ( 'NONE', ( #2390 ), #2946, .F. ) ;
#413 = CARTESIAN_POINT ( 'NONE',  ( 2.299999999999999800, -11.80000000000000100, -0.6500000000000000200 ) ) ;
#414 = CARTESIAN_POINT ( 'NONE',  ( -4.450000000000000200, -5.900000000000001200, -2.470246229790972900E-016 ) ) ;
#415 = FACE_OUTER_BOUND ( 'NONE', #3146, .T. ) ;
#416 = UNCERTAINTY_MEASURE_WITH_UNIT (LENGTH_MEASURE( 1.000000000000000100E-005 ), #2387, 'distance_accuracy_value', 'NONE');
#417 = PLANE ( 'NONE',  #3820 ) ;
#418 = CIRCLE ( 'NONE', #1997, 0.1000000000000004800 ) ;
#419 = STYLED_ITEM ( 'NONE', ( #3228 ), #581 ) ;
#420 = CIRCLE ( 'NONE', #3913, 0.1999999999999996500 ) ;
#421 = LINE ( 'NONE', #1550, #3747 ) ;
#422 = EDGE_LOOP ( 'NONE', ( #3923, #3021, #2223, #3598 ) ) ;
#423 = ADVANCED_FACE ( 'NONE', ( #3244 ), #1008, .T. ) ;
#424 = UNCERTAINTY_MEASURE_WITH_UNIT (LENGTH_MEASURE( 1.000000000000000100E-005 ), #3036, 'distance_accuracy_value', 'NONE');
#425 = COLOUR_RGB ( '',0.7960784313725489700, 0.8235294117647058400, 0.9372549019607843100 ) ;
#426 = VERTEX_POINT ( 'NONE', #394 ) ;
#427 = LINE ( 'NONE', #2319, #2186 ) ;
#428 = DIRECTION ( 'NONE',  ( 0.0000000000000000000, 0.0000000000000000000, -1.000000000000000000 ) ) ;
#429 =( NAMED_UNIT ( * ) SI_UNIT ( $, .STERADIAN. ) SOLID_ANGLE_UNIT ( ) );
#430 = COLOUR_RGB ( '',0.7960784313725489700, 0.8235294117647058400, 0.9372549019607843100 ) ;
#431 =( NAMED_UNIT ( * ) PLANE_ANGLE_UNIT ( ) SI_UNIT ( $, .RADIAN. ) );
#432 = SURFACE_STYLE_FILL_AREA ( #1443 ) ;
#433 = SURFACE_SIDE_STYLE ('',( #1710 ) ) ;
#434 = FILL_AREA_STYLE ('',( #2047 ) ) ;
#435 = EDGE_LOOP ( 'NONE', ( #1570, #2782, #366, #2123 ) ) ;
#436 = MECHANICAL_DESIGN_GEOMETRIC_PRESENTATION_REPRESENTATION (  '', ( #830 ), #663 ) ;
#437 =( NAMED_UNIT ( * ) PLANE_ANGLE_UNIT ( ) SI_UNIT ( $, .RADIAN. ) );
#438 = STYLED_ITEM ( 'NONE', ( #3449 ), #3850 ) ;
#439 = LINE ( 'NONE', #1326, #1321 ) ;
#440 = ORIENTED_EDGE ( 'NONE', *, *, #1219, .F. ) ;
#441 = STYLED_ITEM ( 'NONE', ( #3616 ), #2358 ) ;
#442 = DIRECTION ( 'NONE',  ( 1.000000000000000000, 0.0000000000000000000, 0.0000000000000000000 ) ) ;
#443 = CARTESIAN_POINT ( 'NONE',  ( -9.683594139249093400, -5.300000000000001600, 1.850000000000000300 ) ) ;
#444 = ORIENTED_EDGE ( 'NONE', *, *, #2117, .F. ) ;
#445 = ORIENTED_EDGE ( 'NONE', *, *, #1210, .T. ) ;
#446 = PRESENTATION_LAYER_ASSIGNMENT (  '', '', ( #1728 ) ) ;
#447 = ORIENTED_EDGE ( 'NONE', *, *, #3157, .T. ) ;
#448 = CARTESIAN_POINT ( 'NONE',  ( 0.0000000000000000000, -5.400000000000000400, 0.0000000000000000000 ) ) ;
#449 =( GEOMETRIC_REPRESENTATION_CONTEXT ( 3 ) GLOBAL_UNCERTAINTY_ASSIGNED_CONTEXT ( ( #3455 ) ) GLOBAL_UNIT_ASSIGNED_CONTEXT ( ( #1344, #1295, #990 ) ) REPRESENTATION_CONTEXT ( 'NONE', 'WORKASPACE' ) );
#450 = PRESENTATION_STYLE_ASSIGNMENT (( #900 ) ) ;
#451 =( NAMED_UNIT ( * ) PLANE_ANGLE_UNIT ( ) SI_UNIT ( $, .RADIAN. ) );
#452 = CARTESIAN_POINT ( 'NONE',  ( -5.999999999999999100, -5.900000000000001200, -1.850000000000001200 ) ) ;
#453 = SURFACE_SIDE_STYLE ('',( #2570 ) ) ;
#454 = EDGE_LOOP ( 'NONE', ( #1156, #22, #2755, #1863 ) ) ;
#455 = DIRECTION ( 'NONE',  ( 0.0000000000000000000, 0.0000000000000000000, -1.000000000000000000 ) ) ;
#456 = MECHANICAL_DESIGN_GEOMETRIC_PRESENTATION_REPRESENTATION (  '', ( #488 ), #449 ) ;
#457 = PRESENTATION_STYLE_ASSIGNMENT (( #266 ) ) ;
#458 = CARTESIAN_POINT ( 'NONE',  ( 2.299999999999999800, -11.80000000000000100, 0.6500000000000000200 ) ) ;
#459 = DIRECTION ( 'NONE',  ( 0.0000000000000000000, 0.0000000000000000000, 1.000000000000000000 ) ) ;
#460 = VERTEX_POINT ( 'NONE', #177 ) ;
#461 =( NAMED_UNIT ( * ) SI_UNIT ( $, .STERADIAN. ) SOLID_ANGLE_UNIT ( ) );
#462 =( NAMED_UNIT ( * ) SI_UNIT ( $, .STERADIAN. ) SOLID_ANGLE_UNIT ( ) );
#463 =( NAMED_UNIT ( * ) PLANE_ANGLE_UNIT ( ) SI_UNIT ( $, .RADIAN. ) );
#464 = CARTESIAN_POINT ( 'NONE',  ( -9.676470782290497400, -5.098254692900326300, 1.850000000000000300 ) ) ;
#465 = CARTESIAN_POINT ( 'NONE',  ( 0.07071067811865268400, -5.299999999999999800, 0.07071067811865232300 ) ) ;
#466 =( NAMED_UNIT ( * ) SI_UNIT ( $, .STERADIAN. ) SOLID_ANGLE_UNIT ( ) );
#467 = FILL_AREA_STYLE_COLOUR ( '', #2741 ) ;
#468 = DIRECTION ( 'NONE',  ( 1.000000000000000000, 0.0000000000000000000, -0.0000000000000000000 ) ) ;
#469 = PRESENTATION_LAYER_ASSIGNMENT (  '', '', ( #488 ) ) ;
#470 = ORIENTED_EDGE ( 'NONE', *, *, #1128, .T. ) ;
#471 = MECHANICAL_DESIGN_GEOMETRIC_PRESENTATION_REPRESENTATION (  '', ( #19 ), #4125 ) ;
#472 = CARTESIAN_POINT ( 'NONE',  ( -2.700000000000000600, -12.15000000000000000, -0.4000000000000006300 ) ) ;
#473 =( GEOMETRIC_REPRESENTATION_CONTEXT ( 3 ) GLOBAL_UNCERTAINTY_ASSIGNED_CONTEXT ( ( #3665 ) ) GLOBAL_UNIT_ASSIGNED_CONTEXT ( ( #3280, #1359, #3589 ) ) REPRESENTATION_CONTEXT ( 'NONE', 'WORKASPACE' ) );
#474 = AXIS2_PLACEMENT_3D ( 'NONE', #3551, #2269, #1971 ) ;
#475 =( NAMED_UNIT ( * ) PLANE_ANGLE_UNIT ( ) SI_UNIT ( $, .RADIAN. ) );
#476 =( NAMED_UNIT ( * ) SI_UNIT ( $, .STERADIAN. ) SOLID_ANGLE_UNIT ( ) );
#477 = FACE_OUTER_BOUND ( 'NONE', #3827, .T. ) ;
#478 = ORIENTED_EDGE ( 'NONE', *, *, #2325, .T. ) ;
#479 =( NAMED_UNIT ( * ) PLANE_ANGLE_UNIT ( ) SI_UNIT ( $, .RADIAN. ) );
#480 =( NAMED_UNIT ( * ) PLANE_ANGLE_UNIT ( ) SI_UNIT ( $, .RADIAN. ) );
#481 = CIRCLE ( 'NONE', #2236, 0.1000000000000001400 ) ;
#482 =( NAMED_UNIT ( * ) PLANE_ANGLE_UNIT ( ) SI_UNIT ( $, .RADIAN. ) );
#483 = SURFACE_SIDE_STYLE ('',( #1203 ) ) ;
#484 = VECTOR ( 'NONE', #1787, 1000.000000000000000 ) ;
#485 = SURFACE_STYLE_USAGE ( .BOTH. , #2434 ) ;
#486 = CARTESIAN_POINT ( 'NONE',  ( -2.300000000000000300, -5.500000000000000900, -1.899999999999999900 ) ) ;
#487 = DIRECTION ( 'NONE',  ( 0.0000000000000000000, 0.0000000000000000000, 1.000000000000000000 ) ) ;
#488 = STYLED_ITEM ( 'NONE', ( #1830 ), #576 ) ;
#489 = ORIENTED_EDGE ( 'NONE', *, *, #2003, .T. ) ;
#490 = DIRECTION ( 'NONE',  ( -1.224646799147350500E-016, 1.000000000000000000, -0.0000000000000000000 ) ) ;
#491 = PRESENTATION_STYLE_ASSIGNMENT (( #1494 ) ) ;
#492 = DIRECTION ( 'NONE',  ( -0.0000000000000000000, -1.000000000000000000, -0.0000000000000000000 ) ) ;
#493 = LINE ( 'NONE', #1689, #3801 ) ;
#494 = ADVANCED_FACE ( 'NONE', ( #1795 ), #3991, .T. ) ;
#495 = CARTESIAN_POINT ( 'NONE',  ( -4.526027172736506900, -5.400000000000000400, -4.665305781152055100 ) ) ;
#496 =( GEOMETRIC_REPRESENTATION_CONTEXT ( 3 ) GLOBAL_UNCERTAINTY_ASSIGNED_CONTEXT ( ( #3199 ) ) GLOBAL_UNIT_ASSIGNED_CONTEXT ( ( #1947, #2903, #2897 ) ) REPRESENTATION_CONTEXT ( 'NONE', 'WORKASPACE' ) );
#497 = ORIENTED_EDGE ( 'NONE', *, *, #1301, .F. ) ;
#498 = ORIENTED_EDGE ( 'NONE', *, *, #2521, .T. ) ;
#499 = CARTESIAN_POINT ( 'NONE',  ( 2.700000000000000200, -11.45000000000000100, -0.04999999999999969700 ) ) ;
#500 = CARTESIAN_POINT ( 'NONE',  ( 2.700000000000000200, -10.00000000000000200, -0.3999999999999999700 ) ) ;
#501 = DIRECTION ( 'NONE',  ( 5.551115123125781500E-017, 0.0000000000000000000, -1.000000000000000000 ) ) ;
#502 = LINE ( 'NONE', #870, #1276 ) ;
#503 = PRESENTATION_LAYER_ASSIGNMENT (  '', '', ( #4057 ) ) ;
#504 = EDGE_LOOP ( 'NONE', ( #4052, #1424, #1575, #1615 ) ) ;
#505 = ORIENTED_EDGE ( 'NONE', *, *, #2317, .T. ) ;
#506 = EDGE_LOOP ( 'NONE', ( #703, #809, #3384, #2630 ) ) ;
#507 = AXIS2_PLACEMENT_3D ( 'NONE', #777, #2095, #117 ) ;
#508 = MECHANICAL_DESIGN_GEOMETRIC_PRESENTATION_REPRESENTATION (  '', ( #542 ), #496 ) ;
#509 = SURFACE_STYLE_FILL_AREA ( #66 ) ;
#510 = CARTESIAN_POINT ( 'NONE',  ( -4.595658360009376300, -5.500000000000000900, -4.737079716246702400 ) ) ;
#511 = CARTESIAN_POINT ( 'NONE',  ( -2.299999999999998500, -4.900000000000001200, 0.6999999999999998400 ) ) ;
#512 = ORIENTED_EDGE ( 'NONE', *, *, #3202, .T. ) ;
#513 = AXIS2_PLACEMENT_3D ( 'NONE', #2895, #943, #3209 ) ;
#514 = PRESENTATION_STYLE_ASSIGNMENT (( #3122 ) ) ;
#515 = CARTESIAN_POINT ( 'NONE',  ( -2.299999999999998500, -4.900000000000001200, -0.7000000000000002900 ) ) ;
#516 = DIRECTION ( 'NONE',  ( -0.0000000000000000000, 1.000000000000000000, -0.0000000000000000000 ) ) ;
#517 =( LENGTH_UNIT ( ) NAMED_UNIT ( * ) SI_UNIT ( .MILLI., .METRE. ) );
#518 = CARTESIAN_POINT ( 'NONE',  ( -9.673514293310235600, -4.765503128582863300, 1.850000000000000300 ) ) ;
#519 = CARTESIAN_POINT ( 'NONE',  ( -2.299999999999998500, -5.900000000000001200, -0.7000000000000002900 ) ) ;
#520 = CARTESIAN_POINT ( 'NONE',  ( 1.004210375300829500E-015, -5.999999999999999100, 8.199999999999999300 ) ) ;
#521 = COLOUR_RGB ( '',0.7960784313725489700, 0.8235294117647058400, 0.9372549019607843100 ) ;
#522 = PRESENTATION_LAYER_ASSIGNMENT (  '', '', ( #542 ) ) ;
#523 = CARTESIAN_POINT ( 'NONE',  ( -4.807813688941523700, -5.400000000000000400, 4.949235045178852500 ) ) ;
#524 = DIRECTION ( 'NONE',  ( 0.0000000000000000000, 0.0000000000000000000, -1.000000000000000000 ) ) ;
#525 = CARTESIAN_POINT ( 'NONE',  ( -9.673393133216617200, -4.751866718337971900, -1.850000000000001200 ) ) ;
#526 = SURFACE_STYLE_USAGE ( .BOTH. , #548 ) ;
#527 = DIRECTION ( 'NONE',  ( 0.0000000000000000000, 1.000000000000000000, 0.0000000000000000000 ) ) ;
#528 = PRESENTATION_STYLE_ASSIGNMENT (( #2341 ) ) ;
#529 = CARTESIAN_POINT ( 'NONE',  ( 2.299999999999999800, -3.900000000000001700, -0.6500000000000000200 ) ) ;
#530 = ORIENTED_EDGE ( 'NONE', *, *, #1530, .T. ) ;
#531 =( GEOMETRIC_REPRESENTATION_CONTEXT ( 3 ) GLOBAL_UNCERTAINTY_ASSIGNED_CONTEXT ( ( #883 ) ) GLOBAL_UNIT_ASSIGNED_CONTEXT ( ( #2161, #202, #2483 ) ) REPRESENTATION_CONTEXT ( 'NONE', 'WORKASPACE' ) );
#532 = AXIS2_PLACEMENT_3D ( 'NONE', #1044, #3849, #3841 ) ;
#533 = FACE_OUTER_BOUND ( 'NONE', #3618, .T. ) ;
#534 = SPHERICAL_SURFACE ( 'NONE', #3464, 0.1000000000000000100 ) ;
#535 = ORIENTED_EDGE ( 'NONE', *, *, #1930, .F. ) ;
#536 = AXIS2_PLACEMENT_3D ( 'NONE', #4089, #2257, #292 ) ;
#537 = VECTOR ( 'NONE', #2241, 999.9999999999998900 ) ;
#538 = DIRECTION ( 'NONE',  ( 0.0000000000000000000, -1.000000000000000000, 1.505836350674312200E-016 ) ) ;
#539 = CARTESIAN_POINT ( 'NONE',  ( 1.236893267138826600E-015, -5.999999999999999100, 9.799999999999998900 ) ) ;
#540 = AXIS2_PLACEMENT_3D ( 'NONE', #1641, #2605, #3851 ) ;
#541 = CYLINDRICAL_SURFACE ( 'NONE', #2645, 0.1000000000000000200 ) ;
#542 = STYLED_ITEM ( 'NONE', ( #626 ), #549 ) ;
#543 = ORIENTED_EDGE ( 'NONE', *, *, #3131, .T. ) ;
#544 = CARTESIAN_POINT ( 'NONE',  ( -2.300000000000000300, -5.134314575050762400, 0.6500000000000003600 ) ) ;
#545 = FACE_OUTER_BOUND ( 'NONE', #14, .T. ) ;
#546 = ORIENTED_EDGE ( 'NONE', *, *, #2470, .F. ) ;
#547 = CARTESIAN_POINT ( 'NONE',  ( -2.300000000000000300, -5.500000000000000900, 1.899999999999999900 ) ) ;
#548 = SURFACE_SIDE_STYLE ('',( #3341 ) ) ;
#549 = ADVANCED_FACE ( 'NONE', ( #1493 ), #105, .F. ) ;
#550 = CARTESIAN_POINT ( 'NONE',  ( -2.300000000000000300, -5.134314575050762400, -0.6500000000000001300 ) ) ;
#551 = DIRECTION ( 'NONE',  ( -0.0000000000000000000, 1.000000000000000000, -0.0000000000000000000 ) ) ;
#552 = PLANE ( 'NONE',  #2238 ) ;
#553 =( GEOMETRIC_REPRESENTATION_CONTEXT ( 3 ) GLOBAL_UNCERTAINTY_ASSIGNED_CONTEXT ( ( #3006 ) ) GLOBAL_UNIT_ASSIGNED_CONTEXT ( ( #20, #7, #3926 ) ) REPRESENTATION_CONTEXT ( 'NONE', 'WORKASPACE' ) );
#554 = FILL_AREA_STYLE ('',( #4031 ) ) ;
#555 = LINE ( 'NONE', #111, #3027 ) ;
#556 = ORIENTED_EDGE ( 'NONE', *, *, #3175, .F. ) ;
#557 =( NAMED_UNIT ( * ) PLANE_ANGLE_UNIT ( ) SI_UNIT ( $, .RADIAN. ) );
#558 = CARTESIAN_POINT ( 'NONE',  ( 1.273632671113247300E-015, 0.1293752051230246100, 10.40000000000000000 ) ) ;
#559 = ORIENTED_EDGE ( 'NONE', *, *, #1445, .T. ) ;
#560 = CARTESIAN_POINT ( 'NONE',  ( 0.0000000000000000000, -5.400000000000000400, 6.499999999999999100 ) ) ;
#561 = MECHANICAL_DESIGN_GEOMETRIC_PRESENTATION_REPRESENTATION (  '', ( #580 ), #553 ) ;
#562 = UNCERTAINTY_MEASURE_WITH_UNIT (LENGTH_MEASURE( 1.000000000000000100E-005 ), #3323, 'distance_accuracy_value', 'NONE');
#563 = ORIENTED_EDGE ( 'NONE', *, *, #1115, .F. ) ;
#564 = PRESENTATION_STYLE_ASSIGNMENT (( #4030 ) ) ;
#565 = AXIS2_PLACEMENT_3D ( 'NONE', #1273, #3517, #1593 ) ;
#566 = CARTESIAN_POINT ( 'NONE',  ( -2.165986872173525100, -5.100000000000000500, 0.6605762924691800400 ) ) ;
#567 = STYLED_ITEM ( 'NONE', ( #3654 ), #2611 ) ;
#568 = PRESENTATION_LAYER_ASSIGNMENT (  '', '', ( #580 ) ) ;
#569 = DIRECTION ( 'NONE',  ( 1.000000000000000000, -1.445602896647339500E-015, 0.0000000000000000000 ) ) ;
#570 = UNCERTAINTY_MEASURE_WITH_UNIT (LENGTH_MEASURE( 1.000000000000000100E-005 ), #3429, 'distance_accuracy_value', 'NONE');
#571 = DIRECTION ( 'NONE',  ( 0.0000000000000000000, 0.0000000000000000000, 1.000000000000000000 ) ) ;
#572 = CARTESIAN_POINT ( 'NONE',  ( -9.461104586674856900, -5.500000000000000900, 1.900000000000004400 ) ) ;
#573 = FILL_AREA_STYLE ('',( #1548 ) ) ;
#574 = AXIS2_PLACEMENT_3D ( 'NONE', #333, #212, #196 ) ;
#575 = DIRECTION ( 'NONE',  ( 0.0000000000000000000, -1.000000000000000000, 0.0000000000000000000 ) ) ;
#576 = ADVANCED_FACE ( 'NONE', ( #2901 ), #1758, .F. ) ;
#577 = ORIENTED_EDGE ( 'NONE', *, *, #2669, .F. ) ;
#578 =( LENGTH_UNIT ( ) NAMED_UNIT ( * ) SI_UNIT ( .MILLI., .METRE. ) );
#579 = CARTESIAN_POINT ( 'NONE',  ( -2.300000000000000300, -5.500000000000000900, -0.6500000000000001300 ) ) ;
#580 = STYLED_ITEM ( 'NONE', ( #147 ), #494 ) ;
#581 = ADVANCED_FACE ( 'NONE', ( #4025 ), #329, .T. ) ;
#582 = ORIENTED_EDGE ( 'NONE', *, *, #1530, .F. ) ;
#583 = FILL_AREA_STYLE_COLOUR ( '', #3511 ) ;
#584 = FILL_AREA_STYLE_COLOUR ( '', #1340 ) ;
#585 = AXIS2_PLACEMENT_3D ( 'NONE', #222, #2506, #615 ) ;
#586 = CARTESIAN_POINT ( 'NONE',  ( -9.522824485560835900, -4.899999999999999500, 1.849999999999999900 ) ) ;
#587 = LINE ( 'NONE', #677, #3869 ) ;
#588 = VERTEX_POINT ( 'NONE', #3862 ) ;
#589 = CARTESIAN_POINT ( 'NONE',  ( -2.277768080224149100, -5.594352183978706700, 0.6492630277078731400 ) ) ;
#590 =( GEOMETRIC_REPRESENTATION_CONTEXT ( 3 ) GLOBAL_UNCERTAINTY_ASSIGNED_CONTEXT ( ( #2885 ) ) GLOBAL_UNIT_ASSIGNED_CONTEXT ( ( #262, #252, #237 ) ) REPRESENTATION_CONTEXT ( 'NONE', 'WORKASPACE' ) );
#591 = CIRCLE ( 'NONE', #1029, 6.900000000000001200 ) ;
#592 = DIRECTION ( 'NONE',  ( 0.0000000000000000000, 0.0000000000000000000, 1.000000000000000000 ) ) ;
#593 = AXIS2_PLACEMENT_3D ( 'NONE', #3134, #1198, #3457 ) ;
#594 = DIRECTION ( 'NONE',  ( 0.7071067811865475700, 0.0000000000000000000, 0.7071067811865475700 ) ) ;
#595 = AXIS2_PLACEMENT_3D ( 'NONE', #3265, #1346, #3578 ) ;
#596 = ORIENTED_EDGE ( 'NONE', *, *, #2923, .T. ) ;
#597 = SURFACE_STYLE_FILL_AREA ( #763 ) ;
#598 = DIRECTION ( 'NONE',  ( 0.0000000000000000000, 1.000000000000000000, 0.0000000000000000000 ) ) ;
#599 = VECTOR ( 'NONE', #2010, 1000.000000000000000 ) ;
#600 = MECHANICAL_DESIGN_GEOMETRIC_PRESENTATION_REPRESENTATION (  '', ( #627 ), #590 ) ;
#601 = DIRECTION ( 'NONE',  ( 1.000000000000000000, 0.0000000000000000000, -0.0000000000000000000 ) ) ;
#602 = CARTESIAN_POINT ( 'NONE',  ( -2.202693857740746900, -5.520502818022961800, -0.6564727297161568900 ) ) ;
#603 = ORIENTED_EDGE ( 'NONE', *, *, #1557, .T. ) ;
#604 = ORIENTED_EDGE ( 'NONE', *, *, #1357, .T. ) ;
#605 = DIRECTION ( 'NONE',  ( -0.0000000000000000000, -1.000000000000000000, -0.0000000000000000000 ) ) ;
#606 = CARTESIAN_POINT ( 'NONE',  ( -4.737079716246686400, -5.500000000000000900, -4.595658360009394100 ) ) ;
#607 = CIRCLE ( 'NONE', #647, 0.1000000000000002600 ) ;
#608 = ORIENTED_EDGE ( 'NONE', *, *, #1418, .T. ) ;
#609 = VERTEX_POINT ( 'NONE', #3874 ) ;
#610 = ORIENTED_EDGE ( 'NONE', *, *, #1145, .F. ) ;
#611 = COLOUR_RGB ( '',0.7960784313725489700, 0.8235294117647058400, 0.9372549019607843100 ) ;
#612 = AXIS2_PLACEMENT_3D ( 'NONE', #374, #343, #2188 ) ;
#613 = DIRECTION ( 'NONE',  ( -0.0000000000000000000, 1.000000000000000000, -0.0000000000000000000 ) ) ;
#614 = ORIENTED_EDGE ( 'NONE', *, *, #2608, .T. ) ;
#615 = DIRECTION ( 'NONE',  ( 0.0000000000000000000, 0.0000000000000000000, 1.000000000000000000 ) ) ;
#616 = CARTESIAN_POINT ( 'NONE',  ( -4.877492148201546300, -5.400000000000000400, -5.020963089311879700 ) ) ;
#617 = PRESENTATION_LAYER_ASSIGNMENT (  '', '', ( #1382 ) ) ;
#618 = AXIS2_PLACEMENT_3D ( 'NONE', #414, #598, #405 ) ;
#619 = FACE_OUTER_BOUND ( 'NONE', #24, .T. ) ;
#620 = AXIS2_PLACEMENT_3D ( 'NONE', #752, #737, #2099 ) ;
#621 = UNCERTAINTY_MEASURE_WITH_UNIT (LENGTH_MEASURE( 1.000000000000000100E-005 ), #2378, 'distance_accuracy_value', 'NONE');
#622 = CARTESIAN_POINT ( 'NONE',  ( -2.299999999999998000, -5.900000000000001200, 1.850000000000000300 ) ) ;
#623 = SURFACE_STYLE_USAGE ( .BOTH. , #2558 ) ;
#624 = MECHANICAL_DESIGN_GEOMETRIC_PRESENTATION_REPRESENTATION (  '', ( #2219 ), #687 ) ;
#625 = DIRECTION ( 'NONE',  ( 0.0000000000000000000, 0.0000000000000000000, -1.000000000000000000 ) ) ;
#626 = PRESENTATION_STYLE_ASSIGNMENT (( #2999 ) ) ;
#627 = STYLED_ITEM ( 'NONE', ( #457 ), #423 ) ;
#628 = ORIENTED_EDGE ( 'NONE', *, *, #1165, .F. ) ;
#629 = SURFACE_STYLE_FILL_AREA ( #1303 ) ;
#630 = UNCERTAINTY_MEASURE_WITH_UNIT (LENGTH_MEASURE( 1.000000000000000100E-005 ), #3162, 'distance_accuracy_value', 'NONE');
#631 = CARTESIAN_POINT ( 'NONE',  ( -4.807813688941523700, -5.500000000000000900, -4.949235045178851600 ) ) ;
#632 = FILL_AREA_STYLE_COLOUR ( '', #1170 ) ;
#633 = VERTEX_POINT ( 'NONE', #3893 ) ;
#634 = PRESENTATION_LAYER_ASSIGNMENT (  '', '', ( #627 ) ) ;
#635 =( NAMED_UNIT ( * ) SI_UNIT ( $, .STERADIAN. ) SOLID_ANGLE_UNIT ( ) );
#636 = CARTESIAN_POINT ( 'NONE',  ( -2.700000000000000600, -12.15000000000000000, -0.4000000000000006300 ) ) ;
#637 = LINE ( 'NONE', #3291, #3115 ) ;
#638 = FILL_AREA_STYLE_COLOUR ( '', #1402 ) ;
#639 = ORIENTED_EDGE ( 'NONE', *, *, #1317, .F. ) ;
#640 = COLOUR_RGB ( '',0.7960784313725489700, 0.8235294117647058400, 0.9372549019607843100 ) ;
#641 = PRESENTATION_STYLE_ASSIGNMENT (( #1290 ) ) ;
#642 = CIRCLE ( 'NONE', #1353, 0.1000000000000001400 ) ;
#643 =( GEOMETRIC_REPRESENTATION_CONTEXT ( 3 ) GLOBAL_UNCERTAINTY_ASSIGNED_CONTEXT ( ( #2699 ) ) GLOBAL_UNIT_ASSIGNED_CONTEXT ( ( #517, #479, #462 ) ) REPRESENTATION_CONTEXT ( 'NONE', 'WORKASPACE' ) );
#644 = CYLINDRICAL_SURFACE ( 'NONE', #2997, 1.625000000000000700 ) ;
#645 = DIRECTION ( 'NONE',  ( 0.0000000000000000000, 1.000000000000000000, 0.0000000000000000000 ) ) ;
#646 = VERTEX_POINT ( 'NONE', #3677 ) ;
#647 = AXIS2_PLACEMENT_3D ( 'NONE', #2156, #191, #2475 ) ;
#648 =( NAMED_UNIT ( * ) PLANE_ANGLE_UNIT ( ) SI_UNIT ( $, .RADIAN. ) );
#649 = CARTESIAN_POINT ( 'NONE',  ( -8.694992273946209700E-016, -5.400000000000000400, -7.100000000000002300 ) ) ;
#650 = MECHANICAL_DESIGN_GEOMETRIC_PRESENTATION_REPRESENTATION (  '', ( #657 ), #643 ) ;
#651 = DIRECTION ( 'NONE',  ( -1.000000000000000000, 0.0000000000000000000, 0.0000000000000000000 ) ) ;
#652 = AXIS2_PLACEMENT_3D ( 'NONE', #885, #970, #697 ) ;
#653 = SURFACE_SIDE_STYLE ('',( #4110 ) ) ;
#654 = DIRECTION ( 'NONE',  ( 0.6963118727286931000, 0.0000000000000000000, -0.7177393509464701200 ) ) ;
#655 = ORIENTED_EDGE ( 'NONE', *, *, #2446, .F. ) ;
#656 = CARTESIAN_POINT ( 'NONE',  ( -6.000000000000000000, -5.300000000000001600, -1.850000000000001200 ) ) ;
#657 = STYLED_ITEM ( 'NONE', ( #769 ), #412 ) ;
#658 = CIRCLE ( 'NONE', #1162, 10.40000000000000000 ) ;
#659 = ORIENTED_EDGE ( 'NONE', *, *, #1791, .F. ) ;
#660 = FILL_AREA_STYLE ('',( #800 ) ) ;
#661 = ADVANCED_FACE ( 'NONE', ( #1215 ), #2621, .T. ) ;
#662 = ORIENTED_EDGE ( 'NONE', *, *, #1964, .F. ) ;
#663 =( GEOMETRIC_REPRESENTATION_CONTEXT ( 3 ) GLOBAL_UNCERTAINTY_ASSIGNED_CONTEXT ( ( #2905 ) ) GLOBAL_UNIT_ASSIGNED_CONTEXT ( ( #3465, #557, #219 ) ) REPRESENTATION_CONTEXT ( 'NONE', 'WORKASPACE' ) );
#664 = PRESENTATION_STYLE_ASSIGNMENT (( #144 ) ) ;
#665 = CARTESIAN_POINT ( 'NONE',  ( -2.749999999999998700, -4.900000000000001200, 0.6999999999999999600 ) ) ;
#666 = SURFACE_STYLE_FILL_AREA ( #2321 ) ;
#667 =( LENGTH_UNIT ( ) NAMED_UNIT ( * ) SI_UNIT ( .MILLI., .METRE. ) );
#668 = SURFACE_SIDE_STYLE ('',( #974 ) ) ;
#669 = CARTESIAN_POINT ( 'NONE',  ( 2.500000000000000400, -4.900000000000000400, 1.700000000000000800 ) ) ;
#670 = AXIS2_PLACEMENT_3D ( 'NONE', #1154, #3408, #1486 ) ;
#671 = CARTESIAN_POINT ( 'NONE',  ( -9.675296461287416600, -4.966084897616694200, -1.850000000000001200 ) ) ;
#672 = CARTESIAN_POINT ( 'NONE',  ( -8.511295254074105400E-016, -5.299999999999999800, -6.899999999999999500 ) ) ;
#673 = PRESENTATION_LAYER_ASSIGNMENT (  '', '', ( #657 ) ) ;
#674 = ORIENTED_EDGE ( 'NONE', *, *, #1497, .T. ) ;
#675 =( GEOMETRIC_REPRESENTATION_CONTEXT ( 3 ) GLOBAL_UNCERTAINTY_ASSIGNED_CONTEXT ( ( #2573 ) ) GLOBAL_UNIT_ASSIGNED_CONTEXT ( ( #817, #797, #768 ) ) REPRESENTATION_CONTEXT ( 'NONE', 'WORKASPACE' ) );
#676 = SURFACE_STYLE_USAGE ( .BOTH. , #709 ) ;
#677 = CARTESIAN_POINT ( 'NONE',  ( -2.700000000000000600, -5.500000000000000900, 0.4000000000000009700 ) ) ;
#678 = FILL_AREA_STYLE_COLOUR ( '', #2508 ) ;
#679 =( LENGTH_UNIT ( ) NAMED_UNIT ( * ) SI_UNIT ( .MILLI., .METRE. ) );
#680 = PRESENTATION_STYLE_ASSIGNMENT (( #3161 ) ) ;
#681 = UNCERTAINTY_MEASURE_WITH_UNIT (LENGTH_MEASURE( 1.000000000000000100E-005 ), #1862, 'distance_accuracy_value', 'NONE');
#682 = COLOUR_RGB ( '',1.000000000000000000, 1.000000000000000000, 1.000000000000000000 ) ;
#683 = CIRCLE ( 'NONE', #595, 6.500000000000000900 ) ;
#684 = ORIENTED_EDGE ( 'NONE', *, *, #1796, .T. ) ;
#685 = DIRECTION ( 'NONE',  ( 0.0000000000000000000, 1.000000000000000000, 0.0000000000000000000 ) ) ;
#686 = PRESENTATION_STYLE_ASSIGNMENT (( #2924 ) ) ;
#687 =( GEOMETRIC_REPRESENTATION_CONTEXT ( 3 ) GLOBAL_UNCERTAINTY_ASSIGNED_CONTEXT ( ( #1129 ) ) GLOBAL_UNIT_ASSIGNED_CONTEXT ( ( #1438, #3663, #1759 ) ) REPRESENTATION_CONTEXT ( 'NONE', 'WORKASPACE' ) );
#688 = ADVANCED_FACE ( 'NONE', ( #8 ), #2237, .F. ) ;
#689 = MECHANICAL_DESIGN_GEOMETRIC_PRESENTATION_REPRESENTATION (  '', ( #716 ), #675 ) ;
#690 = AXIS2_PLACEMENT_3D ( 'NONE', #1135, #3396, #1469 ) ;
#691 = FILL_AREA_STYLE_COLOUR ( '', #2340 ) ;
#692 = ORIENTED_EDGE ( 'NONE', *, *, #1085, .F. ) ;
#693 = AXIS2_PLACEMENT_3D ( 'NONE', #3867, #21, #3881 ) ;
#694 = CARTESIAN_POINT ( 'NONE',  ( 8.300000000000000700, -10.00000000000000200, 0.4000000000000000800 ) ) ;
#695 = PRESENTATION_LAYER_ASSIGNMENT (  '', '', ( #716 ) ) ;
#696 = EDGE_LOOP ( 'NONE', ( #3418, #444, #2218, #4064 ) ) ;
#697 = DIRECTION ( 'NONE',  ( 0.7071067811865510100, 0.0000000000000000000, -0.7071067811865439100 ) ) ;
#698 = FILL_AREA_STYLE ('',( #2818 ) ) ;
#699 = LINE ( 'NONE', #2025, #2244 ) ;
#700 = SURFACE_STYLE_USAGE ( .BOTH. , #2641 ) ;
#701 =( LENGTH_UNIT ( ) NAMED_UNIT ( * ) SI_UNIT ( .MILLI., .METRE. ) );
#702 = ORIENTED_EDGE ( 'NONE', *, *, #2659, .F. ) ;
#703 = ORIENTED_EDGE ( 'NONE', *, *, #1544, .T. ) ;
#704 = VECTOR ( 'NONE', #153, 1000.000000000000000 ) ;
#705 = AXIS2_PLACEMENT_3D ( 'NONE', #1243, #1075, #1021 ) ;
#706 = ORIENTED_EDGE ( 'NONE', *, *, #1544, .F. ) ;
#707 = ORIENTED_EDGE ( 'NONE', *, *, #2777, .T. ) ;
#708 = EDGE_LOOP ( 'NONE', ( #2989, #1379, #2337, #918 ) ) ;
#709 = SURFACE_SIDE_STYLE ('',( #2320 ) ) ;
#710 = SPHERICAL_SURFACE ( 'NONE', #1621, 0.1000000000000000100 ) ;
#711 = FILL_AREA_STYLE_COLOUR ( '', #3790 ) ;
#712 = DIRECTION ( 'NONE',  ( 0.0000000000000000000, 0.0000000000000000000, 1.000000000000000000 ) ) ;
#713 = ORIENTED_EDGE ( 'NONE', *, *, #1592, .T. ) ;
#714 = FACE_BOUND ( 'NONE', #188, .T. ) ;
#715 = FILL_AREA_STYLE_COLOUR ( '', #2266 ) ;
#716 = STYLED_ITEM ( 'NONE', ( #1067 ), #370 ) ;
#717 = CARTESIAN_POINT ( 'NONE',  ( -4.807813688941523700, -5.400000000000000400, 4.949235045178852500 ) ) ;
#718 = FILL_AREA_STYLE ('',( #2657 ) ) ;
#719 =( GEOMETRIC_REPRESENTATION_CONTEXT ( 3 ) GLOBAL_UNCERTAINTY_ASSIGNED_CONTEXT ( ( #2143 ) ) GLOBAL_UNIT_ASSIGNED_CONTEXT ( ( #1173, #1138, #1121 ) ) REPRESENTATION_CONTEXT ( 'NONE', 'WORKASPACE' ) );
#720 = AXIS2_PLACEMENT_3D ( 'NONE', #2447, #492, #2763 ) ;
#721 = VERTEX_POINT ( 'NONE', #2952 ) ;
#722 = FILL_AREA_STYLE ('',( #1100 ) ) ;
#723 = ADVANCED_FACE ( 'NONE', ( #3075 ), #3612, .T. ) ;
#724 = DIRECTION ( 'NONE',  ( -0.0000000000000000000, 1.000000000000000000, -0.0000000000000000000 ) ) ;
#725 = AXIS2_PLACEMENT_3D ( 'NONE', #1420, #3641, #1735 ) ;
#726 =( NAMED_UNIT ( * ) SI_UNIT ( $, .STERADIAN. ) SOLID_ANGLE_UNIT ( ) );
#727 = SURFACE_SIDE_STYLE ('',( #1792 ) ) ;
#728 = ORIENTED_EDGE ( 'NONE', *, *, #1069, .F. ) ;
#729 = FACE_OUTER_BOUND ( 'NONE', #951, .T. ) ;
#730 = TOROIDAL_SURFACE ( 'NONE', #3403, 7.100000000000000500, 0.1000000000000000100 ) ;
#731 = CIRCLE ( 'NONE', #2181, 0.5999999999999998700 ) ;
#732 = VERTEX_POINT ( 'NONE', #2619 ) ;
#733 = MECHANICAL_DESIGN_GEOMETRIC_PRESENTATION_REPRESENTATION (  '', ( #755 ), #719 ) ;
#734 = FILL_AREA_STYLE_COLOUR ( '', #1155 ) ;
#735 = LINE ( 'NONE', #1192, #3218 ) ;
#736 = FACE_OUTER_BOUND ( 'NONE', #2008, .T. ) ;
#737 = DIRECTION ( 'NONE',  ( -1.224646799147350500E-016, 1.000000000000000000, -0.0000000000000000000 ) ) ;
#738 = FILL_AREA_STYLE ('',( #1072 ) ) ;
#739 = COLOUR_RGB ( '',0.0000000000000000000, 0.3843137254901960500, 0.7215686274509803800 ) ;
#740 = FILL_AREA_STYLE ('',( #406 ) ) ;
#741 = B_SPLINE_CURVE_WITH_KNOTS ( 'NONE', 3,
 ( #4062, #1892, #589, #2860, #917, #3178 ),
 .UNSPECIFIED., .F., .F.,
 ( 4, 2, 4 ),
 ( 0.0000000000000000000, 0.0001579149124147488400, 0.0003158298248294976700 ),
 .UNSPECIFIED. ) ;
#742 = SURFACE_STYLE_USAGE ( .BOTH. , #2685 ) ;
#743 = MECHANICAL_DESIGN_GEOMETRIC_PRESENTATION_REPRESENTATION (  '', ( #4057 ), #955 ) ;
#744 = SURFACE_STYLE_FILL_AREA ( #2034 ) ;
#745 =( NAMED_UNIT ( * ) PLANE_ANGLE_UNIT ( ) SI_UNIT ( $, .RADIAN. ) );
#746 = MECHANICAL_DESIGN_GEOMETRIC_PRESENTATION_REPRESENTATION (  '', ( #2945 ), #1254 ) ;
#747 = ORIENTED_EDGE ( 'NONE', *, *, #2061, .F. ) ;
#748 = UNCERTAINTY_MEASURE_WITH_UNIT (LENGTH_MEASURE( 1.000000000000000100E-005 ), #2125, 'distance_accuracy_value', 'NONE');
#749 = AXIS2_PLACEMENT_3D ( 'NONE', #1430, #1472, #1336 ) ;
#750 = DIRECTION ( 'NONE',  ( -0.0000000000000000000, 1.000000000000000000, -0.0000000000000000000 ) ) ;
#751 = AXIS2_PLACEMENT_3D ( 'NONE', #4128, #2294, #328 ) ;
#752 = CARTESIAN_POINT ( 'NONE',  ( 5.372257067285313200E-045, 3.049999999999999800, 0.0000000000000000000 ) ) ;
#753 = DIRECTION ( 'NONE',  ( 0.0000000000000000000, 0.0000000000000000000, -1.000000000000000000 ) ) ;
#754 = CARTESIAN_POINT ( 'NONE',  ( 2.500000000000000900, -5.900000000000001200, 1.387778780781445900E-016 ) ) ;
#755 = STYLED_ITEM ( 'NONE', ( #1391 ), #282 ) ;
#756 = PRESENTATION_STYLE_ASSIGNMENT (( #2914 ) ) ;
#757 = ORIENTED_EDGE ( 'NONE', *, *, #1730, .T. ) ;
#758 = FILL_AREA_STYLE_COLOUR ( '', #3322 ) ;
#759 = SURFACE_STYLE_USAGE ( .BOTH. , #2697 ) ;
#760 = ORIENTED_EDGE ( 'NONE', *, *, #1153, .F. ) ;
#761 = DIRECTION ( 'NONE',  ( -0.0000000000000000000, -1.000000000000000000, -0.0000000000000000000 ) ) ;
#762 = PRESENTATION_LAYER_ASSIGNMENT (  '', '', ( #755 ) ) ;
#763 = FILL_AREA_STYLE ('',( #2972 ) ) ;
#764 = ADVANCED_FACE ( 'NONE', ( #1922 ), #2678, .F. ) ;
#765 = STYLED_ITEM ( 'NONE', ( #1937 ), #4087 ) ;
#766 = DIRECTION ( 'NONE',  ( 0.0000000000000000000, -1.000000000000000000, 0.0000000000000000000 ) ) ;
#767 = DIRECTION ( 'NONE',  ( -0.0000000000000000000, 1.505836350674312200E-016, 1.000000000000000000 ) ) ;
#768 =( NAMED_UNIT ( * ) SI_UNIT ( $, .STERADIAN. ) SOLID_ANGLE_UNIT ( ) );
#769 = PRESENTATION_STYLE_ASSIGNMENT (( #526 ) ) ;
#770 =( LENGTH_UNIT ( ) NAMED_UNIT ( * ) SI_UNIT ( .MILLI., .METRE. ) );
#771 = SURFACE_STYLE_USAGE ( .BOTH. , #2712 ) ;
#772 =( GEOMETRIC_REPRESENTATION_CONTEXT ( 3 ) GLOBAL_UNCERTAINTY_ASSIGNED_CONTEXT ( ( #2006 ) ) GLOBAL_UNIT_ASSIGNED_CONTEXT ( ( #1389, #1371, #1358 ) ) REPRESENTATION_CONTEXT ( 'NONE', 'WORKASPACE' ) );
#773 = TOROIDAL_SURFACE ( 'NONE', #922, 7.100000000000000500, 0.1000000000000000100 ) ;
#774 =( GEOMETRIC_REPRESENTATION_CONTEXT ( 3 ) GLOBAL_UNCERTAINTY_ASSIGNED_CONTEXT ( ( #3136 ) ) GLOBAL_UNIT_ASSIGNED_CONTEXT ( ( #2426, #475, #2748 ) ) REPRESENTATION_CONTEXT ( 'NONE', 'WORKASPACE' ) );
#775 = CARTESIAN_POINT ( 'NONE',  ( 0.0000000000000000000, -5.400000000000000400, 0.0000000000000000000 ) ) ;
#776 = MECHANICAL_DESIGN_GEOMETRIC_PRESENTATION_REPRESENTATION (  '', ( #829 ), #772 ) ;
#777 = CARTESIAN_POINT ( 'NONE',  ( 0.0000000000000000000, -5.400000000000000400, 0.0000000000000000000 ) ) ;
#778 = CARTESIAN_POINT ( 'NONE',  ( -4.595658360009375400, -5.299999999999999800, -4.737079716246701500 ) ) ;
#779 = ORIENTED_EDGE ( 'NONE', *, *, #1723, .T. ) ;
#780 = DIRECTION ( 'NONE',  ( -8.881784197001252300E-016, 0.0000000000000000000, 1.000000000000000000 ) ) ;
#781 = VECTOR ( 'NONE', #794, 1000.000000000000000 ) ;
#782 = SURFACE_STYLE_USAGE ( .BOTH. , #2725 ) ;
#783 = CARTESIAN_POINT ( 'NONE',  ( 2.299999999999999800, -3.900000000000001700, -0.6500000000000000200 ) ) ;
#784 = CIRCLE ( 'NONE', #3672, 6.500000000000000900 ) ;
#785 = CYLINDRICAL_SURFACE ( 'NONE', #2703, 0.8999999999999996900 ) ;
#786 = SURFACE_SIDE_STYLE ('',( #3932 ) ) ;
#787 = ORIENTED_EDGE ( 'NONE', *, *, #1856, .F. ) ;
#788 = VERTEX_POINT ( 'NONE', #2105 ) ;
#789 = CARTESIAN_POINT ( 'NONE',  ( 0.0000000000000000000, -5.300000000000001600, 1.605143702949179400E-050 ) ) ;
#790 = AXIS2_PLACEMENT_3D ( 'NONE', #2460, #527, #1846 ) ;
#791 = SURFACE_STYLE_FILL_AREA ( #660 ) ;
#792 = VECTOR ( 'NONE', #2723, 1000.000000000000000 ) ;
#793 = DIRECTION ( 'NONE',  ( 0.0000000000000000000, 0.0000000000000000000, 1.000000000000000000 ) ) ;
#794 = DIRECTION ( 'NONE',  ( 0.0000000000000000000, 1.000000000000000000, 0.0000000000000000000 ) ) ;
#795 = FILL_AREA_STYLE ('',( #2736 ) ) ;
#796 = DIRECTION ( 'NONE',  ( 0.0000000000000000000, 0.0000000000000000000, -1.000000000000000000 ) ) ;
#797 =( NAMED_UNIT ( * ) PLANE_ANGLE_UNIT ( ) SI_UNIT ( $, .RADIAN. ) );
#798 = ORIENTED_EDGE ( 'NONE', *, *, #1115, .T. ) ;
#799 = CARTESIAN_POINT ( 'NONE',  ( -8.300000000000002500, -12.15000000000000000, -0.05000000000000050900 ) ) ;
#800 = FILL_AREA_STYLE_COLOUR ( '', #3264 ) ;
#801 = CARTESIAN_POINT ( 'NONE',  ( 0.0000000000000000000, 0.1293752051230246100, 0.0000000000000000000 ) ) ;
#802 = SURFACE_SIDE_STYLE ('',( #1003 ) ) ;
#803 = MECHANICAL_DESIGN_GEOMETRIC_PRESENTATION_REPRESENTATION (  '', ( #861 ), #774 ) ;
#804 = PLANE ( 'NONE',  #2786 ) ;
#805 =( GEOMETRIC_REPRESENTATION_CONTEXT ( 3 ) GLOBAL_UNCERTAINTY_ASSIGNED_CONTEXT ( ( #96 ) ) GLOBAL_UNIT_ASSIGNED_CONTEXT ( ( #2180, #216, #2497 ) ) REPRESENTATION_CONTEXT ( 'NONE', 'WORKASPACE' ) );
#806 = AXIS2_PLACEMENT_3D ( 'NONE', #1718, #1661, #1502 ) ;
#807 = CARTESIAN_POINT ( 'NONE',  ( -8.750000000000000000, 3.049999999999998900, 0.0000000000000000000 ) ) ;
#808 = ORIENTED_EDGE ( 'NONE', *, *, #3292, .F. ) ;
#809 = ORIENTED_EDGE ( 'NONE', *, *, #2288, .T. ) ;
#810 = PRESENTATION_LAYER_ASSIGNMENT (  '', '', ( #861 ) ) ;
#811 = PLANE ( 'NONE',  #390 ) ;
#812 = VERTEX_POINT ( 'NONE', #2933 ) ;
#813 = MECHANICAL_DESIGN_GEOMETRIC_PRESENTATION_REPRESENTATION (  '', ( #1496 ), #805 ) ;
#814 = VERTEX_POINT ( 'NONE', #2283 ) ;
#815 = VERTEX_POINT ( 'NONE', #2071 ) ;
#816 = DIRECTION ( 'NONE',  ( 0.0000000000000000000, 0.0000000000000000000, 1.000000000000000000 ) ) ;
#817 =( LENGTH_UNIT ( ) NAMED_UNIT ( * ) SI_UNIT ( .MILLI., .METRE. ) );
#818 = ADVANCED_FACE ( 'NONE', ( #2480 ), #2093, .F. ) ;
#819 = ORIENTED_EDGE ( 'NONE', *, *, #2985, .F. ) ;
#820 =( NAMED_UNIT ( * ) PLANE_ANGLE_UNIT ( ) SI_UNIT ( $, .RADIAN. ) );
#821 = FILL_AREA_STYLE_COLOUR ( '', #2896 ) ;
#822 = COLOUR_RGB ( '',0.0000000000000000000, 0.3843137254901960500, 0.7215686274509803800 ) ;
#823 = DIRECTION ( 'NONE',  ( 1.000000000000000000, 0.0000000000000000000, 2.899332425794748000E-016 ) ) ;
#824 = SURFACE_STYLE_USAGE ( .BOTH. , #840 ) ;
#825 = SURFACE_SIDE_STYLE ('',( #2854 ) ) ;
#826 =( GEOMETRIC_REPRESENTATION_CONTEXT ( 3 ) GLOBAL_UNCERTAINTY_ASSIGNED_CONTEXT ( ( #3632 ) ) GLOBAL_UNIT_ASSIGNED_CONTEXT ( ( #2944, #2651, #2638 ) ) REPRESENTATION_CONTEXT ( 'NONE', 'WORKASPACE' ) );
#827 = DIRECTION ( 'NONE',  ( 0.0000000000000000000, 0.0000000000000000000, 1.000000000000000000 ) ) ;
#828 = FILL_AREA_STYLE_COLOUR ( '', #2973 ) ;
#829 = STYLED_ITEM ( 'NONE', ( #1800 ), #189 ) ;
#830 = STYLED_ITEM ( 'NONE', ( #2769 ), #1213 ) ;
#831 = CARTESIAN_POINT ( 'NONE',  ( 2.299999999999999800, -4.500000000000001800, -0.6500000000000000200 ) ) ;
#832 = CARTESIAN_POINT ( 'NONE',  ( 0.0000000000000000000, 3.050000000000001600, 0.0000000000000000000 ) ) ;
#833 = MECHANICAL_DESIGN_GEOMETRIC_PRESENTATION_REPRESENTATION (  '', ( #2259 ), #2756 ) ;
#834 = PRESENTATION_LAYER_ASSIGNMENT (  '', '', ( #829 ) ) ;
#835 = DIRECTION ( 'NONE',  ( 1.000000000000000000, 0.0000000000000000000, -1.854226648766321400E-016 ) ) ;
#836 = VECTOR ( 'NONE', #2486, 1000.000000000000000 ) ;
#837 = PRESENTATION_STYLE_ASSIGNMENT (( #2056 ) ) ;
#838 = DIRECTION ( 'NONE',  ( -0.0000000000000000000, -1.000000000000000000, -0.0000000000000000000 ) ) ;
#839 = ORIENTED_EDGE ( 'NONE', *, *, #2620, .T. ) ;
#840 = SURFACE_SIDE_STYLE ('',( #1498 ) ) ;
#841 = ADVANCED_FACE ( 'NONE', ( #3319 ), #2720, .F. ) ;
#842 = FILL_AREA_STYLE ('',( #178 ) ) ;
#843 = TOROIDAL_SURFACE ( 'NONE', #2912, 6.399999999999998600, 0.1000000000000000100 ) ;
#844 = CIRCLE ( 'NONE', #4019, 6.400000000000000400 ) ;
#845 = FILL_AREA_STYLE_COLOUR ( '', #76 ) ;
#846 =( GEOMETRIC_REPRESENTATION_CONTEXT ( 3 ) GLOBAL_UNCERTAINTY_ASSIGNED_CONTEXT ( ( #1834 ) ) GLOBAL_UNIT_ASSIGNED_CONTEXT ( ( #1560, #1547, #1521 ) ) REPRESENTATION_CONTEXT ( 'NONE', 'WORKASPACE' ) );
#847 = FILL_AREA_STYLE ('',( #1623 ) ) ;
#848 = COLOUR_RGB ( '',0.7960784313725489700, 0.8235294117647058400, 0.9372549019607843100 ) ;
#849 = ORIENTED_EDGE ( 'NONE', *, *, #3245, .T. ) ;
#850 = VECTOR ( 'NONE', #3127, 1000.000000000000000 ) ;
#851 = MECHANICAL_DESIGN_GEOMETRIC_PRESENTATION_REPRESENTATION (  '', ( #866 ), #846 ) ;
#852 = FACE_OUTER_BOUND ( 'NONE', #454, .T. ) ;
#853 = SURFACE_SIDE_STYLE ('',( #2255 ) ) ;
#854 = VERTEX_POINT ( 'NONE', #1118 ) ;
#855 = AXIS2_PLACEMENT_3D ( 'NONE', #1991, #1965, #1801 ) ;
#856 = ORIENTED_EDGE ( 'NONE', *, *, #2542, .T. ) ;
#857 = SURFACE_STYLE_FILL_AREA ( #2225 ) ;
#858 = CARTESIAN_POINT ( 'NONE',  ( 0.07071067811865236500, -5.400000000000000400, 0.07071067811865201800 ) ) ;
#859 = DIRECTION ( 'NONE',  ( 0.0000000000000000000, -1.000000000000000000, 0.0000000000000000000 ) ) ;
#860 = VECTOR ( 'NONE', #3539, 1000.000000000000000 ) ;
#861 = STYLED_ITEM ( 'NONE', ( #1889 ), #2211 ) ;
#862 = ORIENTED_EDGE ( 'NONE', *, *, #3311, .T. ) ;
#863 = ORIENTED_EDGE ( 'NONE', *, *, #1343, .T. ) ;
#864 = ORIENTED_EDGE ( 'NONE', *, *, #1247, .T. ) ;
#865 = AXIS2_PLACEMENT_3D ( 'NONE', #3587, #1674, #3875 ) ;
#866 = STYLED_ITEM ( 'NONE', ( #1242 ), #168 ) ;
#867 = CARTESIAN_POINT ( 'NONE',  ( -4.807813688941523700, -5.500000000000000900, 4.949235045178852500 ) ) ;
#868 = ORIENTED_EDGE ( 'NONE', *, *, #2608, .F. ) ;
#869 = SURFACE_STYLE_FILL_AREA ( #3096 ) ;
#870 = CARTESIAN_POINT ( 'NONE',  ( 2.750000000000000900, -5.900000000000001200, 0.7000000000000001800 ) ) ;
#871 = DIRECTION ( 'NONE',  ( -1.000000000000000000, 0.0000000000000000000, 0.0000000000000000000 ) ) ;
#872 = FILL_AREA_STYLE ('',( #1455 ) ) ;
#873 = SURFACE_STYLE_FILL_AREA ( #3951 ) ;
#874 = SURFACE_SIDE_STYLE ('',( #1060 ) ) ;
#875 = PRESENTATION_LAYER_ASSIGNMENT (  '', '', ( #866 ) ) ;
#876 = DIRECTION ( 'NONE',  ( 0.7071067811865458000, -0.0000000000000000000, -0.7071067811865493500 ) ) ;
#877 = DIRECTION ( 'NONE',  ( 5.551115123125781500E-017, 0.0000000000000000000, -1.000000000000000000 ) ) ;
#878 = SURFACE_STYLE_USAGE ( .BOTH. , #2821 ) ;
#879 =( GEOMETRIC_REPRESENTATION_CONTEXT ( 3 ) GLOBAL_UNCERTAINTY_ASSIGNED_CONTEXT ( ( #1523 ) ) GLOBAL_UNIT_ASSIGNED_CONTEXT ( ( #1871, #1860, #1845 ) ) REPRESENTATION_CONTEXT ( 'NONE', 'WORKASPACE' ) );
#880 = ORIENTED_EDGE ( 'NONE', *, *, #1709, .F. ) ;
#881 = DIRECTION ( 'NONE',  ( -0.6967845926002166300, 0.0000000000000000000, 0.7172804413302722400 ) ) ;
#882 = ADVANCED_FACE ( 'NONE', ( #1874, #114, #985 ), #1729, .T. ) ;
#883 = UNCERTAINTY_MEASURE_WITH_UNIT (LENGTH_MEASURE( 1.000000000000000100E-005 ), #2161, 'distance_accuracy_value', 'NONE');
#884 = CARTESIAN_POINT ( 'NONE',  ( 0.0000000000000000000, -5.400000000000000400, 0.0000000000000000000 ) ) ;
#885 = CARTESIAN_POINT ( 'NONE',  ( 0.07071067811863997200, -5.400000000000000400, -0.07071067811863926400 ) ) ;
#886 = CARTESIAN_POINT ( 'NONE',  ( 0.0000000000000000000, 0.0000000000000000000, 0.0000000000000000000 ) ) ;
#887 = PRESENTATION_LAYER_ASSIGNMENT (  '', '', ( #1549 ) ) ;
#888 =( GEOMETRIC_REPRESENTATION_CONTEXT ( 3 ) GLOBAL_UNCERTAINTY_ASSIGNED_CONTEXT ( ( #3940 ) ) GLOBAL_UNIT_ASSIGNED_CONTEXT ( ( #770, #3035, #1093 ) ) REPRESENTATION_CONTEXT ( 'NONE', 'WORKASPACE' ) );
#889 = CARTESIAN_POINT ( 'NONE',  ( -4.450000000000000200, -5.900000000000001200, -2.470246229790972900E-016 ) ) ;
#890 = LINE ( 'NONE', #2407, #3356 ) ;
#891 = AXIS2_PLACEMENT_3D ( 'NONE', #3058, #1119, #3380 ) ;
#892 = CARTESIAN_POINT ( 'NONE',  ( -4.595658360009376300, -5.400000000000000400, -4.737079716246702400 ) ) ;
#893 = AXIS2_PLACEMENT_3D ( 'NONE', #2356, #3924, #2046 ) ;
#894 = CARTESIAN_POINT ( 'NONE',  ( -4.595658360009375400, -5.400000000000000400, 4.737079716246703300 ) ) ;
#895 = ADVANCED_FACE ( 'NONE', ( #3967 ), #1672, .F. ) ;
#896 = COLOUR_RGB ( '',0.7960784313725489700, 0.8235294117647058400, 0.9372549019607843100 ) ;
#897 = EDGE_LOOP ( 'NONE', ( #2328, #2136, #389, #1112 ) ) ;
#898 = SURFACE_SIDE_STYLE ('',( #2406 ) ) ;
#899 = CIRCLE ( 'NONE', #352, 0.3499999999999999800 ) ;
#900 = SURFACE_STYLE_USAGE ( .BOTH. , #2842 ) ;
#901 = ADVANCED_FACE ( 'NONE', ( #3703 ), #3424, .F. ) ;
#902 = MECHANICAL_DESIGN_GEOMETRIC_PRESENTATION_REPRESENTATION (  '', ( #925 ), #879 ) ;
#903 =( NAMED_UNIT ( * ) SI_UNIT ( $, .STERADIAN. ) SOLID_ANGLE_UNIT ( ) );
#904 = DIRECTION ( 'NONE',  ( 0.0000000000000000000, 1.000000000000000000, -0.0000000000000000000 ) ) ;
#905 = COLOUR_RGB ( '',0.7529411764705882200, 0.7529411764705882200, 0.7529411764705882200 ) ;
#906 = PRESENTATION_STYLE_ASSIGNMENT (( #485 ) ) ;
#907 = ORIENTED_EDGE ( 'NONE', *, *, #2348, .F. ) ;
#908 = DIRECTION ( 'NONE',  ( -0.7071067811865458000, 0.0000000000000000000, 0.7071067811865492400 ) ) ;
#909 = EDGE_LOOP ( 'NONE', ( #2633, #1043 ) ) ;
#910 = STYLED_ITEM ( 'NONE', ( #2484 ), #2594 ) ;
#911 = PRESENTATION_LAYER_ASSIGNMENT (  '', '', ( #925 ) ) ;
#912 = ORIENTED_EDGE ( 'NONE', *, *, #2234, .T. ) ;
#913 = CARTESIAN_POINT ( 'NONE',  ( -9.650997907481199800, -4.804432163724595900, 1.850000000000000100 ) ) ;
#914 = ORIENTED_EDGE ( 'NONE', *, *, #2199, .F. ) ;
#915 = ORIENTED_EDGE ( 'NONE', *, *, #1145, .T. ) ;
#916 = AXIS2_PLACEMENT_3D ( 'NONE', #118, #2408, #459 ) ;
#917 = CARTESIAN_POINT ( 'NONE',  ( -2.150577938090211900, -5.499999999999973400, 0.6657808181242588200 ) ) ;
#918 = ORIENTED_EDGE ( 'NONE', *, *, #2583, .F. ) ;
#919 = AXIS2_PLACEMENT_3D ( 'NONE', #1507, #859, #3128 ) ;
#920 = DIRECTION ( 'NONE',  ( -1.000000000000000000, 0.0000000000000000000, 0.0000000000000000000 ) ) ;
#921 = CARTESIAN_POINT ( 'NONE',  ( -4.595658360009376300, -5.400000000000000400, -4.737079716246702400 ) ) ;
#922 = AXIS2_PLACEMENT_3D ( 'NONE', #2246, #2078, #2062 ) ;
#923 = COLOUR_RGB ( '',0.7960784313725489700, 0.8235294117647058400, 0.9372549019607843100 ) ;
#924 = FILL_AREA_STYLE ('',( #678 ) ) ;
#925 = STYLED_ITEM ( 'NONE', ( #3248 ), #100 ) ;
#926 = SURFACE_STYLE_FILL_AREA ( #1783 ) ;
#927 = FILL_AREA_STYLE_COLOUR ( '', #682 ) ;
#928 = DIRECTION ( 'NONE',  ( 0.0000000000000000000, 1.000000000000000000, -0.0000000000000000000 ) ) ;
#929 =( GEOMETRIC_REPRESENTATION_CONTEXT ( 3 ) GLOBAL_UNCERTAINTY_ASSIGNED_CONTEXT ( ( #1384 ) ) GLOBAL_UNIT_ASSIGNED_CONTEXT ( ( #3104, #2158, #2126 ) ) REPRESENTATION_CONTEXT ( 'NONE', 'WORKASPACE' ) );
#930 = MECHANICAL_DESIGN_GEOMETRIC_PRESENTATION_REPRESENTATION (  '', ( #967 ), #929 ) ;
#931 = ORIENTED_EDGE ( 'NONE', *, *, #2554, .T. ) ;
#932 = AXIS2_PLACEMENT_3D ( 'NONE', #1772, #2075, #102 ) ;
#933 = CIRCLE ( 'NONE', #2301, 10.40000000000000000 ) ;
#934 = VECTOR ( 'NONE', #2680, 1000.000000000000000 ) ;
#935 = VERTEX_POINT ( 'NONE', #30 ) ;
#936 =( NAMED_UNIT ( * ) PLANE_ANGLE_UNIT ( ) SI_UNIT ( $, .RADIAN. ) );
#937 =( GEOMETRIC_REPRESENTATION_CONTEXT ( 3 ) GLOBAL_UNCERTAINTY_ASSIGNED_CONTEXT ( ( #562 ) ) GLOBAL_UNIT_ASSIGNED_CONTEXT ( ( #3323, #1404, #3634 ) ) REPRESENTATION_CONTEXT ( 'NONE', 'WORKASPACE' ) );
#938 = VECTOR ( 'NONE', #2495, 1000.000000000000000 ) ;
#939 = DIRECTION ( 'NONE',  ( 0.7177393509464703400, 0.0000000000000000000, -0.6963118727286929900 ) ) ;
#940 = EDGE_LOOP ( 'NONE', ( #3839, #4008, #1061, #498 ) ) ;
#941 = LINE ( 'NONE', #3108, #2572 ) ;
#942 = CARTESIAN_POINT ( 'NONE',  ( -2.299999999999998500, -5.900000000000001200, -1.850000000000000800 ) ) ;
#943 = DIRECTION ( 'NONE',  ( -0.0000000000000000000, -0.0000000000000000000, 1.000000000000000000 ) ) ;
#944 = DIRECTION ( 'NONE',  ( 0.0000000000000000000, -1.000000000000000000, 0.0000000000000000000 ) ) ;
#945 = CIRCLE ( 'NONE', #725, 0.5749999999999999600 ) ;
#946 = PRESENTATION_LAYER_ASSIGNMENT (  '', '', ( #967 ) ) ;
#947 = EDGE_LOOP ( 'NONE', ( #4113, #1720, #3443, #1932 ) ) ;
#948 = CARTESIAN_POINT ( 'NONE',  ( 2.750000000000000900, -5.900000000000001200, 0.7000000000000001800 ) ) ;
#949 = FILL_AREA_STYLE ('',( #638 ) ) ;
#950 = ORIENTED_EDGE ( 'NONE', *, *, #1524, .T. ) ;
#951 = EDGE_LOOP ( 'NONE', ( #1808, #702, #3154, #1052, #23, #1230, #3063, #396 ) ) ;
#952 = ORIENTED_EDGE ( 'NONE', *, *, #1508, .T. ) ;
#953 = UNCERTAINTY_MEASURE_WITH_UNIT (LENGTH_MEASURE( 1.000000000000000100E-005 ), #126, 'distance_accuracy_value', 'NONE');
#954 = COLOUR_RGB ( '',0.7960784313725489700, 0.8235294117647058400, 0.9372549019607843100 ) ;
#955 =( GEOMETRIC_REPRESENTATION_CONTEXT ( 3 ) GLOBAL_UNCERTAINTY_ASSIGNED_CONTEXT ( ( #2133 ) ) GLOBAL_UNIT_ASSIGNED_CONTEXT ( ( #3560, #3243, #2600 ) ) REPRESENTATION_CONTEXT ( 'NONE', 'WORKASPACE' ) );
#956 = ORIENTED_EDGE ( 'NONE', *, *, #1809, .F. ) ;
#957 = FACE_OUTER_BOUND ( 'NONE', #2910, .T. ) ;
#958 = STYLED_ITEM ( 'NONE', ( #1558 ), #3211 ) ;
#959 = CARTESIAN_POINT ( 'NONE',  ( -2.300000000000000300, -5.500000000000000900, -1.275000000000000400 ) ) ;
#960 = DIRECTION ( 'NONE',  ( 1.224646799147353200E-016, 0.0000000000000000000, 1.000000000000000000 ) ) ;
#961 = AXIS2_PLACEMENT_3D ( 'NONE', #3360, #1439, #3664 ) ;
#962 = DIRECTION ( 'NONE',  ( 0.0000000000000000000, 0.0000000000000000000, -1.000000000000000000 ) ) ;
#963 = SURFACE_SIDE_STYLE ('',( #1083 ) ) ;
#964 = AXIS2_PLACEMENT_3D ( 'NONE', #2449, #2342, #2332 ) ;
#965 = CYLINDRICAL_SURFACE ( 'NONE', #2347, 0.3499999999999999800 ) ;
#966 =( LENGTH_UNIT ( ) NAMED_UNIT ( * ) SI_UNIT ( .MILLI., .METRE. ) );
#967 = STYLED_ITEM ( 'NONE', ( #4108 ), #83 ) ;
#968 = DIRECTION ( 'NONE',  ( 1.000000000000000000, 0.0000000000000000000, -1.854226648766321400E-016 ) ) ;
#969 = CARTESIAN_POINT ( 'NONE',  ( 0.0000000000000000000, -5.300000000000001600, 1.605143702949179400E-050 ) ) ;
#970 = DIRECTION ( 'NONE',  ( -0.7071067811865440200, 0.0000000000000000000, -0.7071067811865510100 ) ) ;
#971 = FILL_AREA_STYLE_COLOUR ( '', #1893 ) ;
#972 =( GEOMETRIC_REPRESENTATION_CONTEXT ( 3 ) GLOBAL_UNCERTAINTY_ASSIGNED_CONTEXT ( ( #1262 ) ) GLOBAL_UNIT_ASSIGNED_CONTEXT ( ( #2459, #2381, #2353 ) ) REPRESENTATION_CONTEXT ( 'NONE', 'WORKASPACE' ) );
#973 = DIRECTION ( 'NONE',  ( 0.0000000000000000000, 1.000000000000000000, 0.0000000000000000000 ) ) ;
#974 = SURFACE_STYLE_FILL_AREA ( #1314 ) ;
#975 =( NAMED_UNIT ( * ) SI_UNIT ( $, .STERADIAN. ) SOLID_ANGLE_UNIT ( ) );
#976 = CIRCLE ( 'NONE', #3139, 0.1000000000000005200 ) ;
#977 = ORIENTED_EDGE ( 'NONE', *, *, #2305, .T. ) ;
#978 =( LENGTH_UNIT ( ) NAMED_UNIT ( * ) SI_UNIT ( .MILLI., .METRE. ) );
#979 = MECHANICAL_DESIGN_GEOMETRIC_PRESENTATION_REPRESENTATION (  '', ( #1066 ), #1132 ) ;
#980 = CARTESIAN_POINT ( 'NONE',  ( -9.674111796610445100, -4.832751564282760100, -1.850000000000001200 ) ) ;
#981 = CIRCLE ( 'NONE', #1700, 1.625000000000000700 ) ;
#982 = MECHANICAL_DESIGN_GEOMETRIC_PRESENTATION_REPRESENTATION (  '', ( #1007 ), #972 ) ;
#983 = CARTESIAN_POINT ( 'NONE',  ( -2.700000000000000600, -12.15000000000000000, 0.3999999999999996300 ) ) ;
#984 = B_SPLINE_CURVE_WITH_KNOTS ( 'NONE', 3,
 ( #2788, #3095, #3432, #1506, #3725, #1835 ),
 .UNSPECIFIED., .F., .F.,
 ( 4, 2, 4 ),
 ( 0.0000000000000000000, 0.0001585401874326877900, 0.0003170803748653755800 ),
 .UNSPECIFIED. ) ;
#985 = FACE_OUTER_BOUND ( 'NONE', #1175, .T. ) ;
#986 = ORIENTED_EDGE ( 'NONE', *, *, #2620, .F. ) ;
#987 = CARTESIAN_POINT ( 'NONE',  ( -2.749999999999998700, -5.900000000000001200, -0.7000000000000001800 ) ) ;
#988 = COLOUR_RGB ( '',0.7960784313725489700, 0.8235294117647058400, 0.9372549019607843100 ) ;
#989 = SHELL_BASED_SURFACE_MODEL ( 'NONE', ( #3977, #3770, #122, #2883, #2202, #1373 ) );
#990 =( NAMED_UNIT ( * ) SI_UNIT ( $, .STERADIAN. ) SOLID_ANGLE_UNIT ( ) );
#991 = CARTESIAN_POINT ( 'NONE',  ( 0.0000000000000000000, -5.299999999999999800, 0.0000000000000000000 ) ) ;
#992 = ORIENTED_EDGE ( 'NONE', *, *, #2154, .T. ) ;
#993 = FILL_AREA_STYLE_COLOUR ( '', #1912 ) ;
#994 = PRESENTATION_LAYER_ASSIGNMENT (  '', '', ( #1007 ) ) ;
#995 = VERTEX_POINT ( 'NONE', #2399 ) ;
#996 = CARTESIAN_POINT ( 'NONE',  ( -9.672916788056541600, -4.698254692900326800, 1.850000000000000300 ) ) ;
#997 =( NAMED_UNIT ( * ) SI_UNIT ( $, .STERADIAN. ) SOLID_ANGLE_UNIT ( ) );
#998 = ORIENTED_EDGE ( 'NONE', *, *, #3275, .T. ) ;
#999 = ORIENTED_EDGE ( 'NONE', *, *, #2438, .F. ) ;
#1000 = CARTESIAN_POINT ( 'NONE',  ( -4.666904755831206200, -5.400000000000000400, -4.525483399593913000 ) ) ;
#1001 = FACE_OUTER_BOUND ( 'NONE', #2983, .T. ) ;
#1002 = ORIENTED_EDGE ( 'NONE', *, *, #2292, .T. ) ;
#1003 = SURFACE_STYLE_FILL_AREA ( #2742 ) ;
#1004 =( GEOMETRIC_REPRESENTATION_CONTEXT ( 3 ) GLOBAL_UNCERTAINTY_ASSIGNED_CONTEXT ( ( #3835 ) ) GLOBAL_UNIT_ASSIGNED_CONTEXT ( ( #1113, #3371, #1447 ) ) REPRESENTATION_CONTEXT ( 'NONE', 'WORKASPACE' ) );
#1005 = AXIS2_PLACEMENT_3D ( 'NONE', #3400, #1475, #3700 ) ;
#1006 =( NAMED_UNIT ( * ) PLANE_ANGLE_UNIT ( ) SI_UNIT ( $, .RADIAN. ) );
#1007 = STYLED_ITEM ( 'NONE', ( #290 ), #13 ) ;
#1008 = TOROIDAL_SURFACE ( 'NONE', #574, 7.100000000000000500, 0.1000000000000000100 ) ;
#1009 = MECHANICAL_DESIGN_GEOMETRIC_PRESENTATION_REPRESENTATION (  '', ( #1099 ), #1004 ) ;
#1010 = DIRECTION ( 'NONE',  ( 0.0000000000000000000, 0.9701425001453319900, 0.2425356250363326900 ) ) ;
#1011 = SURFACE_STYLE_USAGE ( .BOTH. , #2957 ) ;
#1012 = STYLED_ITEM ( 'NONE', ( #1238 ), #3544 ) ;
#1013 =( NAMED_UNIT ( * ) PLANE_ANGLE_UNIT ( ) SI_UNIT ( $, .RADIAN. ) );
#1014 =( NAMED_UNIT ( * ) SI_UNIT ( $, .STERADIAN. ) SOLID_ANGLE_UNIT ( ) );
#1015 = ADVANCED_FACE ( 'NONE', ( #1703 ), #2278, .F. ) ;
#1016 = EDGE_CURVE ( 'NONE', #399, #3378, #3833, .T. ) ;
#1017 =( LENGTH_UNIT ( ) NAMED_UNIT ( * ) SI_UNIT ( .MILLI., .METRE. ) );
#1018 = CARTESIAN_POINT ( 'NONE',  ( 0.0000000000000000000, -5.299999999999999800, 0.0000000000000000000 ) ) ;
#1019 = VECTOR ( 'NONE', #345, 1000.000000000000000 ) ;
#1020 = DIRECTION ( 'NONE',  ( 0.0000000000000000000, -1.000000000000000000, 1.505836350674312200E-016 ) ) ;
#1021 = DIRECTION ( 'NONE',  ( 0.0000000000000000000, 0.0000000000000000000, 1.000000000000000000 ) ) ;
#1022 = DIRECTION ( 'NONE',  ( 0.0000000000000000000, 1.000000000000000000, 0.0000000000000000000 ) ) ;
#1023 = SURFACE_STYLE_FILL_AREA ( #3486 ) ;
#1024 = LINE ( 'NONE', #2780, #163 ) ;
#1025 = LINE ( 'NONE', #2691, #4092 ) ;
#1026 = VERTEX_POINT ( 'NONE', #3388 ) ;
#1027 = DIRECTION ( 'NONE',  ( 0.6967845926002166300, 0.0000000000000000000, -0.7172804413302722400 ) ) ;
#1028 = SURFACE_STYLE_USAGE ( .BOTH. , #2979 ) ;
#1029 = AXIS2_PLACEMENT_3D ( 'NONE', #991, #4, #712 ) ;
#1030 = VECTOR ( 'NONE', #962, 1000.000000000000000 ) ;
#1031 = DIRECTION ( 'NONE',  ( 1.000000000000000000, 0.0000000000000000000, -0.0000000000000000000 ) ) ;
#1032 = VECTOR ( 'NONE', #3124, 1000.000000000000000 ) ;
#1033 = AXIS2_PLACEMENT_3D ( 'NONE', #1107, #3366, #1442 ) ;
#1034 = EDGE_CURVE ( 'NONE', #2831, #3760, #1409, .T. ) ;
#1035 = ORIENTED_EDGE ( 'NONE', *, *, #2956, .T. ) ;
#1036 =( GEOMETRIC_REPRESENTATION_CONTEXT ( 3 ) GLOBAL_UNCERTAINTY_ASSIGNED_CONTEXT ( ( #3334 ) ) GLOBAL_UNIT_ASSIGNED_CONTEXT ( ( #3670, #3386, #2433 ) ) REPRESENTATION_CONTEXT ( 'NONE', 'WORKASPACE' ) );
#1037 = SURFACE_STYLE_USAGE ( .BOTH. , #1054 ) ;
#1038 = FILL_AREA_STYLE ('',( #711 ) ) ;
#1039 = PRESENTATION_STYLE_ASSIGNMENT (( #2424 ) ) ;
#1040 = PRESENTATION_LAYER_ASSIGNMENT (  '', '', ( #2401 ) ) ;
#1041 = CARTESIAN_POINT ( 'NONE',  ( 0.0000000000000000000, -5.900000000000001200, 1.605143702949179400E-050 ) ) ;
#1042 = EDGE_CURVE ( 'NONE', #4131, #2, #2183, .T. ) ;
#1043 = ORIENTED_EDGE ( 'NONE', *, *, #3311, .F. ) ;
#1044 = CARTESIAN_POINT ( 'NONE',  ( 0.0000000000000000000, 2.550000000000001200, 0.0000000000000000000 ) ) ;
#1045 = ADVANCED_FACE ( 'NONE', ( #545 ), #804, .F. ) ;
#1046 = VERTEX_POINT ( 'NONE', #2754 ) ;
#1047 = B_SPLINE_CURVE_WITH_KNOTS ( 'NONE', 3,
 ( #1265, #267, #602, #3508, #1589, #3802 ),
 .UNSPECIFIED., .F., .F.,
 ( 4, 2, 4 ),
 ( 0.0000000000000000000, 0.0001579388713175337900, 0.0003158777426350675900 ),
 .UNSPECIFIED. ) ;
#1048 =( LENGTH_UNIT ( ) NAMED_UNIT ( * ) SI_UNIT ( .MILLI., .METRE. ) );
#1049 = ORIENTED_EDGE ( 'NONE', *, *, #2634, .F. ) ;
#1050 = CARTESIAN_POINT ( 'NONE',  ( 0.0000000000000000000, -5.899999999999999500, 0.0000000000000000000 ) ) ;
#1051 = UNCERTAINTY_MEASURE_WITH_UNIT (LENGTH_MEASURE( 1.000000000000000100E-005 ), #18, 'distance_accuracy_value', 'NONE');
#1052 = ORIENTED_EDGE ( 'NONE', *, *, #2576, .F. ) ;
#1053 = ORIENTED_EDGE ( 'NONE', *, *, #3192, .T. ) ;
#1054 = SURFACE_SIDE_STYLE ('',( #2616 ) ) ;
#1055 = DIRECTION ( 'NONE',  ( 1.000000000000000000, 0.0000000000000000000, -0.0000000000000000000 ) ) ;
#1056 = VERTEX_POINT ( 'NONE', #150 ) ;
#1057 = DIRECTION ( 'NONE',  ( 0.0000000000000000000, 0.0000000000000000000, 1.000000000000000000 ) ) ;
#1058 = DIRECTION ( 'NONE',  ( 0.0000000000000000000, 1.000000000000000000, 0.0000000000000000000 ) ) ;
#1059 = EDGE_CURVE ( 'NONE', #384, #3760, #3473, .T. ) ;
#1060 = SURFACE_STYLE_FILL_AREA ( #2814 ) ;
#1061 = ORIENTED_EDGE ( 'NONE', *, *, #2461, .T. ) ;
#1062 = SURFACE_STYLE_USAGE ( .BOTH. , #3004 ) ;
#1063 =( NAMED_UNIT ( * ) PLANE_ANGLE_UNIT ( ) SI_UNIT ( $, .RADIAN. ) );
#1064 = EDGE_CURVE ( 'NONE', #2389, #2454, #1869, .T. ) ;
#1065 = PRESENTATION_LAYER_ASSIGNMENT (  '', '', ( #1099 ) ) ;
#1066 = STYLED_ITEM ( 'NONE', ( #906 ), #2624 ) ;
#1067 = PRESENTATION_STYLE_ASSIGNMENT (( #824 ) ) ;
#1068 = FILL_AREA_STYLE ('',( #1086 ) ) ;
#1069 = EDGE_CURVE ( 'NONE', #384, #2831, #976, .T. ) ;
#1070 = CARTESIAN_POINT ( 'NONE',  ( 2.299999999999999800, -4.500000000000001800, -0.6500000000000000200 ) ) ;
#1071 = DIRECTION ( 'NONE',  ( -0.0000000000000000000, 1.000000000000000000, -0.0000000000000000000 ) ) ;
#1072 = FILL_AREA_STYLE_COLOUR ( '', #1990 ) ;
#1073 = DIRECTION ( 'NONE',  ( 0.0000000000000000000, 1.000000000000000000, 0.0000000000000000000 ) ) ;
#1074 = VERTEX_POINT ( 'NONE', #1675 ) ;
#1075 = DIRECTION ( 'NONE',  ( 0.0000000000000000000, -1.000000000000000000, 0.0000000000000000000 ) ) ;
#1076 = ORIENTED_EDGE ( 'NONE', *, *, #2412, .T. ) ;
#1077 = CARTESIAN_POINT ( 'NONE',  ( -2.700000000000000600, -5.705882352941176600, -1.473529411764706200 ) ) ;
#1078 =( NAMED_UNIT ( * ) PLANE_ANGLE_UNIT ( ) SI_UNIT ( $, .RADIAN. ) );
#1079 = ADVANCED_FACE ( 'NONE', ( #1753 ), #3266, .F. ) ;
#1080 = EDGE_CURVE ( 'NONE', #2831, #377, #591, .T. ) ;
#1081 = FACE_OUTER_BOUND ( 'NONE', #3231, .T. ) ;
#1082 = ORIENTED_EDGE ( 'NONE', *, *, #3037, .T. ) ;
#1083 = SURFACE_STYLE_FILL_AREA ( #2900 ) ;
#1084 = ORIENTED_EDGE ( 'NONE', *, *, #2899, .F. ) ;
#1085 = EDGE_CURVE ( 'NONE', #3650, #3365, #2313, .T. ) ;
#1086 = FILL_AREA_STYLE_COLOUR ( '', #3478 ) ;
#1087 = PRESENTATION_STYLE_ASSIGNMENT (( #1844 ) ) ;
#1088 = DIRECTION ( 'NONE',  ( 0.0000000000000000000, 0.0000000000000000000, -1.000000000000000000 ) ) ;
#1089 = FACE_OUTER_BOUND ( 'NONE', #1474, .T. ) ;
#1090 = CARTESIAN_POINT ( 'NONE',  ( 2.500000000000000400, -5.900000000000001200, 1.625000000000000400 ) ) ;
#1091 = LINE ( 'NONE', #2284, #3558 ) ;
#1092 = CARTESIAN_POINT ( 'NONE',  ( -4.450000000000000200, -4.900000000000001200, 0.8999999999999992500 ) ) ;
#1093 =( NAMED_UNIT ( * ) SI_UNIT ( $, .STERADIAN. ) SOLID_ANGLE_UNIT ( ) );
#1094 =( NAMED_UNIT ( * ) PLANE_ANGLE_UNIT ( ) SI_UNIT ( $, .RADIAN. ) );
#1095 = STYLED_ITEM ( 'NONE', ( #1150 ), #1432 ) ;
#1096 = DIRECTION ( 'NONE',  ( 1.000000000000000000, 0.0000000000000000000, -0.0000000000000000000 ) ) ;
#1097 = AXIS2_PLACEMENT_3D ( 'NONE', #2369, #91, #1431 ) ;
#1098 = VERTEX_POINT ( 'NONE', #1347 ) ;
#1099 = STYLED_ITEM ( 'NONE', ( #3148 ), #2173 ) ;
#1100 = FILL_AREA_STYLE_COLOUR ( '', #1462 ) ;
#1101 = SURFACE_SIDE_STYLE ('',( #2909 ) ) ;
#1102 = PRESENTATION_LAYER_ASSIGNMENT (  '', '', ( #1066 ) ) ;
#1103 = CARTESIAN_POINT ( 'NONE',  ( 0.0000000000000000000, 0.1293752051230246100, 0.0000000000000000000 ) ) ;
#1104 = VECTOR ( 'NONE', #3258, 1000.000000000000000 ) ;
#1105 = DIRECTION ( 'NONE',  ( -1.000000000000000000, 0.0000000000000000000, 0.0000000000000000000 ) ) ;
#1106 = ORIENTED_EDGE ( 'NONE', *, *, #2288, .F. ) ;
#1107 = CARTESIAN_POINT ( 'NONE',  ( 2.700000000000000200, -11.45000000000000100, 0.05000000000000035000 ) ) ;
#1108 = CARTESIAN_POINT ( 'NONE',  ( -2.300000000000000300, -5.500000000000000900, 1.899999999999999900 ) ) ;
#1109 =( NAMED_UNIT ( * ) PLANE_ANGLE_UNIT ( ) SI_UNIT ( $, .RADIAN. ) );
#1110 = SURFACE_STYLE_FILL_AREA ( #795 ) ;
#1111 =( NAMED_UNIT ( * ) SI_UNIT ( $, .STERADIAN. ) SOLID_ANGLE_UNIT ( ) );
#1112 = ORIENTED_EDGE ( 'NONE', *, *, #3192, .F. ) ;
#1113 =( LENGTH_UNIT ( ) NAMED_UNIT ( * ) SI_UNIT ( .MILLI., .METRE. ) );
#1114 = PRESENTATION_STYLE_ASSIGNMENT (( #106 ) ) ;
#1115 = EDGE_CURVE ( 'NONE', #3650, #2929, #3873, .T. ) ;
#1116 = DIRECTION ( 'NONE',  ( -5.551115123125781500E-017, 0.0000000000000000000, 1.000000000000000000 ) ) ;
#1117 = ORIENTED_EDGE ( 'NONE', *, *, #1423, .T. ) ;
#1118 = CARTESIAN_POINT ( 'NONE',  ( -2.700000000000000600, -10.00000000000000000, 0.4000000000000000800 ) ) ;
#1119 = DIRECTION ( 'NONE',  ( -0.0000000000000000000, -1.000000000000000000, -0.0000000000000000000 ) ) ;
#1120 = CARTESIAN_POINT ( 'NONE',  ( 0.0000000000000000000, 3.150000000000000800, -8.599999999999999600 ) ) ;
#1121 =( NAMED_UNIT ( * ) SI_UNIT ( $, .STERADIAN. ) SOLID_ANGLE_UNIT ( ) );
#1122 = DIRECTION ( 'NONE',  ( 0.0000000000000000000, 1.000000000000000000, 0.0000000000000000000 ) ) ;
#1123 = CARTESIAN_POINT ( 'NONE',  ( -9.579094026548896000, -5.278482098488618500, 1.850000000000000100 ) ) ;
#1124 = CARTESIAN_POINT ( 'NONE',  ( -2.300000000000000300, -12.50000000000000000, 0.6500000000000001300 ) ) ;
#1125 =( LENGTH_UNIT ( ) NAMED_UNIT ( * ) SI_UNIT ( .MILLI., .METRE. ) );
#1126 = MECHANICAL_DESIGN_GEOMETRIC_PRESENTATION_REPRESENTATION (  '', ( #567 ), #1189 ) ;
#1127 =( NAMED_UNIT ( * ) PLANE_ANGLE_UNIT ( ) SI_UNIT ( $, .RADIAN. ) );
#1128 = EDGE_CURVE ( 'NONE', #1603, #3261, #3069, .T. ) ;
#1129 = UNCERTAINTY_MEASURE_WITH_UNIT (LENGTH_MEASURE( 1.000000000000000100E-005 ), #1438, 'distance_accuracy_value', 'NONE');
#1130 = AXIS2_PLACEMENT_3D ( 'NONE', #3039, #1096, #3353 ) ;
#1131 = DIRECTION ( 'NONE',  ( -1.224646799147350500E-016, 1.000000000000000000, -0.0000000000000000000 ) ) ;
#1132 =( GEOMETRIC_REPRESENTATION_CONTEXT ( 3 ) GLOBAL_UNCERTAINTY_ASSIGNED_CONTEXT ( ( #2515 ) ) GLOBAL_UNIT_ASSIGNED_CONTEXT ( ( #2751, #820, #3078 ) ) REPRESENTATION_CONTEXT ( 'NONE', 'WORKASPACE' ) );
#1133 = EDGE_CURVE ( 'NONE', #27, #3328, #2232, .T. ) ;
#1134 = SURFACE_SIDE_STYLE ('',( #4047 ) ) ;
#1135 = CARTESIAN_POINT ( 'NONE',  ( 0.0000000000000000000, -4.900000000000001200, 1.605143702949179400E-050 ) ) ;
#1136 = ORIENTED_EDGE ( 'NONE', *, *, #1508, .F. ) ;
#1137 = FILL_AREA_STYLE_COLOUR ( '', #209 ) ;
#1138 =( NAMED_UNIT ( * ) PLANE_ANGLE_UNIT ( ) SI_UNIT ( $, .RADIAN. ) );
#1139 = DIRECTION ( 'NONE',  ( 0.0000000000000000000, 0.2425356250363330500, 0.9701425001453319900 ) ) ;
#1140 = ORIENTED_EDGE ( 'NONE', *, *, #1739, .T. ) ;
#1141 = CIRCLE ( 'NONE', #381, 0.8999999999999996900 ) ;
#1142 = CARTESIAN_POINT ( 'NONE',  ( -2.300000000000000300, -5.500000000000000900, 1.899999999999999900 ) ) ;
#1143 = FILL_AREA_STYLE ('',( #149 ) ) ;
#1144 = FILL_AREA_STYLE ('',( #2114 ) ) ;
#1145 = EDGE_CURVE ( 'NONE', #2425, #306, #1457, .T. ) ;
#1146 = VECTOR ( 'NONE', #3475, 1000.000000000000000 ) ;
#1147 = CIRCLE ( 'NONE', #2370, 9.700000000000001100 ) ;
#1148 = ORIENTED_EDGE ( 'NONE', *, *, #3068, .T. ) ;
#1149 = LINE ( 'NONE', #2543, #277 ) ;
#1150 = PRESENTATION_STYLE_ASSIGNMENT (( #3332 ) ) ;
#1151 = LINE ( 'NONE', #948, #279 ) ;
#1152 = LINE ( 'NONE', #1186, #1919 ) ;
#1153 = EDGE_CURVE ( 'NONE', #3328, #3650, #3794, .T. ) ;
#1154 = CARTESIAN_POINT ( 'NONE',  ( -8.450062914116738600E-016, -5.400000000000000400, -6.900000000000001200 ) ) ;
#1155 = COLOUR_RGB ( '',0.7960784313725489700, 0.8235294117647058400, 0.9372549019607843100 ) ;
#1156 = ORIENTED_EDGE ( 'NONE', *, *, #2673, .F. ) ;
#1157 = FILL_AREA_STYLE_COLOUR ( '', #1545 ) ;
#1158 = DIRECTION ( 'NONE',  ( -0.0000000000000000000, -1.000000000000000000, -0.0000000000000000000 ) ) ;
#1159 =( LENGTH_UNIT ( ) NAMED_UNIT ( * ) SI_UNIT ( .MILLI., .METRE. ) );
#1160 = FILL_AREA_STYLE ('',( #828 ) ) ;
#1161 = FILL_AREA_STYLE ('',( #821 ) ) ;
#1162 = AXIS2_PLACEMENT_3D ( 'NONE', #115, #2400, #455 ) ;
#1163 = ORIENTED_EDGE ( 'NONE', *, *, #2018, .T. ) ;
#1164 = MECHANICAL_DESIGN_GEOMETRIC_PRESENTATION_REPRESENTATION (  '', ( #1728 ), #2567 ) ;
#1165 = EDGE_CURVE ( 'NONE', #2116, #2663, #2118, .T. ) ;
#1166 = EDGE_LOOP ( 'NONE', ( #4035, #2476 ) ) ;
#1167 = DIRECTION ( 'NONE',  ( 0.0000000000000000000, 0.0000000000000000000, 1.000000000000000000 ) ) ;
#1168 = SURFACE_STYLE_FILL_AREA ( #3121 ) ;
#1169 = MECHANICAL_DESIGN_GEOMETRIC_PRESENTATION_REPRESENTATION (  '', ( #1600 ), #937 ) ;
#1170 = COLOUR_RGB ( '',0.0000000000000000000, 0.3843137254901960500, 0.7215686274509803800 ) ;
#1171 = VERTEX_POINT ( 'NONE', #4020 ) ;
#1172 = ORIENTED_EDGE ( 'NONE', *, *, #2583, .T. ) ;
#1173 =( LENGTH_UNIT ( ) NAMED_UNIT ( * ) SI_UNIT ( .MILLI., .METRE. ) );
#1174 = SURFACE_STYLE_USAGE ( .BOTH. , #3105 ) ;
#1175 = EDGE_LOOP ( 'NONE', ( #387, #603, #193, #2073, #1327, #1231 ) ) ;
#1176 = CARTESIAN_POINT ( 'NONE',  ( -4.807813688941523700, -5.299999999999999800, -4.949235045178851600 ) ) ;
#1177 = ORIENTED_EDGE ( 'NONE', *, *, #1339, .F. ) ;
#1178 = CARTESIAN_POINT ( 'NONE',  ( 2.500000000000000400, -4.900000000000000400, -1.700000000000000800 ) ) ;
#1179 = CARTESIAN_POINT ( 'NONE',  ( 2.750000000000000900, -5.900000000000001200, 0.7000000000000001800 ) ) ;
#1180 = SURFACE_STYLE_USAGE ( .BOTH. , #3111 ) ;
#1181 = EDGE_CURVE ( 'NONE', #1056, #3650, #481, .T. ) ;
#1182 = DIRECTION ( 'NONE',  ( -0.0000000000000000000, -1.000000000000000000, -0.0000000000000000000 ) ) ;
#1183 = DIRECTION ( 'NONE',  ( 0.0000000000000000000, -1.000000000000000000, 0.0000000000000000000 ) ) ;
#1184 = SURFACE_STYLE_USAGE ( .BOTH. , #1201 ) ;
#1185 =( LENGTH_UNIT ( ) NAMED_UNIT ( * ) SI_UNIT ( .MILLI., .METRE. ) );
#1186 = CARTESIAN_POINT ( 'NONE',  ( 2.700000000000000200, -11.80000000000000100, 0.6500000000000000200 ) ) ;
#1187 = CARTESIAN_POINT ( 'NONE',  ( 2.500000000000000400, -5.900000000000001200, 1.625000000000000900 ) ) ;
#1188 = PLANE ( 'NONE',  #1595 ) ;
#1189 =( GEOMETRIC_REPRESENTATION_CONTEXT ( 3 ) GLOBAL_UNCERTAINTY_ASSIGNED_CONTEXT ( ( #3246 ) ) GLOBAL_UNIT_ASSIGNED_CONTEXT ( ( #124, #2419, #466 ) ) REPRESENTATION_CONTEXT ( 'NONE', 'WORKASPACE' ) );
#1190 = CARTESIAN_POINT ( 'NONE',  ( -2.100000000000000500, -5.700000000000000200, 0.6500000000000001300 ) ) ;
#1191 = UNCERTAINTY_MEASURE_WITH_UNIT (LENGTH_MEASURE( 1.000000000000000100E-005 ), #2688, 'distance_accuracy_value', 'NONE');
#1192 = CARTESIAN_POINT ( 'NONE',  ( 2.700000000000000200, -3.900000000000001700, 0.3999999999999993000 ) ) ;
#1193 = DIRECTION ( 'NONE',  ( -0.0000000000000000000, -1.000000000000000000, -0.0000000000000000000 ) ) ;
#1194 = AXIS2_PLACEMENT_3D ( 'NONE', #1987, #15, #2314 ) ;
#1195 = ORIENTED_EDGE ( 'NONE', *, *, #2061, .T. ) ;
#1196 = EDGE_CURVE ( 'NONE', #2072, #3019, #3695, .T. ) ;
#1197 = UNCERTAINTY_MEASURE_WITH_UNIT (LENGTH_MEASURE( 1.000000000000000100E-005 ), #3023, 'distance_accuracy_value', 'NONE');
#1198 = DIRECTION ( 'NONE',  ( 1.000000000000000000, 0.0000000000000000000, -0.0000000000000000000 ) ) ;
#1199 = COLOUR_RGB ( '',0.7960784313725489700, 0.8235294117647058400, 0.9372549019607843100 ) ;
#1200 = ORIENTED_EDGE ( 'NONE', *, *, #2627, .T. ) ;
#1201 = SURFACE_SIDE_STYLE ('',( #629 ) ) ;
#1202 =( LENGTH_UNIT ( ) NAMED_UNIT ( * ) SI_UNIT ( .MILLI., .METRE. ) );
#1203 = SURFACE_STYLE_FILL_AREA ( #3953 ) ;
#1204 = CIRCLE ( 'NONE', #3840, 1.700000000000000800 ) ;
#1205 = CARTESIAN_POINT ( 'NONE',  ( -2.300000000000000300, -10.00000000000000000, 0.4000000000000000800 ) ) ;
#1206 = PRESENTATION_STYLE_ASSIGNMENT (( #2528 ) ) ;
#1207 = VECTOR ( 'NONE', #3781, 1000.000000000000000 ) ;
#1208 = FILL_AREA_STYLE_COLOUR ( '', #248 ) ;
#1209 = VERTEX_POINT ( 'NONE', #1568 ) ;
#1210 = EDGE_CURVE ( 'NONE', #27, #1056, #1149, .T. ) ;
#1211 =( NAMED_UNIT ( * ) PLANE_ANGLE_UNIT ( ) SI_UNIT ( $, .RADIAN. ) );
#1212 = VERTEX_POINT ( 'NONE', #2200 ) ;
#1213 = ADVANCED_FACE ( 'NONE', ( #2012 ), #843, .T. ) ;
#1214 = CARTESIAN_POINT ( 'NONE',  ( -2.300000000000000300, -12.50000000000000000, 0.04999999999999960000 ) ) ;
#1215 = FACE_OUTER_BOUND ( 'NONE', #2525, .T. ) ;
#1216 = DIRECTION ( 'NONE',  ( 0.0000000000000000000, 0.0000000000000000000, 1.000000000000000000 ) ) ;
#1217 = VECTOR ( 'NONE', #3368, 1000.000000000000000 ) ;
#1218 = VERTEX_POINT ( 'NONE', #2502 ) ;
#1219 = EDGE_CURVE ( 'NONE', #3792, #4051, #2471, .T. ) ;
#1220 = VERTEX_POINT ( 'NONE', #1214 ) ;
#1221 = CARTESIAN_POINT ( 'NONE',  ( 2.299999999999999800, -10.00000000000000200, -0.3999999999999999700 ) ) ;
#1222 = LINE ( 'NONE', #341, #335 ) ;
#1223 =( GEOMETRIC_REPRESENTATION_CONTEXT ( 3 ) GLOBAL_UNCERTAINTY_ASSIGNED_CONTEXT ( ( #416 ) ) GLOBAL_UNIT_ASSIGNED_CONTEXT ( ( #2387, #437, #2713 ) ) REPRESENTATION_CONTEXT ( 'NONE', 'WORKASPACE' ) );
#1224 = DIRECTION ( 'NONE',  ( 0.0000000000000000000, 0.0000000000000000000, -1.000000000000000000 ) ) ;
#1225 = DIRECTION ( 'NONE',  ( 0.0000000000000000000, 0.0000000000000000000, 1.000000000000000000 ) ) ;
#1226 = ORIENTED_EDGE ( 'NONE', *, *, #1673, .T. ) ;
#1227 =( GEOMETRIC_REPRESENTATION_CONTEXT ( 3 ) GLOBAL_UNCERTAINTY_ASSIGNED_CONTEXT ( ( #681 ) ) GLOBAL_UNIT_ASSIGNED_CONTEXT ( ( #1862, #4039, #2195 ) ) REPRESENTATION_CONTEXT ( 'NONE', 'WORKASPACE' ) );
#1228 = EDGE_CURVE ( 'NONE', #2147, #3365, #3310, .T. ) ;
#1229 = CIRCLE ( 'NONE', #916, 9.799999999999998900 ) ;
#1230 = ORIENTED_EDGE ( 'NONE', *, *, #1064, .F. ) ;
#1231 = ORIENTED_EDGE ( 'NONE', *, *, #2791, .T. ) ;
#1232 = FILL_AREA_STYLE ('',( #1637 ) ) ;
#1233 = VERTEX_POINT ( 'NONE', #3990 ) ;
#1234 =( LENGTH_UNIT ( ) NAMED_UNIT ( * ) SI_UNIT ( .MILLI., .METRE. ) );
#1235 =( NAMED_UNIT ( * ) PLANE_ANGLE_UNIT ( ) SI_UNIT ( $, .RADIAN. ) );
#1236 = EDGE_CURVE ( 'NONE', #1056, #2147, #1604, .T. ) ;
#1237 = CARTESIAN_POINT ( 'NONE',  ( -2.300000000000000300, -5.500000000000000900, 1.899999999999999900 ) ) ;
#1238 = PRESENTATION_STYLE_ASSIGNMENT (( #1028 ) ) ;
#1239 = DIRECTION ( 'NONE',  ( 0.0000000000000000000, 0.0000000000000000000, -1.000000000000000000 ) ) ;
#1240 = CARTESIAN_POINT ( 'NONE',  ( 0.0000000000000000000, -5.400000000000000400, 0.0000000000000000000 ) ) ;
#1241 = EDGE_CURVE ( 'NONE', #2147, #1648, #4093, .T. ) ;
#1242 = PRESENTATION_STYLE_ASSIGNMENT (( #1571 ) ) ;
#1243 = CARTESIAN_POINT ( 'NONE',  ( -4.595658360009376300, -5.400000000000000400, -4.737079716246702400 ) ) ;
#1244 = MECHANICAL_DESIGN_GEOMETRIC_PRESENTATION_REPRESENTATION (  '', ( #1294 ), #1223 ) ;
#1245 = CARTESIAN_POINT ( 'NONE',  ( -9.672916788056541600, -4.698254692900326800, 1.850000000000000300 ) ) ;
#1246 =( GEOMETRIC_REPRESENTATION_CONTEXT ( 3 ) GLOBAL_UNCERTAINTY_ASSIGNED_CONTEXT ( ( #3381 ) ) GLOBAL_UNIT_ASSIGNED_CONTEXT ( ( #978, #3250, #1332 ) ) REPRESENTATION_CONTEXT ( 'NONE', 'WORKASPACE' ) );
#1247 = EDGE_CURVE ( 'NONE', #1171, #2201, #735, .T. ) ;
#1248 = CARTESIAN_POINT ( 'NONE',  ( 0.0000000000000000000, -5.500000000000000900, 7.100000000000002300 ) ) ;
#1249 = VERTEX_POINT ( 'NONE', #2455 ) ;
#1250 = LINE ( 'NONE', #2286, #2954 ) ;
#1251 = PRESENTATION_LAYER_ASSIGNMENT (  '', '', ( #1294 ) ) ;
#1252 = CIRCLE ( 'NONE', #3528, 9.650000000000002100 ) ;
#1253 = CIRCLE ( 'NONE', #2465, 8.750000000000000000 ) ;
#1254 =( GEOMETRIC_REPRESENTATION_CONTEXT ( 3 ) GLOBAL_UNCERTAINTY_ASSIGNED_CONTEXT ( ( #4111 ) ) GLOBAL_UNIT_ASSIGNED_CONTEXT ( ( #701, #2962, #1014 ) ) REPRESENTATION_CONTEXT ( 'NONE', 'WORKASPACE' ) );
#1255 = VERTEX_POINT ( 'NONE', #1826 ) ;
#1256 = VECTOR ( 'NONE', #908, 1000.000000000000100 ) ;
#1257 = CIRCLE ( 'NONE', #2430, 0.09999999999999952000 ) ;
#1258 = LINE ( 'NONE', #636, #2965 ) ;
#1259 = VECTOR ( 'NONE', #2481, 1000.000000000000000 ) ;
#1260 = CARTESIAN_POINT ( 'NONE',  ( -2.299999999999998000, -4.900000000000001200, 1.850000000000000300 ) ) ;
#1261 = ORIENTED_EDGE ( 'NONE', *, *, #1085, .T. ) ;
#1262 = UNCERTAINTY_MEASURE_WITH_UNIT (LENGTH_MEASURE( 1.000000000000000100E-005 ), #2459, 'distance_accuracy_value', 'NONE');
#1263 = EDGE_CURVE ( 'NONE', #3760, #2936, #2873, .T. ) ;
#1264 = CARTESIAN_POINT ( 'NONE',  ( -2.299999999999998900, -4.900000000000001200, 1.275000000000000100 ) ) ;
#1265 = CARTESIAN_POINT ( 'NONE',  ( -2.100000000000000100, -5.500000000000000900, -0.6828640358836499700 ) ) ;
#1266 = VERTEX_POINT ( 'NONE', #831 ) ;
#1267 = ORIENTED_EDGE ( 'NONE', *, *, #2634, .T. ) ;
#1268 = PRESENTATION_STYLE_ASSIGNMENT (( #1062 ) ) ;
#1269 = PRESENTATION_LAYER_ASSIGNMENT (  '', '', ( #3546 ) ) ;
#1270 = VERTEX_POINT ( 'NONE', #3491 ) ;
#1271 = ORIENTED_EDGE ( 'NONE', *, *, #1219, .T. ) ;
#1272 = DIRECTION ( 'NONE',  ( 0.0000000000000000000, 0.0000000000000000000, 1.000000000000000000 ) ) ;
#1273 = CARTESIAN_POINT ( 'NONE',  ( -2.700000000000000600, -12.15000000000000000, 0.04999999999999955900 ) ) ;
#1274 = FILL_AREA_STYLE_COLOUR ( '', #3904 ) ;
#1275 = PRESENTATION_LAYER_ASSIGNMENT (  '', '', ( #910 ) ) ;
#1276 = VECTOR ( 'NONE', #2488, 1000.000000000000000 ) ;
#1277 = EDGE_CURVE ( 'NONE', #2, #1813, #2359, .T. ) ;
#1278 = ORIENTED_EDGE ( 'NONE', *, *, #2164, .F. ) ;
#1279 = EDGE_LOOP ( 'NONE', ( #986, #1421, #2577, #2580 ) ) ;
#1280 = AXIS2_PLACEMENT_3D ( 'NONE', #458, #442, #428 ) ;
#1281 = EDGE_LOOP ( 'NONE', ( #2496, #3856, #3467, #713 ) ) ;
#1282 = FACE_OUTER_BOUND ( 'NONE', #940, .T. ) ;
#1283 = AXIS2_PLACEMENT_3D ( 'NONE', #3073, #1139, #3399 ) ;
#1284 = DIRECTION ( 'NONE',  ( -1.000000000000000000, 0.0000000000000000000, 0.0000000000000000000 ) ) ;
#1285 = EDGE_CURVE ( 'NONE', #4002, #2936, #4010, .T. ) ;
#1286 = DIRECTION ( 'NONE',  ( -0.0000000000000000000, 1.000000000000000000, -0.0000000000000000000 ) ) ;
#1287 = DIRECTION ( 'NONE',  ( -0.0000000000000000000, -1.000000000000000000, -0.0000000000000000000 ) ) ;
#1288 = EDGE_CURVE ( 'NONE', #1724, #2267, #642, .T. ) ;
#1289 = AXIS2_PLACEMENT_3D ( 'NONE', #2785, #4009, #2159 ) ;
#1290 = SURFACE_STYLE_USAGE ( .BOTH. , #3222 ) ;
#1291 = EDGE_CURVE ( 'NONE', #2936, #2267, #1514, .T. ) ;
#1292 = EDGE_CURVE ( 'NONE', #3760, #1724, #3123, .T. ) ;
#1293 = CARTESIAN_POINT ( 'NONE',  ( 2.299999999999999800, -11.80000000000000100, 0.6500000000000000200 ) ) ;
#1294 = STYLED_ITEM ( 'NONE', ( #74 ), #2162 ) ;
#1295 =( NAMED_UNIT ( * ) PLANE_ANGLE_UNIT ( ) SI_UNIT ( $, .RADIAN. ) );
#1296 = FILL_AREA_STYLE_COLOUR ( '', #103 ) ;
#1297 = VECTOR ( 'NONE', #1088, 1000.000000000000000 ) ;
#1298 = AXIS2_PLACEMENT_3D ( 'NONE', #2975, #1022, #3294 ) ;
#1299 = ORIENTED_EDGE ( 'NONE', *, *, #3101, .F. ) ;
#1300 = CARTESIAN_POINT ( 'NONE',  ( 8.300000000000000700, -10.00000000000000200, -0.3999999999999999700 ) ) ;
#1301 = EDGE_CURVE ( 'NONE', #2184, #1724, #3918, .T. ) ;
#1302 = VECTOR ( 'NONE', #3500, 999.9999999999998900 ) ;
#1303 = FILL_AREA_STYLE ('',( #1274 ) ) ;
#1304 = CARTESIAN_POINT ( 'NONE',  ( 0.0000000000000000000, -5.999999999999999100, -9.799999999999998900 ) ) ;
#1305 = LINE ( 'NONE', #176, #2055 ) ;
#1306 =( LENGTH_UNIT ( ) NAMED_UNIT ( * ) SI_UNIT ( .MILLI., .METRE. ) );
#1307 = LINE ( 'NONE', #2209, #1207 ) ;
#1308 = SURFACE_STYLE_FILL_AREA ( #1478 ) ;
#1309 = ORIENTED_EDGE ( 'NONE', *, *, #1228, .F. ) ;
#1310 = SURFACE_STYLE_FILL_AREA ( #698 ) ;
#1311 = PRESENTATION_STYLE_ASSIGNMENT (( #1436 ) ) ;
#1312 =( NAMED_UNIT ( * ) SI_UNIT ( $, .STERADIAN. ) SOLID_ANGLE_UNIT ( ) );
#1313 = DIRECTION ( 'NONE',  ( -1.000000000000000000, 0.0000000000000000000, 0.0000000000000000000 ) ) ;
#1314 = FILL_AREA_STYLE ('',( #1296 ) ) ;
#1315 = CYLINDRICAL_SURFACE ( 'NONE', #1097, 0.3499999999999999800 ) ;
#1316 = DIRECTION ( 'NONE',  ( -5.551115123125781500E-017, 0.0000000000000000000, 1.000000000000000000 ) ) ;
#1317 = EDGE_CURVE ( 'NONE', #3011, #3261, #1405, .T. ) ;
#1318 = CARTESIAN_POINT ( 'NONE',  ( -2.300000000000000300, -10.00000000000000000, -0.4000000000000001900 ) ) ;
#1319 = UNCERTAINTY_MEASURE_WITH_UNIT (LENGTH_MEASURE( 1.000000000000000100E-005 ), #2961, 'distance_accuracy_value', 'NONE');
#1320 = DIRECTION ( 'NONE',  ( -1.000000000000000000, -0.0000000000000000000, -0.0000000000000000000 ) ) ;
#1321 = VECTOR ( 'NONE', #1639, 1000.000000000000000 ) ;
#1322 = EDGE_LOOP ( 'NONE', ( #2546, #3891, #295, #194, #864, #2490, #4032, #2371, #3930, #1425 ) ) ;
#1323 = ORIENTED_EDGE ( 'NONE', *, *, #1196, .T. ) ;
#1324 = MECHANICAL_DESIGN_GEOMETRIC_PRESENTATION_REPRESENTATION (  '', ( #167 ), #1036 ) ;
#1325 = EDGE_LOOP ( 'NONE', ( #3496, #1117, #3669, #3454 ) ) ;
#1326 = CARTESIAN_POINT ( 'NONE',  ( 2.250000000000000900, -5.900000000000001200, 0.7000000000000001800 ) ) ;
#1327 = ORIENTED_EDGE ( 'NONE', *, *, #1579, .T. ) ;
#1328 = AXIS2_PLACEMENT_3D ( 'NONE', #2774, #2435, #181 ) ;
#1329 = UNCERTAINTY_MEASURE_WITH_UNIT (LENGTH_MEASURE( 1.000000000000000100E-005 ), #1159, 'distance_accuracy_value', 'NONE');
#1330 = DIRECTION ( 'NONE',  ( 0.0000000000000000000, -1.000000000000000000, 0.0000000000000000000 ) ) ;
#1331 = SURFACE_STYLE_FILL_AREA ( #573 ) ;
#1332 =( NAMED_UNIT ( * ) SI_UNIT ( $, .STERADIAN. ) SOLID_ANGLE_UNIT ( ) );
#1333 = COLOUR_RGB ( '',0.7960784313725489700, 0.8235294117647058400, 0.9372549019607843100 ) ;
#1334 = AXIS2_PLACEMENT_3D ( 'NONE', #1422, #3647, #1738 ) ;
#1335 = CARTESIAN_POINT ( 'NONE',  ( -9.672916788056541600, -4.698254692900326800, -1.850000000000001200 ) ) ;
#1336 = DIRECTION ( 'NONE',  ( 0.0000000000000000000, 0.0000000000000000000, -1.000000000000000000 ) ) ;
#1337 = ORIENTED_EDGE ( 'NONE', *, *, #1383, .T. ) ;
#1338 = PRESENTATION_LAYER_ASSIGNMENT (  '', '', ( #3493 ) ) ;
#1339 = EDGE_CURVE ( 'NONE', #2184, #2831, #3014, .T. ) ;
#1340 = COLOUR_RGB ( '',0.7960784313725489700, 0.8235294117647058400, 0.9372549019607843100 ) ;
#1341 = VERTEX_POINT ( 'NONE', #942 ) ;
#1342 = CARTESIAN_POINT ( 'NONE',  ( -2.299999999999998000, -5.900000000000001200, -1.850000000000000800 ) ) ;
#1343 = EDGE_CURVE ( 'NONE', #2184, #4051, #3743, .T. ) ;
#1344 =( LENGTH_UNIT ( ) NAMED_UNIT ( * ) SI_UNIT ( .MILLI., .METRE. ) );
#1345 = DIRECTION ( 'NONE',  ( 0.0000000000000000000, -1.000000000000000000, 0.0000000000000000000 ) ) ;
#1346 = DIRECTION ( 'NONE',  ( 0.0000000000000000000, -1.000000000000000000, 0.0000000000000000000 ) ) ;
#1347 = CARTESIAN_POINT ( 'NONE',  ( -2.100000000000000100, -5.500000000000000900, 0.6828640358836499700 ) ) ;
#1348 = DIRECTION ( 'NONE',  ( 0.0000000000000000000, 1.000000000000000000, 0.0000000000000000000 ) ) ;
#1349 = CARTESIAN_POINT ( 'NONE',  ( 10.40000000000000000, -5.999999999999999100, 0.0000000000000000000 ) ) ;
#1350 = EDGE_CURVE ( 'NONE', #1724, #3792, #2174, .T. ) ;
#1351 = SURFACE_STYLE_FILL_AREA ( #1038 ) ;
#1352 = ORIENTED_EDGE ( 'NONE', *, *, #2859, .F. ) ;
#1353 = AXIS2_PLACEMENT_3D ( 'NONE', #4079, #4067, #3797 ) ;
#1354 = VECTOR ( 'NONE', #2485, 1000.000000000000000 ) ;
#1355 = MECHANICAL_DESIGN_GEOMETRIC_PRESENTATION_REPRESENTATION (  '', ( #438 ), #531 ) ;
#1356 = CIRCLE ( 'NONE', #2652, 1.700000000000000800 ) ;
#1357 = EDGE_CURVE ( 'NONE', #4051, #2663, #418, .T. ) ;
#1358 =( NAMED_UNIT ( * ) SI_UNIT ( $, .STERADIAN. ) SOLID_ANGLE_UNIT ( ) );
#1359 =( NAMED_UNIT ( * ) PLANE_ANGLE_UNIT ( ) SI_UNIT ( $, .RADIAN. ) );
#1360 = FILL_AREA_STYLE_COLOUR ( '', #1488 ) ;
#1361 = PRESENTATION_STYLE_ASSIGNMENT (( #1366 ) ) ;
#1362 = DIRECTION ( 'NONE',  ( -1.000000000000000000, 0.0000000000000000000, 0.0000000000000000000 ) ) ;
#1363 = LINE ( 'NONE', #159, #3077 ) ;
#1364 = ORIENTED_EDGE ( 'NONE', *, *, #1497, .F. ) ;
#1365 = LINE ( 'NONE', #1706, #3882 ) ;
#1366 = SURFACE_STYLE_USAGE ( .BOTH. , #2917 ) ;
#1367 = DIRECTION ( 'NONE',  ( 0.0000000000000000000, 0.0000000000000000000, 1.000000000000000000 ) ) ;
#1368 = ORIENTED_EDGE ( 'NONE', *, *, #1343, .F. ) ;
#1369 = EDGE_CURVE ( 'NONE', #1813, #2184, #2911, .T. ) ;
#1370 = VECTOR ( 'NONE', #3423, 1000.000000000000000 ) ;
#1371 =( NAMED_UNIT ( * ) PLANE_ANGLE_UNIT ( ) SI_UNIT ( $, .RADIAN. ) );
#1372 = ORIENTED_EDGE ( 'NONE', *, *, #1925, .T. ) ;
#1373 = OPEN_SHELL ( 'NONE', ( #2611, #661, #3428, #1489, #2709, #2358, #2698, #13, #581, #494, #2050, #100 ) ) ;
#1374 = ORIENTED_EDGE ( 'NONE', *, *, #1651, .T. ) ;
#1375 = CARTESIAN_POINT ( 'NONE',  ( -2.300000000000000300, -12.50000000000000000, 0.6500000000000001300 ) ) ;
#1376 = UNCERTAINTY_MEASURE_WITH_UNIT (LENGTH_MEASURE( 1.000000000000000100E-005 ), #3017, 'distance_accuracy_value', 'NONE');
#1377 =( NAMED_UNIT ( * ) PLANE_ANGLE_UNIT ( ) SI_UNIT ( $, .RADIAN. ) );
#1378 = LINE ( 'NONE', #2993, #3810 ) ;
#1379 = ORIENTED_EDGE ( 'NONE', *, *, #2833, .T. ) ;
#1380 = AXIS2_PLACEMENT_3D ( 'NONE', #3325, #1406, #3636 ) ;
#1381 = COLOUR_RGB ( '',1.000000000000000000, 1.000000000000000000, 1.000000000000000000 ) ;
#1382 = STYLED_ITEM ( 'NONE', ( #2609 ), #3013 ) ;
#1383 = EDGE_CURVE ( 'NONE', #4000, #2307, #2054, .T. ) ;
#1384 = UNCERTAINTY_MEASURE_WITH_UNIT (LENGTH_MEASURE( 1.000000000000000100E-005 ), #3104, 'distance_accuracy_value', 'NONE');
#1385 = SURFACE_STYLE_USAGE ( .BOTH. , #3301 ) ;
#1386 = PRESENTATION_LAYER_ASSIGNMENT (  '', '', ( #1600 ) ) ;
#1387 = DIRECTION ( 'NONE',  ( 5.551115123125781500E-017, 0.0000000000000000000, -1.000000000000000000 ) ) ;
#1388 = FACE_OUTER_BOUND ( 'NONE', #2547, .T. ) ;
#1389 =( LENGTH_UNIT ( ) NAMED_UNIT ( * ) SI_UNIT ( .MILLI., .METRE. ) );
#1390 = ORIENTED_EDGE ( 'NONE', *, *, #1517, .F. ) ;
#1391 = PRESENTATION_STYLE_ASSIGNMENT (( #1184 ) ) ;
#1392 =( NAMED_UNIT ( * ) SI_UNIT ( $, .STERADIAN. ) SOLID_ANGLE_UNIT ( ) );
#1393 = ADVANCED_FACE ( 'NONE', ( #3830 ), #2416, .F. ) ;
#1394 = DIRECTION ( 'NONE',  ( 0.0000000000000000000, 0.0000000000000000000, -1.000000000000000000 ) ) ;
#1395 = EDGE_CURVE ( 'NONE', #2929, #788, #1649, .T. ) ;
#1396 =( NAMED_UNIT ( * ) SI_UNIT ( $, .STERADIAN. ) SOLID_ANGLE_UNIT ( ) );
#1397 = CARTESIAN_POINT ( 'NONE',  ( -8.082668874372532000E-016, -5.400000000000000400, -6.600000000000000500 ) ) ;
#1398 = FACE_BOUND ( 'NONE', #1666, .T. ) ;
#1399 = CARTESIAN_POINT ( 'NONE',  ( 0.0000000000000000000, -5.299999999999999800, 0.0000000000000000000 ) ) ;
#1400 = ORIENTED_EDGE ( 'NONE', *, *, #1865, .T. ) ;
#1401 = SURFACE_STYLE_USAGE ( .BOTH. , #1419 ) ;
#1402 = COLOUR_RGB ( '',0.7960784313725489700, 0.8235294117647058400, 0.9372549019607843100 ) ;
#1403 = ORIENTED_EDGE ( 'NONE', *, *, #1632, .T. ) ;
#1404 =( NAMED_UNIT ( * ) PLANE_ANGLE_UNIT ( ) SI_UNIT ( $, .RADIAN. ) );
#1405 = CIRCLE ( 'NONE', #3696, 1.700000000000000800 ) ;
#1406 = DIRECTION ( 'NONE',  ( -1.000000000000000000, 0.0000000000000000000, 0.0000000000000000000 ) ) ;
#1407 = LINE ( 'NONE', #1205, #3018 ) ;
#1408 = MECHANICAL_DESIGN_GEOMETRIC_PRESENTATION_REPRESENTATION (  '', ( #1382 ), #1246 ) ;
#1409 = CIRCLE ( 'NONE', #2992, 0.09999999999999952000 ) ;
#1410 = ORIENTED_EDGE ( 'NONE', *, *, #1236, .F. ) ;
#1411 = UNCERTAINTY_MEASURE_WITH_UNIT (LENGTH_MEASURE( 1.000000000000000100E-005 ), #315, 'distance_accuracy_value', 'NONE');
#1412 = AXIS2_PLACEMENT_3D ( 'NONE', #2701, #761, #3025 ) ;
#1413 = SURFACE_SIDE_STYLE ('',( #2676 ) ) ;
#1414 = ADVANCED_FACE ( 'NONE', ( #1567 ), #2964, .T. ) ;
#1415 = FILL_AREA_STYLE_COLOUR ( '', #3306 ) ;
#1416 =( GEOMETRIC_REPRESENTATION_CONTEXT ( 3 ) GLOBAL_UNCERTAINTY_ASSIGNED_CONTEXT ( ( #1633 ) ) GLOBAL_UNIT_ASSIGNED_CONTEXT ( ( #3715, #1820, #3999 ) ) REPRESENTATION_CONTEXT ( 'NONE', 'WORKASPACE' ) );
#1417 = PLANE ( 'NONE',  #3607 ) ;
#1418 = EDGE_CURVE ( 'NONE', #3328, #788, #1257, .T. ) ;
#1419 = SURFACE_SIDE_STYLE ('',( #926 ) ) ;
#1420 = CARTESIAN_POINT ( 'NONE',  ( -2.299999999999999400, -5.900000000000001200, -1.275000000000000600 ) ) ;
#1421 = ORIENTED_EDGE ( 'NONE', *, *, #3169, .T. ) ;
#1422 = CARTESIAN_POINT ( 'NONE',  ( 0.0000000000000000000, -5.999999999999999100, 0.0000000000000000000 ) ) ;
#1423 = EDGE_CURVE ( 'NONE', #995, #3328, #2119, .T. ) ;
#1424 = ORIENTED_EDGE ( 'NONE', *, *, #1291, .F. ) ;
#1425 = ORIENTED_EDGE ( 'NONE', *, *, #2859, .T. ) ;
#1426 =( LENGTH_UNIT ( ) NAMED_UNIT ( * ) SI_UNIT ( .MILLI., .METRE. ) );
#1427 = FILL_AREA_STYLE_COLOUR ( '', #1199 ) ;
#1428 = ORIENTED_EDGE ( 'NONE', *, *, #2094, .T. ) ;
#1429 = FACE_OUTER_BOUND ( 'NONE', #3803, .T. ) ;
#1430 = CARTESIAN_POINT ( 'NONE',  ( -8.300000000000002500, -12.15000000000000000, 0.04999999999999955900 ) ) ;
#1431 = DIRECTION ( 'NONE',  ( 0.0000000000000000000, 0.0000000000000000000, -1.000000000000000000 ) ) ;
#1432 = ADVANCED_FACE ( 'NONE', ( #2875, #372 ), #3479, .F. ) ;
#1433 =( LENGTH_UNIT ( ) NAMED_UNIT ( * ) SI_UNIT ( .MILLI., .METRE. ) );
#1434 = EDGE_CURVE ( 'NONE', #995, #815, #1698, .T. ) ;
#1435 = AXIS2_PLACEMENT_3D ( 'NONE', #969, #3239, #1316 ) ;
#1436 = SURFACE_STYLE_USAGE ( .BOTH. , #1449 ) ;
#1437 = EDGE_CURVE ( 'NONE', #815, #27, #3421, .T. ) ;
#1438 =( LENGTH_UNIT ( ) NAMED_UNIT ( * ) SI_UNIT ( .MILLI., .METRE. ) );
#1439 = DIRECTION ( 'NONE',  ( -0.0000000000000000000, -1.000000000000000000, -0.0000000000000000000 ) ) ;
#1440 = FILL_AREA_STYLE_COLOUR ( '', #822 ) ;
#1441 = FILL_AREA_STYLE_COLOUR ( '', #36 ) ;
#1442 = DIRECTION ( 'NONE',  ( 0.0000000000000000000, 0.0000000000000000000, 1.000000000000000000 ) ) ;
#1443 = FILL_AREA_STYLE ('',( #3047 ) ) ;
#1444 = SURFACE_STYLE_USAGE ( .BOTH. , #1461 ) ;
#1445 = EDGE_CURVE ( 'NONE', #3307, #4131, #2565, .T. ) ;
#1446 = B_SPLINE_CURVE_WITH_KNOTS ( 'NONE', 3,
 ( #1816, #3997, #2148, #179, #2462, #518, #2787 ),
 .UNSPECIFIED., .F., .F.,
 ( 4, 3, 4 ),
 ( 0.005868439055797658600, 0.006066701573899360200, 0.006268454844079693000 ),
 .UNSPECIFIED. ) ;
#1447 =( NAMED_UNIT ( * ) SI_UNIT ( $, .STERADIAN. ) SOLID_ANGLE_UNIT ( ) );
#1448 = EDGE_CURVE ( 'NONE', #2812, #815, #844, .T. ) ;
#1449 = SURFACE_SIDE_STYLE ('',( #1611 ) ) ;
#1450 = CARTESIAN_POINT ( 'NONE',  ( 2.500000000000000900, -5.900000000000001200, -1.625000000000000400 ) ) ;
#1451 = CARTESIAN_POINT ( 'NONE',  ( 2.700000000000000200, -11.45000000000000100, 0.4000000000000004700 ) ) ;
#1452 = FILL_AREA_STYLE_COLOUR ( '', #521 ) ;
#1453 = CIRCLE ( 'NONE', #865, 0.1000000000000002600 ) ;
#1454 = ORIENTED_EDGE ( 'NONE', *, *, #2470, .T. ) ;
#1455 = FILL_AREA_STYLE_COLOUR ( '', #1941 ) ;
#1456 = PLANE ( 'NONE',  #1283 ) ;
#1457 = LINE ( 'NONE', #3439, #2963 ) ;
#1458 = CARTESIAN_POINT ( 'NONE',  ( -9.472778987546679000, -5.300000000000001600, 1.850000000000000300 ) ) ;
#1459 =( NAMED_UNIT ( * ) SI_UNIT ( $, .STERADIAN. ) SOLID_ANGLE_UNIT ( ) );
#1460 =( GEOMETRIC_REPRESENTATION_CONTEXT ( 3 ) GLOBAL_UNCERTAINTY_ASSIGNED_CONTEXT ( ( #1191 ) ) GLOBAL_UNIT_ASSIGNED_CONTEXT ( ( #2688, #745, #3007 ) ) REPRESENTATION_CONTEXT ( 'NONE', 'WORKASPACE' ) );
#1461 = SURFACE_SIDE_STYLE ('',( #1308 ) ) ;
#1462 = COLOUR_RGB ( '',0.7960784313725489700, 0.8235294117647058400, 0.9372549019607843100 ) ;
#1463 = PRESENTATION_LAYER_ASSIGNMENT (  '', '', ( #567 ) ) ;
#1464 = EDGE_CURVE ( 'NONE', #2817, #3738, #4096, .T. ) ;
#1465 = CARTESIAN_POINT ( 'NONE',  ( -2.100000000000000500, -5.100000000000000500, 0.6828640358836497400 ) ) ;
#1466 = COLOUR_RGB ( '',0.7960784313725489700, 0.8235294117647058400, 0.9372549019607843100 ) ;
#1467 = MECHANICAL_DESIGN_GEOMETRIC_PRESENTATION_REPRESENTATION (  '', ( #1527 ), #1460 ) ;
#1468 =( LENGTH_UNIT ( ) NAMED_UNIT ( * ) SI_UNIT ( .MILLI., .METRE. ) );
#1469 = DIRECTION ( 'NONE',  ( 5.551115123125781500E-017, 0.0000000000000000000, -1.000000000000000000 ) ) ;
#1470 = PRESENTATION_LAYER_ASSIGNMENT (  '', '', ( #2259 ) ) ;
#1471 = CYLINDRICAL_SURFACE ( 'NONE', #1827, 0.09999999999999952000 ) ;
#1472 = DIRECTION ( 'NONE',  ( -1.000000000000000000, 0.0000000000000000000, 0.0000000000000000000 ) ) ;
#1473 = CARTESIAN_POINT ( 'NONE',  ( 0.0000000000000000000, -5.999999999999999100, -8.199999999999999300 ) ) ;
#1474 = EDGE_LOOP ( 'NONE', ( #2632, #915, #862, #1786 ) ) ;
#1475 = DIRECTION ( 'NONE',  ( -0.0000000000000000000, 0.2425356250363331400, -0.9701425001453318800 ) ) ;
#1476 = SURFACE_STYLE_USAGE ( .BOTH. , #3401 ) ;
#1477 = LINE ( 'NONE', #515, #3888 ) ;
#1478 = FILL_AREA_STYLE ('',( #2421 ) ) ;
#1479 = EDGE_LOOP ( 'NONE', ( #2007, #3045, #3530, #175 ) ) ;
#1480 = ORIENTED_EDGE ( 'NONE', *, *, #1236, .T. ) ;
#1481 = ORIENTED_EDGE ( 'NONE', *, *, #3253, .T. ) ;
#1482 = ORIENTED_EDGE ( 'NONE', *, *, #1339, .T. ) ;
#1483 = VECTOR ( 'NONE', #39, 1000.000000000000000 ) ;
#1484 = DIRECTION ( 'NONE',  ( -1.224646799147350500E-016, 1.000000000000000000, -0.0000000000000000000 ) ) ;
#1485 = EDGE_LOOP ( 'NONE', ( #659, #787, #334, #1400 ) ) ;
#1486 = DIRECTION ( 'NONE',  ( 1.224646799147353200E-016, 0.0000000000000000000, 1.000000000000000000 ) ) ;
#1487 = CARTESIAN_POINT ( 'NONE',  ( -8.572527594031474200E-016, -5.400000000000000400, -7.000000000000001800 ) ) ;
#1488 = COLOUR_RGB ( '',0.7960784313725489700, 0.8235294117647058400, 0.9372549019607843100 ) ;
#1489 = ADVANCED_FACE ( 'NONE', ( #736 ), #2176, .T. ) ;
#1490 =( NAMED_UNIT ( * ) SI_UNIT ( $, .STERADIAN. ) SOLID_ANGLE_UNIT ( ) );
#1491 = AXIS2_PLACEMENT_3D ( 'NONE', #775, #98, #86 ) ;
#1492 = DIRECTION ( 'NONE',  ( 0.0000000000000000000, -1.000000000000000000, 0.0000000000000000000 ) ) ;
#1493 = FACE_OUTER_BOUND ( 'NONE', #344, .T. ) ;
#1494 = SURFACE_STYLE_USAGE ( .BOTH. , #3414 ) ;
#1495 = SURFACE_STYLE_USAGE ( .BOTH. , #3415 ) ;
#1496 = STYLED_ITEM ( 'NONE', ( #564 ), #3858 ) ;
#1497 = EDGE_CURVE ( 'NONE', #2267, #2116, #420, .T. ) ;
#1498 = SURFACE_STYLE_FILL_AREA ( #872 ) ;
#1499 = PRESENTATION_LAYER_ASSIGNMENT (  '', '', ( #1527 ) ) ;
#1500 = DIRECTION ( 'NONE',  ( -0.0000000000000000000, -1.000000000000000000, -0.0000000000000000000 ) ) ;
#1501 = MECHANICAL_DESIGN_GEOMETRIC_PRESENTATION_REPRESENTATION (  '', ( #3493 ), #360 ) ;
#1502 = DIRECTION ( 'NONE',  ( 0.0000000000000000000, 0.0000000000000000000, 1.000000000000000000 ) ) ;
#1503 =( NAMED_UNIT ( * ) PLANE_ANGLE_UNIT ( ) SI_UNIT ( $, .RADIAN. ) );
#1504 = VECTOR ( 'NONE', #2653, 1000.000000000000000 ) ;
#1505 = ORIENTED_EDGE ( 'NONE', *, *, #1935, .F. ) ;
#1506 = CARTESIAN_POINT ( 'NONE',  ( -9.654552521696295700, -5.204431576326505200, -1.850000000000001600 ) ) ;
#1507 = CARTESIAN_POINT ( 'NONE',  ( 0.0000000000000000000, -5.400000000000000400, 0.0000000000000000000 ) ) ;
#1508 = EDGE_CURVE ( 'NONE', #854, #2980, #1305, .T. ) ;
#1509 =( NAMED_UNIT ( * ) PLANE_ANGLE_UNIT ( ) SI_UNIT ( $, .RADIAN. ) );
#1510 = PRESENTATION_STYLE_ASSIGNMENT (( #623 ) ) ;
#1511 = CIRCLE ( 'NONE', #2113, 8.199999999999999300 ) ;
#1512 = ORIENTED_EDGE ( 'NONE', *, *, #1930, .T. ) ;
#1513 = UNCERTAINTY_MEASURE_WITH_UNIT (LENGTH_MEASURE( 1.000000000000000100E-005 ), #578, 'distance_accuracy_value', 'NONE');
#1514 = LINE ( 'NONE', #606, #2273 ) ;
#1515 = SURFACE_SIDE_STYLE ('',( #371 ) ) ;
#1516 = CIRCLE ( 'NONE', #3026, 0.6000000000000000900 ) ;
#1517 = EDGE_CURVE ( 'NONE', #1603, #2009, #3746, .T. ) ;
#1518 = UNCERTAINTY_MEASURE_WITH_UNIT (LENGTH_MEASURE( 1.000000000000000100E-005 ), #142, 'distance_accuracy_value', 'NONE');
#1519 = EDGE_LOOP ( 'NONE', ( #2087, #3492, #1668, #2163 ) ) ;
#1520 = FILL_AREA_STYLE ('',( #195 ) ) ;
#1521 =( NAMED_UNIT ( * ) SI_UNIT ( $, .STERADIAN. ) SOLID_ANGLE_UNIT ( ) );
#1522 =( NAMED_UNIT ( * ) SI_UNIT ( $, .STERADIAN. ) SOLID_ANGLE_UNIT ( ) );
#1523 = UNCERTAINTY_MEASURE_WITH_UNIT (LENGTH_MEASURE( 1.000000000000000100E-005 ), #1871, 'distance_accuracy_value', 'NONE');
#1524 = EDGE_CURVE ( 'NONE', #1924, #1233, #2913, .T. ) ;
#1525 = DIRECTION ( 'NONE',  ( 0.0000000000000000000, 1.000000000000000000, 0.0000000000000000000 ) ) ;
#1526 = CARTESIAN_POINT ( 'NONE',  ( 0.0000000000000000000, -5.899999999999999500, -8.199999999999999300 ) ) ;
#1527 = STYLED_ITEM ( 'NONE', ( #2144 ), #2146 ) ;
#1528 = DIRECTION ( 'NONE',  ( 1.000000000000000000, 1.445602896647339100E-015, 0.0000000000000000000 ) ) ;
#1529 = COLOUR_RGB ( '',0.0000000000000000000, 0.3843137254901960500, 0.7215686274509803800 ) ;
#1530 = EDGE_CURVE ( 'NONE', #3261, #3011, #1204, .T. ) ;
#1531 = CARTESIAN_POINT ( 'NONE',  ( -4.947170607461567100, -5.400000000000000400, 5.092691133444907000 ) ) ;
#1532 = CARTESIAN_POINT ( 'NONE',  ( 0.0000000000000000000, 0.1293752051230246100, -10.40000000000000000 ) ) ;
#1533 = EDGE_LOOP ( 'NONE', ( #3764, #3450, #3524, #129 ) ) ;
#1534 = CARTESIAN_POINT ( 'NONE',  ( 2.700000000000000200, -9.000000000000001800, 0.6500000000000000200 ) ) ;
#1535 = ADVANCED_FACE ( 'NONE', ( #321 ), #2477, .F. ) ;
#1536 =( NAMED_UNIT ( * ) SI_UNIT ( $, .STERADIAN. ) SOLID_ANGLE_UNIT ( ) );
#1537 = FACE_OUTER_BOUND ( 'NONE', #2938, .T. ) ;
#1538 = EDGE_CURVE ( 'NONE', #2610, #1098, #1645, .T. ) ;
#1539 = VERTEX_POINT ( 'NONE', #1534 ) ;
#1540 = SURFACE_SIDE_STYLE ('',( #53 ) ) ;
#1541 = VERTEX_POINT ( 'NONE', #3135 ) ;
#1542 = FILL_AREA_STYLE_COLOUR ( '', #2474 ) ;
#1543 = SHAPE_DEFINITION_REPRESENTATION ( #2970, #1765 ) ;
#1544 = EDGE_CURVE ( 'NONE', #4051, #3307, #784, .T. ) ;
#1545 = COLOUR_RGB ( '',1.000000000000000000, 1.000000000000000000, 1.000000000000000000 ) ;
#1546 = DIRECTION ( 'NONE',  ( 0.0000000000000000000, 0.0000000000000000000, 1.000000000000000000 ) ) ;
#1547 =( NAMED_UNIT ( * ) PLANE_ANGLE_UNIT ( ) SI_UNIT ( $, .RADIAN. ) );
#1548 = FILL_AREA_STYLE_COLOUR ( '', #2383 ) ;
#1549 = STYLED_ITEM ( 'NONE', ( #2881 ), #901 ) ;
#1550 = CARTESIAN_POINT ( 'NONE',  ( 8.300000000000000700, -9.000000000000001800, -0.6500000000000000200 ) ) ;
#1551 = SURFACE_STYLE_FILL_AREA ( #1900 ) ;
#1552 = CARTESIAN_POINT ( 'NONE',  ( -2.300000000000000300, -5.134314575050762400, 0.6500000000000003600 ) ) ;
#1553 = CARTESIAN_POINT ( 'NONE',  ( 2.500000000000000400, -5.100000000000000500, 1.700000000000000800 ) ) ;
#1554 = AXIS2_PLACEMENT_3D ( 'NONE', #1050, #3313, #1394 ) ;
#1555 = AXIS2_PLACEMENT_3D ( 'NONE', #3679, #1778, #3965 ) ;
#1556 = DIRECTION ( 'NONE',  ( -0.0000000000000000000, 1.000000000000000000, -0.0000000000000000000 ) ) ;
#1557 = EDGE_CURVE ( 'NONE', #1098, #3535, #2522, .T. ) ;
#1558 = PRESENTATION_STYLE_ASSIGNMENT (( #3395 ) ) ;
#1559 =( NAMED_UNIT ( * ) SI_UNIT ( $, .STERADIAN. ) SOLID_ANGLE_UNIT ( ) );
#1560 =( LENGTH_UNIT ( ) NAMED_UNIT ( * ) SI_UNIT ( .MILLI., .METRE. ) );
#1561 = CIRCLE ( 'NONE', #3649, 0.6249999999999998900 ) ;
#1562 = CIRCLE ( 'NONE', #2501, 8.750000000000000000 ) ;
#1563 = VERTEX_POINT ( 'NONE', #3750 ) ;
#1564 = EDGE_CURVE ( 'NONE', #3535, #3742, #1561, .T. ) ;
#1565 = CARTESIAN_POINT ( 'NONE',  ( 3.885780586188047600E-017, -4.500000000000001800, -0.7000000000000000700 ) ) ;
#1566 = SURFACE_SIDE_STYLE ('',( #1023 ) ) ;
#1567 = FACE_OUTER_BOUND ( 'NONE', #506, .T. ) ;
#1568 = CARTESIAN_POINT ( 'NONE',  ( 2.299999999999999800, -10.00000000000000200, -0.3999999999999999700 ) ) ;
#1569 = ADVANCED_FACE ( 'NONE', ( #4048 ), #3688, .F. ) ;
#1570 = ORIENTED_EDGE ( 'NONE', *, *, #1981, .F. ) ;
#1571 = SURFACE_STYLE_USAGE ( .BOTH. , #1586 ) ;
#1572 = EDGE_LOOP ( 'NONE', ( #3195, #614, #3896, #512 ) ) ;
#1573 = EDGE_CURVE ( 'NONE', #3742, #1992, #364, .T. ) ;
#1574 = CARTESIAN_POINT ( 'NONE',  ( 8.750000000000000000, 3.050000000000000700, 1.071565949253934100E-015 ) ) ;
#1575 = ORIENTED_EDGE ( 'NONE', *, *, #1263, .F. ) ;
#1576 = ORIENTED_EDGE ( 'NONE', *, *, #3113, .T. ) ;
#1577 = MECHANICAL_DESIGN_GEOMETRIC_PRESENTATION_REPRESENTATION (  '', ( #958 ), #1680 ) ;
#1578 = CARTESIAN_POINT ( 'NONE',  ( 2.500000000000000400, -5.100000000000000500, -1.700000000000000400 ) ) ;
#1579 = EDGE_CURVE ( 'NONE', #1992, #399, #1252, .T. ) ;
#1580 = LINE ( 'NONE', #1810, #2331 ) ;
#1581 = EDGE_LOOP ( 'NONE', ( #284, #1261, #1309, #1410 ) ) ;
#1582 = EDGE_LOOP ( 'NONE', ( #610, #3979, #165, #998 ) ) ;
#1583 = ORIENTED_EDGE ( 'NONE', *, *, #3097, .F. ) ;
#1584 = ORIENTED_EDGE ( 'NONE', *, *, #3202, .F. ) ;
#1585 = FACE_OUTER_BOUND ( 'NONE', #3034, .T. ) ;
#1586 = SURFACE_SIDE_STYLE ('',( #3782 ) ) ;
#1587 = EDGE_CURVE ( 'NONE', #3529, #2443, #2868, .T. ) ;
#1588 = DIRECTION ( 'NONE',  ( 0.0000000000000000000, 0.0000000000000000000, 1.000000000000000000 ) ) ;
#1589 = CARTESIAN_POINT ( 'NONE',  ( -2.300000000000000300, -5.646608008097363300, -0.6500000000000003600 ) ) ;
#1590 = DIRECTION ( 'NONE',  ( 1.000000000000000000, 0.0000000000000000000, -1.224646799147353200E-016 ) ) ;
#1591 = EDGE_CURVE ( 'NONE', #1992, #2443, #2004, .T. ) ;
#1592 = EDGE_CURVE ( 'NONE', #3742, #3529, #273, .T. ) ;
#1593 = DIRECTION ( 'NONE',  ( 0.0000000000000000000, 0.0000000000000000000, 1.000000000000000000 ) ) ;
#1594 = AXIS2_PLACEMENT_3D ( 'NONE', #1691, #3902, #2028 ) ;
#1595 = AXIS2_PLACEMENT_3D ( 'NONE', #2819, #877, #3141 ) ;
#1596 = EDGE_CURVE ( 'NONE', #2036, #4088, #2762, .T. ) ;
#1597 = DIRECTION ( 'NONE',  ( 0.0000000000000000000, 0.0000000000000000000, -1.000000000000000000 ) ) ;
#1598 = VECTOR ( 'NONE', #1020, 1000.000000000000000 ) ;
#1599 = FILL_AREA_STYLE_COLOUR ( '', #223 ) ;
#1600 = STYLED_ITEM ( 'NONE', ( #1268 ), #2557 ) ;
#1601 = ADVANCED_FACE ( 'NONE', ( #2958 ), #730, .T. ) ;
#1602 = VECTOR ( 'NONE', #259, 1000.000000000000000 ) ;
#1603 = VERTEX_POINT ( 'NONE', #1553 ) ;
#1604 = CIRCLE ( 'NONE', #2280, 0.1999999999999996500 ) ;
#1605 = VECTOR ( 'NONE', #1654, 1000.000000000000000 ) ;
#1606 = SURFACE_STYLE_USAGE ( .BOTH. , #3527 ) ;
#1607 = CARTESIAN_POINT ( 'NONE',  ( -4.595658360009375400, -5.400000000000000400, 4.737079716246703300 ) ) ;
#1608 = ORIENTED_EDGE ( 'NONE', *, *, #3042, .F. ) ;
#1609 = VECTOR ( 'NONE', #1525, 1000.000000000000000 ) ;
#1610 = DIRECTION ( 'NONE',  ( 1.000000000000000000, -0.0000000000000000000, 5.551115123125781500E-017 ) ) ;
#1611 = SURFACE_STYLE_FILL_AREA ( #2604 ) ;
#1612 =( NAMED_UNIT ( * ) PLANE_ANGLE_UNIT ( ) SI_UNIT ( $, .RADIAN. ) );
#1613 = VERTEX_POINT ( 'NONE', #3179 ) ;
#1614 = AXIS2_PLACEMENT_3D ( 'NONE', #3419, #3786, #1882 ) ;
#1615 = ORIENTED_EDGE ( 'NONE', *, *, #1292, .T. ) ;
#1616 = FILL_AREA_STYLE_COLOUR ( '', #1617 ) ;
#1617 = COLOUR_RGB ( '',1.000000000000000000, 1.000000000000000000, 1.000000000000000000 ) ;
#1618 = FILL_AREA_STYLE ('',( #3012 ) ) ;
#1619 = DIRECTION ( 'NONE',  ( -0.0000000000000000000, 1.000000000000000000, -0.0000000000000000000 ) ) ;
#1620 = VERTEX_POINT ( 'NONE', #3167 ) ;
#1621 = AXIS2_PLACEMENT_3D ( 'NONE', #2599, #3285, #1362 ) ;
#1622 = DIRECTION ( 'NONE',  ( 0.0000000000000000000, -0.9701425001453319900, 0.2425356250363328300 ) ) ;
#1623 = FILL_AREA_STYLE_COLOUR ( '', #1817 ) ;
#1624 = ORIENTED_EDGE ( 'NONE', *, *, #1418, .F. ) ;
#1625 = STYLED_ITEM ( 'NONE', ( #55 ), #2698 ) ;
#1626 =( NAMED_UNIT ( * ) SI_UNIT ( $, .STERADIAN. ) SOLID_ANGLE_UNIT ( ) );
#1627 = EDGE_CURVE ( 'NONE', #4088, #1270, #1824, .T. ) ;
#1628 = TOROIDAL_SURFACE ( 'NONE', #3740, 6.899999999999999500, 0.1000000000000000100 ) ;
#1629 = COLOUR_RGB ( '',1.000000000000000000, 1.000000000000000000, 1.000000000000000000 ) ;
#1630 = DIRECTION ( 'NONE',  ( 0.0000000000000000000, 0.0000000000000000000, -1.000000000000000000 ) ) ;
#1631 =( GEOMETRIC_REPRESENTATION_CONTEXT ( 3 ) GLOBAL_UNCERTAINTY_ASSIGNED_CONTEXT ( ( #3946 ) ) GLOBAL_UNIT_ASSIGNED_CONTEXT ( ( #1185, #3446, #1522 ) ) REPRESENTATION_CONTEXT ( 'NONE', 'WORKASPACE' ) );
#1632 = EDGE_CURVE ( 'NONE', #1270, #3529, #4004, .T. ) ;
#1633 = UNCERTAINTY_MEASURE_WITH_UNIT (LENGTH_MEASURE( 1.000000000000000100E-005 ), #3715, 'distance_accuracy_value', 'NONE');
#1634 = CARTESIAN_POINT ( 'NONE',  ( 2.500000000000000400, -5.500000000000000900, -1.700000000000000400 ) ) ;
#1635 = DIRECTION ( 'NONE',  ( 1.000000000000000000, -0.0000000000000000000, 0.0000000000000000000 ) ) ;
#1636 = FILL_AREA_STYLE ('',( #971 ) ) ;
#1637 = FILL_AREA_STYLE_COLOUR ( '', #3697 ) ;
#1638 = EDGE_CURVE ( 'NONE', #3535, #2036, #1047, .T. ) ;
#1639 = DIRECTION ( 'NONE',  ( 0.0000000000000000000, 1.000000000000000000, 0.0000000000000000000 ) ) ;
#1640 = AXIS2_PLACEMENT_3D ( 'NONE', #2981, #1031, #3296 ) ;
#1641 = CARTESIAN_POINT ( 'NONE',  ( -2.300000000000000300, -5.500000000000000900, -1.275000000000000400 ) ) ;
#1642 = FACE_OUTER_BOUND ( 'NONE', #1754, .T. ) ;
#1643 = FILL_AREA_STYLE ('',( #2295 ) ) ;
#1644 = ADVANCED_FACE ( 'NONE', ( #3914 ), #4085, .F. ) ;
#1645 = CIRCLE ( 'NONE', #3727, 0.6249999999999998900 ) ;
#1646 = LINE ( 'NONE', #1574, #3257 ) ;
#1647 = ORIENTED_EDGE ( 'NONE', *, *, #1904, .T. ) ;
#1648 = VERTEX_POINT ( 'NONE', #1248 ) ;
#1649 = LINE ( 'NONE', #465, #4053 ) ;
#1650 = SURFACE_STYLE_FILL_AREA ( #3970 ) ;
#1651 = EDGE_CURVE ( 'NONE', #609, #1212, #2120, .T. ) ;
#1652 = DIRECTION ( 'NONE',  ( -3.652832005128304900E-016, 0.0000000000000000000, 1.000000000000000000 ) ) ;
#1653 = FILL_AREA_STYLE_COLOUR ( '', #430 ) ;
#1654 = DIRECTION ( 'NONE',  ( 1.000000000000000000, 0.0000000000000000000, 5.551115123125781500E-017 ) ) ;
#1655 = PRESENTATION_LAYER_ASSIGNMENT (  '', '', ( #765 ) ) ;
#1656 = CARTESIAN_POINT ( 'NONE',  ( 2.700000000000000200, -11.45000000000000100, -0.3999999999999997400 ) ) ;
#1657 = CARTESIAN_POINT ( 'NONE',  ( -3.885780586188047600E-017, -4.500000000000001800, 0.7000000000000000700 ) ) ;
#1658 = FACE_OUTER_BOUND ( 'NONE', #1719, .T. ) ;
#1659 = FILL_AREA_STYLE ('',( #993 ) ) ;
#1660 = EDGE_CURVE ( 'NONE', #2489, #1857, #1258, .T. ) ;
#1661 = DIRECTION ( 'NONE',  ( 0.0000000000000000000, -1.000000000000000000, 0.0000000000000000000 ) ) ;
#1662 = DIRECTION ( 'NONE',  ( 0.0000000000000000000, 0.0000000000000000000, -1.000000000000000000 ) ) ;
#1663 = CARTESIAN_POINT ( 'NONE',  ( 2.500000000000000900, -5.900000000000001200, 1.387778780781445900E-016 ) ) ;
#1664 = CARTESIAN_POINT ( 'NONE',  ( -2.700000000000000600, -12.50000000000000000, -0.05000000000000046800 ) ) ;
#1665 = ORIENTED_EDGE ( 'NONE', *, *, #2601, .T. ) ;
#1666 = EDGE_LOOP ( 'NONE', ( #3666, #3543 ) ) ;
#1667 =( GEOMETRIC_REPRESENTATION_CONTEXT ( 3 ) GLOBAL_UNCERTAINTY_ASSIGNED_CONTEXT ( ( #1942 ) ) GLOBAL_UNIT_ASSIGNED_CONTEXT ( ( #4130, #2297, #2966 ) ) REPRESENTATION_CONTEXT ( 'NONE', 'WORKASPACE' ) );
#1668 = ORIENTED_EDGE ( 'NONE', *, *, #2362, .T. ) ;
#1669 = PRESENTATION_STYLE_ASSIGNMENT (( #121 ) ) ;
#1670 = VERTEX_POINT ( 'NONE', #3219 ) ;
#1671 = EDGE_LOOP ( 'NONE', ( #3559, #556, #747, #4077 ) ) ;
#1672 = PLANE ( 'NONE',  #1280 ) ;
#1673 = EDGE_CURVE ( 'NONE', #3505, #3826, #1151, .T. ) ;
#1674 = DIRECTION ( 'NONE',  ( 1.000000000000000000, 0.0000000000000000000, -0.0000000000000000000 ) ) ;
#1675 = CARTESIAN_POINT ( 'NONE',  ( -6.000000000000000000, -5.300000000000001600, -1.850000000000001200 ) ) ;
#1676 = EDGE_LOOP ( 'NONE', ( #3829, #2221, #2277, #3576 ) ) ;
#1677 = MECHANICAL_DESIGN_GEOMETRIC_PRESENTATION_REPRESENTATION (  '', ( #1727 ), #1667 ) ;
#1678 = CARTESIAN_POINT ( 'NONE',  ( 2.700000000000000200, -11.80000000000000100, -0.04999999999999969700 ) ) ;
#1679 = COLOUR_RGB ( '',0.7960784313725489700, 0.8235294117647058400, 0.9372549019607843100 ) ;
#1680 =( GEOMETRIC_REPRESENTATION_CONTEXT ( 3 ) GLOBAL_UNCERTAINTY_ASSIGNED_CONTEXT ( ( #359 ) ) GLOBAL_UNIT_ASSIGNED_CONTEXT ( ( #1468, #3689, #1797 ) ) REPRESENTATION_CONTEXT ( 'NONE', 'WORKASPACE' ) );
#1681 = DIRECTION ( 'NONE',  ( -0.7071067811865519000, 0.0000000000000000000, 0.7071067811865431300 ) ) ;
#1682 = DIRECTION ( 'NONE',  ( -2.610789942346999000E-017, 0.0000000000000000000, 1.000000000000000000 ) ) ;
#1683 = LINE ( 'NONE', #3653, #3402 ) ;
#1684 = EDGE_CURVE ( 'NONE', #1212, #4088, #375, .T. ) ;
#1685 = DIRECTION ( 'NONE',  ( 0.0000000000000000000, 1.000000000000000000, -1.505836350674312200E-016 ) ) ;
#1686 = DIRECTION ( 'NONE',  ( 0.0000000000000000000, -1.000000000000000000, 0.0000000000000000000 ) ) ;
#1687 = CARTESIAN_POINT ( 'NONE',  ( -9.469222269053037900, -4.900000000000001200, 1.850000000000000300 ) ) ;
#1688 = CARTESIAN_POINT ( 'NONE',  ( 2.500000000000000900, -5.900000000000001200, 1.387778780781445900E-016 ) ) ;
#1689 = CARTESIAN_POINT ( 'NONE',  ( 2.250000000000001300, -5.900000000000001200, -0.6999999999999999600 ) ) ;
#1690 = MECHANICAL_DESIGN_GEOMETRIC_PRESENTATION_REPRESENTATION (  '', ( #3546 ), #3206 ) ;
#1691 = CARTESIAN_POINT ( 'NONE',  ( 0.0000000000000000000, -5.999999999999999100, 0.0000000000000000000 ) ) ;
#1692 = EDGE_CURVE ( 'NONE', #2980, #2355, #3601, .T. ) ;
#1693 = CIRCLE ( 'NONE', #2258, 9.799999999999998900 ) ;
#1694 = VECTOR ( 'NONE', #750, 1000.000000000000000 ) ;
#1695 = ORIENTED_EDGE ( 'NONE', *, *, #2906, .T. ) ;
#1696 = PRESENTATION_LAYER_ASSIGNMENT (  '', '', ( #1727 ) ) ;
#1697 = DIRECTION ( 'NONE',  ( 0.0000000000000000000, -1.505836350674312200E-016, -1.000000000000000000 ) ) ;
#1698 = CIRCLE ( 'NONE', #4129, 0.1000000000000004800 ) ;
#1699 =( NAMED_UNIT ( * ) PLANE_ANGLE_UNIT ( ) SI_UNIT ( $, .RADIAN. ) );
#1700 = AXIS2_PLACEMENT_3D ( 'NONE', #1688, #3943, #2083 ) ;
#1701 = FACE_OUTER_BOUND ( 'NONE', #1977, .T. ) ;
#1702 = EDGE_CURVE ( 'NONE', #2355, #1212, #2876, .T. ) ;
#1703 = FACE_OUTER_BOUND ( 'NONE', #1837, .T. ) ;
#1704 = ORIENTED_EDGE ( 'NONE', *, *, #2554, .F. ) ;
#1705 = FACE_OUTER_BOUND ( 'NONE', #135, .T. ) ;
#1706 = CARTESIAN_POINT ( 'NONE',  ( -2.299999999999998000, -4.900000000000001200, -1.850000000000000800 ) ) ;
#1707 = DIRECTION ( 'NONE',  ( 0.0000000000000000000, 0.0000000000000000000, -1.000000000000000000 ) ) ;
#1708 = VERTEX_POINT ( 'NONE', #1304 ) ;
#1709 = EDGE_CURVE ( 'NONE', #1620, #2335, #3516, .T. ) ;
#1710 = SURFACE_STYLE_FILL_AREA ( #2384 ) ;
#1711 = CARTESIAN_POINT ( 'NONE',  ( 8.300000000000000700, -10.00000000000000200, 0.4000000000000000800 ) ) ;
#1712 = EDGE_LOOP ( 'NONE', ( #133, #3686, #1372, #3331 ) ) ;
#1713 = DIRECTION ( 'NONE',  ( 1.224646799147353200E-016, 0.0000000000000000000, 1.000000000000000000 ) ) ;
#1714 = FACE_OUTER_BOUND ( 'NONE', #2892, .T. ) ;
#1715 = DIRECTION ( 'NONE',  ( -1.000000000000000000, 0.0000000000000000000, -5.551115123125781500E-017 ) ) ;
#1716 = SURFACE_SIDE_STYLE ('',( #3548 ) ) ;
#1717 = LINE ( 'NONE', #1293, #860 ) ;
#1718 = CARTESIAN_POINT ( 'NONE',  ( 2.500000000000000400, -4.900000000000000400, 0.0000000000000000000 ) ) ;
#1719 = EDGE_LOOP ( 'NONE', ( #3853, #3855, #3945, #1136 ) ) ;
#1720 = ORIENTED_EDGE ( 'NONE', *, *, #3097, .T. ) ;
#1721 = DIRECTION ( 'NONE',  ( 0.0000000000000000000, -1.951563910473908200E-016, 1.000000000000000000 ) ) ;
#1722 = ADVANCED_FACE ( 'NONE', ( #1918 ), #644, .T. ) ;
#1723 = EDGE_CURVE ( 'NONE', #2335, #2355, #1516, .T. ) ;
#1724 = VERTEX_POINT ( 'NONE', #2807 ) ;
#1725 = PLANE ( 'NONE',  #1130 ) ;
#1726 = CYLINDRICAL_SURFACE ( 'NONE', #1328, 0.5749999999999999600 ) ;
#1727 = STYLED_ITEM ( 'NONE', ( #2636 ), #2065 ) ;
#1728 = STYLED_ITEM ( 'NONE', ( #3269 ), #2778 ) ;
#1729 = PLANE ( 'NONE',  #10 ) ;
#1730 = EDGE_CURVE ( 'NONE', #3391, #1838, #3220, .T. ) ;
#1731 = FILL_AREA_STYLE ('',( #1415 ) ) ;
#1732 = SURFACE_SIDE_STYLE ('',( #2857 ) ) ;
#1733 =( NAMED_UNIT ( * ) SI_UNIT ( $, .STERADIAN. ) SOLID_ANGLE_UNIT ( ) );
#1734 = ADVANCED_FACE ( 'NONE', ( #4014 ), #3129, .T. ) ;
#1735 = DIRECTION ( 'NONE',  ( 0.0000000000000000000, 0.0000000000000000000, -1.000000000000000000 ) ) ;
#1736 = DIRECTION ( 'NONE',  ( -5.551115123125781500E-017, 0.0000000000000000000, 1.000000000000000000 ) ) ;
#1737 = EDGE_CURVE ( 'NONE', #2425, #3225, #3646, .T. ) ;
#1738 = DIRECTION ( 'NONE',  ( 0.0000000000000000000, 0.0000000000000000000, -1.000000000000000000 ) ) ;
#1739 = EDGE_CURVE ( 'NONE', #1838, #2335, #2265, .T. ) ;
#1740 = ADVANCED_FACE ( 'NONE', ( #1089 ), #785, .F. ) ;
#1741 = CARTESIAN_POINT ( 'NONE',  ( -2.300000000000000300, -12.50000000000000000, -0.6500000000000001300 ) ) ;
#1742 = ORIENTED_EDGE ( 'NONE', *, *, #3163, .F. ) ;
#1743 = DIRECTION ( 'NONE',  ( 0.0000000000000000000, -1.000000000000000000, 0.0000000000000000000 ) ) ;
#1744 = CARTESIAN_POINT ( 'NONE',  ( 2.299999999999999800, -9.000000000000001800, -0.6500000000000000200 ) ) ;
#1745 = CIRCLE ( 'NONE', #1555, 0.5750000000000002900 ) ;
#1746 = CARTESIAN_POINT ( 'NONE',  ( 8.300000000000000700, -11.45000000000000100, 0.4000000000000003000 ) ) ;
#1747 = DIRECTION ( 'NONE',  ( 8.491440303904563400E-017, 0.0000000000000000000, -1.000000000000000000 ) ) ;
#1748 = AXIS2_PLACEMENT_3D ( 'NONE', #1951, #4122, #2287 ) ;
#1749 = DIRECTION ( 'NONE',  ( 0.0000000000000000000, 0.0000000000000000000, -1.000000000000000000 ) ) ;
#1750 = UNCERTAINTY_MEASURE_WITH_UNIT (LENGTH_MEASURE( 1.000000000000000100E-005 ), #3714, 'distance_accuracy_value', 'NONE');
#1751 =( GEOMETRIC_REPRESENTATION_CONTEXT ( 3 ) GLOBAL_UNCERTAINTY_ASSIGNED_CONTEXT ( ( #1899 ) ) GLOBAL_UNIT_ASSIGNED_CONTEXT ( ( #87, #2377, #429 ) ) REPRESENTATION_CONTEXT ( 'NONE', 'WORKASPACE' ) );
#1752 = ORIENTED_EDGE ( 'NONE', *, *, #2308, .F. ) ;
#1753 = FACE_OUTER_BOUND ( 'NONE', #3812, .T. ) ;
#1754 = EDGE_LOOP ( 'NONE', ( #2415, #1200, #1084, #1352 ) ) ;
#1755 = SURFACE_SIDE_STYLE ('',( #3958 ) ) ;
#1756 = AXIS2_PLACEMENT_3D ( 'NONE', #3241, #1320, #3557 ) ;
#1757 = CYLINDRICAL_SURFACE ( 'NONE', #693, 8.199999999999999300 ) ;
#1758 = PLANE ( 'NONE',  #408 ) ;
#1759 =( NAMED_UNIT ( * ) SI_UNIT ( $, .STERADIAN. ) SOLID_ANGLE_UNIT ( ) );
#1760 = DIRECTION ( 'NONE',  ( -1.000000000000000000, 0.0000000000000000000, -3.498438413974228500E-016 ) ) ;
#1761 = PRESENTATION_STYLE_ASSIGNMENT (( #1037 ) ) ;
#1762 = AXIS2_PLACEMENT_3D ( 'NONE', #1814, #3996, #2142 ) ;
#1763 = FILL_AREA_STYLE ('',( #1440 ) ) ;
#1764 = EDGE_CURVE ( 'NONE', #3350, #2603, #2524, .T. ) ;
#1765 = MANIFOLD_SURFACE_SHAPE_REPRESENTATION ( 'KW-5R5C684_105-R', ( #989, #2776 ), #4094 ) ;
#1766 = FILL_AREA_STYLE ('',( #3364 ) ) ;
#1767 = SURFACE_STYLE_FILL_AREA ( #4127 ) ;
#1768 = CARTESIAN_POINT ( 'NONE',  ( 2.700000000000000200, -3.900000000000001700, -0.4000000000000009100 ) ) ;
#1769 = SURFACE_STYLE_FILL_AREA ( #148 ) ;
#1770 = DIRECTION ( 'NONE',  ( -0.0000000000000000000, -1.000000000000000000, -0.0000000000000000000 ) ) ;
#1771 = CARTESIAN_POINT ( 'NONE',  ( 2.750000000000000900, -4.500000000000000000, 0.7000000000000001800 ) ) ;
#1772 = CARTESIAN_POINT ( 'NONE',  ( 0.0000000000000000000, -5.299999999999999800, 0.0000000000000000000 ) ) ;
#1773 = EDGE_CURVE ( 'NONE', #1620, #1098, #741, .T. ) ;
#1774 = DIRECTION ( 'NONE',  ( -1.224646799147350500E-016, 1.000000000000000000, -0.0000000000000000000 ) ) ;
#1775 = ORIENTED_EDGE ( 'NONE', *, *, #2923, .F. ) ;
#1776 = ORIENTED_EDGE ( 'NONE', *, *, #1684, .T. ) ;
#1777 = FILL_AREA_STYLE ('',( #42 ) ) ;
#1778 = DIRECTION ( 'NONE',  ( 0.0000000000000000000, 1.000000000000000000, 0.0000000000000000000 ) ) ;
#1779 = EDGE_LOOP ( 'NONE', ( #582, #639 ) ) ;
#1780 = VERTEX_POINT ( 'NONE', #3497 ) ;
#1781 = ORIENTED_EDGE ( 'NONE', *, *, #2951, .T. ) ;
#1782 = FILL_AREA_STYLE ('',( #1452 ) ) ;
#1783 = FILL_AREA_STYLE ('',( #1441 ) ) ;
#1784 = CARTESIAN_POINT ( 'NONE',  ( 2.700000000000000200, -11.80000000000000100, 0.05000000000000035000 ) ) ;
#1785 = AXIS2_PLACEMENT_3D ( 'NONE', #523, #3719, #3761 ) ;
#1786 = ORIENTED_EDGE ( 'NONE', *, *, #2734, .F. ) ;
#1787 = DIRECTION ( 'NONE',  ( 1.000000000000000000, 0.0000000000000000000, -0.0000000000000000000 ) ) ;
#1788 = PLANE ( 'NONE',  #1005 ) ;
#1789 = CARTESIAN_POINT ( 'NONE',  ( 2.250000000000000900, -5.900000000000001200, 0.7000000000000001800 ) ) ;
#1790 = DIRECTION ( 'NONE',  ( 1.000000000000000000, 0.0000000000000000000, -0.0000000000000000000 ) ) ;
#1791 = EDGE_CURVE ( 'NONE', #1046, #2245, #1646, .T. ) ;
#1792 = SURFACE_STYLE_FILL_AREA ( #2011 ) ;
#1793 =( GEOMETRIC_REPRESENTATION_CONTEXT ( 3 ) GLOBAL_UNCERTAINTY_ASSIGNED_CONTEXT ( ( #1376 ) ) GLOBAL_UNIT_ASSIGNED_CONTEXT ( ( #3017, #2694, #1733 ) ) REPRESENTATION_CONTEXT ( 'NONE', 'WORKASPACE' ) );
#1794 = PRESENTATION_LAYER_ASSIGNMENT (  '', '', ( #1625 ) ) ;
#1795 = FACE_OUTER_BOUND ( 'NONE', #1833, .T. ) ;
#1796 = EDGE_CURVE ( 'NONE', #64, #1220, #4133, .T. ) ;
#1797 =( NAMED_UNIT ( * ) SI_UNIT ( $, .STERADIAN. ) SOLID_ANGLE_UNIT ( ) );
#1798 = SURFACE_SIDE_STYLE ('',( #1850 ) ) ;
#1799 = ORIENTED_EDGE ( 'NONE', *, *, #2040, .T. ) ;
#1800 = PRESENTATION_STYLE_ASSIGNMENT (( #1401 ) ) ;
#1801 = DIRECTION ( 'NONE',  ( 0.0000000000000000000, 0.0000000000000000000, -1.000000000000000000 ) ) ;
#1802 = FILL_AREA_STYLE_COLOUR ( '', #348 ) ;
#1803 =( NAMED_UNIT ( * ) PLANE_ANGLE_UNIT ( ) SI_UNIT ( $, .RADIAN. ) );
#1804 = EDGE_CURVE ( 'NONE', #4123, #276, #4049, .T. ) ;
#1805 = VERTEX_POINT ( 'NONE', #265 ) ;
#1806 = ADVANCED_FACE ( 'NONE', ( #2409 ), #1903, .T. ) ;
#1807 = DIRECTION ( 'NONE',  ( 0.0000000000000000000, 0.0000000000000000000, 1.000000000000000000 ) ) ;
#1808 = ORIENTED_EDGE ( 'NONE', *, *, #3253, .F. ) ;
#1809 = EDGE_CURVE ( 'NONE', #1046, #4075, #365, .T. ) ;
#1810 = CARTESIAN_POINT ( 'NONE',  ( 2.700000000000000200, -11.80000000000000100, 0.05000000000000035000 ) ) ;
#1811 = VECTOR ( 'NONE', #2795, 1000.000000000000000 ) ;
#1812 = CYLINDRICAL_SURFACE ( 'NONE', #2626, 1.700000000000000800 ) ;
#1813 = VERTEX_POINT ( 'NONE', #2539 ) ;
#1814 = CARTESIAN_POINT ( 'NONE',  ( -8.300000000000002500, -10.00000000000000000, 0.4000000000000000800 ) ) ;
#1815 = EDGE_CURVE ( 'NONE', #2245, #3393, #1562, .T. ) ;
#1816 = CARTESIAN_POINT ( 'NONE',  ( -9.676470782290497400, -5.098254692900326300, 1.850000000000000300 ) ) ;
#1817 = COLOUR_RGB ( '',1.000000000000000000, 1.000000000000000000, 1.000000000000000000 ) ;
#1818 = PRESENTATION_STYLE_ASSIGNMENT (( #3753 ) ) ;
#1819 =( NAMED_UNIT ( * ) PLANE_ANGLE_UNIT ( ) SI_UNIT ( $, .RADIAN. ) );
#1820 =( NAMED_UNIT ( * ) PLANE_ANGLE_UNIT ( ) SI_UNIT ( $, .RADIAN. ) );
#1821 = ORIENTED_EDGE ( 'NONE', *, *, #2453, .F. ) ;
#1822 = MECHANICAL_DESIGN_GEOMETRIC_PRESENTATION_REPRESENTATION (  '', ( #2124 ), #2149 ) ;
#1823 = LINE ( 'NONE', #1178, #850 ) ;
#1824 = B_SPLINE_CURVE_WITH_KNOTS ( 'NONE', 3,
 ( #2861, #3498, #1905, #4076 ),
 .UNSPECIFIED., .F., .F.,
 ( 4, 4 ),
 ( 0.0000000000000000000, 0.0002059926503846100200 ),
 .UNSPECIFIED. ) ;
#1825 = EDGE_CURVE ( 'NONE', #4075, #3393, #3691, .T. ) ;
#1826 = CARTESIAN_POINT ( 'NONE',  ( -9.676470782290499200, -5.098254692900326300, -1.850000000000001200 ) ) ;
#1827 = AXIS2_PLACEMENT_3D ( 'NONE', #1000, #3591, #1681 ) ;
#1828 = B_SPLINE_CURVE_WITH_KNOTS ( 'NONE', 3,
 ( #1963, #3555, #671, #2937, #980, #3252, #1335 ),
 .UNSPECIFIED., .F., .F.,
 ( 4, 3, 4 ),
 ( 0.0008017769513216946300, 0.001000039469423464000, 0.001201792739603872400 ),
 .UNSPECIFIED. ) ;
#1829 = CARTESIAN_POINT ( 'NONE',  ( -2.300000000000000300, -12.15000000000000000, 0.3999999999999996300 ) ) ;
#1830 = PRESENTATION_STYLE_ASSIGNMENT (( #3948 ) ) ;
#1831 = CARTESIAN_POINT ( 'NONE',  ( 2.500000000000000400, -5.100000000000000500, 0.0000000000000000000 ) ) ;
#1832 = TOROIDAL_SURFACE ( 'NONE', #893, 0.2000000000000000100, 0.1000000000000000100 ) ;
#1833 = EDGE_LOOP ( 'NONE', ( #1505, #2509, #16, #3278 ) ) ;
#1834 = UNCERTAINTY_MEASURE_WITH_UNIT (LENGTH_MEASURE( 1.000000000000000100E-005 ), #1560, 'distance_accuracy_value', 'NONE');
#1835 = CARTESIAN_POINT ( 'NONE',  ( -9.676470782290499200, -5.098254692900326300, -1.850000000000001200 ) ) ;
#1836 = SURFACE_SIDE_STYLE ('',( #2589 ) ) ;
#1837 = EDGE_LOOP ( 'NONE', ( #1583, #706, #1368, #3660 ) ) ;
#1838 = VERTEX_POINT ( 'NONE', #1465 ) ;
#1839 = EDGE_LOOP ( 'NONE', ( #628, #94, #1271, #604 ) ) ;
#1840 = CIRCLE ( 'NONE', #1334, 9.799999999999998900 ) ;
#1841 = CARTESIAN_POINT ( 'NONE',  ( 2.299999999999999800, -3.934314575050763500, 0.6500000000000000200 ) ) ;
#1842 = ORIENTED_EDGE ( 'NONE', *, *, #1592, .F. ) ;
#1843 = CARTESIAN_POINT ( 'NONE',  ( -9.575538135770319300, -4.878482449975778400, -1.850000000000001600 ) ) ;
#1844 = SURFACE_STYLE_USAGE ( .BOTH. , #3736 ) ;
#1845 =( NAMED_UNIT ( * ) SI_UNIT ( $, .STERADIAN. ) SOLID_ANGLE_UNIT ( ) );
#1846 = DIRECTION ( 'NONE',  ( 0.0000000000000000000, 0.0000000000000000000, -1.000000000000000000 ) ) ;
#1847 = PRESENTATION_LAYER_ASSIGNMENT (  '', '', ( #830 ) ) ;
#1848 = CARTESIAN_POINT ( 'NONE',  ( 2.299999999999999800, -11.45000000000000100, -0.04999999999999969700 ) ) ;
#1849 = SURFACE_SIDE_STYLE ('',( #869 ) ) ;
#1850 = SURFACE_STYLE_FILL_AREA ( #3382 ) ;
#1851 = AXIS2_PLACEMENT_3D ( 'NONE', #801, #1770, #3065 ) ;
#1852 =( GEOMETRIC_REPRESENTATION_CONTEXT ( 3 ) GLOBAL_UNCERTAINTY_ASSIGNED_CONTEXT ( ( #2690 ) ) GLOBAL_UNIT_ASSIGNED_CONTEXT ( ( #1306, #3545, #1626 ) ) REPRESENTATION_CONTEXT ( 'NONE', 'WORKASPACE' ) );
#1853 = SURFACE_STYLE_USAGE ( .BOTH. , #1515 ) ;
#1854 = CARTESIAN_POINT ( 'NONE',  ( 1.200153863164406100E-015, 2.550000000000001200, -9.799999999999998900 ) ) ;
#1855 = MECHANICAL_DESIGN_GEOMETRIC_PRESENTATION_REPRESENTATION (  '', ( #2401 ), #473 ) ;
#1856 = EDGE_CURVE ( 'NONE', #4075, #1046, #1253, .T. ) ;
#1857 = VERTEX_POINT ( 'NONE', #472 ) ;
#1858 = UNCERTAINTY_MEASURE_WITH_UNIT (LENGTH_MEASURE( 1.000000000000000100E-005 ), #1426, 'distance_accuracy_value', 'NONE');
#1859 = CARTESIAN_POINT ( 'NONE',  ( -2.300000000000000300, -5.500000000000000900, 1.275000000000000400 ) ) ;
#1860 =( NAMED_UNIT ( * ) PLANE_ANGLE_UNIT ( ) SI_UNIT ( $, .RADIAN. ) );
#1861 = DIRECTION ( 'NONE',  ( 0.0000000000000000000, -1.000000000000000000, 0.0000000000000000000 ) ) ;
#1862 =( LENGTH_UNIT ( ) NAMED_UNIT ( * ) SI_UNIT ( .MILLI., .METRE. ) );
#1863 = ORIENTED_EDGE ( 'NONE', *, *, #3226, .F. ) ;
#1864 = FILL_AREA_STYLE ('',( #1208 ) ) ;
#1865 = EDGE_CURVE ( 'NONE', #3393, #2245, #2869, .T. ) ;
#1866 = DIRECTION ( 'NONE',  ( 0.0000000000000000000, -1.000000000000000000, 0.0000000000000000000 ) ) ;
#1867 = DIRECTION ( 'NONE',  ( 0.7172804413302723600, 0.0000000000000000000, 0.6967845926002167500 ) ) ;
#1868 = VECTOR ( 'NONE', #3553, 1000.000000000000000 ) ;
#1869 = LINE ( 'NONE', #2935, #2612 ) ;
#1870 = ORIENTED_EDGE ( 'NONE', *, *, #2461, .F. ) ;
#1871 =( LENGTH_UNIT ( ) NAMED_UNIT ( * ) SI_UNIT ( .MILLI., .METRE. ) );
#1872 =( NAMED_UNIT ( * ) SI_UNIT ( $, .STERADIAN. ) SOLID_ANGLE_UNIT ( ) );
#1873 = EDGE_CURVE ( 'NONE', #812, #1952, #274, .T. ) ;
#1874 = FACE_BOUND ( 'NONE', #1779, .T. ) ;
#1875 = CARTESIAN_POINT ( 'NONE',  ( -2.700000000000000600, -12.50000000000000000, 0.04999999999999960000 ) ) ;
#1876 = MECHANICAL_DESIGN_GEOMETRIC_PRESENTATION_REPRESENTATION (  '', ( #1945 ), #1852 ) ;
#1877 = DIRECTION ( 'NONE',  ( 0.0000000000000000000, 1.000000000000000000, 0.0000000000000000000 ) ) ;
#1878 = EDGE_LOOP ( 'NONE', ( #2548, #1002, #1584, #3984 ) ) ;
#1879 =( GEOMETRIC_REPRESENTATION_CONTEXT ( 3 ) GLOBAL_UNCERTAINTY_ASSIGNED_CONTEXT ( ( #238 ) ) GLOBAL_UNIT_ASSIGNED_CONTEXT ( ( #679, #2948, #997 ) ) REPRESENTATION_CONTEXT ( 'NONE', 'WORKASPACE' ) );
#1880 = EDGE_CURVE ( 'NONE', #1952, #812, #1147, .T. ) ;
#1881 = ORIENTED_EDGE ( 'NONE', *, *, #1288, .F. ) ;
#1882 = DIRECTION ( 'NONE',  ( 0.0000000000000000000, 0.0000000000000000000, 1.000000000000000000 ) ) ;
#1883 = VECTOR ( 'NONE', #2309, 1000.000000000000000 ) ;
#1884 = EDGE_LOOP ( 'NONE', ( #2679, #2927, #3438, #3566 ) ) ;
#1885 = DIRECTION ( 'NONE',  ( -1.000000000000000000, 0.0000000000000000000, 0.0000000000000000000 ) ) ;
#1886 = SURFACE_STYLE_USAGE ( .BOTH. , #3185 ) ;
#1887 = VERTEX_POINT ( 'NONE', #152 ) ;
#1888 = DIRECTION ( 'NONE',  ( 1.000000000000000000, 0.0000000000000000000, 0.0000000000000000000 ) ) ;
#1889 = PRESENTATION_STYLE_ASSIGNMENT (( #139 ) ) ;
#1890 = EDGE_CURVE ( 'NONE', #2517, #2541, #1024, .T. ) ;
#1891 = ORIENTED_EDGE ( 'NONE', *, *, #3083, .F. ) ;
#1892 = CARTESIAN_POINT ( 'NONE',  ( -2.300000000000000300, -5.646605170289818800, 0.6500000000000004700 ) ) ;
#1893 = COLOUR_RGB ( '',0.7960784313725489700, 0.8235294117647058400, 0.9372549019607843100 ) ;
#1894 =( LENGTH_UNIT ( ) NAMED_UNIT ( * ) SI_UNIT ( .MILLI., .METRE. ) );
#1895 = ORIENTED_EDGE ( 'NONE', *, *, #2187, .T. ) ;
#1896 = PRESENTATION_STYLE_ASSIGNMENT (( #3066 ) ) ;
#1897 = DIRECTION ( 'NONE',  ( 0.0000000000000000000, 1.000000000000000000, 0.0000000000000000000 ) ) ;
#1898 = EDGE_CURVE ( 'NONE', #2517, #3434, #1914, .T. ) ;
#1899 = UNCERTAINTY_MEASURE_WITH_UNIT (LENGTH_MEASURE( 1.000000000000000100E-005 ), #87, 'distance_accuracy_value', 'NONE');
#1900 = FILL_AREA_STYLE ('',( #2024 ) ) ;
#1901 = PRESENTATION_LAYER_ASSIGNMENT (  '', '', ( #1945 ) ) ;
#1902 = MECHANICAL_DESIGN_GEOMETRIC_PRESENTATION_REPRESENTATION (  '', ( #910 ), #888 ) ;
#1903 = PLANE ( 'NONE',  #2527 ) ;
#1904 = EDGE_CURVE ( 'NONE', #2541, #3848, #3512, .T. ) ;
#1905 = CARTESIAN_POINT ( 'NONE',  ( -2.166004665840464100, -5.099999999999999600, -0.6605702824755235200 ) ) ;
#1906 = DIRECTION ( 'NONE',  ( 0.0000000000000000000, 0.0000000000000000000, 1.000000000000000000 ) ) ;
#1907 = AXIS2_PLACEMENT_3D ( 'NONE', #2575, #4109, #2275 ) ;
#1908 = CARTESIAN_POINT ( 'NONE',  ( 0.07071067811864027700, -5.299999999999999800, -0.07071067811863956900 ) ) ;
#1909 = AXIS2_PLACEMENT_3D ( 'NONE', #694, #2955, #1010 ) ;
#1910 = ORIENTED_EDGE ( 'NONE', *, *, #2003, .F. ) ;
#1911 = ORIENTED_EDGE ( 'NONE', *, *, #1437, .T. ) ;
#1912 = COLOUR_RGB ( '',0.7960784313725489700, 0.8235294117647058400, 0.9372549019607843100 ) ;
#1913 = VECTOR ( 'NONE', #2530, 1000.000000000000000 ) ;
#1914 = CIRCLE ( 'NONE', #2329, 8.599999999999999600 ) ;
#1915 = ORIENTED_EDGE ( 'NONE', *, *, #2833, .F. ) ;
#1916 = EDGE_CURVE ( 'NONE', #4123, #732, #2764, .T. ) ;
#1917 = FILL_AREA_STYLE_COLOUR ( '', #640 ) ;
#1918 = FACE_OUTER_BOUND ( 'NONE', #897, .T. ) ;
#1919 = VECTOR ( 'NONE', #2160, 1000.000000000000000 ) ;
#1920 = CARTESIAN_POINT ( 'NONE',  ( -4.595658360009375400, -5.400000000000000400, -4.737079716246701500 ) ) ;
#1921 = ORIENTED_EDGE ( 'NONE', *, *, #1241, .F. ) ;
#1922 = FACE_OUTER_BOUND ( 'NONE', #1281, .T. ) ;
#1923 = CARTESIAN_POINT ( 'NONE',  ( 0.0000000000000000000, -5.299999999999999800, 0.0000000000000000000 ) ) ;
#1924 = VERTEX_POINT ( 'NONE', #1841 ) ;
#1925 = EDGE_CURVE ( 'NONE', #3434, #3848, #47, .T. ) ;
#1926 = VERTEX_POINT ( 'NONE', #3732 ) ;
#1927 = CARTESIAN_POINT ( 'NONE',  ( -2.700000000000000600, -5.500000000000000900, -0.6500000000000001300 ) ) ;
#1928 = MECHANICAL_DESIGN_GEOMETRIC_PRESENTATION_REPRESENTATION (  '', ( #1625 ), #1879 ) ;
#1929 = CARTESIAN_POINT ( 'NONE',  ( 0.0000000000000000000, -5.899999999999999500, 0.0000000000000000000 ) ) ;
#1930 = EDGE_CURVE ( 'NONE', #3093, #2845, #933, .T. ) ;
#1931 = ORIENTED_EDGE ( 'NONE', *, *, #1709, .T. ) ;
#1932 = ORIENTED_EDGE ( 'NONE', *, *, #1042, .F. ) ;
#1933 = EDGE_LOOP ( 'NONE', ( #674, #2107, #367, #478, #3693, #1911, #445, #1480, #2229, #4091, #1035, #2613, #70 ) ) ;
#1934 =( NAMED_UNIT ( * ) PLANE_ANGLE_UNIT ( ) SI_UNIT ( $, .RADIAN. ) );
#1935 = EDGE_CURVE ( 'NONE', #3093, #426, #2560, .T. ) ;
#1936 =( NAMED_UNIT ( * ) SI_UNIT ( $, .STERADIAN. ) SOLID_ANGLE_UNIT ( ) );
#1937 = PRESENTATION_STYLE_ASSIGNMENT (( #3138 ) ) ;
#1938 = DIRECTION ( 'NONE',  ( -0.7172804413302723600, 0.0000000000000000000, 0.6967845926002167500 ) ) ;
#1939 = COLOUR_RGB ( '',1.000000000000000000, 1.000000000000000000, 1.000000000000000000 ) ;
#1940 = CARTESIAN_POINT ( 'NONE',  ( -2.300000000000000300, -5.500000000000000900, 0.6500000000000003600 ) ) ;
#1941 = COLOUR_RGB ( '',0.7960784313725489700, 0.8235294117647058400, 0.9372549019607843100 ) ;
#1942 = UNCERTAINTY_MEASURE_WITH_UNIT (LENGTH_MEASURE( 1.000000000000000100E-005 ), #4130, 'distance_accuracy_value', 'NONE');
#1943 = EDGE_CURVE ( 'NONE', #721, #2389, #3596, .T. ) ;
#1944 = CARTESIAN_POINT ( 'NONE',  ( -2.299999999999998900, -7.185739087062381200, 1.275000000000000100 ) ) ;
#1945 = STYLED_ITEM ( 'NONE', ( #2710 ), #2050 ) ;
#1946 = UNCERTAINTY_MEASURE_WITH_UNIT (LENGTH_MEASURE( 1.000000000000000100E-005 ), #3005, 'distance_accuracy_value', 'NONE');
#1947 =( LENGTH_UNIT ( ) NAMED_UNIT ( * ) SI_UNIT ( .MILLI., .METRE. ) );
#1948 = EDGE_CURVE ( 'NONE', #2683, #426, #1693, .T. ) ;
#1949 = DIRECTION ( 'NONE',  ( 0.0000000000000000000, 1.000000000000000000, -0.0000000000000000000 ) ) ;
#1950 = VECTOR ( 'NONE', #59, 1000.000000000000000 ) ;
#1951 = CARTESIAN_POINT ( 'NONE',  ( 8.599999999999999600, 3.150000000000000800, 0.0000000000000000000 ) ) ;
#1952 = VERTEX_POINT ( 'NONE', #3488 ) ;
#1953 = DIRECTION ( 'NONE',  ( 0.0000000000000000000, 0.0000000000000000000, 1.000000000000000000 ) ) ;
#1954 = FACE_OUTER_BOUND ( 'NONE', #2243, .T. ) ;
#1955 = ORIENTED_EDGE ( 'NONE', *, *, #2242, .T. ) ;
#1956 = COLOUR_RGB ( '',0.7960784313725489700, 0.8235294117647058400, 0.9372549019607843100 ) ;
#1957 = COLOUR_RGB ( '',1.000000000000000000, 1.000000000000000000, 1.000000000000000000 ) ;
#1958 = CARTESIAN_POINT ( 'NONE',  ( 2.299999999999999800, -11.45000000000000100, -0.3999999999999997400 ) ) ;
#1959 = PRODUCT_DEFINITION_CONTEXT ( 'detailed design', #2226, 'design' ) ;
#1960 = CIRCLE ( 'NONE', #751, 6.600000000000000500 ) ;
#1961 =( NAMED_UNIT ( * ) PLANE_ANGLE_UNIT ( ) SI_UNIT ( $, .RADIAN. ) );
#1962 = VERTEX_POINT ( 'NONE', #539 ) ;
#1963 = CARTESIAN_POINT ( 'NONE',  ( -9.676470782290499200, -5.098254692900326300, -1.850000000000001200 ) ) ;
#1964 = EDGE_CURVE ( 'NONE', #2845, #2683, #3304, .T. ) ;
#1965 = DIRECTION ( 'NONE',  ( -0.0000000000000000000, -1.000000000000000000, -0.0000000000000000000 ) ) ;
#1966 = SURFACE_STYLE_USAGE ( .BOTH. , #3845 ) ;
#1967 = DIRECTION ( 'NONE',  ( 0.0000000000000000000, -1.000000000000000000, 0.0000000000000000000 ) ) ;
#1968 = PRESENTATION_LAYER_ASSIGNMENT (  '', '', ( #1095 ) ) ;
#1969 = MECHANICAL_DESIGN_GEOMETRIC_PRESENTATION_REPRESENTATION (  '', ( #2282 ), #253 ) ;
#1970 = CIRCLE ( 'NONE', #137, 1.625000000000000700 ) ;
#1971 = DIRECTION ( 'NONE',  ( 0.0000000000000000000, -0.0000000000000000000, -1.000000000000000000 ) ) ;
#1972 = DIRECTION ( 'NONE',  ( 0.0000000000000000000, 0.0000000000000000000, 1.000000000000000000 ) ) ;
#1973 = ORIENTED_EDGE ( 'NONE', *, *, #1873, .T. ) ;
#1974 =( GEOMETRIC_REPRESENTATION_CONTEXT ( 3 ) GLOBAL_UNCERTAINTY_ASSIGNED_CONTEXT ( ( #3445 ) ) GLOBAL_UNIT_ASSIGNED_CONTEXT ( ( #3536, #1612, #3825 ) ) REPRESENTATION_CONTEXT ( 'NONE', 'WORKASPACE' ) );
#1975 = CARTESIAN_POINT ( 'NONE',  ( -2.299999999999998000, -5.900000000000001200, -1.850000000000000800 ) ) ;
#1976 = LINE ( 'NONE', #443, #246 ) ;
#1977 = EDGE_LOOP ( 'NONE', ( #608, #2333, #563, #760 ) ) ;
#1978 = ORIENTED_EDGE ( 'NONE', *, *, #2939, .T. ) ;
#1979 = FACE_OUTER_BOUND ( 'NONE', #3086, .T. ) ;
#1980 =( GEOMETRIC_REPRESENTATION_CONTEXT ( 3 ) GLOBAL_UNCERTAINTY_ASSIGNED_CONTEXT ( ( #1750 ) ) GLOBAL_UNIT_ASSIGNED_CONTEXT ( ( #3714, #1819, #3998 ) ) REPRESENTATION_CONTEXT ( 'NONE', 'WORKASPACE' ) );
#1981 = EDGE_CURVE ( 'NONE', #2845, #2950, #4090, .T. ) ;
#1982 = EDGE_LOOP ( 'NONE', ( #182, #2870, #1647, #2171 ) ) ;
#1983 = FACE_OUTER_BOUND ( 'NONE', #2585, .T. ) ;
#1984 = FILL_AREA_STYLE ('',( #215 ) ) ;
#1985 = EDGE_CURVE ( 'NONE', #2950, #460, #2661, .T. ) ;
#1986 =( LENGTH_UNIT ( ) NAMED_UNIT ( * ) SI_UNIT ( .MILLI., .METRE. ) );
#1987 = CARTESIAN_POINT ( 'NONE',  ( 0.0000000000000000000, -5.400000000000000400, 0.0000000000000000000 ) ) ;
#1988 = DIRECTION ( 'NONE',  ( 0.0000000000000000000, 0.0000000000000000000, 1.000000000000000000 ) ) ;
#1989 = SURFACE_STYLE_USAGE ( .BOTH. , #3866 ) ;
#1990 = COLOUR_RGB ( '',0.7960784313725489700, 0.8235294117647058400, 0.9372549019607843100 ) ;
#1991 = CARTESIAN_POINT ( 'NONE',  ( 0.0000000000000000000, 0.1293752051230246100, 0.0000000000000000000 ) ) ;
#1992 = VERTEX_POINT ( 'NONE', #3795 ) ;
#1993 = DIRECTION ( 'NONE',  ( 0.0000000000000000000, 0.0000000000000000000, -1.000000000000000000 ) ) ;
#1994 = MECHANICAL_DESIGN_GEOMETRIC_PRESENTATION_REPRESENTATION (  '', ( #4081 ), #826 ) ;
#1995 = AXIS2_PLACEMENT_3D ( 'NONE', #1848, #4029, #2179 ) ;
#1996 = EDGE_CURVE ( 'NONE', #3093, #460, #3216, .T. ) ;
#1997 = AXIS2_PLACEMENT_3D ( 'NONE', #2692, #2366, #2044 ) ;
#1998 = SURFACE_STYLE_USAGE ( .BOTH. , #2020 ) ;
#1999 = DIRECTION ( 'NONE',  ( -0.0000000000000000000, 1.000000000000000000, -0.0000000000000000000 ) ) ;
#2000 = VECTOR ( 'NONE', #1635, 1000.000000000000000 ) ;
#2001 = PRESENTATION_LAYER_ASSIGNMENT (  '', '', ( #2124 ) ) ;
#2002 = CARTESIAN_POINT ( 'NONE',  ( -4.450000000000000200, -4.900000000000001200, -2.470246229790972900E-016 ) ) ;
#2003 = EDGE_CURVE ( 'NONE', #2950, #1962, #731, .T. ) ;
#2004 = LINE ( 'NONE', #2224, #3595 ) ;
#2005 = VECTOR ( 'NONE', #1774, 1000.000000000000000 ) ;
#2006 = UNCERTAINTY_MEASURE_WITH_UNIT (LENGTH_MEASURE( 1.000000000000000100E-005 ), #1389, 'distance_accuracy_value', 'NONE');
#2007 = ORIENTED_EDGE ( 'NONE', *, *, #1133, .T. ) ;
#2008 = EDGE_LOOP ( 'NONE', ( #3174, #489, #243, #245 ) ) ;
#2009 = VERTEX_POINT ( 'NONE', #1578 ) ;
#2010 = DIRECTION ( 'NONE',  ( -0.0000000000000000000, -1.000000000000000000, -0.0000000000000000000 ) ) ;
#2011 = FILL_AREA_STYLE ('',( #2344 ) ) ;
#2012 = FACE_OUTER_BOUND ( 'NONE', #2586, .T. ) ;
#2013 = SURFACE_STYLE_FILL_AREA ( #1232 ) ;
#2014 = PRESENTATION_STYLE_ASSIGNMENT (( #1180 ) ) ;
#2015 = CARTESIAN_POINT ( 'NONE',  ( 1.004210375300829500E-015, 0.1293752051230246100, 8.199999999999999300 ) ) ;
#2016 = VECTOR ( 'NONE', #3431, 1000.000000000000000 ) ;
#2017 = ORIENTED_EDGE ( 'NONE', *, *, #1985, .T. ) ;
#2018 = EDGE_CURVE ( 'NONE', #1708, #1962, #4006, .T. ) ;
#2019 = SURFACE_STYLE_FILL_AREA ( #354 ) ;
#2020 = SURFACE_SIDE_STYLE ('',( #744 ) ) ;
#2021 = DIRECTION ( 'NONE',  ( 1.000000000000000000, 0.0000000000000000000, -0.0000000000000000000 ) ) ;
#2022 = FILL_AREA_STYLE ('',( #715 ) ) ;
#2023 = EDGE_CURVE ( 'NONE', #460, #1708, #2466, .T. ) ;
#2024 = FILL_AREA_STYLE_COLOUR ( '', #2393 ) ;
#2025 = CARTESIAN_POINT ( 'NONE',  ( 2.250000000000001300, -4.500000000000001800, 8.218872011538692500E-016 ) ) ;
#2026 = DIRECTION ( 'NONE',  ( 0.0000000000000000000, 0.0000000000000000000, 1.000000000000000000 ) ) ;
#2027 = COLOUR_RGB ( '',0.0000000000000000000, 0.3843137254901960500, 0.7215686274509803800 ) ;
#2028 = DIRECTION ( 'NONE',  ( 0.0000000000000000000, 0.0000000000000000000, -1.000000000000000000 ) ) ;
#2029 = SURFACE_STYLE_FILL_AREA ( #3813 ) ;
#2030 = MECHANICAL_DESIGN_GEOMETRIC_PRESENTATION_REPRESENTATION (  '', ( #2090 ), #1974 ) ;
#2031 = ORIENTED_EDGE ( 'NONE', *, *, #2893, .T. ) ;
#2032 = ORIENTED_EDGE ( 'NONE', *, *, #3024, .F. ) ;
#2033 = AXIS2_PLACEMENT_3D ( 'NONE', #2665, #724, #2988 ) ;
#2034 = FILL_AREA_STYLE ('',( #2293 ) ) ;
#2035 = EDGE_CURVE ( 'NONE', #3778, #3860, #1511, .T. ) ;
#2036 = VERTEX_POINT ( 'NONE', #2888 ) ;
#2037 = AXIS2_PLACEMENT_3D ( 'NONE', #717, #2978, #1027 ) ;
#2038 = CARTESIAN_POINT ( 'NONE',  ( -2.700000000000000600, -5.500000000000000900, -0.3999999999999993000 ) ) ;
#2039 = CARTESIAN_POINT ( 'NONE',  ( -4.947170607461567100, -5.500000000000000900, 5.092691133444907000 ) ) ;
#2040 = EDGE_CURVE ( 'NONE', #3490, #2894, #3915, .T. ) ;
#2041 =( NAMED_UNIT ( * ) SI_UNIT ( $, .STERADIAN. ) SOLID_ANGLE_UNIT ( ) );
#2042 = ADVANCED_FACE ( 'NONE', ( #533 ), #2822, .T. ) ;
#2043 = CARTESIAN_POINT ( 'NONE',  ( 2.700000000000000200, -3.900000000000001700, 0.6500000000000000200 ) ) ;
#2044 = DIRECTION ( 'NONE',  ( -0.6963118727286931000, 0.0000000000000000000, -0.7177393509464701200 ) ) ;
#2045 =( LENGTH_UNIT ( ) NAMED_UNIT ( * ) SI_UNIT ( .MILLI., .METRE. ) );
#2046 = DIRECTION ( 'NONE',  ( 0.0000000000000000000, 0.0000000000000000000, 1.000000000000000000 ) ) ;
#2047 = FILL_AREA_STYLE_COLOUR ( '', #1629 ) ;
#2048 = AXIS2_PLACEMENT_3D ( 'NONE', #2418, #1967, #1953 ) ;
#2049 = ORIENTED_EDGE ( 'NONE', *, *, #2537, .F. ) ;
#2050 = ADVANCED_FACE ( 'NONE', ( #1954, #3552 ), #2908, .T. ) ;
#2051 = VECTOR ( 'NONE', #101, 1000.000000000000000 ) ;
#2052 = ORIENTED_EDGE ( 'NONE', *, *, #2746, .T. ) ;
#2053 = PRESENTATION_LAYER_ASSIGNMENT (  '', '', ( #2090 ) ) ;
#2054 = LINE ( 'NONE', #3015, #319 ) ;
#2055 = VECTOR ( 'NONE', #3102, 1000.000000000000000 ) ;
#2056 = SURFACE_STYLE_USAGE ( .BOTH. , #3928 ) ;
#2057 = SURFACE_SIDE_STYLE ('',( #3312 ) ) ;
#2058 = AXIS2_PLACEMENT_3D ( 'NONE', #1018, #3289, #1367 ) ;
#2059 =( LENGTH_UNIT ( ) NAMED_UNIT ( * ) SI_UNIT ( .MILLI., .METRE. ) );
#2060 = CIRCLE ( 'NONE', #2552, 7.100000000000002300 ) ;
#2061 = EDGE_CURVE ( 'NONE', #1857, #3490, #132, .T. ) ;
#2062 = DIRECTION ( 'NONE',  ( 0.0000000000000000000, 0.0000000000000000000, 1.000000000000000000 ) ) ;
#2063 = ORIENTED_EDGE ( 'NONE', *, *, #1228, .T. ) ;
#2064 = DIRECTION ( 'NONE',  ( 0.0000000000000000000, 1.000000000000000000, 0.0000000000000000000 ) ) ;
#2065 = ADVANCED_FACE ( 'NONE', ( #1001 ), #710, .F. ) ;
#2066 = UNCERTAINTY_MEASURE_WITH_UNIT (LENGTH_MEASURE( 1.000000000000000100E-005 ), #966, 'distance_accuracy_value', 'NONE');
#2067 = SURFACE_SIDE_STYLE ('',( #2686 ) ) ;
#2068 = EDGE_CURVE ( 'NONE', #3778, #3776, #2336, .T. ) ;
#2069 = PRESENTATION_STYLE_ASSIGNMENT (( #3599 ) ) ;
#2070 = LINE ( 'NONE', #1746, #1217 ) ;
#2071 = CARTESIAN_POINT ( 'NONE',  ( -4.456395985463637500, -5.500000000000000900, 4.593531846057409500 ) ) ;
#2072 = VERTEX_POINT ( 'NONE', #2922 ) ;
#2073 = ORIENTED_EDGE ( 'NONE', *, *, #1573, .T. ) ;
#2074 = DIRECTION ( 'NONE',  ( 0.0000000000000000000, 1.000000000000000000, 0.0000000000000000000 ) ) ;
#2075 = DIRECTION ( 'NONE',  ( 0.0000000000000000000, -1.000000000000000000, 0.0000000000000000000 ) ) ;
#2076 = CARTESIAN_POINT ( 'NONE',  ( -4.877492148201545400, -5.400000000000000400, 5.020963089311879700 ) ) ;
#2077 = VECTOR ( 'NONE', #3563, 1000.000000000000000 ) ;
#2078 = DIRECTION ( 'NONE',  ( 0.0000000000000000000, -1.000000000000000000, 0.0000000000000000000 ) ) ;
#2079 = UNCERTAINTY_MEASURE_WITH_UNIT (LENGTH_MEASURE( 1.000000000000000100E-005 ), #2429, 'distance_accuracy_value', 'NONE');
#2080 = SURFACE_SIDE_STYLE ('',( #2847 ) ) ;
#2081 = ORIENTED_EDGE ( 'NONE', *, *, #1034, .F. ) ;
#2082 = EDGE_LOOP ( 'NONE', ( #4099, #707, #914, #1267, #1481, #1665, #1775, #3884 ) ) ;
#2083 = DIRECTION ( 'NONE',  ( 0.0000000000000000000, 0.0000000000000000000, -1.000000000000000000 ) ) ;
#2084 = DIRECTION ( 'NONE',  ( 0.0000000000000000000, 0.0000000000000000000, -1.000000000000000000 ) ) ;
#2085 = FILL_AREA_STYLE_COLOUR ( '', #1333 ) ;
#2086 = CARTESIAN_POINT ( 'NONE',  ( 0.0000000000000000000, -5.400000000000000400, 6.600000000000000500 ) ) ;
#2087 = ORIENTED_EDGE ( 'NONE', *, *, #2856, .T. ) ;
#2088 = FILL_AREA_STYLE_COLOUR ( '', #2376 ) ;
#2089 = ORIENTED_EDGE ( 'NONE', *, *, #2533, .T. ) ;
#2090 = STYLED_ITEM ( 'NONE', ( #641 ), #2042 ) ;
#2091 =( LENGTH_UNIT ( ) NAMED_UNIT ( * ) SI_UNIT ( .MILLI., .METRE. ) );
#2092 = PRESENTATION_LAYER_ASSIGNMENT (  '', '', ( #2732 ) ) ;
#2093 = PLANE ( 'NONE',  #99 ) ;
#2094 = EDGE_CURVE ( 'NONE', #814, #1670, #3193, .T. ) ;
#2095 = DIRECTION ( 'NONE',  ( 0.0000000000000000000, -1.000000000000000000, 0.0000000000000000000 ) ) ;
#2096 = SURFACE_STYLE_USAGE ( .BOTH. , #3950 ) ;
#2097 = SURFACE_SIDE_STYLE ('',( #873 ) ) ;
#2098 = DIRECTION ( 'NONE',  ( -1.000000000000000000, -0.0000000000000000000, -0.0000000000000000000 ) ) ;
#2099 = DIRECTION ( 'NONE',  ( -1.000000000000000000, -9.912705577010326800E-017, 0.0000000000000000000 ) ) ;
#2100 = SURFACE_STYLE_USAGE ( .BOTH. , #3954 ) ;
#2101 = EDGE_CURVE ( 'NONE', #3776, #3969, #3894, .T. ) ;
#2102 = FACE_OUTER_BOUND ( 'NONE', #3620, .T. ) ;
#2103 = CARTESIAN_POINT ( 'NONE',  ( 1.096058885236878700E-015, -5.899999999999999500, 0.0000000000000000000 ) ) ;
#2104 = EDGE_CURVE ( 'NONE', #3860, #3969, #3983, .T. ) ;
#2105 = CARTESIAN_POINT ( 'NONE',  ( -4.595658360009375400, -5.299999999999999800, 4.737079716246703300 ) ) ;
#2106 = SURFACE_SIDE_STYLE ('',( #1110 ) ) ;
#2107 = ORIENTED_EDGE ( 'NONE', *, *, #1165, .T. ) ;
#2108 = SURFACE_STYLE_USAGE ( .BOTH. , #3968 ) ;
#2109 = SURFACE_SIDE_STYLE ('',( #3939 ) ) ;
#2110 = VECTOR ( 'NONE', #3843, 1000.000000000000000 ) ;
#2111 = SURFACE_SIDE_STYLE ('',( #1650 ) ) ;
#2112 = DIRECTION ( 'NONE',  ( -3.652832005128304900E-016, 0.0000000000000000000, 1.000000000000000000 ) ) ;
#2113 = AXIS2_PLACEMENT_3D ( 'NONE', #1929, #4097, #2263 ) ;
#2114 = FILL_AREA_STYLE_COLOUR ( '', #848 ) ;
#2115 = VECTOR ( 'NONE', #2507, 1000.000000000000000 ) ;
#2116 = VERTEX_POINT ( 'NONE', #400 ) ;
#2117 = EDGE_CURVE ( 'NONE', #3860, #3778, #3092, .T. ) ;
#2118 = CIRCLE ( 'NONE', #283, 0.1999999999999996500 ) ;
#2119 = CIRCLE ( 'NONE', #3933, 0.1000000000000002600 ) ;
#2120 = LINE ( 'NONE', #1927, #3698 ) ;
#2121 = AXIS2_PLACEMENT_3D ( 'NONE', #3204, #1284, #3522 ) ;
#2122 = CYLINDRICAL_SURFACE ( 'NONE', #2797, 0.3500000000000000300 ) ;
#2123 = ORIENTED_EDGE ( 'NONE', *, *, #2164, .T. ) ;
#2124 = STYLED_ITEM ( 'NONE', ( #2959 ), #3090 ) ;
#2125 =( LENGTH_UNIT ( ) NAMED_UNIT ( * ) SI_UNIT ( .MILLI., .METRE. ) );
#2126 =( NAMED_UNIT ( * ) SI_UNIT ( $, .STERADIAN. ) SOLID_ANGLE_UNIT ( ) );
#2127 = CARTESIAN_POINT ( 'NONE',  ( 2.750000000000000900, -5.900000000000001200, -0.6999999999999999600 ) ) ;
#2128 = CARTESIAN_POINT ( 'NONE',  ( 2.250000000000000900, -4.500000000000000000, 0.7000000000000001800 ) ) ;
#2129 = FACE_OUTER_BOUND ( 'NONE', #947, .T. ) ;
#2130 = CARTESIAN_POINT ( 'NONE',  ( -6.000000000000000900, -5.300000000000001600, 1.850000000000001400 ) ) ;
#2131 = VECTOR ( 'NONE', #3908, 1000.000000000000000 ) ;
#2132 = EDGE_CURVE ( 'NONE', #2036, #1620, #1378, .T. ) ;
#2133 = UNCERTAINTY_MEASURE_WITH_UNIT (LENGTH_MEASURE( 1.000000000000000100E-005 ), #3560, 'distance_accuracy_value', 'NONE');
#2134 = DIRECTION ( 'NONE',  ( 0.0000000000000000000, -1.000000000000000000, 0.0000000000000000000 ) ) ;
#2135 = CARTESIAN_POINT ( 'NONE',  ( 0.0000000000000000000, 3.050000000000001600, 0.0000000000000000000 ) ) ;
#2136 = ORIENTED_EDGE ( 'NONE', *, *, #2689, .T. ) ;
#2137 = CIRCLE ( 'NONE', #593, 0.1000000000000002600 ) ;
#2138 = CARTESIAN_POINT ( 'NONE',  ( -8.300000000000002500, -9.000000000000001800, -0.6500000000000001300 ) ) ;
#2139 = VERTEX_POINT ( 'NONE', #3624 ) ;
#2140 = ORIENTED_EDGE ( 'NONE', *, *, #2386, .T. ) ;
#2141 = ORIENTED_EDGE ( 'NONE', *, *, #1042, .T. ) ;
#2142 = DIRECTION ( 'NONE',  ( 0.0000000000000000000, -1.000000000000000000, -1.951563910473908200E-016 ) ) ;
#2143 = UNCERTAINTY_MEASURE_WITH_UNIT (LENGTH_MEASURE( 1.000000000000000100E-005 ), #1173, 'distance_accuracy_value', 'NONE');
#2144 = PRESENTATION_STYLE_ASSIGNMENT (( #409 ) ) ;
#2145 =( GEOMETRIC_REPRESENTATION_CONTEXT ( 3 ) GLOBAL_UNCERTAINTY_ASSIGNED_CONTEXT ( ( #205 ) ) GLOBAL_UNIT_ASSIGNED_CONTEXT ( ( #1433, #1127, #1111 ) ) REPRESENTATION_CONTEXT ( 'NONE', 'WORKASPACE' ) );
#2146 = ADVANCED_FACE ( 'NONE', ( #2987 ), #2346, .F. ) ;
#2147 = VERTEX_POINT ( 'NONE', #2039 ) ;
#2148 = CARTESIAN_POINT ( 'NONE',  ( -9.675296461287414800, -4.966084897616692500, 1.850000000000000300 ) ) ;
#2149 =( GEOMETRIC_REPRESENTATION_CONTEXT ( 3 ) GLOBAL_UNCERTAINTY_ASSIGNED_CONTEXT ( ( #2631 ) ) GLOBAL_UNIT_ASSIGNED_CONTEXT ( ( #3614, #1699, #3906 ) ) REPRESENTATION_CONTEXT ( 'NONE', 'WORKASPACE' ) );
#2150 = EDGE_CURVE ( 'NONE', #3969, #3776, #198, .T. ) ;
#2151 = AXIS2_PLACEMENT_3D ( 'NONE', #287, #2559, #625 ) ;
#2152 = DIRECTION ( 'NONE',  ( -0.0000000000000000000, 1.000000000000000000, -0.0000000000000000000 ) ) ;
#2153 = STYLED_ITEM ( 'NONE', ( #1818 ), #2882 ) ;
#2154 = EDGE_CURVE ( 'NONE', #1962, #1708, #1840, .T. ) ;
#2155 = CYLINDRICAL_SURFACE ( 'NONE', #303, 10.40000000000000000 ) ;
#2156 = CARTESIAN_POINT ( 'NONE',  ( -7.837739514543059900E-016, -5.400000000000000400, -6.400000000000000400 ) ) ;
#2157 = DIRECTION ( 'NONE',  ( 0.0000000000000000000, 0.0000000000000000000, 1.000000000000000000 ) ) ;
#2158 =( NAMED_UNIT ( * ) PLANE_ANGLE_UNIT ( ) SI_UNIT ( $, .RADIAN. ) );
#2159 = DIRECTION ( 'NONE',  ( 0.0000000000000000000, 0.0000000000000000000, 1.000000000000000000 ) ) ;
#2160 = DIRECTION ( 'NONE',  ( -0.0000000000000000000, -0.0000000000000000000, 1.000000000000000000 ) ) ;
#2161 =( LENGTH_UNIT ( ) NAMED_UNIT ( * ) SI_UNIT ( .MILLI., .METRE. ) );
#2162 = ADVANCED_FACE ( 'NONE', ( #3533 ), #1725, .T. ) ;
#2163 = ORIENTED_EDGE ( 'NONE', *, *, #3226, .T. ) ;
#2164 = EDGE_CURVE ( 'NONE', #460, #2950, #658, .T. ) ;
#2165 = DIRECTION ( 'NONE',  ( -0.7071067811865519000, 0.0000000000000000000, -0.7071067811865431300 ) ) ;
#2166 = DIRECTION ( 'NONE',  ( -0.0000000000000000000, -1.000000000000000000, -0.0000000000000000000 ) ) ;
#2167 = CARTESIAN_POINT ( 'NONE',  ( -9.469222269053037900, -4.900000000000001200, -1.850000000000001200 ) ) ;
#2168 = LINE ( 'NONE', #3346, #2051 ) ;
#2169 = UNCERTAINTY_MEASURE_WITH_UNIT (LENGTH_MEASURE( 1.000000000000000100E-005 ), #667, 'distance_accuracy_value', 'NONE');
#2170 =( NAMED_UNIT ( * ) PLANE_ANGLE_UNIT ( ) SI_UNIT ( $, .RADIAN. ) );
#2171 = ORIENTED_EDGE ( 'NONE', *, *, #1925, .F. ) ;
#2172 = SURFACE_STYLE_USAGE ( .BOTH. , #2206 ) ;
#2173 = ADVANCED_FACE ( 'NONE', ( #1537 ), #3658, .T. ) ;
#2174 = CIRCLE ( 'NONE', #3287, 0.1000000000000002600 ) ;
#2175 = EDGE_CURVE ( 'NONE', #2845, #3093, #3662, .T. ) ;
#2176 = TOROIDAL_SURFACE ( 'NONE', #3865, 9.799999999999998900, 0.5999999999999999800 ) ;
#2177 = CARTESIAN_POINT ( 'NONE',  ( 2.750000000000000900, -5.900000000000001200, -0.6999999999999999600 ) ) ;
#2178 = LINE ( 'NONE', #1237, #3831 ) ;
#2179 = DIRECTION ( 'NONE',  ( 0.0000000000000000000, 0.0000000000000000000, -1.000000000000000000 ) ) ;
#2180 =( LENGTH_UNIT ( ) NAMED_UNIT ( * ) SI_UNIT ( .MILLI., .METRE. ) );
#2181 = AXIS2_PLACEMENT_3D ( 'NONE', #3510, #1590, #3804 ) ;
#2182 = CARTESIAN_POINT ( 'NONE',  ( -2.300000000000000300, -5.100000000000000500, 1.275000000000000400 ) ) ;
#2183 = CIRCLE ( 'NONE', #3430, 0.1000000000000002600 ) ;
#2184 = VERTEX_POINT ( 'NONE', #778 ) ;
#2185 = STYLED_ITEM ( 'NONE', ( #837 ), #3137 ) ;
#2186 = VECTOR ( 'NONE', #358, 1000.000000000000000 ) ;
#2187 = EDGE_CURVE ( 'NONE', #426, #2683, #1229, .T. ) ;
#2188 = DIRECTION ( 'NONE',  ( 0.0000000000000000000, 0.0000000000000000000, 1.000000000000000000 ) ) ;
#2189 = DIRECTION ( 'NONE',  ( 1.224646799147353200E-016, 0.0000000000000000000, -1.000000000000000000 ) ) ;
#2190 = DIRECTION ( 'NONE',  ( 0.0000000000000000000, 0.0000000000000000000, -1.000000000000000000 ) ) ;
#2191 = FACE_OUTER_BOUND ( 'NONE', #1982, .T. ) ;
#2192 = CARTESIAN_POINT ( 'NONE',  ( 2.299999999999999800, -11.45000000000000100, 0.4000000000000003000 ) ) ;
#2193 = ORIENTED_EDGE ( 'NONE', *, *, #1350, .T. ) ;
#2194 = EDGE_CURVE ( 'NONE', #3434, #2517, #2843, .T. ) ;
#2195 =( NAMED_UNIT ( * ) SI_UNIT ( $, .STERADIAN. ) SOLID_ANGLE_UNIT ( ) );
#2196 = CIRCLE ( 'NONE', #95, 1.625000000000000700 ) ;
#2197 = CARTESIAN_POINT ( 'NONE',  ( 0.0000000000000000000, -5.500000000000000900, 0.0000000000000000000 ) ) ;
#2198 = EDGE_LOOP ( 'NONE', ( #54, #108, #849, #977, #1704, #1870, #2571, #2775 ) ) ;
#2199 = EDGE_CURVE ( 'NONE', #1613, #1805, #1976, .T. ) ;
#2200 = CARTESIAN_POINT ( 'NONE',  ( -2.700000000000000600, -5.700000000000000200, -0.6500000000000001300 ) ) ;
#2201 = VERTEX_POINT ( 'NONE', #1451 ) ;
#2202 = OPEN_SHELL ( 'NONE', ( #549 ) ) ;
#2203 = DIRECTION ( 'NONE',  ( 0.7071067811865519000, 0.0000000000000000000, 0.7071067811865431300 ) ) ;
#2204 = SURFACE_STYLE_FILL_AREA ( #2385 ) ;
#2205 = CARTESIAN_POINT ( 'NONE',  ( -2.100000000000000100, -5.700000000000000200, -1.275000000000000400 ) ) ;
#2206 = SURFACE_SIDE_STYLE ('',( #857 ) ) ;
#2207 = APPLICATION_PROTOCOL_DEFINITION ( 'draft international standard', 'automotive_design', 1998, #2520 ) ;
#2208 = AXIS2_PLACEMENT_3D ( 'NONE', #4078, #2239, #270 ) ;
#2209 = CARTESIAN_POINT ( 'NONE',  ( -2.299999999999998000, -4.900000000000001200, 1.850000000000000300 ) ) ;
#2210 = AXIS2_PLACEMENT_3D ( 'NONE', #2773, #180, #2463 ) ;
#2211 = ADVANCED_FACE ( 'NONE', ( #2735 ), #3966, .F. ) ;
#2212 = ORIENTED_EDGE ( 'NONE', *, *, #1350, .F. ) ;
#2213 = FILL_AREA_STYLE ('',( #3772 ) ) ;
#2214 = CARTESIAN_POINT ( 'NONE',  ( -2.300000000000000300, -5.500000000000000900, -1.899999999999999900 ) ) ;
#2215 = AXIS2_PLACEMENT_3D ( 'NONE', #2862, #920, #3181 ) ;
#2216 = CARTESIAN_POINT ( 'NONE',  ( -4.949235045178833800, -5.400000000000000400, 4.807813688941543300 ) ) ;
#2217 = UNCERTAINTY_MEASURE_WITH_UNIT (LENGTH_MEASURE( 1.000000000000000100E-005 ), #2432, 'distance_accuracy_value', 'NONE');
#2218 = ORIENTED_EDGE ( 'NONE', *, *, #2104, .T. ) ;
#2219 = STYLED_ITEM ( 'NONE', ( #317 ), #3171 ) ;
#2220 = EDGE_CURVE ( 'NONE', #3848, #2541, #338, .T. ) ;
#2221 = ORIENTED_EDGE ( 'NONE', *, *, #2132, .F. ) ;
#2222 = DIRECTION ( 'NONE',  ( 0.0000000000000000000, 0.0000000000000000000, 1.000000000000000000 ) ) ;
#2223 = ORIENTED_EDGE ( 'NONE', *, *, #2101, .T. ) ;
#2224 = CARTESIAN_POINT ( 'NONE',  ( -9.461104586674856900, -5.500000000000000900, -1.899999999999999900 ) ) ;
#2225 = FILL_AREA_STYLE ('',( #2262 ) ) ;
#2226 = APPLICATION_CONTEXT ( 'automotive_design' ) ;
#2227 = CARTESIAN_POINT ( 'NONE',  ( 1.273632671113247300E-015, -5.399999999999999500, 10.40000000000000000 ) ) ;
#2228 =( NAMED_UNIT ( * ) SI_UNIT ( $, .STERADIAN. ) SOLID_ANGLE_UNIT ( ) );
#2229 = ORIENTED_EDGE ( 'NONE', *, *, #1241, .T. ) ;
#2230 = CIRCLE ( 'NONE', #2033, 7.000000000000001800 ) ;
#2231 = ORIENTED_EDGE ( 'NONE', *, *, #2906, .F. ) ;
#2232 = CIRCLE ( 'NONE', #2643, 0.09999999999999952000 ) ;
#2233 = AXIS2_PLACEMENT_3D ( 'NONE', #2326, #373, #2650 ) ;
#2234 = EDGE_CURVE ( 'NONE', #377, #3474, #2436, .T. ) ;
#2235 = CARTESIAN_POINT ( 'NONE',  ( 0.0000000000000000000, -4.900000000000001200, 1.605143702949179400E-050 ) ) ;
#2236 = AXIS2_PLACEMENT_3D ( 'NONE', #2216, #233, #2853 ) ;
#2237 = CYLINDRICAL_SURFACE ( 'NONE', #272, 8.750000000000000000 ) ;
#2238 = AXIS2_PLACEMENT_3D ( 'NONE', #1349, #3584, #1662 ) ;
#2239 = DIRECTION ( 'NONE',  ( 0.0000000000000000000, 1.000000000000000000, 0.0000000000000000000 ) ) ;
#2240 = SURFACE_STYLE_FILL_AREA ( #1160 ) ;
#2241 = DIRECTION ( 'NONE',  ( 0.7071067811865441300, -0.0000000000000000000, 0.7071067811865510100 ) ) ;
#2242 = EDGE_CURVE ( 'NONE', #3378, #3391, #4071, .T. ) ;
#2243 = EDGE_LOOP ( 'NONE', ( #2413, #1895 ) ) ;
#2244 = VECTOR ( 'NONE', #3608, 1000.000000000000000 ) ;
#2245 = VERTEX_POINT ( 'NONE', #3690 ) ;
#2246 = CARTESIAN_POINT ( 'NONE',  ( 0.0000000000000000000, -5.400000000000000400, 0.0000000000000000000 ) ) ;
#2247 = LINE ( 'NONE', #1829, #3806 ) ;
#2248 = EDGE_CURVE ( 'NONE', #3934, #2687, #1580, .T. ) ;
#2249 = ORIENTED_EDGE ( 'NONE', *, *, #1638, .T. ) ;
#2250 = ORIENTED_EDGE ( 'NONE', *, *, #3009, .F. ) ;
#2251 = VECTOR ( 'NONE', #2658, 1000.000000000000000 ) ;
#2252 = DIRECTION ( 'NONE',  ( 0.0000000000000000000, 1.000000000000000000, -0.0000000000000000000 ) ) ;
#2253 = EDGE_LOOP ( 'NONE', ( #1374, #1776, #4074, #1742, #2279 ) ) ;
#2254 = EDGE_CURVE ( 'NONE', #609, #1780, #3279, .T. ) ;
#2255 = SURFACE_STYLE_FILL_AREA ( #156 ) ;
#2256 = CYLINDRICAL_SURFACE ( 'NONE', #2855, 0.6249999999999998900 ) ;
#2257 = DIRECTION ( 'NONE',  ( 1.000000000000000000, 0.0000000000000000000, -0.0000000000000000000 ) ) ;
#2258 = AXIS2_PLACEMENT_3D ( 'NONE', #3785, #1897, #4065 ) ;
#2259 = STYLED_ITEM ( 'NONE', ( #3540 ), #3466 ) ;
#2260 = CYLINDRICAL_SURFACE ( 'NONE', #749, 0.3500000000000000300 ) ;
#2261 = EDGE_CURVE ( 'NONE', #935, #3501, #1477, .T. ) ;
#2262 = FILL_AREA_STYLE_COLOUR ( '', #3711 ) ;
#2263 = DIRECTION ( 'NONE',  ( 0.0000000000000000000, 0.0000000000000000000, -1.000000000000000000 ) ) ;
#2264 = AXIS2_PLACEMENT_3D ( 'NONE', #51, #2343, #397 ) ;
#2265 = B_SPLINE_CURVE_WITH_KNOTS ( 'NONE', 3,
 ( #3472, #566, #2513, #1552 ),
 .UNSPECIFIED., .F., .F.,
 ( 4, 4 ),
 ( 0.0000000000000000000, 0.0002059926239690598000 ),
 .UNSPECIFIED. ) ;
#2266 = COLOUR_RGB ( '',1.000000000000000000, 1.000000000000000000, 1.000000000000000000 ) ;
#2267 = VERTEX_POINT ( 'NONE', #2783 ) ;
#2268 = UNCERTAINTY_MEASURE_WITH_UNIT (LENGTH_MEASURE( 1.000000000000000100E-005 ), #119, 'distance_accuracy_value', 'NONE');
#2269 = DIRECTION ( 'NONE',  ( 0.0000000000000000000, -1.000000000000000000, 0.0000000000000000000 ) ) ;
#2270 = VECTOR ( 'NONE', #1906, 1000.000000000000000 ) ;
#2271 = CARTESIAN_POINT ( 'NONE',  ( -2.700000000000000600, -9.000000000000001800, 0.6500000000000001300 ) ) ;
#2272 = ORIENTED_EDGE ( 'NONE', *, *, #2673, .T. ) ;
#2273 = VECTOR ( 'NONE', #2879, 999.9999999999998900 ) ;
#2274 = CARTESIAN_POINT ( 'NONE',  ( -2.700000000000000600, -5.700000000000000200, -0.6500000000000001300 ) ) ;
#2275 = DIRECTION ( 'NONE',  ( 0.0000000000000000000, 0.0000000000000000000, 1.000000000000000000 ) ) ;
#2276 = VECTOR ( 'NONE', #3469, 1000.000000000000000 ) ;
#2277 = ORIENTED_EDGE ( 'NONE', *, *, #1638, .F. ) ;
#2278 = TOROIDAL_SURFACE ( 'NONE', #3622, 6.599999999999998800, 0.1000000000000000100 ) ;
#2279 = ORIENTED_EDGE ( 'NONE', *, *, #2254, .F. ) ;
#2280 = AXIS2_PLACEMENT_3D ( 'NONE', #867, #2152, #3149 ) ;
#2281 = DIRECTION ( 'NONE',  ( 0.0000000000000000000, -1.000000000000000000, 0.0000000000000000000 ) ) ;
#2282 = STYLED_ITEM ( 'NONE', ( #3674 ), #4037 ) ;
#2283 = CARTESIAN_POINT ( 'NONE',  ( 0.0000000000000000000, -5.299999999999999800, 6.899999999999999500 ) ) ;
#2284 = CARTESIAN_POINT ( 'NONE',  ( -2.299999999999998500, -5.900000000000001200, -0.7000000000000002900 ) ) ;
#2285 = AXIS2_PLACEMENT_3D ( 'NONE', #1854, #4034, #2189 ) ;
#2286 = CARTESIAN_POINT ( 'NONE',  ( -2.300000000000000300, -10.00000000000000000, 0.4000000000000000800 ) ) ;
#2287 = DIRECTION ( 'NONE',  ( 0.0000000000000000000, -0.0000000000000000000, 1.000000000000000000 ) ) ;
#2288 = EDGE_CURVE ( 'NONE', #3307, #1887, #607, .T. ) ;
#2289 = ORIENTED_EDGE ( 'NONE', *, *, #2308, .T. ) ;
#2290 = EDGE_LOOP ( 'NONE', ( #3116, #2544, #1403, #1842, #3720, #2249 ) ) ;
#2291 = COLOUR_RGB ( '',1.000000000000000000, 1.000000000000000000, 1.000000000000000000 ) ;
#2292 = EDGE_CURVE ( 'NONE', #2494, #2139, #3084, .T. ) ;
#2293 = FILL_AREA_STYLE_COLOUR ( '', #4021 ) ;
#2294 = DIRECTION ( 'NONE',  ( -0.0000000000000000000, 1.000000000000000000, -0.0000000000000000000 ) ) ;
#2295 = FILL_AREA_STYLE_COLOUR ( '', #2949 ) ;
#2296 = FACE_OUTER_BOUND ( 'NONE', #708, .T. ) ;
#2297 =( NAMED_UNIT ( * ) PLANE_ANGLE_UNIT ( ) SI_UNIT ( $, .RADIAN. ) );
#2298 = PRESENTATION_STYLE_ASSIGNMENT (( #3921 ) ) ;
#2299 = EDGE_CURVE ( 'NONE', #289, #64, #2247, .T. ) ;
#2300 = CARTESIAN_POINT ( 'NONE',  ( 2.750000000000000900, -5.900000000000001200, 0.7000000000000001800 ) ) ;
#2301 = AXIS2_PLACEMENT_3D ( 'NONE', #3133, #1193, #3456 ) ;
#2302 = DIRECTION ( 'NONE',  ( 1.000000000000000000, -0.0000000000000000000, 0.0000000000000000000 ) ) ;
#2303 = CARTESIAN_POINT ( 'NONE',  ( 2.500000000000000400, -4.900000000000001200, 1.625000000000000400 ) ) ;
#2304 = DIRECTION ( 'NONE',  ( 5.551115123125781500E-017, 0.0000000000000000000, -1.000000000000000000 ) ) ;
#2305 = EDGE_CURVE ( 'NONE', #1563, #3949, #3547, .T. ) ;
#2306 = CARTESIAN_POINT ( 'NONE',  ( 2.700000000000000200, -9.000000000000001800, -0.6500000000000000200 ) ) ;
#2307 = VERTEX_POINT ( 'NONE', #210 ) ;
#2308 = EDGE_CURVE ( 'NONE', #4131, #2812, #2137, .T. ) ;
#2309 = DIRECTION ( 'NONE',  ( -0.0000000000000000000, -0.0000000000000000000, 1.000000000000000000 ) ) ;
#2310 = CYLINDRICAL_SURFACE ( 'NONE', #540, 0.6249999999999998900 ) ;
#2311 = ORIENTED_EDGE ( 'NONE', *, *, #2791, .F. ) ;
#2312 = DIRECTION ( 'NONE',  ( 0.0000000000000000000, 0.0000000000000000000, -1.000000000000000000 ) ) ;
#2313 = CIRCLE ( 'NONE', #612, 0.1000000000000002600 ) ;
#2314 = DIRECTION ( 'NONE',  ( 0.0000000000000000000, 0.0000000000000000000, 1.000000000000000000 ) ) ;
#2315 = DIRECTION ( 'NONE',  ( 1.000000000000000000, 0.0000000000000000000, -0.0000000000000000000 ) ) ;
#2316 =( NAMED_UNIT ( * ) PLANE_ANGLE_UNIT ( ) SI_UNIT ( $, .RADIAN. ) );
#2317 = EDGE_CURVE ( 'NONE', #3826, #4000, #502, .T. ) ;
#2318 = CARTESIAN_POINT ( 'NONE',  ( -6.000000000000000900, -5.900000000000001200, 1.850000000000001400 ) ) ;
#2319 = CARTESIAN_POINT ( 'NONE',  ( -2.299999999999998500, -5.900000000000001200, 0.6999999999999998400 ) ) ;
#2320 = SURFACE_STYLE_FILL_AREA ( #722 ) ;
#2321 = FILL_AREA_STYLE ('',( #1157 ) ) ;
#2322 = AXIS2_PLACEMENT_3D ( 'NONE', #3114, #1182, #3440 ) ;
#2323 = CIRCLE ( 'NONE', #2037, 0.09999999999999992200 ) ;
#2324 =( LENGTH_UNIT ( ) NAMED_UNIT ( * ) SI_UNIT ( .MILLI., .METRE. ) );
#2325 = EDGE_CURVE ( 'NONE', #1887, #2812, #2982, .T. ) ;
#2326 = CARTESIAN_POINT ( 'NONE',  ( 0.0000000000000000000, -5.500000000000000900, 0.0000000000000000000 ) ) ;
#2327 = CARTESIAN_POINT ( 'NONE',  ( -2.700000000000000600, -5.500000000000000900, -0.6500000000000001300 ) ) ;
#2328 = ORIENTED_EDGE ( 'NONE', *, *, #2727, .T. ) ;
#2329 = AXIS2_PLACEMENT_3D ( 'NONE', #187, #2473, #524 ) ;
#2330 = DIRECTION ( 'NONE',  ( 0.0000000000000000000, 0.0000000000000000000, -1.000000000000000000 ) ) ;
#2331 = VECTOR ( 'NONE', #174, 1000.000000000000000 ) ;
#2332 = DIRECTION ( 'NONE',  ( 0.0000000000000000000, 0.0000000000000000000, -1.000000000000000000 ) ) ;
#2333 = ORIENTED_EDGE ( 'NONE', *, *, #1395, .F. ) ;
#2334 = MECHANICAL_DESIGN_GEOMETRIC_PRESENTATION_REPRESENTATION (  '', ( #2732 ), #1980 ) ;
#2335 = VERTEX_POINT ( 'NONE', #544 ) ;
#2336 = LINE ( 'NONE', #2015, #1483 ) ;
#2337 = ORIENTED_EDGE ( 'NONE', *, *, #3131, .F. ) ;
#2338 = EDGE_CURVE ( 'NONE', #2894, #289, #3978, .T. ) ;
#2339 = CARTESIAN_POINT ( 'NONE',  ( -2.300000000000000300, -5.500000000000000900, -1.899999999999999900 ) ) ;
#2340 = COLOUR_RGB ( '',0.7529411764705882200, 0.7529411764705882200, 0.7529411764705882200 ) ;
#2341 = SURFACE_STYLE_USAGE ( .BOTH. , #46 ) ;
#2342 = DIRECTION ( 'NONE',  ( -0.0000000000000000000, -1.000000000000000000, -0.0000000000000000000 ) ) ;
#2343 = DIRECTION ( 'NONE',  ( 0.0000000000000000000, -1.000000000000000000, -0.0000000000000000000 ) ) ;
#2344 = FILL_AREA_STYLE_COLOUR ( '', #923 ) ;
#2345 = MECHANICAL_DESIGN_GEOMETRIC_PRESENTATION_REPRESENTATION (  '', ( #4011 ), #2145 ) ;
#2346 = PLANE ( 'NONE',  #1380 ) ;
#2347 = AXIS2_PLACEMENT_3D ( 'NONE', #3681, #3060, #816 ) ;
#2348 = EDGE_CURVE ( 'NONE', #2116, #3792, #393, .T. ) ;
#2349 = LINE ( 'NONE', #3879, #1504 ) ;
#2350 = AXIS2_PLACEMENT_3D ( 'NONE', #3895, #2021, #44 ) ;
#2351 = PLANE ( 'NONE',  #140 ) ;
#2352 = EDGE_CURVE ( 'NONE', #1218, #1924, #2890, .T. ) ;
#2353 =( NAMED_UNIT ( * ) SI_UNIT ( $, .STERADIAN. ) SOLID_ANGLE_UNIT ( ) );
#2354 = VECTOR ( 'NONE', #605, 1000.000000000000000 ) ;
#2355 = VERTEX_POINT ( 'NONE', #3200 ) ;
#2356 = CARTESIAN_POINT ( 'NONE',  ( -4.595658360009375400, -5.400000000000000400, 4.737079716246703300 ) ) ;
#2357 = FILL_AREA_STYLE ('',( #82 ) ) ;
#2358 = ADVANCED_FACE ( 'NONE', ( #293 ), #3326, .F. ) ;
#2359 = CIRCLE ( 'NONE', #3705, 6.600000000000000500 ) ;
#2360 = SURFACE_STYLE_FILL_AREA ( #554 ) ;
#2361 = SURFACE_SIDE_STYLE ('',( #509 ) ) ;
#2362 = EDGE_CURVE ( 'NONE', #2687, #2739, #1717, .T. ) ;
#2363 = ORIENTED_EDGE ( 'NONE', *, *, #3355, .T. ) ;
#2364 =( NAMED_UNIT ( * ) SI_UNIT ( $, .STERADIAN. ) SOLID_ANGLE_UNIT ( ) );
#2365 = DIRECTION ( 'NONE',  ( -0.0000000000000000000, -1.000000000000000000, -0.0000000000000000000 ) ) ;
#2366 = DIRECTION ( 'NONE',  ( -0.7177393509464702300, 0.0000000000000000000, 0.6963118727286932200 ) ) ;
#2367 =( NAMED_UNIT ( * ) SI_UNIT ( $, .STERADIAN. ) SOLID_ANGLE_UNIT ( ) );
#2368 = SURFACE_STYLE_FILL_AREA ( #1777 ) ;
#2369 = CARTESIAN_POINT ( 'NONE',  ( 2.700000000000000200, -11.45000000000000100, -0.04999999999999969700 ) ) ;
#2370 = AXIS2_PLACEMENT_3D ( 'NONE', #832, #3100, #1167 ) ;
#2371 = ORIENTED_EDGE ( 'NONE', *, *, #2798, .T. ) ;
#2372 = STYLED_ITEM ( 'NONE', ( #3816 ), #3447 ) ;
#2373 =( NAMED_UNIT ( * ) PLANE_ANGLE_UNIT ( ) SI_UNIT ( $, .RADIAN. ) );
#2374 = EDGE_CURVE ( 'NONE', #2663, #1887, #3716, .T. ) ;
#2375 = ADVANCED_FACE ( 'NONE', ( #2487 ), #3763, .T. ) ;
#2376 = COLOUR_RGB ( '',0.7960784313725489700, 0.8235294117647058400, 0.9372549019607843100 ) ;
#2377 =( NAMED_UNIT ( * ) PLANE_ANGLE_UNIT ( ) SI_UNIT ( $, .RADIAN. ) );
#2378 =( LENGTH_UNIT ( ) NAMED_UNIT ( * ) SI_UNIT ( .MILLI., .METRE. ) );
#2379 = VERTEX_POINT ( 'NONE', #1958 ) ;
#2380 =( NAMED_UNIT ( * ) SI_UNIT ( $, .STERADIAN. ) SOLID_ANGLE_UNIT ( ) );
#2381 =( NAMED_UNIT ( * ) PLANE_ANGLE_UNIT ( ) SI_UNIT ( $, .RADIAN. ) );
#2382 = UNCERTAINTY_MEASURE_WITH_UNIT (LENGTH_MEASURE( 1.000000000000000100E-005 ), #3701, 'distance_accuracy_value', 'NONE');
#2383 = COLOUR_RGB ( '',0.7921568627450980000, 0.8196078431372548800, 0.9333333333333333500 ) ;
#2384 = FILL_AREA_STYLE ('',( #758 ) ) ;
#2385 = FILL_AREA_STYLE ('',( #2085 ) ) ;
#2386 = EDGE_CURVE ( 'NONE', #3030, #2536, #2196, .T. ) ;
#2387 =( LENGTH_UNIT ( ) NAMED_UNIT ( * ) SI_UNIT ( .MILLI., .METRE. ) );
#2388 = PRESENTATION_STYLE_ASSIGNMENT (( #2642 ) ) ;
#2389 = VERTEX_POINT ( 'NONE', #2602 ) ;
#2390 = FACE_OUTER_BOUND ( 'NONE', #1582, .T. ) ;
#2391 =( LENGTH_UNIT ( ) NAMED_UNIT ( * ) SI_UNIT ( .MILLI., .METRE. ) );
#2392 = DIRECTION ( 'NONE',  ( -0.0000000000000000000, -1.000000000000000000, -0.0000000000000000000 ) ) ;
#2393 = COLOUR_RGB ( '',0.0000000000000000000, 0.3843137254901960500, 0.7215686274509803800 ) ;
#2394 = CARTESIAN_POINT ( 'NONE',  ( -4.737079716246686400, -5.500000000000000900, 4.595658360009395000 ) ) ;
#2395 =( LENGTH_UNIT ( ) NAMED_UNIT ( * ) SI_UNIT ( .MILLI., .METRE. ) );
#2396 = DIRECTION ( 'NONE',  ( -1.000000000000000000, -0.0000000000000000000, -0.0000000000000000000 ) ) ;
#2397 = DIRECTION ( 'NONE',  ( -0.7071067811865458000, 0.0000000000000000000, 0.7071067811865493500 ) ) ;
#2398 = AXIS2_PLACEMENT_3D ( 'NONE', #2135, #169, #2456 ) ;
#2399 = CARTESIAN_POINT ( 'NONE',  ( -4.526027172736506000, -5.400000000000000400, 4.665305781152056000 ) ) ;
#2400 = DIRECTION ( 'NONE',  ( 0.0000000000000000000, 1.000000000000000000, 0.0000000000000000000 ) ) ;
#2401 = STYLED_ITEM ( 'NONE', ( #3022 ), #2709 ) ;
#2402 =( NAMED_UNIT ( * ) SI_UNIT ( $, .STERADIAN. ) SOLID_ANGLE_UNIT ( ) );
#2403 = COLOUR_RGB ( '',0.7960784313725489700, 0.8235294117647058400, 0.9372549019607843100 ) ;
#2404 = AXIS2_PLACEMENT_3D ( 'NONE', #3406, #1484, #3707 ) ;
#2405 =( NAMED_UNIT ( * ) PLANE_ANGLE_UNIT ( ) SI_UNIT ( $, .RADIAN. ) );
#2406 = SURFACE_STYLE_FILL_AREA ( #2841 ) ;
#2407 = CARTESIAN_POINT ( 'NONE',  ( -2.300000000000000300, -12.50000000000000000, -0.05000000000000050900 ) ) ;
#2408 = DIRECTION ( 'NONE',  ( 0.0000000000000000000, 1.000000000000000000, 0.0000000000000000000 ) ) ;
#2409 = FACE_OUTER_BOUND ( 'NONE', #3329, .T. ) ;
#2410 = PRESENTATION_LAYER_ASSIGNMENT (  '', '', ( #2185 ) ) ;
#2411 =( NAMED_UNIT ( * ) PLANE_ANGLE_UNIT ( ) SI_UNIT ( $, .RADIAN. ) );
#2412 = EDGE_CURVE ( 'NONE', #732, #935, #2931, .T. ) ;
#2413 = ORIENTED_EDGE ( 'NONE', *, *, #1948, .T. ) ;
#2414 =( LENGTH_UNIT ( ) NAMED_UNIT ( * ) SI_UNIT ( .MILLI., .METRE. ) );
#2415 = ORIENTED_EDGE ( 'NONE', *, *, #2598, .T. ) ;
#2416 = CYLINDRICAL_SURFACE ( 'NONE', #620, 8.750000000000000000 ) ;
#2417 = DIRECTION ( 'NONE',  ( 1.000000000000000000, -0.0000000000000000000, 0.0000000000000000000 ) ) ;
#2418 = CARTESIAN_POINT ( 'NONE',  ( 0.0000000000000000000, -5.400000000000000400, 0.0000000000000000000 ) ) ;
#2419 =( NAMED_UNIT ( * ) PLANE_ANGLE_UNIT ( ) SI_UNIT ( $, .RADIAN. ) );
#2420 = CARTESIAN_POINT ( 'NONE',  ( -4.878524367060178300, -5.400000000000000400, -4.878524367060197900 ) ) ;
#2421 = FILL_AREA_STYLE_COLOUR ( '', #425 ) ;
#2422 = EDGE_CURVE ( 'NONE', #3505, #2817, #439, .T. ) ;
#2423 = DIRECTION ( 'NONE',  ( -1.000000000000000000, -9.912705577010326800E-017, 0.0000000000000000000 ) ) ;
#2424 = SURFACE_STYLE_USAGE ( .BOTH. , #2568 ) ;
#2425 = VERTEX_POINT ( 'NONE', #3847 ) ;
#2426 =( LENGTH_UNIT ( ) NAMED_UNIT ( * ) SI_UNIT ( .MILLI., .METRE. ) );
#2427 =( NAMED_UNIT ( * ) PLANE_ANGLE_UNIT ( ) SI_UNIT ( $, .RADIAN. ) );
#2428 = SURFACE_STYLE_USAGE ( .BOTH. , #2535 ) ;
#2429 =( LENGTH_UNIT ( ) NAMED_UNIT ( * ) SI_UNIT ( .MILLI., .METRE. ) );
#2430 = AXIS2_PLACEMENT_3D ( 'NONE', #2838, #2516, #2203 ) ;
#2431 = EDGE_LOOP ( 'NONE', ( #3791, #546 ) ) ;
#2432 =( LENGTH_UNIT ( ) NAMED_UNIT ( * ) SI_UNIT ( .MILLI., .METRE. ) );
#2433 =( NAMED_UNIT ( * ) SI_UNIT ( $, .STERADIAN. ) SOLID_ANGLE_UNIT ( ) );
#2434 = SURFACE_SIDE_STYLE ('',( #1769 ) ) ;
#2435 = DIRECTION ( 'NONE',  ( 0.0000000000000000000, 1.000000000000000000, 0.0000000000000000000 ) ) ;
#2436 = CIRCLE ( 'NONE', #670, 0.1000000000000002600 ) ;
#2437 = DIRECTION ( 'NONE',  ( -0.7071067811865519000, 0.0000000000000000000, 0.7071067811865431300 ) ) ;
#2438 = EDGE_CURVE ( 'NONE', #1539, #2494, #3033, .T. ) ;
#2439 = ORIENTED_EDGE ( 'NONE', *, *, #3053, .F. ) ;
#2440 = ORIENTED_EDGE ( 'NONE', *, *, #2956, .F. ) ;
#2441 = AXIS2_PLACEMENT_3D ( 'NONE', #3811, #3515, #3208 ) ;
#2442 = CARTESIAN_POINT ( 'NONE',  ( 1.096058885236878700E-015, -5.899999999999999500, 0.0000000000000000000 ) ) ;
#2443 = VERTEX_POINT ( 'NONE', #2941 ) ;
#2444 = SURFACE_STYLE_FILL_AREA ( #1143 ) ;
#2445 = PRESENTATION_LAYER_ASSIGNMENT (  '', '', ( #958 ) ) ;
#2446 = EDGE_CURVE ( 'NONE', #3826, #3738, #3659, .T. ) ;
#2447 = CARTESIAN_POINT ( 'NONE',  ( 0.0000000000000000000, 3.050000000000001200, 0.0000000000000000000 ) ) ;
#2448 =( NAMED_UNIT ( * ) SI_UNIT ( $, .STERADIAN. ) SOLID_ANGLE_UNIT ( ) );
#2449 = CARTESIAN_POINT ( 'NONE',  ( 0.0000000000000000000, -5.399999999999999500, 0.0000000000000000000 ) ) ;
#2450 = CARTESIAN_POINT ( 'NONE',  ( 0.0000000000000000000, -5.500000000000000900, 6.399999999999998600 ) ) ;
#2451 = DIRECTION ( 'NONE',  ( 0.0000000000000000000, 0.9701425001453319900, -0.2425356250363328000 ) ) ;
#2452 = DIRECTION ( 'NONE',  ( 0.0000000000000000000, 1.000000000000000000, 0.0000000000000000000 ) ) ;
#2453 = EDGE_CURVE ( 'NONE', #2307, #3505, #1222, .T. ) ;
#2454 = VERTEX_POINT ( 'NONE', #987 ) ;
#2455 = CARTESIAN_POINT ( 'NONE',  ( -2.300000000000000300, -9.000000000000001800, 0.6500000000000001300 ) ) ;
#2456 = DIRECTION ( 'NONE',  ( 0.0000000000000000000, 0.0000000000000000000, 1.000000000000000000 ) ) ;
#2457 = EDGE_CURVE ( 'NONE', #3019, #1218, #240, .T. ) ;
#2458 = CARTESIAN_POINT ( 'NONE',  ( -4.595658360009376300, -5.500000000000000900, -4.737079716246702400 ) ) ;
#2459 =( LENGTH_UNIT ( ) NAMED_UNIT ( * ) SI_UNIT ( .MILLI., .METRE. ) );
#2460 = CARTESIAN_POINT ( 'NONE',  ( 2.500000000000000900, -5.900000000000001200, 1.387778780781445900E-016 ) ) ;
#2461 = EDGE_CURVE ( 'NONE', #1341, #4124, #3567, .T. ) ;
#2462 = CARTESIAN_POINT ( 'NONE',  ( -9.674111796610443300, -4.832751564282758300, 1.850000000000000300 ) ) ;
#2463 = DIRECTION ( 'NONE',  ( 0.0000000000000000000, 0.0000000000000000000, 1.000000000000000000 ) ) ;
#2464 = CARTESIAN_POINT ( 'NONE',  ( -4.595658360009376300, -5.400000000000000400, -4.637079716246701900 ) ) ;
#2465 = AXIS2_PLACEMENT_3D ( 'NONE', #2442, #490, #2758 ) ;
#2466 = CIRCLE ( 'NONE', #2121, 0.5999999999999998700 ) ;
#2467 = FACE_OUTER_BOUND ( 'NONE', #4072, .T. ) ;
#2468 = MECHANICAL_DESIGN_GEOMETRIC_PRESENTATION_REPRESENTATION (  '', ( #2153 ), #1227 ) ;
#2469 = ORIENTED_EDGE ( 'NONE', *, *, #1880, .T. ) ;
#2470 = EDGE_CURVE ( 'NONE', #3363, #1926, #1970, .T. ) ;
#2471 = CIRCLE ( 'NONE', #226, 0.1000000000000002600 ) ;
#2472 = FILL_AREA_STYLE_COLOUR ( '', #3600 ) ;
#2473 = DIRECTION ( 'NONE',  ( -0.0000000000000000000, -1.000000000000000000, -0.0000000000000000000 ) ) ;
#2474 = COLOUR_RGB ( '',0.0000000000000000000, 0.3843137254901960500, 0.7215686274509803800 ) ;
#2475 = DIRECTION ( 'NONE',  ( 1.224646799147353200E-016, 0.0000000000000000000, 1.000000000000000000 ) ) ;
#2476 = ORIENTED_EDGE ( 'NONE', *, *, #1898, .T. ) ;
#2477 = PLANE ( 'NONE',  #3676 ) ;
#2478 = LINE ( 'NONE', #1187, #1609 ) ;
#2479 = CARTESIAN_POINT ( 'NONE',  ( 0.0000000000000000000, -5.299999999999999800, 6.600000000000000500 ) ) ;
#2480 = FACE_OUTER_BOUND ( 'NONE', #1572, .T. ) ;
#2481 = DIRECTION ( 'NONE',  ( 1.000000000000000000, 0.0000000000000000000, -0.0000000000000000000 ) ) ;
#2482 = DIRECTION ( 'NONE',  ( -2.899332425794748900E-016, 0.0000000000000000000, 1.000000000000000000 ) ) ;
#2483 =( NAMED_UNIT ( * ) SI_UNIT ( $, .STERADIAN. ) SOLID_ANGLE_UNIT ( ) );
#2484 = PRESENTATION_STYLE_ASSIGNMENT (( #2711 ) ) ;
#2485 = DIRECTION ( 'NONE',  ( 0.0000000000000000000, -1.000000000000000000, 0.0000000000000000000 ) ) ;
#2486 = DIRECTION ( 'NONE',  ( -1.000000000000000000, 0.0000000000000000000, 1.854226648766321400E-016 ) ) ;
#2487 = FACE_OUTER_BOUND ( 'NONE', #1533, .T. ) ;
#2488 = DIRECTION ( 'NONE',  ( 5.551115123125781500E-017, 0.0000000000000000000, -1.000000000000000000 ) ) ;
#2489 = VERTEX_POINT ( 'NONE', #2629 ) ;
#2490 = ORIENTED_EDGE ( 'NONE', *, *, #2744, .T. ) ;
#2491 = FILL_AREA_STYLE_COLOUR ( '', #2027 ) ;
#2492 = CARTESIAN_POINT ( 'NONE',  ( -8.749999999999998200, -5.900000000000000400, 0.0000000000000000000 ) ) ;
#2493 = AXIS2_PLACEMENT_3D ( 'NONE', #1531, #1867, #881 ) ;
#2494 = VERTEX_POINT ( 'NONE', #3585 ) ;
#2495 = DIRECTION ( 'NONE',  ( 0.0000000000000000000, 1.000000000000000000, 0.0000000000000000000 ) ) ;
#2496 = ORIENTED_EDGE ( 'NONE', *, *, #1587, .T. ) ;
#2497 =( NAMED_UNIT ( * ) SI_UNIT ( $, .STERADIAN. ) SOLID_ANGLE_UNIT ( ) );
#2498 = AXIS2_PLACEMENT_3D ( 'NONE', #3821, #1938, #4104 ) ;
#2499 = DIRECTION ( 'NONE',  ( 0.0000000000000000000, 0.0000000000000000000, -1.000000000000000000 ) ) ;
#2500 = SURFACE_STYLE_FILL_AREA ( #434 ) ;
#2501 = AXIS2_PLACEMENT_3D ( 'NONE', #3070, #1131, #3392 ) ;
#2502 = CARTESIAN_POINT ( 'NONE',  ( 2.700000000000000200, -4.500000000000001800, 0.6500000000000000200 ) ) ;
#2503 = ADVANCED_FACE ( 'NONE', ( #120 ), #1471, .T. ) ;
#2504 = AXIS2_PLACEMENT_3D ( 'NONE', #2523, #575, #2846 ) ;
#2505 = EDGE_CURVE ( 'NONE', #3365, #2929, #2323, .T. ) ;
#2506 = DIRECTION ( 'NONE',  ( 0.0000000000000000000, -1.000000000000000000, 0.0000000000000000000 ) ) ;
#2507 = DIRECTION ( 'NONE',  ( -1.000000000000000000, 0.0000000000000000000, 0.0000000000000000000 ) ) ;
#2508 = COLOUR_RGB ( '',1.000000000000000000, 1.000000000000000000, 1.000000000000000000 ) ;
#2509 = ORIENTED_EDGE ( 'NONE', *, *, #2175, .F. ) ;
#2510 = CARTESIAN_POINT ( 'NONE',  ( -2.299999999999998500, -4.900000000000001200, 0.6999999999999998400 ) ) ;
#2511 = DIRECTION ( 'NONE',  ( 0.7071067811865493500, 0.0000000000000000000, 0.7071067811865456900 ) ) ;
#2512 = EDGE_CURVE ( 'NONE', #3019, #60, #3976, .T. ) ;
#2513 = CARTESIAN_POINT ( 'NONE',  ( -2.234316382398229300, -5.111091909341223700, 0.6499999999999996900 ) ) ;
#2514 = DIRECTION ( 'NONE',  ( -0.7071067811865432400, 0.0000000000000000000, 0.7071067811865519000 ) ) ;
#2515 = UNCERTAINTY_MEASURE_WITH_UNIT (LENGTH_MEASURE( 1.000000000000000100E-005 ), #2751, 'distance_accuracy_value', 'NONE');
#2516 = DIRECTION ( 'NONE',  ( 0.7071067811865432400, 0.0000000000000000000, -0.7071067811865519000 ) ) ;
#2517 = VERTEX_POINT ( 'NONE', #378 ) ;
#2518 = LINE ( 'NONE', #3379, #3255 ) ;
#2519 = DIRECTION ( 'NONE',  ( 0.0000000000000000000, 1.000000000000000000, -0.0000000000000000000 ) ) ;
#2520 = APPLICATION_CONTEXT ( 'automotive_design' ) ;
#2521 = EDGE_CURVE ( 'NONE', #4124, #3501, #3079, .T. ) ;
#2522 = LINE ( 'NONE', #2832, #3256 ) ;
#2523 = CARTESIAN_POINT ( 'NONE',  ( 0.0000000000000000000, -5.299999999999999800, 0.0000000000000000000 ) ) ;
#2524 = LINE ( 'NONE', #1565, #3361 ) ;
#2525 = EDGE_LOOP ( 'NONE', ( #535, #268, #3120, #662 ) ) ;
#2526 = ORIENTED_EDGE ( 'NONE', *, *, #1016, .T. ) ;
#2527 = AXIS2_PLACEMENT_3D ( 'NONE', #789, #3054, #1116 ) ;
#2528 = SURFACE_STYLE_USAGE ( .BOTH. , #242 ) ;
#2529 = UNCERTAINTY_MEASURE_WITH_UNIT (LENGTH_MEASURE( 1.000000000000000100E-005 ), #3468, 'distance_accuracy_value', 'NONE');
#2530 = DIRECTION ( 'NONE',  ( 0.0000000000000000000, 1.000000000000000000, -0.0000000000000000000 ) ) ;
#2531 = AXIS2_PLACEMENT_3D ( 'NONE', #649, #2904, #960 ) ;
#2532 = COLOUR_RGB ( '',0.7960784313725489700, 0.8235294117647058400, 0.9372549019607843100 ) ;
#2533 = EDGE_CURVE ( 'NONE', #2603, #2817, #699, .T. ) ;
#2534 = COLOUR_RGB ( '',0.7960784313725489700, 0.8235294117647058400, 0.9372549019607843100 ) ;
#2535 = SURFACE_SIDE_STYLE ('',( #1168 ) ) ;
#2536 = VERTEX_POINT ( 'NONE', #2672 ) ;
#2537 = EDGE_CURVE ( 'NONE', #2307, #2603, #493, .T. ) ;
#2538 = CARTESIAN_POINT ( 'NONE',  ( -9.469222269053037900, -4.900000000000001200, 1.850000000000000300 ) ) ;
#2539 = CARTESIAN_POINT ( 'NONE',  ( -8.082668874372532000E-016, -5.299999999999999800, -6.600000000000000500 ) ) ;
#2540 = DIRECTION ( 'NONE',  ( 0.0000000000000000000, -1.000000000000000000, 0.0000000000000000000 ) ) ;
#2541 = VERTEX_POINT ( 'NONE', #2990 ) ;
#2542 = EDGE_CURVE ( 'NONE', #1249, #1620, #3183, .T. ) ;
#2543 = CARTESIAN_POINT ( 'NONE',  ( -4.949235045178833800, -5.500000000000000900, 4.807813688941543300 ) ) ;
#2544 = ORIENTED_EDGE ( 'NONE', *, *, #1627, .T. ) ;
#2545 = SPHERICAL_SURFACE ( 'NONE', #3994, 0.1000000000000000100 ) ;
#2546 = ORIENTED_EDGE ( 'NONE', *, *, #2512, .F. ) ;
#2547 = EDGE_LOOP ( 'NONE', ( #2796, #868, #3150, #3844 ) ) ;
#2548 = ORIENTED_EDGE ( 'NONE', *, *, #2438, .T. ) ;
#2549 = AXIS2_PLACEMENT_3D ( 'NONE', #2103, #134, #2423 ) ;
#2550 = PRESENTATION_STYLE_ASSIGNMENT (( #1174 ) ) ;
#2551 = DIRECTION ( 'NONE',  ( 5.551115123125781500E-017, 0.0000000000000000000, -1.000000000000000000 ) ) ;
#2552 = AXIS2_PLACEMENT_3D ( 'NONE', #3541, #1619, #3834 ) ;
#2553 = CARTESIAN_POINT ( 'NONE',  ( -2.300000000000000300, -12.15000000000000000, 0.04999999999999955900 ) ) ;
#2554 = EDGE_CURVE ( 'NONE', #4124, #3949, #1365, .T. ) ;
#2555 = CIRCLE ( 'NONE', #3962, 7.000000000000001800 ) ;
#2556 = AXIS2_PLACEMENT_3D ( 'NONE', #316, #2595, #654 ) ;
#2557 = ADVANCED_FACE ( 'NONE', ( #3710 ), #1832, .T. ) ;
#2558 = SURFACE_SIDE_STYLE ('',( #3215 ) ) ;
#2559 = DIRECTION ( 'NONE',  ( -0.0000000000000000000, -1.000000000000000000, -0.0000000000000000000 ) ) ;
#2560 = CIRCLE ( 'NONE', #2285, 0.5999999999999998700 ) ;
#2561 = SURFACE_STYLE_FILL_AREA ( #1731 ) ;
#2562 = ORIENTED_EDGE ( 'NONE', *, *, #2101, .F. ) ;
#2563 = UNCERTAINTY_MEASURE_WITH_UNIT (LENGTH_MEASURE( 1.000000000000000100E-005 ), #1894, 'distance_accuracy_value', 'NONE');
#2564 = AXIS2_PLACEMENT_3D ( 'NONE', #1920, #939, #299 ) ;
#2565 = CIRCLE ( 'NONE', #4040, 6.500000000000000900 ) ;
#2566 = COLOUR_RGB ( '',0.7960784313725489700, 0.8235294117647058400, 0.9372549019607843100 ) ;
#2567 =( GEOMETRIC_REPRESENTATION_CONTEXT ( 3 ) GLOBAL_UNCERTAINTY_ASSIGNED_CONTEXT ( ( #2217 ) ) GLOBAL_UNIT_ASSIGNED_CONTEXT ( ( #2432, #482, #2750 ) ) REPRESENTATION_CONTEXT ( 'NONE', 'WORKASPACE' ) );
#2568 = SURFACE_SIDE_STYLE ('',( #2781 ) ) ;
#2569 = EDGE_CURVE ( 'NONE', #1074, #1613, #62, .T. ) ;
#2570 = SURFACE_STYLE_FILL_AREA ( #1144 ) ;
#2571 = ORIENTED_EDGE ( 'NONE', *, *, #3262, .T. ) ;
#2572 = VECTOR ( 'NONE', #2482, 1000.000000000000000 ) ;
#2573 = UNCERTAINTY_MEASURE_WITH_UNIT (LENGTH_MEASURE( 1.000000000000000100E-005 ), #817, 'distance_accuracy_value', 'NONE');
#2574 = PRESENTATION_LAYER_ASSIGNMENT (  '', '', ( #2153 ) ) ;
#2575 = CARTESIAN_POINT ( 'NONE',  ( -4.807813688941523700, -5.400000000000000400, -4.949235045178851600 ) ) ;
#2576 = EDGE_CURVE ( 'NONE', #2648, #1341, #945, .T. ) ;
#2577 = ORIENTED_EDGE ( 'NONE', *, *, #2040, .F. ) ;
#2578 = FILL_AREA_STYLE_COLOUR ( '', #3644 ) ;
#2579 = VECTOR ( 'NONE', #2684, 1000.000000000000000 ) ;
#2580 = ORIENTED_EDGE ( 'NONE', *, *, #3175, .T. ) ;
#2581 = TOROIDAL_SURFACE ( 'NONE', #964, 9.799999999999998900, 0.5999999999999999800 ) ;
#2582 = DIRECTION ( 'NONE',  ( 0.0000000000000000000, 0.0000000000000000000, -1.000000000000000000 ) ) ;
#2583 = EDGE_CURVE ( 'NONE', #609, #1541, #3436, .T. ) ;
#2584 = FILL_AREA_STYLE ('',( #2593 ) ) ;
#2585 = EDGE_LOOP ( 'NONE', ( #3974, #2902, #3343, #3682 ) ) ;
#2586 = EDGE_LOOP ( 'NONE', ( #1106, #559, #2289, #3230 ) ) ;
#2587 = DIRECTION ( 'NONE',  ( -0.0000000000000000000, -0.0000000000000000000, -1.000000000000000000 ) ) ;
#2588 = ORIENTED_EDGE ( 'NONE', *, *, #1423, .F. ) ;
#2589 = SURFACE_STYLE_FILL_AREA ( #3433 ) ;
#2590 = FILL_AREA_STYLE ('',( #1616 ) ) ;
#2591 = DIRECTION ( 'NONE',  ( -0.0000000000000000000, 1.000000000000000000, -0.0000000000000000000 ) ) ;
#2592 =( GEOMETRIC_REPRESENTATION_CONTEXT ( 3 ) GLOBAL_UNCERTAINTY_ASSIGNED_CONTEXT ( ( #4107 ) ) GLOBAL_UNIT_ASSIGNED_CONTEXT ( ( #2091, #116, #2402 ) ) REPRESENTATION_CONTEXT ( 'NONE', 'WORKASPACE' ) );
#2593 = FILL_AREA_STYLE_COLOUR ( '', #1466 ) ;
#2594 = ADVANCED_FACE ( 'NONE', ( #852 ), #1315, .T. ) ;
#2595 = DIRECTION ( 'NONE',  ( -0.7177393509464702300, 0.0000000000000000000, -0.6963118727286932200 ) ) ;
#2596 = UNCERTAINTY_MEASURE_WITH_UNIT (LENGTH_MEASURE( 1.000000000000000100E-005 ), #1017, 'distance_accuracy_value', 'NONE');
#2597 = AXIS2_PLACEMENT_3D ( 'NONE', #3062, #1122, #3383 ) ;
#2598 = EDGE_CURVE ( 'NONE', #2639, #1209, #555, .T. ) ;
#2599 = CARTESIAN_POINT ( 'NONE',  ( -4.807813688941523700, -5.400000000000000400, -4.949235045178851600 ) ) ;
#2600 =( NAMED_UNIT ( * ) SI_UNIT ( $, .STERADIAN. ) SOLID_ANGLE_UNIT ( ) );
#2601 = EDGE_CURVE ( 'NONE', #382, #276, #3838, .T. ) ;
#2602 = CARTESIAN_POINT ( 'NONE',  ( -2.749999999999998700, -5.900000000000001200, 0.6999999999999999600 ) ) ;
#2603 = VERTEX_POINT ( 'NONE', #2724 ) ;
#2604 = FILL_AREA_STYLE ('',( #1653 ) ) ;
#2605 = DIRECTION ( 'NONE',  ( 0.0000000000000000000, 1.000000000000000000, -0.0000000000000000000 ) ) ;
#2606 = TOROIDAL_SURFACE ( 'NONE', #507, 6.599999999999998800, 0.1000000000000000100 ) ;
#2607 = CARTESIAN_POINT ( 'NONE',  ( 2.500000000000000400, -5.500000000000000900, 1.700000000000000800 ) ) ;
#2608 = EDGE_CURVE ( 'NONE', #4115, #2201, #2070, .T. ) ;
#2609 = PRESENTATION_STYLE_ASSIGNMENT (( #2934 ) ) ;
#2610 = VERTEX_POINT ( 'NONE', #1108 ) ;
#2611 = ADVANCED_FACE ( 'NONE', ( #2191 ), #3376, .F. ) ;
#2612 = VECTOR ( 'NONE', #2304, 1000.000000000000000 ) ;
#2613 = ORIENTED_EDGE ( 'NONE', *, *, #1285, .T. ) ;
#2614 = CIRCLE ( 'NONE', #1298, 1.625000000000000700 ) ;
#2615 = MECHANICAL_DESIGN_GEOMETRIC_PRESENTATION_REPRESENTATION (  '', ( #2675 ), #2592 ) ;
#2616 = SURFACE_STYLE_FILL_AREA ( #1068 ) ;
#2617 = DIRECTION ( 'NONE',  ( -1.000000000000000000, -0.0000000000000000000, -0.0000000000000000000 ) ) ;
#2618 = AXIS2_PLACEMENT_3D ( 'NONE', #1397, #3629, #1713 ) ;
#2619 = CARTESIAN_POINT ( 'NONE',  ( -2.749999999999998700, -4.900000000000001200, 0.6999999999999999600 ) ) ;
#2620 = EDGE_CURVE ( 'NONE', #1220, #646, #9, .T. ) ;
#2621 = TOROIDAL_SURFACE ( 'NONE', #314, 9.799999999999998900, 0.5999999999999999800 ) ;
#2622 = PRESENTATION_LAYER_ASSIGNMENT (  '', '', ( #2675 ) ) ;
#2623 = CARTESIAN_POINT ( 'NONE',  ( -2.300000000000000300, -12.15000000000000000, 0.3999999999999996300 ) ) ;
#2624 = ADVANCED_FACE ( 'NONE', ( #1658 ), #1788, .F. ) ;
#2625 = SURFACE_STYLE_USAGE ( .BOTH. , #347 ) ;
#2626 = AXIS2_PLACEMENT_3D ( 'NONE', #388, #1686, #58 ) ;
#2627 = EDGE_CURVE ( 'NONE', #1209, #104, #1363, .T. ) ;
#2628 = PRESENTATION_STYLE_ASSIGNMENT (( #700 ) ) ;
#2629 = CARTESIAN_POINT ( 'NONE',  ( -2.300000000000000300, -12.15000000000000000, -0.4000000000000006300 ) ) ;
#2630 = ORIENTED_EDGE ( 'NONE', *, *, #1357, .F. ) ;
#2631 = UNCERTAINTY_MEASURE_WITH_UNIT (LENGTH_MEASURE( 1.000000000000000100E-005 ), #3614, 'distance_accuracy_value', 'NONE');
#2632 = ORIENTED_EDGE ( 'NONE', *, *, #1737, .F. ) ;
#2633 = ORIENTED_EDGE ( 'NONE', *, *, #3275, .F. ) ;
#2634 = EDGE_CURVE ( 'NONE', #1613, #90, #3878, .T. ) ;
#2635 = ADVANCED_FACE ( 'NONE', ( #2129 ), #2671, .F. ) ;
#2636 = PRESENTATION_STYLE_ASSIGNMENT (( #1966 ) ) ;
#2637 = DIRECTION ( 'NONE',  ( 0.0000000000000000000, 1.000000000000000000, 1.951563910473908200E-016 ) ) ;
#2638 =( NAMED_UNIT ( * ) SI_UNIT ( $, .STERADIAN. ) SOLID_ANGLE_UNIT ( ) );
#2639 = VERTEX_POINT ( 'NONE', #500 ) ;
#2640 = TOROIDAL_SURFACE ( 'NONE', #3221, 0.2000000000000000100, 0.1000000000000000100 ) ;
#2641 = SURFACE_SIDE_STYLE ('',( #3484 ) ) ;
#2642 = SURFACE_STYLE_USAGE ( .BOTH. , #362 ) ;
#2643 = AXIS2_PLACEMENT_3D ( 'NONE', #208, #2514, #2165 ) ;
#2644 = COLOUR_RGB ( '',0.0000000000000000000, 0.3843137254901960500, 0.7215686274509803800 ) ;
#2645 = AXIS2_PLACEMENT_3D ( 'NONE', #858, #876, #2511 ) ;
#2646 = EDGE_CURVE ( 'NONE', #588, #1255, #984, .T. ) ;
#2647 = FACE_OUTER_BOUND ( 'NONE', #1884, .T. ) ;
#2648 = VERTEX_POINT ( 'NONE', #519 ) ;
#2649 = DIRECTION ( 'NONE',  ( 0.0000000000000000000, 0.0000000000000000000, 1.000000000000000000 ) ) ;
#2650 = DIRECTION ( 'NONE',  ( 0.0000000000000000000, 0.0000000000000000000, 1.000000000000000000 ) ) ;
#2651 =( NAMED_UNIT ( * ) PLANE_ANGLE_UNIT ( ) SI_UNIT ( $, .RADIAN. ) );
#2652 = AXIS2_PLACEMENT_3D ( 'NONE', #3413, #1492, #3712 ) ;
#2653 = DIRECTION ( 'NONE',  ( 0.0000000000000000000, 1.000000000000000000, 0.0000000000000000000 ) ) ;
#2654 = DIRECTION ( 'NONE',  ( 0.0000000000000000000, 1.000000000000000000, 0.0000000000000000000 ) ) ;
#2655 = ORIENTED_EDGE ( 'NONE', *, *, #3163, .T. ) ;
#2656 = CARTESIAN_POINT ( 'NONE',  ( 2.700000000000000200, -3.900000000000001700, -0.6500000000000000200 ) ) ;
#2657 = FILL_AREA_STYLE_COLOUR ( '', #349 ) ;
#2658 = DIRECTION ( 'NONE',  ( -0.0000000000000000000, -1.000000000000000000, -0.0000000000000000000 ) ) ;
#2659 = EDGE_CURVE ( 'NONE', #3709, #90, #941, .T. ) ;
#2660 = PRESENTATION_STYLE_ASSIGNMENT (( #3784 ) ) ;
#2661 = CIRCLE ( 'NONE', #2208, 10.40000000000000000 ) ;
#2662 = LINE ( 'NONE', #2043, #3417 ) ;
#2663 = VERTEX_POINT ( 'NONE', #201 ) ;
#2664 = DIRECTION ( 'NONE',  ( 0.0000000000000000000, -1.000000000000000000, 0.0000000000000000000 ) ) ;
#2665 = CARTESIAN_POINT ( 'NONE',  ( 0.0000000000000000000, -5.400000000000000400, 0.0000000000000000000 ) ) ;
#2666 = VECTOR ( 'NONE', #1949, 1000.000000000000000 ) ;
#2667 =( NAMED_UNIT ( * ) PLANE_ANGLE_UNIT ( ) SI_UNIT ( $, .RADIAN. ) );
#2668 = VECTOR ( 'NONE', #4028, 999.9999999999998900 ) ;
#2669 = EDGE_CURVE ( 'NONE', #2009, #3011, #1823, .T. ) ;
#2670 = EDGE_LOOP ( 'NONE', ( #3590, #3964, #3354, #3704 ) ) ;
#2671 = TOROIDAL_SURFACE ( 'NONE', #2210, 6.599999999999998800, 0.1000000000000000100 ) ;
#2672 = CARTESIAN_POINT ( 'NONE',  ( 2.500000000000000900, -4.900000000000001200, -1.625000000000000400 ) ) ;
#2673 = EDGE_CURVE ( 'NONE', #2379, #2739, #3427, .T. ) ;
#2674 = DIRECTION ( 'NONE',  ( -0.0000000000000000000, -0.0000000000000000000, 1.000000000000000000 ) ) ;
#2675 = STYLED_ITEM ( 'NONE', ( #3172 ), #1806 ) ;
#2676 = SURFACE_STYLE_FILL_AREA ( #1618 ) ;
#2677 =( GEOMETRIC_REPRESENTATION_CONTEXT ( 3 ) GLOBAL_UNCERTAINTY_ASSIGNED_CONTEXT ( ( #3729 ) ) GLOBAL_UNIT_ASSIGNED_CONTEXT ( ( #2045, #78, #2367 ) ) REPRESENTATION_CONTEXT ( 'NONE', 'WORKASPACE' ) );
#2678 = PLANE ( 'NONE',  #190 ) ;
#2679 = ORIENTED_EDGE ( 'NONE', *, *, #2338, .F. ) ;
#2680 = DIRECTION ( 'NONE',  ( 0.0000000000000000000, -1.000000000000000000, -1.951563910473908200E-016 ) ) ;
#2681 = DIRECTION ( 'NONE',  ( -0.0000000000000000000, 1.000000000000000000, -0.0000000000000000000 ) ) ;
#2682 = ORIENTED_EDGE ( 'NONE', *, *, #2352, .T. ) ;
#2683 = VERTEX_POINT ( 'NONE', #2804 ) ;
#2684 = DIRECTION ( 'NONE',  ( -2.899332425794748900E-016, 0.0000000000000000000, 1.000000000000000000 ) ) ;
#2685 = SURFACE_SIDE_STYLE ('',( #3099 ) ) ;
#2686 = SURFACE_STYLE_FILL_AREA ( #3935 ) ;
#2687 = VERTEX_POINT ( 'NONE', #3739 ) ;
#2688 =( LENGTH_UNIT ( ) NAMED_UNIT ( * ) SI_UNIT ( .MILLI., .METRE. ) );
#2689 = EDGE_CURVE ( 'NONE', #3363, #3030, #2478, .T. ) ;
#2690 = UNCERTAINTY_MEASURE_WITH_UNIT (LENGTH_MEASURE( 1.000000000000000100E-005 ), #1306, 'distance_accuracy_value', 'NONE');
#2691 = CARTESIAN_POINT ( 'NONE',  ( -8.300000000000002500, -10.00000000000000000, -0.4000000000000001900 ) ) ;
#2692 = CARTESIAN_POINT ( 'NONE',  ( -4.456395985463637500, -5.400000000000000400, -4.593531846057407700 ) ) ;
#2693 = CARTESIAN_POINT ( 'NONE',  ( -2.700000000000000600, -5.500000000000000900, 0.6500000000000001300 ) ) ;
#2694 =( NAMED_UNIT ( * ) PLANE_ANGLE_UNIT ( ) SI_UNIT ( $, .RADIAN. ) );
#2695 = FACE_OUTER_BOUND ( 'NONE', #3184, .T. ) ;
#2696 = UNCERTAINTY_MEASURE_WITH_UNIT (LENGTH_MEASURE( 1.000000000000000100E-005 ), #1048, 'distance_accuracy_value', 'NONE');
#2697 = SURFACE_SIDE_STYLE ('',( #2801 ) ) ;
#2698 = ADVANCED_FACE ( 'NONE', ( #1705, #3316 ), #552, .T. ) ;
#2699 = UNCERTAINTY_MEASURE_WITH_UNIT (LENGTH_MEASURE( 1.000000000000000100E-005 ), #517, 'distance_accuracy_value', 'NONE');
#2700 = PRESENTATION_LAYER_ASSIGNMENT (  '', '', ( #4081 ) ) ;
#2701 = CARTESIAN_POINT ( 'NONE',  ( 0.0000000000000000000, -5.999999999999999100, 0.0000000000000000000 ) ) ;
#2702 = MECHANICAL_DESIGN_GEOMETRIC_PRESENTATION_REPRESENTATION (  '', ( #2185 ), #1751 ) ;
#2703 = AXIS2_PLACEMENT_3D ( 'NONE', #230, #1877, #1239 ) ;
#2704 =( NAMED_UNIT ( * ) SI_UNIT ( $, .STERADIAN. ) SOLID_ANGLE_UNIT ( ) );
#2705 =( NAMED_UNIT ( * ) SI_UNIT ( $, .STERADIAN. ) SOLID_ANGLE_UNIT ( ) );
#2706 = AXIS2_PLACEMENT_3D ( 'NONE', #3001, #1058, #3321 ) ;
#2707 = CARTESIAN_POINT ( 'NONE',  ( 8.300000000000000700, -10.00000000000000200, -0.3999999999999999700 ) ) ;
#2708 = EDGE_CURVE ( 'NONE', #721, #4123, #427, .T. ) ;
#2709 = ADVANCED_FACE ( 'NONE', ( #2920 ), #1757, .F. ) ;
#2710 = PRESENTATION_STYLE_ASSIGNMENT (( #3229 ) ) ;
#2711 = SURFACE_STYLE_USAGE ( .BOTH. , #433 ) ;
#2712 = SURFACE_SIDE_STYLE ('',( #2500 ) ) ;
#2713 =( NAMED_UNIT ( * ) SI_UNIT ( $, .STERADIAN. ) SOLID_ANGLE_UNIT ( ) );
#2714 = CIRCLE ( 'NONE', #1194, 7.000000000000001800 ) ;
#2715 = ORIENTED_EDGE ( 'NONE', *, *, #3024, .T. ) ;
#2716 = EDGE_CURVE ( 'NONE', #2536, #3030, #2614, .T. ) ;
#2717 =( NAMED_UNIT ( * ) PLANE_ANGLE_UNIT ( ) SI_UNIT ( $, .RADIAN. ) );
#2718 = STYLED_ITEM ( 'NONE', ( #514 ), #4068 ) ;
#2719 = DIRECTION ( 'NONE',  ( 1.000000000000000000, -0.0000000000000000000, -0.0000000000000000000 ) ) ;
#2720 = SPHERICAL_SURFACE ( 'NONE', #56, 0.1000000000000000100 ) ;
#2721 = DIRECTION ( 'NONE',  ( -0.0000000000000000000, 1.000000000000000000, -0.0000000000000000000 ) ) ;
#2722 =( NAMED_UNIT ( * ) SI_UNIT ( $, .STERADIAN. ) SOLID_ANGLE_UNIT ( ) );
#2723 = DIRECTION ( 'NONE',  ( 0.0000000000000000000, 1.000000000000000000, -1.505836350674312200E-016 ) ) ;
#2724 = CARTESIAN_POINT ( 'NONE',  ( 2.250000000000001300, -4.500000000000000000, -0.6999999999999999600 ) ) ;
#2725 = SURFACE_SIDE_STYLE ('',( #2204 ) ) ;
#2726 = DIRECTION ( 'NONE',  ( 0.7071067811865432400, 0.0000000000000000000, 0.7071067811865519000 ) ) ;
#2727 = EDGE_CURVE ( 'NONE', #1926, #3363, #981, .T. ) ;
#2728 = FILL_AREA_STYLE ('',( #2088 ) ) ;
#2729 = VECTOR ( 'NONE', #685, 1000.000000000000000 ) ;
#2730 = AXIS2_PLACEMENT_3D ( 'NONE', #2553, #601, #2872 ) ;
#2731 = ORIENTED_EDGE ( 'NONE', *, *, #3303, .T. ) ;
#2732 = STYLED_ITEM ( 'NONE', ( #491 ), #2635 ) ;
#2733 =( LENGTH_UNIT ( ) NAMED_UNIT ( * ) SI_UNIT ( .MILLI., .METRE. ) );
#2734 = EDGE_CURVE ( 'NONE', #3225, #633, #3476, .T. ) ;
#2735 = FACE_OUTER_BOUND ( 'NONE', #909, .T. ) ;
#2736 = FILL_AREA_STYLE_COLOUR ( '', #3570 ) ;
#2737 = EDGE_LOOP ( 'NONE', ( #1752, #2715, #3471, #3832 ) ) ;
#2738 =( NAMED_UNIT ( * ) SI_UNIT ( $, .STERADIAN. ) SOLID_ANGLE_UNIT ( ) );
#2739 = VERTEX_POINT ( 'NONE', #109 ) ;
#2740 = CARTESIAN_POINT ( 'NONE',  ( -9.676947118008213200, -5.151866350330133000, 1.850000000000000500 ) ) ;
#2741 = COLOUR_RGB ( '',1.000000000000000000, 1.000000000000000000, 1.000000000000000000 ) ;
#2742 = FILL_AREA_STYLE ('',( #467 ) ) ;
#2743 = CARTESIAN_POINT ( 'NONE',  ( -4.807813688941523700, -5.400000000000000400, -4.949235045178851600 ) ) ;
#2744 = EDGE_CURVE ( 'NONE', #2201, #3934, #110, .T. ) ;
#2745 = STYLED_ITEM ( 'NONE', ( #450 ), #1765 ) ;
#2746 = EDGE_CURVE ( 'NONE', #2687, #4115, #899, .T. ) ;
#2747 = CARTESIAN_POINT ( 'NONE',  ( -4.450000000000000200, -5.900000000000001200, -0.8999999999999999100 ) ) ;
#2748 =( NAMED_UNIT ( * ) SI_UNIT ( $, .STERADIAN. ) SOLID_ANGLE_UNIT ( ) );
#2749 =( NAMED_UNIT ( * ) SI_UNIT ( $, .STERADIAN. ) SOLID_ANGLE_UNIT ( ) );
#2750 =( NAMED_UNIT ( * ) SI_UNIT ( $, .STERADIAN. ) SOLID_ANGLE_UNIT ( ) );
#2751 =( LENGTH_UNIT ( ) NAMED_UNIT ( * ) SI_UNIT ( .MILLI., .METRE. ) );
#2752 = PLANE ( 'NONE',  #4016 ) ;
#2753 = AXIS2_PLACEMENT_3D ( 'NONE', #1264, #3507, #1588 ) ;
#2754 = CARTESIAN_POINT ( 'NONE',  ( 8.750000000000001800, -5.899999999999998600, 1.071565949253934100E-015 ) ) ;
#2755 = ORIENTED_EDGE ( 'NONE', *, *, #2798, .F. ) ;
#2756 =( GEOMETRIC_REPRESENTATION_CONTEXT ( 3 ) GLOBAL_UNCERTAINTY_ASSIGNED_CONTEXT ( ( #748 ) ) GLOBAL_UNIT_ASSIGNED_CONTEXT ( ( #2125, #154, #2448 ) ) REPRESENTATION_CONTEXT ( 'NONE', 'WORKASPACE' ) );
#2757 = EDGE_CURVE ( 'NONE', #3038, #2639, #3367, .T. ) ;
#2758 = DIRECTION ( 'NONE',  ( -1.000000000000000000, -9.912705577010326800E-017, 0.0000000000000000000 ) ) ;
#2759 = ORIENTED_EDGE ( 'NONE', *, *, #1764, .T. ) ;
#2760 = FACE_OUTER_BOUND ( 'NONE', #1878, .T. ) ;
#2761 =( GEOMETRIC_REPRESENTATION_CONTEXT ( 3 ) GLOBAL_UNCERTAINTY_ASSIGNED_CONTEXT ( ( #1513 ) ) GLOBAL_UNIT_ASSIGNED_CONTEXT ( ( #578, #2849, #903 ) ) REPRESENTATION_CONTEXT ( 'NONE', 'WORKASPACE' ) );
#2762 = LINE ( 'NONE', #579, #162 ) ;
#2763 = DIRECTION ( 'NONE',  ( 0.0000000000000000000, 0.0000000000000000000, -1.000000000000000000 ) ) ;
#2764 = LINE ( 'NONE', #511, #1811 ) ;
#2765 = STYLED_ITEM ( 'NONE', ( #3398 ), #3610 ) ;
#2766 = CARTESIAN_POINT ( 'NONE',  ( -6.000000000000000000, -5.300000000000001600, -1.850000000000001200 ) ) ;
#2767 = ORIENTED_EDGE ( 'NONE', *, *, #1034, .T. ) ;
#2768 = FILL_AREA_STYLE ('',( #1802 ) ) ;
#2769 = PRESENTATION_STYLE_ASSIGNMENT (( #1853 ) ) ;
#2770 = DIRECTION ( 'NONE',  ( 1.000000000000000000, -0.0000000000000000000, -0.0000000000000000000 ) ) ;
#2771 = VECTOR ( 'NONE', #3823, 1000.000000000000000 ) ;
#2772 = LINE ( 'NONE', #2802, #3422 ) ;
#2773 = CARTESIAN_POINT ( 'NONE',  ( 0.0000000000000000000, -5.400000000000000400, 0.0000000000000000000 ) ) ;
#2774 = CARTESIAN_POINT ( 'NONE',  ( -2.299999999999999400, -7.185739087062381200, -1.275000000000000600 ) ) ;
#2775 = ORIENTED_EDGE ( 'NONE', *, *, #3349, .F. ) ;
#2776 = AXIS2_PLACEMENT_3D ( 'NONE', #886, #3780, #1888 ) ;
#2777 = EDGE_CURVE ( 'NONE', #1026, #1805, #2940, .T. ) ;
#2778 = ADVANCED_FACE ( 'NONE', ( #4055 ), #2122, .T. ) ;
#2779 = CARTESIAN_POINT ( 'NONE',  ( 0.0000000000000000000, -5.500000000000000900, 0.0000000000000000000 ) ) ;
#2780 = CARTESIAN_POINT ( 'NONE',  ( 1.053196247266723700E-015, 0.1293752051230246100, 8.599999999999999600 ) ) ;
#2781 = SURFACE_STYLE_FILL_AREA ( #2584 ) ;
#2782 = ORIENTED_EDGE ( 'NONE', *, *, #2175, .T. ) ;
#2783 = CARTESIAN_POINT ( 'NONE',  ( -4.737079716246686400, -5.500000000000000900, -4.595658360009393200 ) ) ;
#2784 = DIRECTION ( 'NONE',  ( 0.0000000000000000000, 0.0000000000000000000, 1.000000000000000000 ) ) ;
#2785 = CARTESIAN_POINT ( 'NONE',  ( -4.807813688941523700, -5.400000000000000400, 4.949235045178852500 ) ) ;
#2786 = AXIS2_PLACEMENT_3D ( 'NONE', #783, #487, #468 ) ;
#2787 = CARTESIAN_POINT ( 'NONE',  ( -9.672916788056541600, -4.698254692900326800, 1.850000000000000300 ) ) ;
#2788 = CARTESIAN_POINT ( 'NONE',  ( -9.472778987546679000, -5.300000000000001600, -1.850000000000001200 ) ) ;
#2789 = CARTESIAN_POINT ( 'NONE',  ( 1.004210375300829500E-015, -5.899999999999999500, 8.199999999999999300 ) ) ;
#2790 = MECHANICAL_DESIGN_GEOMETRIC_PRESENTATION_REPRESENTATION (  '', ( #3404 ), #2898 ) ;
#2791 = EDGE_CURVE ( 'NONE', #399, #2610, #2967, .T. ) ;
#2792 = ORIENTED_EDGE ( 'NONE', *, *, #2338, .T. ) ;
#2793 = ORIENTED_EDGE ( 'NONE', *, *, #1277, .T. ) ;
#2794 = MECHANICAL_DESIGN_GEOMETRIC_PRESENTATION_REPRESENTATION (  '', ( #2844 ), #2761 ) ;
#2795 = DIRECTION ( 'NONE',  ( -1.000000000000000000, 0.0000000000000000000, 1.854226648766321400E-016 ) ) ;
#2796 = ORIENTED_EDGE ( 'NONE', *, *, #2744, .F. ) ;
#2797 = AXIS2_PLACEMENT_3D ( 'NONE', #799, #2417, #3076 ) ;
#2798 = EDGE_CURVE ( 'NONE', #3284, #3038, #3796, .T. ) ;
#2799 = FACE_OUTER_BOUND ( 'NONE', #3087, .T. ) ;
#2800 = DIRECTION ( 'NONE',  ( 1.000000000000000000, 0.0000000000000000000, 0.0000000000000000000 ) ) ;
#2801 = SURFACE_STYLE_FILL_AREA ( #2357 ) ;
#2802 = CARTESIAN_POINT ( 'NONE',  ( 2.299999999999999800, -11.80000000000000100, 0.6500000000000000200 ) ) ;
#2803 = MECHANICAL_DESIGN_GEOMETRIC_PRESENTATION_REPRESENTATION (  '', ( #2745 ), #2835 ) ;
#2804 = CARTESIAN_POINT ( 'NONE',  ( 0.0000000000000000000, 3.150000000000000800, 9.799999999999998900 ) ) ;
#2805 = FILL_AREA_STYLE_COLOUR ( '', #4121 ) ;
#2806 = EDGE_CURVE ( 'NONE', #2009, #1603, #1356, .T. ) ;
#2807 = CARTESIAN_POINT ( 'NONE',  ( -4.666369038128030900, -5.400000000000000400, -4.666369038128047800 ) ) ;
#2808 = ORIENTED_EDGE ( 'NONE', *, *, #1791, .T. ) ;
#2809 = FACE_OUTER_BOUND ( 'NONE', #3281, .T. ) ;
#2810 = DIRECTION ( 'NONE',  ( 0.0000000000000000000, 0.0000000000000000000, 1.000000000000000000 ) ) ;
#2811 = ORIENTED_EDGE ( 'NONE', *, *, #2150, .F. ) ;
#2812 = VERTEX_POINT ( 'NONE', #2450 ) ;
#2813 = DIRECTION ( 'NONE',  ( 0.0000000000000000000, 0.0000000000000000000, 1.000000000000000000 ) ) ;
#2814 = FILL_AREA_STYLE ('',( #213 ) ) ;
#2815 = EDGE_CURVE ( 'NONE', #1026, #313, #1446, .T. ) ;
#2816 = CIRCLE ( 'NONE', #2706, 0.8999999999999996900 ) ;
#2817 = VERTEX_POINT ( 'NONE', #2128 ) ;
#2818 = FILL_AREA_STYLE_COLOUR ( '', #3751 ) ;
#2819 = CARTESIAN_POINT ( 'NONE',  ( 2.750000000000000900, -5.900000000000001200, -0.6999999999999999600 ) ) ;
#2820 = PRESENTATION_LAYER_ASSIGNMENT (  '', '', ( #2844 ) ) ;
#2821 = SURFACE_SIDE_STYLE ('',( #2360 ) ) ;
#2822 = TOROIDAL_SURFACE ( 'NONE', #1907, 0.2000000000000000100, 0.1000000000000000100 ) ;
#2823 =( GEOMETRIC_REPRESENTATION_CONTEXT ( 3 ) GLOBAL_UNCERTAINTY_ASSIGNED_CONTEXT ( ( #3837 ) ) GLOBAL_UNIT_ASSIGNED_CONTEXT ( ( #3048, #1109, #3369 ) ) REPRESENTATION_CONTEXT ( 'NONE', 'WORKASPACE' ) );
#2824 = ORIENTED_EDGE ( 'NONE', *, *, #1059, .F. ) ;
#2825 = EDGE_CURVE ( 'NONE', #3038, #2379, #2878, .T. ) ;
#2826 = PRESENTATION_STYLE_ASSIGNMENT (( #3971 ) ) ;
#2827 = SURFACE_STYLE_FILL_AREA ( #1520 ) ;
#2828 = UNCERTAINTY_MEASURE_WITH_UNIT (LENGTH_MEASURE( 1.000000000000000100E-005 ), #3819, 'distance_accuracy_value', 'NONE');
#2829 = SURFACE_STYLE_FILL_AREA ( #2213 ) ;
#2830 = CIRCLE ( 'NONE', #2556, 0.1000000000000004800 ) ;
#2831 = VERTEX_POINT ( 'NONE', #1176 ) ;
#2832 = CARTESIAN_POINT ( 'NONE',  ( -2.100000000000000100, -5.500000000000000900, -0.6500000000000001300 ) ) ;
#2833 = EDGE_CURVE ( 'NONE', #1780, #207, #3699, .T. ) ;
#2834 = UNCERTAINTY_MEASURE_WITH_UNIT (LENGTH_MEASURE( 1.000000000000000100E-005 ), #2414, 'distance_accuracy_value', 'NONE');
#2835 =( GEOMETRIC_REPRESENTATION_CONTEXT ( 3 ) GLOBAL_UNCERTAINTY_ASSIGNED_CONTEXT ( ( #630 ) ) GLOBAL_UNIT_ASSIGNED_CONTEXT ( ( #3162, #1235, #3482 ) ) REPRESENTATION_CONTEXT ( 'NONE', 'WORKASPACE' ) );
#2836 = EDGE_CURVE ( 'NONE', #2980, #1249, #376, .T. ) ;
#2837 = DIRECTION ( 'NONE',  ( 0.0000000000000000000, 1.000000000000000000, 0.0000000000000000000 ) ) ;
#2838 = CARTESIAN_POINT ( 'NONE',  ( -4.595658360009375400, -5.400000000000000400, 4.737079716246703300 ) ) ;
#2839 = VECTOR ( 'NONE', #2617, 1000.000000000000000 ) ;
#2840 = EDGE_LOOP ( 'NONE', ( #3130, #3864, #655, #231 ) ) ;
#2841 = FILL_AREA_STYLE ('',( #3766 ) ) ;
#2842 = SURFACE_SIDE_STYLE ('',( #1331 ) ) ;
#2843 = CIRCLE ( 'NONE', #891, 8.599999999999999600 ) ;
#2844 = STYLED_ITEM ( 'NONE', ( #1206 ), #1740 ) ;
#2845 = VERTEX_POINT ( 'NONE', #3724 ) ;
#2846 = DIRECTION ( 'NONE',  ( 0.0000000000000000000, 0.0000000000000000000, 1.000000000000000000 ) ) ;
#2847 = SURFACE_STYLE_FILL_AREA ( #1864 ) ;
#2848 = PRESENTATION_LAYER_ASSIGNMENT (  '', '', ( #2765 ) ) ;
#2849 =( NAMED_UNIT ( * ) PLANE_ANGLE_UNIT ( ) SI_UNIT ( $, .RADIAN. ) );
#2850 = EDGE_CURVE ( 'NONE', #2072, #1266, #3604, .T. ) ;
#2851 = ORIENTED_EDGE ( 'NONE', *, *, #1660, .T. ) ;
#2852 = AXIS2_PLACEMENT_3D ( 'NONE', #3757, #1866, #4041 ) ;
#2853 = DIRECTION ( 'NONE',  ( -0.7071067811865474600, 0.0000000000000000000, -0.7071067811865474600 ) ) ;
#2854 = SURFACE_STYLE_FILL_AREA ( #2768 ) ;
#2855 = AXIS2_PLACEMENT_3D ( 'NONE', #398, #52, #1707 ) ;
#2856 = EDGE_CURVE ( 'NONE', #3284, #3934, #1152, .T. ) ;
#2857 = SURFACE_STYLE_FILL_AREA ( #738 ) ;
#2858 = CARTESIAN_POINT ( 'NONE',  ( -9.575357447433253500, -4.878606710082715700, 1.850000000000000300 ) ) ;
#2859 = EDGE_CURVE ( 'NONE', #2639, #60, #172, .T. ) ;
#2860 = CARTESIAN_POINT ( 'NONE',  ( -2.202852093169010300, -5.520599893234698500, 0.6564506479280777200 ) ) ;
#2861 = CARTESIAN_POINT ( 'NONE',  ( -2.300000000000000300, -5.134314575050762400, -0.6500000000000001300 ) ) ;
#2862 = CARTESIAN_POINT ( 'NONE',  ( 0.0000000000000000000, 2.550000000000001200, 9.799999999999998900 ) ) ;
#2863 = CARTESIAN_POINT ( 'NONE',  ( -4.596194077712551600, -5.400000000000000400, -4.596194077712566700 ) ) ;
#2864 = PRESENTATION_LAYER_ASSIGNMENT (  '', '', ( #19 ) ) ;
#2865 = LINE ( 'NONE', #4120, #2000 ) ;
#2866 = PRESENTATION_LAYER_ASSIGNMENT (  '', '', ( #2945 ) ) ;
#2867 = EDGE_CURVE ( 'NONE', #4000, #3350, #3518, .T. ) ;
#2868 = LINE ( 'NONE', #73, #1146 ) ;
#2869 = CIRCLE ( 'NONE', #2404, 8.750000000000000000 ) ;
#2870 = ORIENTED_EDGE ( 'NONE', *, *, #1890, .T. ) ;
#2871 = AXIS2_PLACEMENT_3D ( 'NONE', #889, #3158, #1224 ) ;
#2872 = DIRECTION ( 'NONE',  ( 0.0000000000000000000, 0.0000000000000000000, 1.000000000000000000 ) ) ;
#2873 = CIRCLE ( 'NONE', #2441, 0.09999999999999952000 ) ;
#2874 = CARTESIAN_POINT ( 'NONE',  ( -2.300000000000000300, -5.100000000000000500, -1.275000000000000400 ) ) ;
#2875 = FACE_BOUND ( 'NONE', #3487, .T. ) ;
#2876 = LINE ( 'NONE', #2274, #1030 ) ;
#2877 = AXIS2_PLACEMENT_3D ( 'NONE', #2766, #823, #3088 ) ;
#2878 = LINE ( 'NONE', #158, #2016 ) ;
#2879 = DIRECTION ( 'NONE',  ( 0.7071067811865441300, -0.0000000000000000000, 0.7071067811865510100 ) ) ;
#2880 = EDGE_CURVE ( 'NONE', #2494, #1233, #2772, .T. ) ;
#2881 = PRESENTATION_STYLE_ASSIGNMENT (( #327 ) ) ;
#2882 = ADVANCED_FACE ( 'NONE', ( #1701 ), #541, .F. ) ;
#2883 = OPEN_SHELL ( 'NONE', ( #1393, #688 ) ) ;
#2884 = EDGE_CURVE ( 'NONE', #2379, #1209, #3922, .T. ) ;
#2885 = UNCERTAINTY_MEASURE_WITH_UNIT (LENGTH_MEASURE( 1.000000000000000100E-005 ), #262, 'distance_accuracy_value', 'NONE');
#2886 =( LENGTH_UNIT ( ) NAMED_UNIT ( * ) SI_UNIT ( .MILLI., .METRE. ) );
#2887 = FACE_OUTER_BOUND ( 'NONE', #229, .T. ) ;
#2888 = CARTESIAN_POINT ( 'NONE',  ( -2.300000000000000300, -5.700000000000000200, -0.6500000000000001300 ) ) ;
#2889 = EDGE_CURVE ( 'NONE', #64, #3880, #1407, .T. ) ;
#2890 = CIRCLE ( 'NONE', #513, 0.5999999999999998700 ) ;
#2891 = ORIENTED_EDGE ( 'NONE', *, *, #1692, .T. ) ;
#2892 = EDGE_LOOP ( 'NONE', ( #2440, #1781, #3327, #3442 ) ) ;
#2893 = EDGE_CURVE ( 'NONE', #814, #2929, #3126, .T. ) ;
#2894 = VERTEX_POINT ( 'NONE', #1875 ) ;
#2895 = CARTESIAN_POINT ( 'NONE',  ( 2.100000000000000100, -4.500000000000001800, 0.6500000000000000200 ) ) ;
#2896 = COLOUR_RGB ( '',1.000000000000000000, 1.000000000000000000, 1.000000000000000000 ) ;
#2897 =( NAMED_UNIT ( * ) SI_UNIT ( $, .STERADIAN. ) SOLID_ANGLE_UNIT ( ) );
#2898 =( GEOMETRIC_REPRESENTATION_CONTEXT ( 3 ) GLOBAL_UNCERTAINTY_ASSIGNED_CONTEXT ( ( #1197 ) ) GLOBAL_UNIT_ASSIGNED_CONTEXT ( ( #3023, #1078, #3338 ) ) REPRESENTATION_CONTEXT ( 'NONE', 'WORKASPACE' ) );
#2899 = EDGE_CURVE ( 'NONE', #60, #104, #421, .T. ) ;
#2900 = FILL_AREA_STYLE ('',( #1599 ) ) ;
#2901 = FACE_OUTER_BOUND ( 'NONE', #2253, .T. ) ;
#2902 = ORIENTED_EDGE ( 'NONE', *, *, #2299, .T. ) ;
#2903 =( NAMED_UNIT ( * ) PLANE_ANGLE_UNIT ( ) SI_UNIT ( $, .RADIAN. ) );
#2904 = DIRECTION ( 'NONE',  ( -1.000000000000000000, 0.0000000000000000000, 1.224646799147353200E-016 ) ) ;
#2905 = UNCERTAINTY_MEASURE_WITH_UNIT (LENGTH_MEASURE( 1.000000000000000100E-005 ), #3465, 'distance_accuracy_value', 'NONE');
#2906 = EDGE_CURVE ( 'NONE', #2610, #3391, #2178, .T. ) ;
#2907 = DIRECTION ( 'NONE',  ( 0.0000000000000000000, 1.000000000000000000, 0.0000000000000000000 ) ) ;
#2908 = PLANE ( 'NONE',  #1748 ) ;
#2909 = SURFACE_STYLE_FILL_AREA ( #3043 ) ;
#2910 = EDGE_LOOP ( 'NONE', ( #3389, #912, #1891, #247 ) ) ;
#2911 = CIRCLE ( 'NONE', #4084, 6.600000000000000500 ) ;
#2912 = AXIS2_PLACEMENT_3D ( 'NONE', #3706, #2134, #1807 ) ;
#2913 = LINE ( 'NONE', #3426, #3645 ) ;
#2914 = SURFACE_STYLE_USAGE ( .BOTH. , #653 ) ;
#2915 = CIRCLE ( 'NONE', #2498, 0.09999999999999992200 ) ;
#2916 =( GEOMETRIC_REPRESENTATION_CONTEXT ( 3 ) GLOBAL_UNCERTAINTY_ASSIGNED_CONTEXT ( ( #1051 ) ) GLOBAL_UNIT_ASSIGNED_CONTEXT ( ( #18, #2316, #357 ) ) REPRESENTATION_CONTEXT ( 'NONE', 'WORKASPACE' ) );
#2917 = SURFACE_SIDE_STYLE ('',( #597 ) ) ;
#2918 = ORIENTED_EDGE ( 'NONE', *, *, #2199, .T. ) ;
#2919 =( GEOMETRIC_REPRESENTATION_CONTEXT ( 3 ) GLOBAL_UNCERTAINTY_ASSIGNED_CONTEXT ( ( #2998 ) ) GLOBAL_UNIT_ASSIGNED_CONTEXT ( ( #3144, #1211, #3463 ) ) REPRESENTATION_CONTEXT ( 'NONE', 'WORKASPACE' ) );
#2920 = FACE_OUTER_BOUND ( 'NONE', #422, .T. ) ;
#2921 = STYLED_ITEM ( 'NONE', ( #3196 ), #3771 ) ;
#2922 = CARTESIAN_POINT ( 'NONE',  ( 2.299999999999999800, -3.934314575050763500, -0.6500000000000000200 ) ) ;
#2923 = EDGE_CURVE ( 'NONE', #128, #276, #1307, .T. ) ;
#2924 = SURFACE_STYLE_USAGE ( .BOTH. , #323 ) ;
#2925 = SURFACE_STYLE_FILL_AREA ( #3638 ) ;
#2926 = VECTOR ( 'NONE', #2084, 1000.000000000000000 ) ;
#2927 = ORIENTED_EDGE ( 'NONE', *, *, #3169, .F. ) ;
#2928 = ORIENTED_EDGE ( 'NONE', *, *, #2689, .F. ) ;
#2929 = VERTEX_POINT ( 'NONE', #256 ) ;
#2930 = CARTESIAN_POINT ( 'NONE',  ( 2.500000000000000900, -4.900000000000001200, 1.387778780781445900E-016 ) ) ;
#2931 = LINE ( 'NONE', #665, #2077 ) ;
#2932 = EDGE_CURVE ( 'NONE', #128, #313, #4058, .T. ) ;
#2933 = CARTESIAN_POINT ( 'NONE',  ( 1.187907395172932600E-015, 3.050000000000001600, -9.700000000000001100 ) ) ;
#2934 = SURFACE_STYLE_USAGE ( .BOTH. , #668 ) ;
#2935 = CARTESIAN_POINT ( 'NONE',  ( -2.749999999999998700, -5.900000000000001200, 0.6999999999999999600 ) ) ;
#2936 = VERTEX_POINT ( 'NONE', #4059 ) ;
#2937 = CARTESIAN_POINT ( 'NONE',  ( -9.674709297958260700, -4.900000000000001200, -1.850000000000001200 ) ) ;
#2938 = EDGE_LOOP ( 'NONE', ( #3531, #2793, #3809, #1482, #130, #192, #2031, #395 ) ) ;
#2939 = EDGE_CURVE ( 'NONE', #3949, #128, #322, .T. ) ;
#2940 = B_SPLINE_CURVE_WITH_KNOTS ( 'NONE', 3,
 ( #464, #2740, #3064, #1123, #3385, #1458 ),
 .UNSPECIFIED., .F., .F.,
 ( 4, 2, 4 ),
 ( 0.0000000000000000000, 0.0001585423716714692500, 0.0003170847433429385000 ),
 .UNSPECIFIED. ) ;
#2941 = CARTESIAN_POINT ( 'NONE',  ( -9.461104586674856900, -5.100000000000000500, -1.899999999999999900 ) ) ;
#2942 = MECHANICAL_DESIGN_GEOMETRIC_PRESENTATION_REPRESENTATION (  '', ( #2974 ), #2919 ) ;
#2943 = CARTESIAN_POINT ( 'NONE',  ( 0.0000000000000000000, -5.400000000000000400, 0.0000000000000000000 ) ) ;
#2944 =( LENGTH_UNIT ( ) NAMED_UNIT ( * ) SI_UNIT ( .MILLI., .METRE. ) );
#2945 = STYLED_ITEM ( 'NONE', ( #2388 ), #3519 ) ;
#2946 = CYLINDRICAL_SURFACE ( 'NONE', #618, 0.8999999999999996900 ) ;
#2947 = EDGE_CURVE ( 'NONE', #4002, #384, #2915, .T. ) ;
#2948 =( NAMED_UNIT ( * ) PLANE_ANGLE_UNIT ( ) SI_UNIT ( $, .RADIAN. ) );
#2949 = COLOUR_RGB ( '',0.7960784313725489700, 0.8235294117647058400, 0.9372549019607843100 ) ;
#2950 = VERTEX_POINT ( 'NONE', #2227 ) ;
#2951 = EDGE_CURVE ( 'NONE', #3514, #3474, #3648, .T. ) ;
#2952 = CARTESIAN_POINT ( 'NONE',  ( -2.299999999999998000, -5.900000000000001200, 0.6999999999999996200 ) ) ;
#2953 = SURFACE_STYLE_USAGE ( .BOTH. , #3251 ) ;
#2954 = VECTOR ( 'NONE', #318, 1000.000000000000100 ) ;
#2955 = DIRECTION ( 'NONE',  ( 0.0000000000000000000, 0.2425356250363326900, -0.9701425001453319900 ) ) ;
#2956 = EDGE_CURVE ( 'NONE', #3514, #4002, #2060, .T. ) ;
#2957 = SURFACE_SIDE_STYLE ('',( #1310 ) ) ;
#2958 = FACE_OUTER_BOUND ( 'NONE', #3282, .T. ) ;
#2959 = PRESENTATION_STYLE_ASSIGNMENT (( #1385 ) ) ;
#2960 = ORIENTED_EDGE ( 'NONE', *, *, #1069, .T. ) ;
#2961 =( LENGTH_UNIT ( ) NAMED_UNIT ( * ) SI_UNIT ( .MILLI., .METRE. ) );
#2962 =( NAMED_UNIT ( * ) PLANE_ANGLE_UNIT ( ) SI_UNIT ( $, .RADIAN. ) );
#2963 = VECTOR ( 'NONE', #2837, 1000.000000000000000 ) ;
#2964 = TOROIDAL_SURFACE ( 'NONE', #2048, 6.399999999999998600, 0.1000000000000000100 ) ;
#2965 = VECTOR ( 'NONE', #4095, 1000.000000000000000 ) ;
#2966 =( NAMED_UNIT ( * ) SI_UNIT ( $, .STERADIAN. ) SOLID_ANGLE_UNIT ( ) );
#2967 = LINE ( 'NONE', #1142, #484 ) ;
#2968 = PRESENTATION_LAYER_ASSIGNMENT (  '', '', ( #2974 ) ) ;
#2969 = ORIENTED_EDGE ( 'NONE', *, *, #2947, .T. ) ;
#2970 = PRODUCT_DEFINITION_SHAPE ( 'NONE', 'NONE',  #3713 ) ;
#2971 = PRESENTATION_LAYER_ASSIGNMENT (  '', '', ( #3404 ) ) ;
#2972 = FILL_AREA_STYLE_COLOUR ( '', #3877 ) ;
#2973 = COLOUR_RGB ( '',0.7960784313725489700, 0.8235294117647058400, 0.9372549019607843100 ) ;
#2974 = STYLED_ITEM ( 'NONE', ( #3125 ), #1734 ) ;
#2975 = CARTESIAN_POINT ( 'NONE',  ( 2.500000000000000900, -4.900000000000001200, 1.387778780781445900E-016 ) ) ;
#2976 =( GEOMETRIC_REPRESENTATION_CONTEXT ( 3 ) GLOBAL_UNCERTAINTY_ASSIGNED_CONTEXT ( ( #424 ) ) GLOBAL_UNIT_ASSIGNED_CONTEXT ( ( #3036, #1094, #3351 ) ) REPRESENTATION_CONTEXT ( 'NONE', 'WORKASPACE' ) );
#2977 = SURFACE_STYLE_FILL_AREA ( #740 ) ;
#2978 = DIRECTION ( 'NONE',  ( -0.7172804413302722400, 0.0000000000000000000, -0.6967845926002166300 ) ) ;
#2979 = SURFACE_SIDE_STYLE ('',( #3942 ) ) ;
#2980 = VERTEX_POINT ( 'NONE', #2271 ) ;
#2981 = CARTESIAN_POINT ( 'NONE',  ( 0.0000000000000000000, -5.400000000000000400, 6.900000000000001200 ) ) ;
#2982 = CIRCLE ( 'NONE', #585, 6.400000000000000400 ) ;
#2983 = EDGE_LOOP ( 'NONE', ( #2767, #2824, #2960 ) ) ;
#2984 = ORIENTED_EDGE ( 'NONE', *, *, #2716, .T. ) ;
#2985 = EDGE_CURVE ( 'NONE', #788, #995, #2830, .T. ) ;
#2986 = SURFACE_SIDE_STYLE ('',( #3201 ) ) ;
#2987 = FACE_OUTER_BOUND ( 'NONE', #1322, .T. ) ;
#2988 = DIRECTION ( 'NONE',  ( 0.0000000000000000000, 0.0000000000000000000, 1.000000000000000000 ) ) ;
#2989 = ORIENTED_EDGE ( 'NONE', *, *, #2254, .T. ) ;
#2990 = CARTESIAN_POINT ( 'NONE',  ( 1.053196247266723700E-015, 3.050000000000001200, 8.599999999999999600 ) ) ;
#2991 = SURFACE_STYLE_USAGE ( .BOTH. , #727 ) ;
#2992 = AXIS2_PLACEMENT_3D ( 'NONE', #2743, #2726, #2437 ) ;
#2993 = CARTESIAN_POINT ( 'NONE',  ( -2.300000000000000300, -5.700000000000000200, 0.6500000000000001300 ) ) ;
#2994 = SURFACE_STYLE_FILL_AREA ( #1782 ) ;
#2995 = PRESENTATION_LAYER_ASSIGNMENT (  '', '', ( #1012 ) ) ;
#2996 = EDGE_CURVE ( 'NONE', #2454, #2648, #1091, .T. ) ;
#2997 = AXIS2_PLACEMENT_3D ( 'NONE', #3836, #2907, #4017 ) ;
#2998 = UNCERTAINTY_MEASURE_WITH_UNIT (LENGTH_MEASURE( 1.000000000000000100E-005 ), #3144, 'distance_accuracy_value', 'NONE');
#2999 = SURFACE_STYLE_USAGE ( .BOTH. , #2986 ) ;
#3000 =( GEOMETRIC_REPRESENTATION_CONTEXT ( 3 ) GLOBAL_UNCERTAINTY_ASSIGNED_CONTEXT ( ( #3145 ) ) GLOBAL_UNIT_ASSIGNED_CONTEXT ( ( #1125, #3387, #1459 ) ) REPRESENTATION_CONTEXT ( 'NONE', 'WORKASPACE' ) );
#3001 = CARTESIAN_POINT ( 'NONE',  ( -4.450000000000000200, -4.900000000000001200, -2.470246229790972900E-016 ) ) ;
#3002 = EDGE_CURVE ( 'NONE', #854, #3880, #227, .T. ) ;
#3003 = UNCERTAINTY_MEASURE_WITH_UNIT (LENGTH_MEASURE( 1.000000000000000100E-005 ), #2059, 'distance_accuracy_value', 'NONE');
#3004 = SURFACE_SIDE_STYLE ('',( #2977 ) ) ;
#3005 =( LENGTH_UNIT ( ) NAMED_UNIT ( * ) SI_UNIT ( .MILLI., .METRE. ) );
#3006 = UNCERTAINTY_MEASURE_WITH_UNIT (LENGTH_MEASURE( 1.000000000000000100E-005 ), #20, 'distance_accuracy_value', 'NONE');
#3007 =( NAMED_UNIT ( * ) SI_UNIT ( $, .STERADIAN. ) SOLID_ANGLE_UNIT ( ) );
#3008 = PRESENTATION_LAYER_ASSIGNMENT (  '', '', ( #2745 ) ) ;
#3009 = EDGE_CURVE ( 'NONE', #788, #2, #1960, .T. ) ;
#3010 = LINE ( 'NONE', #1741, #3741 ) ;
#3011 = VERTEX_POINT ( 'NONE', #1634 ) ;
#3012 = FILL_AREA_STYLE_COLOUR ( '', #3525 ) ;
#3013 = ADVANCED_FACE ( 'NONE', ( #3470 ), #2310, .F. ) ;
#3014 = LINE ( 'NONE', #1908, #1302 ) ;
#3015 = CARTESIAN_POINT ( 'NONE',  ( 2.750000000000000900, -5.900000000000001200, -0.6999999999999999600 ) ) ;
#3016 = DIRECTION ( 'NONE',  ( 1.000000000000000000, -0.0000000000000000000, 0.0000000000000000000 ) ) ;
#3017 =( LENGTH_UNIT ( ) NAMED_UNIT ( * ) SI_UNIT ( .MILLI., .METRE. ) );
#3018 = VECTOR ( 'NONE', #3769, 1000.000000000000000 ) ;
#3019 = VERTEX_POINT ( 'NONE', #3 ) ;
#3020 = VECTOR ( 'NONE', #3352, 1000.000000000000000 ) ;
#3021 = ORIENTED_EDGE ( 'NONE', *, *, #2068, .T. ) ;
#3022 = PRESENTATION_STYLE_ASSIGNMENT (( #1011 ) ) ;
#3023 =( LENGTH_UNIT ( ) NAMED_UNIT ( * ) SI_UNIT ( .MILLI., .METRE. ) );
#3024 = EDGE_CURVE ( 'NONE', #4131, #995, #683, .T. ) ;
#3025 = DIRECTION ( 'NONE',  ( 0.0000000000000000000, 0.0000000000000000000, -1.000000000000000000 ) ) ;
#3026 = AXIS2_PLACEMENT_3D ( 'NONE', #1190, #3452, #1528 ) ;
#3027 = VECTOR ( 'NONE', #2396, 1000.000000000000000 ) ;
#3028 = DIRECTION ( 'NONE',  ( -1.000000000000000000, -9.912705577010326800E-017, 0.0000000000000000000 ) ) ;
#3029 = EDGE_CURVE ( 'NONE', #3474, #384, #2714, .T. ) ;
#3030 = VERTEX_POINT ( 'NONE', #2303 ) ;
#3031 = DIRECTION ( 'NONE',  ( -1.000000000000000000, 0.0000000000000000000, 0.0000000000000000000 ) ) ;
#3032 = DIRECTION ( 'NONE',  ( 0.0000000000000000000, -1.000000000000000000, 1.505836350674312200E-016 ) ) ;
#3033 = LINE ( 'NONE', #4134, #2839 ) ;
#3034 = EDGE_LOOP ( 'NONE', ( #3050, #931, #1978, #596, #3180, #3373, #1076, #3575 ) ) ;
#3035 =( NAMED_UNIT ( * ) PLANE_ANGLE_UNIT ( ) SI_UNIT ( $, .RADIAN. ) );
#3036 =( LENGTH_UNIT ( ) NAMED_UNIT ( * ) SI_UNIT ( .MILLI., .METRE. ) );
#3037 = EDGE_CURVE ( 'NONE', #289, #854, #587, .T. ) ;
#3038 = VERTEX_POINT ( 'NONE', #1656 ) ;
#3039 = CARTESIAN_POINT ( 'NONE',  ( -2.300000000000000300, -12.50000000000000000, 0.6500000000000001300 ) ) ;
#3040 = ORIENTED_EDGE ( 'NONE', *, *, #1317, .T. ) ;
#3041 = PRESENTATION_STYLE_ASSIGNMENT (( #782 ) ) ;
#3042 = EDGE_CURVE ( 'NONE', #1648, #1670, #1453, .T. ) ;
#3043 = FILL_AREA_STYLE ('',( #1427 ) ) ;
#3044 = CARTESIAN_POINT ( 'NONE',  ( -2.300000000000000300, -5.100000000000000500, 1.899999999999999900 ) ) ;
#3045 = ORIENTED_EDGE ( 'NONE', *, *, #1153, .T. ) ;
#3046 = DIRECTION ( 'NONE',  ( 0.0000000000000000000, -1.000000000000000000, 0.0000000000000000000 ) ) ;
#3047 = FILL_AREA_STYLE_COLOUR ( '', #331 ) ;
#3048 =( LENGTH_UNIT ( ) NAMED_UNIT ( * ) SI_UNIT ( .MILLI., .METRE. ) );
#3049 = MECHANICAL_DESIGN_GEOMETRIC_PRESENTATION_REPRESENTATION (  '', ( #1549 ), #3752 ) ;
#3050 = ORIENTED_EDGE ( 'NONE', *, *, #2521, .F. ) ;
#3051 = SURFACE_STYLE_USAGE ( .BOTH. , #786 ) ;
#3052 = STYLED_ITEM ( 'NONE', ( #3678 ), #3345 ) ;
#3053 = EDGE_CURVE ( 'NONE', #1648, #3514, #3067, .T. ) ;
#3054 = DIRECTION ( 'NONE',  ( -0.0000000000000000000, -1.000000000000000000, 0.0000000000000000000 ) ) ;
#3055 = AXIS2_PLACEMENT_3D ( 'NONE', #2182, #217, #2499 ) ;
#3056 =( NAMED_UNIT ( * ) SI_UNIT ( $, .STERADIAN. ) SOLID_ANGLE_UNIT ( ) );
#3057 = FILL_AREA_STYLE_COLOUR ( '', #2403 ) ;
#3058 = CARTESIAN_POINT ( 'NONE',  ( 0.0000000000000000000, 3.150000000000000800, 0.0000000000000000000 ) ) ;
#3059 = PRESENTATION_LAYER_ASSIGNMENT (  '', '', ( #3082 ) ) ;
#3060 = DIRECTION ( 'NONE',  ( -1.000000000000000000, 0.0000000000000000000, 0.0000000000000000000 ) ) ;
#3061 = EDGE_CURVE ( 'NONE', #377, #814, #3173, .T. ) ;
#3062 = CARTESIAN_POINT ( 'NONE',  ( 2.700000000000000200, -11.80000000000000100, -0.6500000000000000200 ) ) ;
#3063 = ORIENTED_EDGE ( 'NONE', *, *, #1943, .F. ) ;
#3064 = CARTESIAN_POINT ( 'NONE',  ( -9.654577964139308600, -5.204353555117754700, 1.850000000000000500 ) ) ;
#3065 = DIRECTION ( 'NONE',  ( 0.0000000000000000000, 0.0000000000000000000, -1.000000000000000000 ) ) ;
#3066 = SURFACE_STYLE_USAGE ( .BOTH. , #802 ) ;
#3067 = CIRCLE ( 'NONE', #2233, 7.100000000000002300 ) ;
#3068 = EDGE_CURVE ( 'NONE', #646, #2489, #3959, .T. ) ;
#3069 = LINE ( 'NONE', #669, #1354 ) ;
#3070 = CARTESIAN_POINT ( 'NONE',  ( 1.047073013270984800E-015, -5.500000000000002700, 0.0000000000000000000 ) ) ;
#3071 = FILL_AREA_STYLE ('',( #3057 ) ) ;
#3072 = CARTESIAN_POINT ( 'NONE',  ( -8.694992273946209700E-016, -5.500000000000000900, -7.100000000000002300 ) ) ;
#3073 = CARTESIAN_POINT ( 'NONE',  ( -8.300000000000002500, -10.00000000000000000, -0.4000000000000001900 ) ) ;
#3074 = AXIS2_PLACEMENT_3D ( 'NONE', #261, #3477, #569 ) ;
#3075 = FACE_OUTER_BOUND ( 'NONE', #2737, .T. ) ;
#3076 = DIRECTION ( 'NONE',  ( 0.0000000000000000000, 0.0000000000000000000, 1.000000000000000000 ) ) ;
#3077 = VECTOR ( 'NONE', #2451, 1000.000000000000000 ) ;
#3078 =( NAMED_UNIT ( * ) SI_UNIT ( $, .STERADIAN. ) SOLID_ANGLE_UNIT ( ) );
#3079 = CIRCLE ( 'NONE', #2264, 0.5750000000000000700 ) ;
#3080 = ORIENTED_EDGE ( 'NONE', *, *, #3083, .T. ) ;
#3081 = ORIENTED_EDGE ( 'NONE', *, *, #2023, .T. ) ;
#3082 = STYLED_ITEM ( 'NONE', ( #3900 ), #3617 ) ;
#3083 = EDGE_CURVE ( 'NONE', #1670, #3474, #2230, .T. ) ;
#3084 = LINE ( 'NONE', #4005, #1370 ) ;
#3085 = CARTESIAN_POINT ( 'NONE',  ( -2.300000000000000300, -5.100000000000000500, 1.899999999999999900 ) ) ;
#3086 = EDGE_LOOP ( 'NONE', ( #692, #798, #3272 ) ) ;
#3087 = EDGE_LOOP ( 'NONE', ( #3768, #1428, #3623, #298 ) ) ;
#3088 = DIRECTION ( 'NONE',  ( 2.899332425794748000E-016, 0.0000000000000000000, -1.000000000000000000 ) ) ;
#3089 = CARTESIAN_POINT ( 'NONE',  ( 0.0000000000000000000, -5.399999999999999500, 0.0000000000000000000 ) ) ;
#3090 = ADVANCED_FACE ( 'NONE', ( #477 ), #1812, .F. ) ;
#3091 = SURFACE_STYLE_USAGE ( .BOTH. , #825 ) ;
#3092 = CIRCLE ( 'NONE', #1554, 8.199999999999999300 ) ;
#3093 = VERTEX_POINT ( 'NONE', #403 ) ;
#3094 = CARTESIAN_POINT ( 'NONE',  ( -2.300000000000000300, -10.00000000000000000, -0.4000000000000001900 ) ) ;
#3095 = CARTESIAN_POINT ( 'NONE',  ( -9.526380844797023100, -5.300000000000001600, -1.850000000000001200 ) ) ;
#3096 = FILL_AREA_STYLE ('',( #3451 ) ) ;
#3097 = EDGE_CURVE ( 'NONE', #3307, #1813, #164, .T. ) ;
#3098 = FACE_OUTER_BOUND ( 'NONE', #3765, .T. ) ;
#3099 = SURFACE_STYLE_FILL_AREA ( #407 ) ;
#3100 = DIRECTION ( 'NONE',  ( -0.0000000000000000000, 1.000000000000000000, -0.0000000000000000000 ) ) ;
#3101 = EDGE_CURVE ( 'NONE', #207, #2489, #3513, .T. ) ;
#3102 = DIRECTION ( 'NONE',  ( 0.0000000000000000000, 0.9701425001453318800, 0.2425356250363331400 ) ) ;
#3103 = FACE_OUTER_BOUND ( 'NONE', #3448, .T. ) ;
#3104 =( LENGTH_UNIT ( ) NAMED_UNIT ( * ) SI_UNIT ( .MILLI., .METRE. ) );
#3105 = SURFACE_SIDE_STYLE ('',( #28 ) ) ;
#3106 = EDGE_CURVE ( 'NONE', #1218, #1539, #2662, .T. ) ;
#3107 = CARTESIAN_POINT ( 'NONE',  ( -8.300000000000002500, -9.000000000000001800, 0.6500000000000001300 ) ) ;
#3108 = CARTESIAN_POINT ( 'NONE',  ( -6.000000000000000000, -5.900000000000001200, -1.850000000000001200 ) ) ;
#3109 = CARTESIAN_POINT ( 'NONE',  ( 0.0000000000000000000, 3.050000000000001200, -8.599999999999999600 ) ) ;
#3110 =( GEOMETRIC_REPRESENTATION_CONTEXT ( 3 ) GLOBAL_UNCERTAINTY_ASSIGNED_CONTEXT ( ( #3722 ) ) GLOBAL_UNIT_ASSIGNED_CONTEXT ( ( #3435, #1509, #3728 ) ) REPRESENTATION_CONTEXT ( 'NONE', 'WORKASPACE' ) );
#3111 = SURFACE_SIDE_STYLE ('',( #170 ) ) ;
#3112 = PRESENTATION_LAYER_ASSIGNMENT (  '', '', ( #3152 ) ) ;
#3113 = EDGE_CURVE ( 'NONE', #104, #1266, #49, .T. ) ;
#3114 = CARTESIAN_POINT ( 'NONE',  ( 0.0000000000000000000, 3.050000000000001200, 0.0000000000000000000 ) ) ;
#3115 = VECTOR ( 'NONE', #3603, 1000.000000000000100 ) ;
#3116 = ORIENTED_EDGE ( 'NONE', *, *, #1596, .T. ) ;
#3117 = CARTESIAN_POINT ( 'NONE',  ( -9.672916788056541600, -4.698254692900326800, -1.850000000000001200 ) ) ;
#3118 = SURFACE_STYLE_FILL_AREA ( #949 ) ;
#3119 = CARTESIAN_POINT ( 'NONE',  ( 2.500000000000000400, -5.500000000000000900, 0.0000000000000000000 ) ) ;
#3120 = ORIENTED_EDGE ( 'NONE', *, *, #1948, .F. ) ;
#3121 = FILL_AREA_STYLE ('',( #2491 ) ) ;
#3122 = SURFACE_STYLE_USAGE ( .BOTH. , #853 ) ;
#3123 = LINE ( 'NONE', #2863, #537 ) ;
#3124 = DIRECTION ( 'NONE',  ( -0.0000000000000000000, -1.000000000000000000, -0.0000000000000000000 ) ) ;
#3125 = PRESENTATION_STYLE_ASSIGNMENT (( #878 ) ) ;
#3126 = CIRCLE ( 'NONE', #2504, 6.900000000000001200 ) ;
#3127 = DIRECTION ( 'NONE',  ( 0.0000000000000000000, -1.000000000000000000, 0.0000000000000000000 ) ) ;
#3128 = DIRECTION ( 'NONE',  ( 0.0000000000000000000, 0.0000000000000000000, 1.000000000000000000 ) ) ;
#3129 = PLANE ( 'NONE',  #2852 ) ;
#3130 = ORIENTED_EDGE ( 'NONE', *, *, #2422, .T. ) ;
#3131 = EDGE_CURVE ( 'NONE', #1541, #207, #1025, .T. ) ;
#3132 = DIRECTION ( 'NONE',  ( -0.0000000000000000000, 1.000000000000000000, -0.0000000000000000000 ) ) ;
#3133 = CARTESIAN_POINT ( 'NONE',  ( 0.0000000000000000000, 2.550000000000001200, 0.0000000000000000000 ) ) ;
#3134 = CARTESIAN_POINT ( 'NONE',  ( 0.0000000000000000000, -5.400000000000000400, 6.400000000000000400 ) ) ;
#3135 = CARTESIAN_POINT ( 'NONE',  ( -2.700000000000000600, -10.00000000000000000, -0.4000000000000001900 ) ) ;
#3136 = UNCERTAINTY_MEASURE_WITH_UNIT (LENGTH_MEASURE( 1.000000000000000100E-005 ), #2426, 'distance_accuracy_value', 'NONE');
#3137 = ADVANCED_FACE ( 'NONE', ( #2467 ), #534, .F. ) ;
#3138 = SURFACE_STYLE_USAGE ( .BOTH. , #874 ) ;
#3139 = AXIS2_PLACEMENT_3D ( 'NONE', #3876, #3863, #3852 ) ;
#3140 = FILL_AREA_STYLE_COLOUR ( '', #2566 ) ;
#3141 = DIRECTION ( 'NONE',  ( -1.000000000000000000, 0.0000000000000000000, -5.551115123125781500E-017 ) ) ;
#3142 = AXIS2_PLACEMENT_3D ( 'NONE', #499, #2770, #827 ) ;
#3143 = DIRECTION ( 'NONE',  ( -0.6963118727286931000, 0.0000000000000000000, 0.7177393509464701200 ) ) ;
#3144 =( LENGTH_UNIT ( ) NAMED_UNIT ( * ) SI_UNIT ( .MILLI., .METRE. ) );
#3145 = UNCERTAINTY_MEASURE_WITH_UNIT (LENGTH_MEASURE( 1.000000000000000100E-005 ), #1125, 'distance_accuracy_value', 'NONE');
#3146 = EDGE_LOOP ( 'NONE', ( #2032, #2141, #2250, #3980 ) ) ;
#3147 = MECHANICAL_DESIGN_GEOMETRIC_PRESENTATION_REPRESENTATION (  '', ( #3187 ), #3110 ) ;
#3148 = PRESENTATION_STYLE_ASSIGNMENT (( #3051 ) ) ;
#3149 = DIRECTION ( 'NONE',  ( 0.0000000000000000000, 0.0000000000000000000, 1.000000000000000000 ) ) ;
#3150 = ORIENTED_EDGE ( 'NONE', *, *, #2746, .F. ) ;
#3151 = TOROIDAL_SURFACE ( 'NONE', #919, 6.899999999999999500, 0.1000000000000000100 ) ;
#3152 = STYLED_ITEM ( 'NONE', ( #1896 ), #3726 ) ;
#3153 = DIRECTION ( 'NONE',  ( 0.0000000000000000000, -1.000000000000000000, 0.0000000000000000000 ) ) ;
#3154 = ORIENTED_EDGE ( 'NONE', *, *, #3262, .F. ) ;
#3155 = COLOUR_RGB ( '',0.7960784313725489700, 0.8235294117647058400, 0.9372549019607843100 ) ;
#3156 = FACE_OUTER_BOUND ( 'NONE', #2082, .T. ) ;
#3157 = EDGE_CURVE ( 'NONE', #1233, #1266, #3828, .T. ) ;
#3158 = DIRECTION ( 'NONE',  ( 0.0000000000000000000, 1.000000000000000000, 0.0000000000000000000 ) ) ;
#3159 = DIRECTION ( 'NONE',  ( 0.0000000000000000000, -1.000000000000000000, 0.0000000000000000000 ) ) ;
#3160 = COLOUR_RGB ( '',0.7960784313725489700, 0.8235294117647058400, 0.9372549019607843100 ) ;
#3161 = SURFACE_STYLE_USAGE ( .BOTH. , #898 ) ;
#3162 =( LENGTH_UNIT ( ) NAMED_UNIT ( * ) SI_UNIT ( .MILLI., .METRE. ) );
#3163 = EDGE_CURVE ( 'NONE', #1780, #2036, #3010, .T. ) ;
#3164 = DIRECTION ( 'NONE',  ( -1.000000000000000000, -0.0000000000000000000, -0.0000000000000000000 ) ) ;
#3165 = ORIENTED_EDGE ( 'NONE', *, *, #2880, .T. ) ;
#3166 = PRESENTATION_LAYER_ASSIGNMENT (  '', '', ( #3187 ) ) ;
#3167 = CARTESIAN_POINT ( 'NONE',  ( -2.300000000000000300, -5.700000000000000200, 0.6500000000000003600 ) ) ;
#3168 = AXIS2_PLACEMENT_3D ( 'NONE', #112, #2397, #3671 ) ;
#3169 = EDGE_CURVE ( 'NONE', #1220, #2894, #2168, .T. ) ;
#3170 = DIRECTION ( 'NONE',  ( -0.0000000000000000000, 1.000000000000000000, -0.0000000000000000000 ) ) ;
#3171 = ADVANCED_FACE ( 'NONE', ( #415 ), #2606, .F. ) ;
#3172 = PRESENTATION_STYLE_ASSIGNMENT (( #3947 ) ) ;
#3173 = CIRCLE ( 'NONE', #2058, 6.900000000000001200 ) ;
#3174 = ORIENTED_EDGE ( 'NONE', *, *, #1985, .F. ) ;
#3175 = EDGE_CURVE ( 'NONE', #3490, #646, #890, .T. ) ;
#3176 = PRESENTATION_STYLE_ASSIGNMENT (( #676 ) ) ;
#3177 = CARTESIAN_POINT ( 'NONE',  ( -9.673393282875965200, -4.751883562229132900, 1.850000000000000300 ) ) ;
#3178 = CARTESIAN_POINT ( 'NONE',  ( -2.100000000000000100, -5.500000000000000900, 0.6828640358836499700 ) ) ;
#3179 = CARTESIAN_POINT ( 'NONE',  ( -6.000000000000000900, -5.300000000000001600, 1.850000000000001400 ) ) ;
#3180 = ORIENTED_EDGE ( 'NONE', *, *, #1804, .F. ) ;
#3181 = DIRECTION ( 'NONE',  ( 0.0000000000000000000, 0.0000000000000000000, 1.000000000000000000 ) ) ;
#3182 = EDGE_CURVE ( 'NONE', #382, #721, #1745, .T. ) ;
#3183 = LINE ( 'NONE', #1375, #2131 ) ;
#3184 = EDGE_LOOP ( 'NONE', ( #50, #1049, #3597, #3571 ) ) ;
#3185 = SURFACE_SIDE_STYLE ('',( #1551 ) ) ;
#3186 = VECTOR ( 'NONE', #3993, 1000.000000000000000 ) ;
#3187 = STYLED_ITEM ( 'NONE', ( #2014 ), #1722 ) ;
#3188 = ORIENTED_EDGE ( 'NONE', *, *, #2951, .F. ) ;
#3189 = EDGE_LOOP ( 'NONE', ( #3188, #2439, #185, #3080 ) ) ;
#3190 = AXIS2_PLACEMENT_3D ( 'NONE', #1789, #3973, #2112 ) ;
#3191 = FILL_AREA_STYLE ('',( #927 ) ) ;
#3192 = EDGE_CURVE ( 'NONE', #1926, #2536, #4132, .T. ) ;
#3193 = CIRCLE ( 'NONE', #1640, 0.1000000000000002600 ) ;
#3194 = DIRECTION ( 'NONE',  ( 0.0000000000000000000, 0.0000000000000000000, 1.000000000000000000 ) ) ;
#3195 = ORIENTED_EDGE ( 'NONE', *, *, #3292, .T. ) ;
#3196 = PRESENTATION_STYLE_ASSIGNMENT (( #1476 ) ) ;
#3197 = AXIS2_PLACEMENT_3D ( 'NONE', #3521, #1597, #3814 ) ;
#3198 = AXIS2_PLACEMENT_3D ( 'NONE', #3635, #1721, #3925 ) ;
#3199 = UNCERTAINTY_MEASURE_WITH_UNIT (LENGTH_MEASURE( 1.000000000000000100E-005 ), #1947, 'distance_accuracy_value', 'NONE');
#3200 = CARTESIAN_POINT ( 'NONE',  ( -2.700000000000000600, -5.700000000000000200, 0.6500000000000001300 ) ) ;
#3201 = SURFACE_STYLE_FILL_AREA ( #3377 ) ;
#3202 = EDGE_CURVE ( 'NONE', #1171, #2139, #2518, .T. ) ;
#3203 =( NAMED_UNIT ( * ) SI_UNIT ( $, .STERADIAN. ) SOLID_ANGLE_UNIT ( ) );
#3204 = CARTESIAN_POINT ( 'NONE',  ( 0.0000000000000000000, -5.399999999999999500, -9.799999999999998900 ) ) ;
#3205 = DIRECTION ( 'NONE',  ( 0.0000000000000000000, 0.0000000000000000000, 1.000000000000000000 ) ) ;
#3206 =( GEOMETRIC_REPRESENTATION_CONTEXT ( 3 ) GLOBAL_UNCERTAINTY_ASSIGNED_CONTEXT ( ( #953 ) ) GLOBAL_UNIT_ASSIGNED_CONTEXT ( ( #126, #3975, #3957 ) ) REPRESENTATION_CONTEXT ( 'NONE', 'WORKASPACE' ) );
#3207 = LINE ( 'NONE', #3588, #1598 ) ;
#3208 = DIRECTION ( 'NONE',  ( 0.7071067811865519000, 0.0000000000000000000, -0.7071067811865431300 ) ) ;
#3209 = DIRECTION ( 'NONE',  ( -1.000000000000000000, 1.445602896647339500E-015, 0.0000000000000000000 ) ) ;
#3210 = ORIENTED_EDGE ( 'NONE', *, *, #2132, .T. ) ;
#3211 = ADVANCED_FACE ( 'NONE', ( #1642 ), #811, .F. ) ;
#3212 = MECHANICAL_DESIGN_GEOMETRIC_PRESENTATION_REPRESENTATION (  '', ( #3152 ), #3000 ) ;
#3213 =( NAMED_UNIT ( * ) PLANE_ANGLE_UNIT ( ) SI_UNIT ( $, .RADIAN. ) );
#3214 = EDGE_CURVE ( 'NONE', #3880, #1249, #1250, .T. ) ;
#3215 = SURFACE_STYLE_FILL_AREA ( #286 ) ;
#3216 = LINE ( 'NONE', #1532, #2354 ) ;
#3217 = ORIENTED_EDGE ( 'NONE', *, *, #2234, .F. ) ;
#3218 = VECTOR ( 'NONE', #538, 1000.000000000000000 ) ;
#3219 = CARTESIAN_POINT ( 'NONE',  ( 0.0000000000000000000, -5.400000000000000400, 7.000000000000001800 ) ) ;
#3220 = CIRCLE ( 'NONE', #3055, 0.6249999999999998900 ) ;
#3221 = AXIS2_PLACEMENT_3D ( 'NONE', #379, #3901, #2026 ) ;
#3222 = SURFACE_SIDE_STYLE ('',( #3118 ) ) ;
#3223 = EDGE_CURVE ( 'NONE', #1805, #588, #3789, .T. ) ;
#3224 = PRESENTATION_STYLE_ASSIGNMENT (( #1998 ) ) ;
#3225 = VERTEX_POINT ( 'NONE', #2747 ) ;
#3226 = EDGE_CURVE ( 'NONE', #2739, #3284, #2865, .T. ) ;
#3227 =( LENGTH_UNIT ( ) NAMED_UNIT ( * ) SI_UNIT ( .MILLI., .METRE. ) );
#3228 = PRESENTATION_STYLE_ASSIGNMENT (( #4103 ) ) ;
#3229 = SURFACE_STYLE_USAGE ( .BOTH. , #963 ) ;
#3230 = ORIENTED_EDGE ( 'NONE', *, *, #2325, .F. ) ;
#3231 = EDGE_LOOP ( 'NONE', ( #1931, #779, #69, #340, #856 ) ) ;
#3232 =( NAMED_UNIT ( * ) PLANE_ANGLE_UNIT ( ) SI_UNIT ( $, .RADIAN. ) );
#3233 = ORIENTED_EDGE ( 'NONE', *, *, #2806, .F. ) ;
#3234 = CARTESIAN_POINT ( 'NONE',  ( -4.595658360009375400, -5.500000000000000900, 4.737079716246703300 ) ) ;
#3235 = AXIS2_PLACEMENT_3D ( 'NONE', #308, #2587, #651 ) ;
#3236 = SURFACE_STYLE_USAGE ( .BOTH. , #3249 ) ;
#3237 = CARTESIAN_POINT ( 'NONE',  ( -8.300000000000002500, -10.00000000000000000, 0.4000000000000000800 ) ) ;
#3238 = PRESENTATION_LAYER_ASSIGNMENT (  '', '', ( #2282 ) ) ;
#3239 = DIRECTION ( 'NONE',  ( 0.0000000000000000000, -1.000000000000000000, -0.0000000000000000000 ) ) ;
#3240 = EDGE_CURVE ( 'NONE', #588, #1074, #363, .T. ) ;
#3241 = CARTESIAN_POINT ( 'NONE',  ( -2.700000000000000600, -12.15000000000000000, -0.05000000000000050900 ) ) ;
#3242 = FACE_OUTER_BOUND ( 'NONE', #1839, .T. ) ;
#3243 =( NAMED_UNIT ( * ) PLANE_ANGLE_UNIT ( ) SI_UNIT ( $, .RADIAN. ) );
#3244 = FACE_OUTER_BOUND ( 'NONE', #3189, .T. ) ;
#3245 = EDGE_CURVE ( 'NONE', #1255, #1563, #1828, .T. ) ;
#3246 = UNCERTAINTY_MEASURE_WITH_UNIT (LENGTH_MEASURE( 1.000000000000000100E-005 ), #124, 'distance_accuracy_value', 'NONE');
#3247 = DIRECTION ( 'NONE',  ( 0.0000000000000000000, 0.0000000000000000000, -1.000000000000000000 ) ) ;
#3248 = PRESENTATION_STYLE_ASSIGNMENT (( #1886 ) ) ;
#3249 = SURFACE_SIDE_STYLE ('',( #1767 ) ) ;
#3250 =( NAMED_UNIT ( * ) PLANE_ANGLE_UNIT ( ) SI_UNIT ( $, .RADIAN. ) );
#3251 = SURFACE_SIDE_STYLE ('',( #107 ) ) ;
#3252 = CARTESIAN_POINT ( 'NONE',  ( -9.673514293310235600, -4.765503128582865100, -1.850000000000001200 ) ) ;
#3253 = EDGE_CURVE ( 'NONE', #90, #382, #269, .T. ) ;
#3254 = UNCERTAINTY_MEASURE_WITH_UNIT (LENGTH_MEASURE( 1.000000000000000100E-005 ), #1202, 'distance_accuracy_value', 'NONE');
#3255 = VECTOR ( 'NONE', #138, 1000.000000000000000 ) ;
#3256 = VECTOR ( 'NONE', #224, 1000.000000000000000 ) ;
#3257 = VECTOR ( 'NONE', #3793, 1000.000000000000000 ) ;
#3258 = DIRECTION ( 'NONE',  ( 0.0000000000000000000, 1.000000000000000000, 0.0000000000000000000 ) ) ;
#3259 = PRESENTATION_LAYER_ASSIGNMENT (  '', '', ( #3409 ) ) ;
#3260 = EDGE_LOOP ( 'NONE', ( #1512, #3538, #2017, #3520 ) ) ;
#3261 = VERTEX_POINT ( 'NONE', #2607 ) ;
#3262 = EDGE_CURVE ( 'NONE', #1341, #3709, #3687, .T. ) ;
#3263 = ORIENTED_EDGE ( 'NONE', *, *, #1059, .T. ) ;
#3264 = COLOUR_RGB ( '',0.7960784313725489700, 0.8235294117647058400, 0.9372549019607843100 ) ;
#3265 = CARTESIAN_POINT ( 'NONE',  ( 0.0000000000000000000, -5.400000000000000400, 0.0000000000000000000 ) ) ;
#3266 = PLANE ( 'NONE',  #3502 ) ;
#3267 =( GEOMETRIC_REPRESENTATION_CONTEXT ( 3 ) GLOBAL_UNCERTAINTY_ASSIGNED_CONTEXT ( ( #297 ) ) GLOBAL_UNIT_ASSIGNED_CONTEXT ( ( #2886, #936, #3203 ) ) REPRESENTATION_CONTEXT ( 'NONE', 'WORKASPACE' ) );
#3268 = CARTESIAN_POINT ( 'NONE',  ( -4.450000000000000200, -5.900000000000001200, -2.470246229790972900E-016 ) ) ;
#3269 = PRESENTATION_STYLE_ASSIGNMENT (( #145 ) ) ;
#3270 =( GEOMETRIC_REPRESENTATION_CONTEXT ( 3 ) GLOBAL_UNCERTAINTY_ASSIGNED_CONTEXT ( ( #3453 ) ) GLOBAL_UNIT_ASSIGNED_CONTEXT ( ( #3295, #1377, #3609 ) ) REPRESENTATION_CONTEXT ( 'NONE', 'WORKASPACE' ) );
#3271 = EDGE_CURVE ( 'NONE', #3225, #2425, #1141, .T. ) ;
#3272 = ORIENTED_EDGE ( 'NONE', *, *, #2505, .F. ) ;
#3273 = ADVANCED_FACE ( 'NONE', ( #2760 ), #5, .F. ) ;
#3274 = MECHANICAL_DESIGN_GEOMETRIC_PRESENTATION_REPRESENTATION (  '', ( #765 ), #3774 ) ;
#3275 = EDGE_CURVE ( 'NONE', #633, #306, #4003, .T. ) ;
#3276 = CARTESIAN_POINT ( 'NONE',  ( 5.372257067285313200E-045, 3.049999999999999800, 0.0000000000000000000 ) ) ;
#3277 = CARTESIAN_POINT ( 'NONE',  ( -4.807813688941523700, -5.400000000000000400, -4.949235045178851600 ) ) ;
#3278 = ORIENTED_EDGE ( 'NONE', *, *, #2187, .F. ) ;
#3279 = LINE ( 'NONE', #2138, #3186 ) ;
#3280 =( LENGTH_UNIT ( ) NAMED_UNIT ( * ) SI_UNIT ( .MILLI., .METRE. ) );
#3281 = EDGE_LOOP ( 'NONE', ( #3572, #3390, #2081, #1177 ) ) ;
#3282 = EDGE_LOOP ( 'NONE', ( #1608, #1921, #2063, #2363 ) ) ;
#3283 =( NAMED_UNIT ( * ) SI_UNIT ( $, .STERADIAN. ) SOLID_ANGLE_UNIT ( ) );
#3284 = VERTEX_POINT ( 'NONE', #1678 ) ;
#3285 = DIRECTION ( 'NONE',  ( 0.0000000000000000000, -1.000000000000000000, 0.0000000000000000000 ) ) ;
#3286 = EDGE_CURVE ( 'NONE', #2648, #3501, #2349, .T. ) ;
#3287 = AXIS2_PLACEMENT_3D ( 'NONE', #3320, #2681, #3920 ) ;
#3288 = FILL_AREA_STYLE_COLOUR ( '', #905 ) ;
#3289 = DIRECTION ( 'NONE',  ( 0.0000000000000000000, -1.000000000000000000, 0.0000000000000000000 ) ) ;
#3290 = MECHANICAL_DESIGN_GEOMETRIC_PRESENTATION_REPRESENTATION (  '', ( #2765 ), #3897 ) ;
#3291 = CARTESIAN_POINT ( 'NONE',  ( 2.700000000000000200, -4.505882352941177300, 1.773529411764705100 ) ) ;
#3292 = EDGE_CURVE ( 'NONE', #2139, #4115, #3207, .T. ) ;
#3293 = SURFACE_STYLE_FILL_AREA ( #1763 ) ;
#3294 = DIRECTION ( 'NONE',  ( 0.0000000000000000000, 0.0000000000000000000, -1.000000000000000000 ) ) ;
#3295 =( LENGTH_UNIT ( ) NAMED_UNIT ( * ) SI_UNIT ( .MILLI., .METRE. ) );
#3296 = DIRECTION ( 'NONE',  ( 0.0000000000000000000, 0.0000000000000000000, -1.000000000000000000 ) ) ;
#3297 = EDGE_CURVE ( 'NONE', #1539, #1171, #637, .T. ) ;
#3298 = UNCERTAINTY_MEASURE_WITH_UNIT (LENGTH_MEASURE( 1.000000000000000100E-005 ), #1234, 'distance_accuracy_value', 'NONE');
#3299 = DIRECTION ( 'NONE',  ( -1.224646799147350500E-016, 1.000000000000000000, -0.0000000000000000000 ) ) ;
#3300 = ADVANCED_FACE ( 'NONE', ( #1398, #729 ), #3898, .F. ) ;
#3301 = SURFACE_SIDE_STYLE ('',( #1351 ) ) ;
#3302 = DIRECTION ( 'NONE',  ( 0.0000000000000000000, 1.000000000000000000, 0.0000000000000000000 ) ) ;
#3303 = EDGE_CURVE ( 'NONE', #1541, #1857, #220, .T. ) ;
#3304 = CIRCLE ( 'NONE', #2215, 0.5999999999999998700 ) ;
#3305 = ORIENTED_EDGE ( 'NONE', *, *, #2627, .F. ) ;
#3306 = COLOUR_RGB ( '',0.7960784313725489700, 0.8235294117647058400, 0.9372549019607843100 ) ;
#3307 = VERTEX_POINT ( 'NONE', #3907 ) ;
#3308 = DIRECTION ( 'NONE',  ( 0.0000000000000000000, 1.000000000000000000, 0.0000000000000000000 ) ) ;
#3309 =( NAMED_UNIT ( * ) PLANE_ANGLE_UNIT ( ) SI_UNIT ( $, .RADIAN. ) );
#3310 = CIRCLE ( 'NONE', #2493, 0.09999999999999992200 ) ;
#3311 = EDGE_CURVE ( 'NONE', #306, #633, #2816, .T. ) ;
#3312 = SURFACE_STYLE_FILL_AREA ( #4050 ) ;
#3313 = DIRECTION ( 'NONE',  ( -0.0000000000000000000, -1.000000000000000000, -0.0000000000000000000 ) ) ;
#3314 = MECHANICAL_DESIGN_GEOMETRIC_PRESENTATION_REPRESENTATION (  '', ( #3372 ), #3267 ) ;
#3315 = AXIS2_PLACEMENT_3D ( 'NONE', #1041, #3302, #1387 ) ;
#3316 = FACE_BOUND ( 'NONE', #3960, .T. ) ;
#3317 = DIRECTION ( 'NONE',  ( -1.000000000000000000, 0.0000000000000000000, 0.0000000000000000000 ) ) ;
#3318 = CARTESIAN_POINT ( 'NONE',  ( -2.300000000000000300, -10.00000000000000000, -0.4000000000000001900 ) ) ;
#3319 = FACE_OUTER_BOUND ( 'NONE', #127, .T. ) ;
#3320 = CARTESIAN_POINT ( 'NONE',  ( -4.595658360009376300, -5.400000000000000400, -4.737079716246702400 ) ) ;
#3321 = DIRECTION ( 'NONE',  ( 0.0000000000000000000, 0.0000000000000000000, -1.000000000000000000 ) ) ;
#3322 = COLOUR_RGB ( '',0.7960784313725489700, 0.8235294117647058400, 0.9372549019607843100 ) ;
#3323 =( LENGTH_UNIT ( ) NAMED_UNIT ( * ) SI_UNIT ( .MILLI., .METRE. ) );
#3324 =( NAMED_UNIT ( * ) SI_UNIT ( $, .STERADIAN. ) SOLID_ANGLE_UNIT ( ) );
#3325 = CARTESIAN_POINT ( 'NONE',  ( 2.700000000000000200, -3.900000000000001700, -0.6500000000000000200 ) ) ;
#3326 = CYLINDRICAL_SURFACE ( 'NONE', #288, 8.199999999999999300 ) ;
#3327 = ORIENTED_EDGE ( 'NONE', *, *, #3029, .T. ) ;
#3328 = VERTEX_POINT ( 'NONE', #3615 ) ;
#3329 = EDGE_LOOP ( 'NONE', ( #2918, #3606, #3798, #4018 ) ) ;
#3330 = CARTESIAN_POINT ( 'NONE',  ( -4.595658360009376300, -5.400000000000000400, -4.737079716246702400 ) ) ;
#3331 = ORIENTED_EDGE ( 'NONE', *, *, #2220, .T. ) ;
#3332 = SURFACE_STYLE_USAGE ( .BOTH. , #3640 ) ;
#3333 = ADVANCED_FACE ( 'NONE', ( #1081 ), #2351, .F. ) ;
#3334 = UNCERTAINTY_MEASURE_WITH_UNIT (LENGTH_MEASURE( 1.000000000000000100E-005 ), #3670, 'distance_accuracy_value', 'NONE');
#3335 = PRESENTATION_STYLE_ASSIGNMENT (( #771 ) ) ;
#3336 = DIRECTION ( 'NONE',  ( 0.0000000000000000000, -0.9701425001453319900, 0.2425356250363330500 ) ) ;
#3337 = FACE_OUTER_BOUND ( 'NONE', #1519, .T. ) ;
#3338 =( NAMED_UNIT ( * ) SI_UNIT ( $, .STERADIAN. ) SOLID_ANGLE_UNIT ( ) );
#3339 = AXIS2_PLACEMENT_3D ( 'NONE', #3277, #1999, #1988 ) ;
#3340 = PRESENTATION_LAYER_ASSIGNMENT (  '', '', ( #3630 ) ) ;
#3341 = SURFACE_STYLE_FILL_AREA ( #924 ) ;
#3342 = PRESENTATION_LAYER_ASSIGNMENT (  '', '', ( #3372 ) ) ;
#3343 = ORIENTED_EDGE ( 'NONE', *, *, #2889, .T. ) ;
#3344 = DIRECTION ( 'NONE',  ( 0.0000000000000000000, 0.0000000000000000000, 1.000000000000000000 ) ) ;
#3345 = ADVANCED_FACE ( 'NONE', ( #350 ), #1417, .F. ) ;
#3346 = CARTESIAN_POINT ( 'NONE',  ( -2.700000000000000600, -12.50000000000000000, 0.04999999999999955900 ) ) ;
#3347 = MECHANICAL_DESIGN_GEOMETRIC_PRESENTATION_REPRESENTATION (  '', ( #3630 ), #2677 ) ;
#3348 = CARTESIAN_POINT ( 'NONE',  ( 2.750000000000000900, -4.500000000000001800, -0.6999999999999999600 ) ) ;
#3349 = EDGE_CURVE ( 'NONE', #1074, #3709, #1683, .T. ) ;
#3350 = VERTEX_POINT ( 'NONE', #3348 ) ;
#3351 =( NAMED_UNIT ( * ) SI_UNIT ( $, .STERADIAN. ) SOLID_ANGLE_UNIT ( ) );
#3352 = DIRECTION ( 'NONE',  ( 0.0000000000000000000, 1.000000000000000000, -0.0000000000000000000 ) ) ;
#3353 = DIRECTION ( 'NONE',  ( 0.0000000000000000000, 0.0000000000000000000, 1.000000000000000000 ) ) ;
#3354 = ORIENTED_EDGE ( 'NONE', *, *, #2884, .T. ) ;
#3355 = EDGE_CURVE ( 'NONE', #3365, #1670, #2555, .T. ) ;
#3356 = VECTOR ( 'NONE', #2719, 1000.000000000000000 ) ;
#3357 = DIRECTION ( 'NONE',  ( 0.0000000000000000000, 1.000000000000000000, 0.0000000000000000000 ) ) ;
#3358 = COLOUR_RGB ( '',0.7960784313725489700, 0.8235294117647058400, 0.9372549019607843100 ) ;
#3359 = SURFACE_STYLE_USAGE ( .BOTH. , #1101 ) ;
#3360 = CARTESIAN_POINT ( 'NONE',  ( 0.0000000000000000000, 2.550000000000001200, 0.0000000000000000000 ) ) ;
#3361 = VECTOR ( 'NONE', #3485, 1000.000000000000000 ) ;
#3362 = CARTESIAN_POINT ( 'NONE',  ( -8.749999999999998200, -5.500000000000003600, 0.0000000000000000000 ) ) ;
#3363 = VERTEX_POINT ( 'NONE', #1090 ) ;
#3364 = FILL_AREA_STYLE_COLOUR ( '', #3155 ) ;
#3365 = VERTEX_POINT ( 'NONE', #2076 ) ;
#3366 = DIRECTION ( 'NONE',  ( 1.000000000000000000, -0.0000000000000000000, -0.0000000000000000000 ) ) ;
#3367 = LINE ( 'NONE', #1768, #792 ) ;
#3368 = DIRECTION ( 'NONE',  ( 1.000000000000000000, -0.0000000000000000000, -0.0000000000000000000 ) ) ;
#3369 =( NAMED_UNIT ( * ) SI_UNIT ( $, .STERADIAN. ) SOLID_ANGLE_UNIT ( ) );
#3370 = CARTESIAN_POINT ( 'NONE',  ( -9.461104586674856900, -5.500000000000000900, 1.900000000000004400 ) ) ;
#3371 =( NAMED_UNIT ( * ) PLANE_ANGLE_UNIT ( ) SI_UNIT ( $, .RADIAN. ) );
#3372 = STYLED_ITEM ( 'NONE', ( #1510 ), #1644 ) ;
#3373 = ORIENTED_EDGE ( 'NONE', *, *, #1916, .T. ) ;
#3374 = PRESENTATION_STYLE_ASSIGNMENT (( #3236 ) ) ;
#3375 = PRESENTATION_LAYER_ASSIGNMENT (  '', '', ( #2219 ) ) ;
#3376 = CYLINDRICAL_SURFACE ( 'NONE', #1851, 8.599999999999999600 ) ;
#3377 = FILL_AREA_STYLE ('',( #691 ) ) ;
#3378 = VERTEX_POINT ( 'NONE', #3941 ) ;
#3379 = CARTESIAN_POINT ( 'NONE',  ( 8.300000000000000700, -10.00000000000000200, 0.4000000000000000800 ) ) ;
#3380 = DIRECTION ( 'NONE',  ( 0.0000000000000000000, 0.0000000000000000000, -1.000000000000000000 ) ) ;
#3381 = UNCERTAINTY_MEASURE_WITH_UNIT (LENGTH_MEASURE( 1.000000000000000100E-005 ), #978, 'distance_accuracy_value', 'NONE');
#3382 = FILL_AREA_STYLE ('',( #1137 ) ) ;
#3383 = DIRECTION ( 'NONE',  ( 0.0000000000000000000, -0.0000000000000000000, 1.000000000000000000 ) ) ;
#3384 = ORIENTED_EDGE ( 'NONE', *, *, #2374, .F. ) ;
#3385 = CARTESIAN_POINT ( 'NONE',  ( -9.526365709279296800, -5.300000000000000700, 1.850000000000000300 ) ) ;
#3386 =( NAMED_UNIT ( * ) PLANE_ANGLE_UNIT ( ) SI_UNIT ( $, .RADIAN. ) );
#3387 =( NAMED_UNIT ( * ) PLANE_ANGLE_UNIT ( ) SI_UNIT ( $, .RADIAN. ) );
#3388 = CARTESIAN_POINT ( 'NONE',  ( -9.676470782290497400, -5.098254692900326300, 1.850000000000000300 ) ) ;
#3389 = ORIENTED_EDGE ( 'NONE', *, *, #3061, .F. ) ;
#3390 = ORIENTED_EDGE ( 'NONE', *, *, #1292, .F. ) ;
#3391 = VERTEX_POINT ( 'NONE', #3044 ) ;
#3392 = DIRECTION ( 'NONE',  ( -1.000000000000000000, -9.912705577010326800E-017, 0.0000000000000000000 ) ) ;
#3393 = VERTEX_POINT ( 'NONE', #3362 ) ;
#3394 = FACE_OUTER_BOUND ( 'NONE', #1581, .T. ) ;
#3395 = SURFACE_STYLE_USAGE ( .BOTH. , #1134 ) ;
#3396 = DIRECTION ( 'NONE',  ( 0.0000000000000000000, 1.000000000000000000, 0.0000000000000000000 ) ) ;
#3397 = CARTESIAN_POINT ( 'NONE',  ( 2.250000000000000900, -5.900000000000001200, 0.7000000000000001800 ) ) ;
#3398 = PRESENTATION_STYLE_ASSIGNMENT (( #2991 ) ) ;
#3399 = DIRECTION ( 'NONE',  ( -0.0000000000000000000, 0.9701425001453319900, -0.2425356250363330500 ) ) ;
#3400 = CARTESIAN_POINT ( 'NONE',  ( -8.300000000000002500, -10.00000000000000000, 0.4000000000000000800 ) ) ;
#3401 = SURFACE_SIDE_STYLE ('',( #2444 ) ) ;
#3402 = VECTOR ( 'NONE', #1743, 1000.000000000000000 ) ;
#3403 = AXIS2_PLACEMENT_3D ( 'NONE', #1240, #2540, #592 ) ;
#3404 = STYLED_ITEM ( 'NONE', ( #301 ), #3628 ) ;
#3405 = CYLINDRICAL_SURFACE ( 'NONE', #806, 1.700000000000000800 ) ;
#3406 = CARTESIAN_POINT ( 'NONE',  ( 1.047073013270984800E-015, -5.500000000000002700, 0.0000000000000000000 ) ) ;
#3407 = AXIS2_PLACEMENT_3D ( 'NONE', #2874, #928, #3194 ) ;
#3408 = DIRECTION ( 'NONE',  ( -1.000000000000000000, 0.0000000000000000000, 1.224646799147353200E-016 ) ) ;
#3409 = STYLED_ITEM ( 'NONE', ( #528 ), #3300 ) ;
#3410 = CARTESIAN_POINT ( 'NONE',  ( -2.299999999999998500, -4.900000000000001200, -0.7000000000000002900 ) ) ;
#3411 = DIRECTION ( 'NONE',  ( 0.0000000000000000000, 0.0000000000000000000, -1.000000000000000000 ) ) ;
#3412 =( NAMED_UNIT ( * ) PLANE_ANGLE_UNIT ( ) SI_UNIT ( $, .RADIAN. ) );
#3413 = CARTESIAN_POINT ( 'NONE',  ( 2.500000000000000400, -5.100000000000000500, 0.0000000000000000000 ) ) ;
#3414 = SURFACE_SIDE_STYLE ('',( #2240 ) ) ;
#3415 = SURFACE_SIDE_STYLE ('',( #3721 ) ) ;
#3416 = VECTOR ( 'NONE', #2166, 1000.000000000000000 ) ;
#3417 = VECTOR ( 'NONE', #2365, 1000.000000000000000 ) ;
#3418 = ORIENTED_EDGE ( 'NONE', *, *, #2068, .F. ) ;
#3419 = CARTESIAN_POINT ( 'NONE',  ( 0.0000000000000000000, -5.500000000000000900, 0.0000000000000000000 ) ) ;
#3420 = CARTESIAN_POINT ( 'NONE',  ( 0.0000000000000000000, 0.1293752051230246100, -8.599999999999999600 ) ) ;
#3421 = CIRCLE ( 'NONE', #4066, 0.1999999999999996500 ) ;
#3422 = VECTOR ( 'NONE', #551, 1000.000000000000000 ) ;
#3423 = DIRECTION ( 'NONE',  ( -0.0000000000000000000, -0.9701425001453319900, -0.2425356250363326900 ) ) ;
#3424 = TOROIDAL_SURFACE ( 'NONE', #1491, 6.899999999999999500, 0.1000000000000000100 ) ;
#3425 = ORIENTED_EDGE ( 'NONE', *, *, #1263, .T. ) ;
#3426 = CARTESIAN_POINT ( 'NONE',  ( 2.299999999999999800, -3.900000000000001700, 0.6500000000000000200 ) ) ;
#3427 = CIRCLE ( 'NONE', #1995, 0.3499999999999999800 ) ;
#3428 = ADVANCED_FACE ( 'NONE', ( #4082 ), #2155, .T. ) ;
#3429 =( LENGTH_UNIT ( ) NAMED_UNIT ( * ) SI_UNIT ( .MILLI., .METRE. ) );
#3430 = AXIS2_PLACEMENT_3D ( 'NONE', #2086, #1790, #1749 ) ;
#3431 = DIRECTION ( 'NONE',  ( -1.000000000000000000, -0.0000000000000000000, -0.0000000000000000000 ) ) ;
#3432 = CARTESIAN_POINT ( 'NONE',  ( -9.578913378917443200, -5.278606322035960500, -1.850000000000001600 ) ) ;
#3433 = FILL_AREA_STYLE ('',( #845 ) ) ;
#3434 = VERTEX_POINT ( 'NONE', #1120 ) ;
#3435 =( LENGTH_UNIT ( ) NAMED_UNIT ( * ) SI_UNIT ( .MILLI., .METRE. ) );
#3436 = LINE ( 'NONE', #1077, #4106 ) ;
#3437 =( GEOMETRIC_REPRESENTATION_CONTEXT ( 3 ) GLOBAL_UNCERTAINTY_ASSIGNED_CONTEXT ( ( #2563 ) ) GLOBAL_UNIT_ASSIGNED_CONTEXT ( ( #1894, #4063, #2228 ) ) REPRESENTATION_CONTEXT ( 'NONE', 'WORKASPACE' ) );
#3438 = ORIENTED_EDGE ( 'NONE', *, *, #1796, .F. ) ;
#3439 = CARTESIAN_POINT ( 'NONE',  ( -4.450000000000000200, -5.900000000000001200, 0.8999999999999994700 ) ) ;
#3440 = DIRECTION ( 'NONE',  ( 0.0000000000000000000, 0.0000000000000000000, -1.000000000000000000 ) ) ;
#3441 =( GEOMETRIC_REPRESENTATION_CONTEXT ( 3 ) GLOBAL_UNCERTAINTY_ASSIGNED_CONTEXT ( ( #300 ) ) GLOBAL_UNIT_ASSIGNED_CONTEXT ( ( #391, #2667, #726 ) ) REPRESENTATION_CONTEXT ( 'NONE', 'WORKASPACE' ) );
#3442 = ORIENTED_EDGE ( 'NONE', *, *, #2947, .F. ) ;
#3443 = ORIENTED_EDGE ( 'NONE', *, *, #1277, .F. ) ;
#3444 = DIRECTION ( 'NONE',  ( 0.0000000000000000000, 0.0000000000000000000, 1.000000000000000000 ) ) ;
#3445 = UNCERTAINTY_MEASURE_WITH_UNIT (LENGTH_MEASURE( 1.000000000000000100E-005 ), #3536, 'distance_accuracy_value', 'NONE');
#3446 =( NAMED_UNIT ( * ) PLANE_ANGLE_UNIT ( ) SI_UNIT ( $, .RADIAN. ) );
#3447 = ADVANCED_FACE ( 'NONE', ( #1388 ), #965, .T. ) ;
#3448 = EDGE_LOOP ( 'NONE', ( #907, #1364, #1881, #2193 ) ) ;
#3449 = PRESENTATION_STYLE_ASSIGNMENT (( #4015 ) ) ;
#3450 = ORIENTED_EDGE ( 'NONE', *, *, #3182, .T. ) ;
#3451 = FILL_AREA_STYLE_COLOUR ( '', #2291 ) ;
#3452 = DIRECTION ( 'NONE',  ( -0.0000000000000000000, -0.0000000000000000000, 1.000000000000000000 ) ) ;
#3453 = UNCERTAINTY_MEASURE_WITH_UNIT (LENGTH_MEASURE( 1.000000000000000100E-005 ), #3295, 'distance_accuracy_value', 'NONE');
#3454 = ORIENTED_EDGE ( 'NONE', *, *, #1437, .F. ) ;
#3455 = UNCERTAINTY_MEASURE_WITH_UNIT (LENGTH_MEASURE( 1.000000000000000100E-005 ), #1344, 'distance_accuracy_value', 'NONE');
#3456 = DIRECTION ( 'NONE',  ( 0.0000000000000000000, 0.0000000000000000000, 1.000000000000000000 ) ) ;
#3457 = DIRECTION ( 'NONE',  ( 0.0000000000000000000, 0.0000000000000000000, -1.000000000000000000 ) ) ;
#3458 =( NAMED_UNIT ( * ) PLANE_ANGLE_UNIT ( ) SI_UNIT ( $, .RADIAN. ) );
#3459 = FILL_AREA_STYLE ('',( #3140 ) ) ;
#3460 = CARTESIAN_POINT ( 'NONE',  ( -2.300000000000000300, -10.00000000000000000, 0.4000000000000000800 ) ) ;
#3461 = MECHANICAL_DESIGN_GEOMETRIC_PRESENTATION_REPRESENTATION (  '', ( #3554 ), #3437 ) ;
#3462 = DIRECTION ( 'NONE',  ( 0.7177393509464702300, -1.858537474767970800E-016, 0.6963118727286932200 ) ) ;
#3463 =( NAMED_UNIT ( * ) SI_UNIT ( $, .STERADIAN. ) SOLID_ANGLE_UNIT ( ) );
#3464 = AXIS2_PLACEMENT_3D ( 'NONE', #3330, #766, #3031 ) ;
#3465 =( LENGTH_UNIT ( ) NAMED_UNIT ( * ) SI_UNIT ( .MILLI., .METRE. ) );
#3466 = ADVANCED_FACE ( 'NONE', ( #2695 ), #3692, .F. ) ;
#3467 = ORIENTED_EDGE ( 'NONE', *, *, #1573, .F. ) ;
#3468 =( LENGTH_UNIT ( ) NAMED_UNIT ( * ) SI_UNIT ( .MILLI., .METRE. ) );
#3469 = DIRECTION ( 'NONE',  ( -0.0000000000000000000, 1.000000000000000000, -1.505836350674312200E-016 ) ) ;
#3470 = FACE_OUTER_BOUND ( 'NONE', #2290, .T. ) ;
#3471 = ORIENTED_EDGE ( 'NONE', *, *, #1434, .T. ) ;
#3472 = CARTESIAN_POINT ( 'NONE',  ( -2.100000000000000500, -5.100000000000000500, 0.6828640358836497400 ) ) ;
#3473 = CIRCLE ( 'NONE', #3339, 0.1000000000000002600 ) ;
#3474 = VERTEX_POINT ( 'NONE', #1487 ) ;
#3475 = DIRECTION ( 'NONE',  ( -1.000000000000000000, 0.0000000000000000000, 0.0000000000000000000 ) ) ;
#3476 = LINE ( 'NONE', #3605, #6 ) ;
#3477 = DIRECTION ( 'NONE',  ( -0.0000000000000000000, -0.0000000000000000000, -1.000000000000000000 ) ) ;
#3478 = COLOUR_RGB ( '',0.7960784313725489700, 0.8235294117647058400, 0.9372549019607843100 ) ;
#3479 = PLANE ( 'NONE',  #4102 ) ;
#3480 = DIRECTION ( 'NONE',  ( 0.0000000000000000000, -1.000000000000000000, 0.0000000000000000000 ) ) ;
#3481 =( NAMED_UNIT ( * ) PLANE_ANGLE_UNIT ( ) SI_UNIT ( $, .RADIAN. ) );
#3482 =( NAMED_UNIT ( * ) SI_UNIT ( $, .STERADIAN. ) SOLID_ANGLE_UNIT ( ) );
#3483 = PRESENTATION_LAYER_ASSIGNMENT (  '', '', ( #3554 ) ) ;
#3484 = SURFACE_STYLE_FILL_AREA ( #361 ) ;
#3485 = DIRECTION ( 'NONE',  ( -1.000000000000000000, 0.0000000000000000000, -5.551115123125781500E-017 ) ) ;
#3486 = FILL_AREA_STYLE ('',( #583 ) ) ;
#3487 = EDGE_LOOP ( 'NONE', ( #1226, #505, #1337, #4023 ) ) ;
#3488 = CARTESIAN_POINT ( 'NONE',  ( 0.0000000000000000000, 3.050000000000001600, 9.700000000000001100 ) ) ;
#3489 = AXIS2_PLACEMENT_3D ( 'NONE', #2205, #1546, #1885 ) ;
#3490 = VERTEX_POINT ( 'NONE', #1664 ) ;
#3491 = CARTESIAN_POINT ( 'NONE',  ( -2.100000000000000500, -5.100000000000000500, -0.6828640358836497400 ) ) ;
#3492 = ORIENTED_EDGE ( 'NONE', *, *, #2248, .T. ) ;
#3493 = STYLED_ITEM ( 'NONE', ( #2550 ), #4061 ) ;
#3494 = EDGE_LOOP ( 'NONE', ( #2655, #3210, #3639, #3912, #166, #684, #839, #1148, #1299, #1915 ) ) ;
#3495 = SURFACE_STYLE_FILL_AREA ( #1636 ) ;
#3496 = ORIENTED_EDGE ( 'NONE', *, *, #1434, .F. ) ;
#3497 = CARTESIAN_POINT ( 'NONE',  ( -2.300000000000000300, -9.000000000000001800, -0.6500000000000001300 ) ) ;
#3498 = CARTESIAN_POINT ( 'NONE',  ( -2.234334088893483700, -5.111098169532656500, -0.6500000000000001300 ) ) ;
#3499 = SURFACE_STYLE_FILL_AREA ( #80 ) ;
#3500 = DIRECTION ( 'NONE',  ( -0.7071067811865441300, 0.0000000000000000000, -0.7071067811865510100 ) ) ;
#3501 = VERTEX_POINT ( 'NONE', #3410 ) ;
#3502 = AXIS2_PLACEMENT_3D ( 'NONE', #2327, #2315, #1972 ) ;
#3503 = MECHANICAL_DESIGN_GEOMETRIC_PRESENTATION_REPRESENTATION (  '', ( #3409 ), #3441 ) ;
#3504 = EDGE_LOOP ( 'NONE', ( #757, #1140, #880, #221, #3549, #1695 ) ) ;
#3505 = VERTEX_POINT ( 'NONE', #3397 ) ;
#3506 = MECHANICAL_DESIGN_GEOMETRIC_PRESENTATION_REPRESENTATION (  '', ( #1095 ), #1793 ) ;
#3507 = DIRECTION ( 'NONE',  ( 0.0000000000000000000, -1.000000000000000000, -0.0000000000000000000 ) ) ;
#3508 = CARTESIAN_POINT ( 'NONE',  ( -2.277699811295361700, -5.594226450277170100, -0.6492626980993558800 ) ) ;
#3509 = PRESENTATION_STYLE_ASSIGNMENT (( #1989 ) ) ;
#3510 = CARTESIAN_POINT ( 'NONE',  ( 1.200153863164406100E-015, -5.399999999999999500, 9.799999999999998900 ) ) ;
#3511 = COLOUR_RGB ( '',0.7960784313725489700, 0.8235294117647058400, 0.9372549019607843100 ) ;
#3512 = CIRCLE ( 'NONE', #2322, 8.599999999999999600 ) ;
#3513 = LINE ( 'NONE', #3318, #934 ) ;
#3514 = VERTEX_POINT ( 'NONE', #3072 ) ;
#3515 = DIRECTION ( 'NONE',  ( -0.7071067811865432400, 0.0000000000000000000, -0.7071067811865519000 ) ) ;
#3516 = LINE ( 'NONE', #1940, #2666 ) ;
#3517 = DIRECTION ( 'NONE',  ( -1.000000000000000000, -0.0000000000000000000, -0.0000000000000000000 ) ) ;
#3518 = LINE ( 'NONE', #2177, #938 ) ;
#3519 = ADVANCED_FACE ( 'NONE', ( #3156 ), #26, .T. ) ;
#3520 = ORIENTED_EDGE ( 'NONE', *, *, #1996, .F. ) ;
#3521 = CARTESIAN_POINT ( 'NONE',  ( 2.700000000000000200, -3.900000000000001700, 0.6500000000000000200 ) ) ;
#3522 = DIRECTION ( 'NONE',  ( 0.0000000000000000000, 0.0000000000000000000, 1.000000000000000000 ) ) ;
#3523 = DIRECTION ( 'NONE',  ( 0.0000000000000000000, -1.000000000000000000, 0.0000000000000000000 ) ) ;
#3524 = ORIENTED_EDGE ( 'NONE', *, *, #2708, .T. ) ;
#3525 = COLOUR_RGB ( '',0.7960784313725489700, 0.8235294117647058400, 0.9372549019607843100 ) ;
#3526 = ORIENTED_EDGE ( 'NONE', *, *, #2422, .F. ) ;
#3527 = SURFACE_SIDE_STYLE ('',( #2029 ) ) ;
#3528 = AXIS2_PLACEMENT_3D ( 'NONE', #2197, #3159, #1225 ) ;
#3529 = VERTEX_POINT ( 'NONE', #3871 ) ;
#3530 = ORIENTED_EDGE ( 'NONE', *, *, #1181, .F. ) ;
#3531 = ORIENTED_EDGE ( 'NONE', *, *, #3009, .T. ) ;
#3532 = MECHANICAL_DESIGN_GEOMETRIC_PRESENTATION_REPRESENTATION (  '', ( #3082 ), #3550 ) ;
#3533 = FACE_OUTER_BOUND ( 'NONE', #3494, .T. ) ;
#3534 = CARTESIAN_POINT ( 'NONE',  ( -2.700000000000000600, -5.500000000000000900, 0.6500000000000001300 ) ) ;
#3535 = VERTEX_POINT ( 'NONE', #37 ) ;
#3536 =( LENGTH_UNIT ( ) NAMED_UNIT ( * ) SI_UNIT ( .MILLI., .METRE. ) );
#3537 = CYLINDRICAL_SURFACE ( 'NONE', #790, 1.625000000000000700 ) ;
#3538 = ORIENTED_EDGE ( 'NONE', *, *, #1981, .T. ) ;
#3539 = DIRECTION ( 'NONE',  ( 0.0000000000000000000, 0.0000000000000000000, -1.000000000000000000 ) ) ;
#3540 = PRESENTATION_STYLE_ASSIGNMENT (( #3981 ) ) ;
#3541 = CARTESIAN_POINT ( 'NONE',  ( 0.0000000000000000000, -5.500000000000000900, 0.0000000000000000000 ) ) ;
#3542 = DIRECTION ( 'NONE',  ( -0.0000000000000000000, 0.2425356250363328300, 0.9701425001453319900 ) ) ;
#3543 = ORIENTED_EDGE ( 'NONE', *, *, #1737, .T. ) ;
#3544 = ADVANCED_FACE ( 'NONE', ( #3242 ), #2640, .T. ) ;
#3545 =( NAMED_UNIT ( * ) PLANE_ANGLE_UNIT ( ) SI_UNIT ( $, .RADIAN. ) );
#3546 = STYLED_ITEM ( 'NONE', ( #4098 ), #1015 ) ;
#3547 = B_SPLINE_CURVE_WITH_KNOTS ( 'NONE', 3,
 ( #3117, #525, #3734, #1843, #4024, #2167 ),
 .UNSPECIFIED., .F., .F.,
 ( 4, 2, 4 ),
 ( 0.0000000000000000000, 0.0001585434483496301800, 0.0003170868966992603700 ),
 .UNSPECIFIED. ) ;
#3548 = SURFACE_STYLE_FILL_AREA ( #3631 ) ;
#3549 = ORIENTED_EDGE ( 'NONE', *, *, #1538, .F. ) ;
#3550 =( GEOMETRIC_REPRESENTATION_CONTEXT ( 3 ) GLOBAL_UNCERTAINTY_ASSIGNED_CONTEXT ( ( #1946 ) ) GLOBAL_UNIT_ASSIGNED_CONTEXT ( ( #3005, #1063, #3324 ) ) REPRESENTATION_CONTEXT ( 'NONE', 'WORKASPACE' ) );
#3551 = CARTESIAN_POINT ( 'NONE',  ( 0.0000000000000000000, 3.050000000000001600, 0.0000000000000000000 ) ) ;
#3552 = FACE_BOUND ( 'NONE', #1166, .T. ) ;
#3553 = DIRECTION ( 'NONE',  ( 1.000000000000000000, 0.0000000000000000000, -0.0000000000000000000 ) ) ;
#3554 = STYLED_ITEM ( 'NONE', ( #2660 ), #1601 ) ;
#3555 = CARTESIAN_POINT ( 'NONE',  ( -9.675883622731150900, -5.032169795250138300, -1.850000000000001400 ) ) ;
#3556 = PRESENTATION_LAYER_ASSIGNMENT (  '', '', ( #2921 ) ) ;
#3557 = DIRECTION ( 'NONE',  ( 0.0000000000000000000, 0.0000000000000000000, 1.000000000000000000 ) ) ;
#3558 = VECTOR ( 'NONE', #968, 1000.000000000000000 ) ;
#3559 = ORIENTED_EDGE ( 'NONE', *, *, #3068, .F. ) ;
#3560 =( LENGTH_UNIT ( ) NAMED_UNIT ( * ) SI_UNIT ( .MILLI., .METRE. ) );
#3561 = UNCERTAINTY_MEASURE_WITH_UNIT (LENGTH_MEASURE( 1.000000000000000100E-005 ), #2395, 'distance_accuracy_value', 'NONE');
#3562 = EDGE_LOOP ( 'NONE', ( #3165, #447, #249, #3305, #3667, #2272, #3787, #2052, #808, #3733 ) ) ;
#3563 = DIRECTION ( 'NONE',  ( 5.551115123125781500E-017, 0.0000000000000000000, -1.000000000000000000 ) ) ;
#3564 =( NAMED_UNIT ( * ) SI_UNIT ( $, .STERADIAN. ) SOLID_ANGLE_UNIT ( ) );
#3565 = CARTESIAN_POINT ( 'NONE',  ( -2.299999999999998000, -5.900000000000001200, 1.850000000000000300 ) ) ;
#3566 = ORIENTED_EDGE ( 'NONE', *, *, #2299, .F. ) ;
#3567 = LINE ( 'NONE', #1342, #2729 ) ;
#3568 = EDGE_LOOP ( 'NONE', ( #294, #2682, #950, #4112, #999 ) ) ;
#3569 = ORIENTED_EDGE ( 'NONE', *, *, #2512, .T. ) ;
#3570 = COLOUR_RGB ( '',1.000000000000000000, 1.000000000000000000, 1.000000000000000000 ) ;
#3571 = ORIENTED_EDGE ( 'NONE', *, *, #3349, .T. ) ;
#3572 = ORIENTED_EDGE ( 'NONE', *, *, #1301, .T. ) ;
#3573 =( GEOMETRIC_REPRESENTATION_CONTEXT ( 3 ) GLOBAL_UNCERTAINTY_ASSIGNED_CONTEXT ( ( #3298 ) ) GLOBAL_UNIT_ASSIGNED_CONTEXT ( ( #1234, #3481, #1559 ) ) REPRESENTATION_CONTEXT ( 'NONE', 'WORKASPACE' ) );
#3574 =( NAMED_UNIT ( * ) PLANE_ANGLE_UNIT ( ) SI_UNIT ( $, .RADIAN. ) );
#3575 = ORIENTED_EDGE ( 'NONE', *, *, #2261, .T. ) ;
#3576 = ORIENTED_EDGE ( 'NONE', *, *, #1557, .F. ) ;
#3577 = DIRECTION ( 'NONE',  ( 5.551115123125781500E-017, 0.0000000000000000000, -1.000000000000000000 ) ) ;
#3578 = DIRECTION ( 'NONE',  ( 0.0000000000000000000, 0.0000000000000000000, 1.000000000000000000 ) ) ;
#3579 = FILL_AREA_STYLE ('',( #31 ) ) ;
#3580 = ORIENTED_EDGE ( 'NONE', *, *, #3101, .T. ) ;
#3581 = FACE_OUTER_BOUND ( 'NONE', #336, .T. ) ;
#3582 = MECHANICAL_DESIGN_GEOMETRIC_PRESENTATION_REPRESENTATION (  '', ( #2921 ), #337 ) ;
#3583 = DIRECTION ( 'NONE',  ( 0.0000000000000000000, 0.0000000000000000000, -1.000000000000000000 ) ) ;
#3584 = DIRECTION ( 'NONE',  ( 0.0000000000000000000, -1.000000000000000000, -0.0000000000000000000 ) ) ;
#3585 = CARTESIAN_POINT ( 'NONE',  ( 2.299999999999999800, -9.000000000000001800, 0.6500000000000000200 ) ) ;
#3586 =( LENGTH_UNIT ( ) NAMED_UNIT ( * ) SI_UNIT ( .MILLI., .METRE. ) );
#3587 = CARTESIAN_POINT ( 'NONE',  ( 0.0000000000000000000, -5.400000000000000400, 7.100000000000002300 ) ) ;
#3588 = CARTESIAN_POINT ( 'NONE',  ( 2.299999999999999800, -10.00000000000000200, 0.4000000000000000800 ) ) ;
#3589 =( NAMED_UNIT ( * ) SI_UNIT ( $, .STERADIAN. ) SOLID_ANGLE_UNIT ( ) );
#3590 = ORIENTED_EDGE ( 'NONE', *, *, #2757, .F. ) ;
#3591 = DIRECTION ( 'NONE',  ( 0.7071067811865440200, 0.0000000000000000000, 0.7071067811865510100 ) ) ;
#3592 = CARTESIAN_POINT ( 'NONE',  ( -2.299999999999998000, -5.900000000000001200, 1.850000000000000300 ) ) ;
#3593 = VECTOR ( 'NONE', #3854, 1000.000000000000000 ) ;
#3594 = MECHANICAL_DESIGN_GEOMETRIC_PRESENTATION_REPRESENTATION (  '', ( #3627 ), #3573 ) ;
#3595 = VECTOR ( 'NONE', #3773, 1000.000000000000000 ) ;
#3596 = LINE ( 'NONE', #3745, #836 ) ;
#3597 = ORIENTED_EDGE ( 'NONE', *, *, #2569, .F. ) ;
#3598 = ORIENTED_EDGE ( 'NONE', *, *, #2104, .F. ) ;
#3599 = SURFACE_STYLE_USAGE ( .BOTH. , #3613 ) ;
#3600 = COLOUR_RGB ( '',0.7960784313725489700, 0.8235294117647058400, 0.9372549019607843100 ) ;
#3601 = LINE ( 'NONE', #3534, #2771 ) ;
#3602 = PRESENTATION_LAYER_ASSIGNMENT (  '', '', ( #3627 ) ) ;
#3603 = DIRECTION ( 'NONE',  ( 0.0000000000000000000, -0.9701425001453319900, -0.2425356250363326900 ) ) ;
#3604 = LINE ( 'NONE', #529, #1032 ) ;
#3605 = CARTESIAN_POINT ( 'NONE',  ( -4.450000000000000200, -5.900000000000001200, -0.8999999999999999100 ) ) ;
#3606 = ORIENTED_EDGE ( 'NONE', *, *, #3223, .T. ) ;
#3607 = AXIS2_PLACEMENT_3D ( 'NONE', #2707, #767, #3032 ) ;
#3608 = DIRECTION ( 'NONE',  ( -3.652832005128305400E-016, 0.0000000000000000000, 1.000000000000000000 ) ) ;
#3609 =( NAMED_UNIT ( * ) SI_UNIT ( $, .STERADIAN. ) SOLID_ANGLE_UNIT ( ) );
#3610 = ADVANCED_FACE ( 'NONE', ( #29 ), #2256, .F. ) ;
#3611 = UNCERTAINTY_MEASURE_WITH_UNIT (LENGTH_MEASURE( 1.000000000000000100E-005 ), #2324, 'distance_accuracy_value', 'NONE');
#3612 = TOROIDAL_SURFACE ( 'NONE', #241, 6.399999999999998600, 0.1000000000000000100 ) ;
#3613 = SURFACE_SIDE_STYLE ('',( #2925 ) ) ;
#3614 =( LENGTH_UNIT ( ) NAMED_UNIT ( * ) SI_UNIT ( .MILLI., .METRE. ) );
#3615 = CARTESIAN_POINT ( 'NONE',  ( -4.666369038128030900, -5.400000000000000400, 4.666369038128048700 ) ) ;
#3616 = PRESENTATION_STYLE_ASSIGNMENT (( #1606 ) ) ;
#3617 = ADVANCED_FACE ( 'NONE', ( #619 ), #63, .F. ) ;
#3618 = EDGE_LOOP ( 'NONE', ( #2969, #3263, #3425, #3749 ) ) ;
#3619 = ORIENTED_EDGE ( 'NONE', *, *, #2537, .T. ) ;
#3620 = EDGE_LOOP ( 'NONE', ( #3233, #4117, #3040, #75 ) ) ;
#3621 = DIRECTION ( 'NONE',  ( -1.000000000000000000, 0.0000000000000000000, -8.491440303904564600E-017 ) ) ;
#3622 = AXIS2_PLACEMENT_3D ( 'NONE', #3702, #3685, #3657 ) ;
#3623 = ORIENTED_EDGE ( 'NONE', *, *, #3355, .F. ) ;
#3624 = CARTESIAN_POINT ( 'NONE',  ( 2.299999999999999800, -10.00000000000000200, 0.4000000000000000800 ) ) ;
#3625 = PRESENTATION_LAYER_ASSIGNMENT (  '', '', ( #3680 ) ) ;
#3626 = FACE_OUTER_BOUND ( 'NONE', #2840, .T. ) ;
#3627 = STYLED_ITEM ( 'NONE', ( #680 ), #1569 ) ;
#3628 = ADVANCED_FACE ( 'NONE', ( #3626 ), #417, .F. ) ;
#3629 = DIRECTION ( 'NONE',  ( -1.000000000000000000, 0.0000000000000000000, 1.224646799147353200E-016 ) ) ;
#3630 = STYLED_ITEM ( 'NONE', ( #2298 ), #3333 ) ;
#3631 = FILL_AREA_STYLE ('',( #404 ) ) ;
#3632 = UNCERTAINTY_MEASURE_WITH_UNIT (LENGTH_MEASURE( 1.000000000000000100E-005 ), #2944, 'distance_accuracy_value', 'NONE');
#3633 = TOROIDAL_SURFACE ( 'NONE', #705, 0.2000000000000000100, 0.1000000000000000100 ) ;
#3634 =( NAMED_UNIT ( * ) SI_UNIT ( $, .STERADIAN. ) SOLID_ANGLE_UNIT ( ) );
#3635 = CARTESIAN_POINT ( 'NONE',  ( -8.300000000000002500, -10.00000000000000000, -0.4000000000000001900 ) ) ;
#3636 = DIRECTION ( 'NONE',  ( 0.0000000000000000000, 0.0000000000000000000, 1.000000000000000000 ) ) ;
#3637 = ADVANCED_FACE ( 'NONE', ( #4119 ), #3909, .T. ) ;
#3638 = FILL_AREA_STYLE ('',( #3661 ) ) ;
#3639 = ORIENTED_EDGE ( 'NONE', *, *, #2542, .F. ) ;
#3640 = SURFACE_SIDE_STYLE ('',( #2013 ) ) ;
#3641 = DIRECTION ( 'NONE',  ( 0.0000000000000000000, 1.000000000000000000, 0.0000000000000000000 ) ) ;
#3642 = CARTESIAN_POINT ( 'NONE',  ( 2.750000000000000900, -5.900000000000001200, 0.7000000000000001800 ) ) ;
#3643 = ADVANCED_FACE ( 'NONE', ( #3846 ), #136, .T. ) ;
#3644 = COLOUR_RGB ( '',0.7529411764705882200, 0.7529411764705882200, 0.7529411764705882200 ) ;
#3645 = VECTOR ( 'NONE', #838, 1000.000000000000000 ) ;
#3646 = CIRCLE ( 'NONE', #2871, 0.8999999999999996900 ) ;
#3647 = DIRECTION ( 'NONE',  ( -0.0000000000000000000, -1.000000000000000000, -0.0000000000000000000 ) ) ;
#3648 = CIRCLE ( 'NONE', #2531, 0.1000000000000002600 ) ;
#3649 = AXIS2_PLACEMENT_3D ( 'NONE', #236, #2519, #571 ) ;
#3650 = VERTEX_POINT ( 'NONE', #3955 ) ;
#3651 = MECHANICAL_DESIGN_GEOMETRIC_PRESENTATION_REPRESENTATION (  '', ( #3708 ), #2916 ) ;
#3652 = CARTESIAN_POINT ( 'NONE',  ( 0.0000000000000000000, 2.550000000000001200, 0.0000000000000000000 ) ) ;
#3653 = CARTESIAN_POINT ( 'NONE',  ( -6.000000000000000000, -5.300000000000001600, -1.850000000000001200 ) ) ;
#3654 = PRESENTATION_STYLE_ASSIGNMENT (( #2100 ) ) ;
#3655 = CARTESIAN_POINT ( 'NONE',  ( -2.299999999999998000, -5.900000000000001200, 1.850000000000000300 ) ) ;
#3656 = CARTESIAN_POINT ( 'NONE',  ( -2.299999999999998000, -5.900000000000001200, -1.850000000000000800 ) ) ;
#3657 = DIRECTION ( 'NONE',  ( 0.0000000000000000000, 0.0000000000000000000, 1.000000000000000000 ) ) ;
#3658 = PLANE ( 'NONE',  #932 ) ;
#3659 = LINE ( 'NONE', #2300, #1104 ) ;
#3660 = ORIENTED_EDGE ( 'NONE', *, *, #1369, .F. ) ;
#3661 = FILL_AREA_STYLE_COLOUR ( '', #3758 ) ;
#3662 = CIRCLE ( 'NONE', #961, 10.40000000000000000 ) ;
#3663 =( NAMED_UNIT ( * ) PLANE_ANGLE_UNIT ( ) SI_UNIT ( $, .RADIAN. ) );
#3664 = DIRECTION ( 'NONE',  ( 0.0000000000000000000, 0.0000000000000000000, 1.000000000000000000 ) ) ;
#3665 = UNCERTAINTY_MEASURE_WITH_UNIT (LENGTH_MEASURE( 1.000000000000000100E-005 ), #3280, 'distance_accuracy_value', 'NONE');
#3666 = ORIENTED_EDGE ( 'NONE', *, *, #3271, .T. ) ;
#3667 = ORIENTED_EDGE ( 'NONE', *, *, #2884, .F. ) ;
#3668 = PLANE ( 'NONE',  #2597 ) ;
#3669 = ORIENTED_EDGE ( 'NONE', *, *, #1133, .F. ) ;
#3670 =( LENGTH_UNIT ( ) NAMED_UNIT ( * ) SI_UNIT ( .MILLI., .METRE. ) );
#3671 = DIRECTION ( 'NONE',  ( -0.7071067811865474600, 0.0000000000000000000, -0.7071067811865474600 ) ) ;
#3672 = AXIS2_PLACEMENT_3D ( 'NONE', #884, #3153, #1216 ) ;
#3673 = SURFACE_STYLE_USAGE ( .BOTH. , #453 ) ;
#3674 = PRESENTATION_STYLE_ASSIGNMENT (( #3091 ) ) ;
#3675 = AXIS2_PLACEMENT_3D ( 'NONE', #3656, #1747, #3944 ) ;
#3676 = AXIS2_PLACEMENT_3D ( 'NONE', #547, #2813, #871 ) ;
#3677 = CARTESIAN_POINT ( 'NONE',  ( -2.300000000000000300, -12.50000000000000000, -0.05000000000000046800 ) ) ;
#3678 = PRESENTATION_STYLE_ASSIGNMENT (( #3929 ) ) ;
#3679 = CARTESIAN_POINT ( 'NONE',  ( -2.299999999999998900, -5.900000000000001200, 1.275000000000000100 ) ) ;
#3680 = STYLED_ITEM ( 'NONE', ( #3041 ), #3643 ) ;
#3681 = CARTESIAN_POINT ( 'NONE',  ( 2.700000000000000200, -11.45000000000000100, 0.05000000000000035000 ) ) ;
#3682 = ORIENTED_EDGE ( 'NONE', *, *, #3002, .F. ) ;
#3683 = CARTESIAN_POINT ( 'NONE',  ( -4.947170607461567100, -5.500000000000000900, -5.092691133444906100 ) ) ;
#3684 = FILL_AREA_STYLE_COLOUR ( '', #2532 ) ;
#3685 = DIRECTION ( 'NONE',  ( 0.0000000000000000000, -1.000000000000000000, 0.0000000000000000000 ) ) ;
#3686 = ORIENTED_EDGE ( 'NONE', *, *, #2194, .F. ) ;
#3687 = LINE ( 'NONE', #1975, #1019 ) ;
#3688 = CYLINDRICAL_SURFACE ( 'NONE', #3489, 0.2000000000000000900 ) ;
#3689 =( NAMED_UNIT ( * ) PLANE_ANGLE_UNIT ( ) SI_UNIT ( $, .RADIAN. ) );
#3690 = CARTESIAN_POINT ( 'NONE',  ( 8.750000000000001800, -5.500000000000001800, 1.071565949253934100E-015 ) ) ;
#3691 = LINE ( 'NONE', #807, #2005 ) ;
#3692 = PLANE ( 'NONE',  #2877 ) ;
#3693 = ORIENTED_EDGE ( 'NONE', *, *, #1448, .T. ) ;
#3694 = PLANE ( 'NONE',  #1762 ) ;
#3695 = CIRCLE ( 'NONE', #3074, 0.5999999999999998700 ) ;
#3696 = AXIS2_PLACEMENT_3D ( 'NONE', #3817, #3523, #3205 ) ;
#3697 = COLOUR_RGB ( '',1.000000000000000000, 1.000000000000000000, 1.000000000000000000 ) ;
#3698 = VECTOR ( 'NONE', #2252, 1000.000000000000000 ) ;
#3699 = LINE ( 'NONE', #3094, #280 ) ;
#3700 = DIRECTION ( 'NONE',  ( 0.0000000000000000000, -0.9701425001453318800, -0.2425356250363331400 ) ) ;
#3701 =( LENGTH_UNIT ( ) NAMED_UNIT ( * ) SI_UNIT ( .MILLI., .METRE. ) );
#3702 = CARTESIAN_POINT ( 'NONE',  ( 0.0000000000000000000, -5.400000000000000400, 0.0000000000000000000 ) ) ;
#3703 = FACE_OUTER_BOUND ( 'NONE', #244, .T. ) ;
#3704 = ORIENTED_EDGE ( 'NONE', *, *, #2598, .F. ) ;
#3705 = AXIS2_PLACEMENT_3D ( 'NONE', #1923, #1286, #1272 ) ;
#3706 = CARTESIAN_POINT ( 'NONE',  ( 0.0000000000000000000, -5.400000000000000400, 0.0000000000000000000 ) ) ;
#3707 = DIRECTION ( 'NONE',  ( -1.000000000000000000, -9.912705577010326800E-017, 0.0000000000000000000 ) ) ;
#3708 = STYLED_ITEM ( 'NONE', ( #3509 ), #3273 ) ;
#3709 = VERTEX_POINT ( 'NONE', #452 ) ;
#3710 = FACE_OUTER_BOUND ( 'NONE', #1325, .T. ) ;
#3711 = COLOUR_RGB ( '',0.7960784313725489700, 0.8235294117647058400, 0.9372549019607843100 ) ;
#3712 = DIRECTION ( 'NONE',  ( 0.0000000000000000000, 0.0000000000000000000, 1.000000000000000000 ) ) ;
#3713 = PRODUCT_DEFINITION ( 'UNKNOWN', '', #4073, #1959 ) ;
#3714 =( LENGTH_UNIT ( ) NAMED_UNIT ( * ) SI_UNIT ( .MILLI., .METRE. ) );
#3715 =( LENGTH_UNIT ( ) NAMED_UNIT ( * ) SI_UNIT ( .MILLI., .METRE. ) );
#3716 = CIRCLE ( 'NONE', #307, 6.400000000000000400 ) ;
#3717 = EDGE_LOOP ( 'NONE', ( #1955, #2231, #2311, #2526 ) ) ;
#3718 = ORIENTED_EDGE ( 'NONE', *, *, #2154, .F. ) ;
#3719 = DIRECTION ( 'NONE',  ( 0.7071067811865475700, 0.0000000000000000000, -0.7071067811865475700 ) ) ;
#3720 = ORIENTED_EDGE ( 'NONE', *, *, #1564, .F. ) ;
#3721 = SURFACE_STYLE_FILL_AREA ( #1161 ) ;
#3722 = UNCERTAINTY_MEASURE_WITH_UNIT (LENGTH_MEASURE( 1.000000000000000100E-005 ), #3435, 'distance_accuracy_value', 'NONE');
#3723 =( NAMED_UNIT ( * ) SI_UNIT ( $, .STERADIAN. ) SOLID_ANGLE_UNIT ( ) );
#3724 = CARTESIAN_POINT ( 'NONE',  ( 1.273632671113247300E-015, 2.550000000000001200, 10.40000000000000000 ) ) ;
#3725 = CARTESIAN_POINT ( 'NONE',  ( -9.676947267549925500, -5.151883181199486300, -1.850000000000001400 ) ) ;
#3726 = ADVANCED_FACE ( 'NONE', ( #3581 ), #125, .F. ) ;
#3727 = AXIS2_PLACEMENT_3D ( 'NONE', #1859, #4036, #2190 ) ;
#3728 =( NAMED_UNIT ( * ) SI_UNIT ( $, .STERADIAN. ) SOLID_ANGLE_UNIT ( ) );
#3729 = UNCERTAINTY_MEASURE_WITH_UNIT (LENGTH_MEASURE( 1.000000000000000100E-005 ), #2045, 'distance_accuracy_value', 'NONE');
#3730 = MECHANICAL_DESIGN_GEOMETRIC_PRESENTATION_REPRESENTATION (  '', ( #3680 ), #2823 ) ;
#3731 = UNCERTAINTY_MEASURE_WITH_UNIT (LENGTH_MEASURE( 1.000000000000000100E-005 ), #3586, 'distance_accuracy_value', 'NONE');
#3732 = CARTESIAN_POINT ( 'NONE',  ( 2.500000000000000900, -5.900000000000001200, -1.625000000000000400 ) ) ;
#3733 = ORIENTED_EDGE ( 'NONE', *, *, #2292, .F. ) ;
#3734 = CARTESIAN_POINT ( 'NONE',  ( -9.651023312553562100, -4.804354179868401100, -1.850000000000001600 ) ) ;
#3735 = UNCERTAINTY_MEASURE_WITH_UNIT (LENGTH_MEASURE( 1.000000000000000100E-005 ), #3227, 'distance_accuracy_value', 'NONE');
#3736 = SURFACE_SIDE_STYLE ('',( #2827 ) ) ;
#3737 = CARTESIAN_POINT ( 'NONE',  ( 2.700000000000000200, -4.200000000000001100, -1.849999999999999200 ) ) ;
#3738 = VERTEX_POINT ( 'NONE', #1771 ) ;
#3739 = CARTESIAN_POINT ( 'NONE',  ( 2.299999999999999800, -11.80000000000000100, 0.05000000000000035000 ) ) ;
#3740 = AXIS2_PLACEMENT_3D ( 'NONE', #4027, #1861, #4038 ) ;
#3741 = VECTOR ( 'NONE', #2074, 1000.000000000000000 ) ;
#3742 = VERTEX_POINT ( 'NONE', #486 ) ;
#3743 = CIRCLE ( 'NONE', #2564, 0.1000000000000004800 ) ;
#3744 = CARTESIAN_POINT ( 'NONE',  ( -4.596194077712550700, -5.400000000000000400, 4.596194077712567600 ) ) ;
#3745 = CARTESIAN_POINT ( 'NONE',  ( -2.299999999999998500, -5.900000000000001200, 0.6999999999999998400 ) ) ;
#3746 = CIRCLE ( 'NONE', #3857, 1.700000000000000800 ) ;
#3747 = VECTOR ( 'NONE', #3164, 1000.000000000000000 ) ;
#3748 = PRESENTATION_STYLE_ASSIGNMENT (( #1444 ) ) ;
#3749 = ORIENTED_EDGE ( 'NONE', *, *, #1285, .F. ) ;
#3750 = CARTESIAN_POINT ( 'NONE',  ( -9.672916788056541600, -4.698254692900326800, -1.850000000000001200 ) ) ;
#3751 = COLOUR_RGB ( '',0.0000000000000000000, 0.3843137254901960500, 0.7215686274509803800 ) ;
#3752 =( GEOMETRIC_REPRESENTATION_CONTEXT ( 3 ) GLOBAL_UNCERTAINTY_ASSIGNED_CONTEXT ( ( #1411 ) ) GLOBAL_UNIT_ASSIGNED_CONTEXT ( ( #315, #304, #2041 ) ) REPRESENTATION_CONTEXT ( 'NONE', 'WORKASPACE' ) );
#3753 = SURFACE_STYLE_USAGE ( .BOTH. , #1540 ) ;
#3754 = CARTESIAN_POINT ( 'NONE',  ( -4.807813688941523700, -5.400000000000000400, 4.949235045178852500 ) ) ;
#3755 = MECHANICAL_DESIGN_GEOMETRIC_PRESENTATION_REPRESENTATION (  '', ( #1012 ), #3270 ) ;
#3756 = CARTESIAN_POINT ( 'NONE',  ( -4.456395985463636600, -5.400000000000000400, 4.593531846057408600 ) ) ;
#3757 = CARTESIAN_POINT ( 'NONE',  ( -2.700000000000000600, -12.50000000000000000, -0.6500000000000001300 ) ) ;
#3758 = COLOUR_RGB ( '',0.0000000000000000000, 0.3843137254901960500, 0.7215686274509803800 ) ;
#3759 = VECTOR ( 'NONE', #2064, 1000.000000000000000 ) ;
#3760 = VERTEX_POINT ( 'NONE', #2420 ) ;
#3761 = DIRECTION ( 'NONE',  ( 0.7071067811865474600, 0.0000000000000000000, 0.7071067811865474600 ) ) ;
#3762 = PRESENTATION_LAYER_ASSIGNMENT (  '', '', ( #3708 ) ) ;
#3763 = CYLINDRICAL_SURFACE ( 'NONE', #72, 0.5750000000000002900 ) ;
#3764 = ORIENTED_EDGE ( 'NONE', *, *, #2601, .F. ) ;
#3765 = EDGE_LOOP ( 'NONE', ( #2928, #1454, #1053, #71 ) ) ;
#3766 = FILL_AREA_STYLE_COLOUR ( '', #3358 ) ;
#3767 =( NAMED_UNIT ( * ) PLANE_ANGLE_UNIT ( ) SI_UNIT ( $, .RADIAN. ) );
#3768 = ORIENTED_EDGE ( 'NONE', *, *, #2893, .F. ) ;
#3769 = DIRECTION ( 'NONE',  ( 0.0000000000000000000, 1.000000000000000000, 1.951563910473908200E-016 ) ) ;
#3770 = OPEN_SHELL ( 'NONE', ( #1722, #1740, #3466, #2211, #412, #3300, #3775, #3858, #3726, #3628, #1432, #4068, #3771, #3637, #1806, #3519, #2375 ) ) ;
#3771 = ADVANCED_FACE ( 'NONE', ( #714, #1585 ), #2752, .F. ) ;
#3772 = FILL_AREA_STYLE_COLOUR ( '', #1957 ) ;
#3773 = DIRECTION ( 'NONE',  ( 0.0000000000000000000, 1.000000000000000000, -0.0000000000000000000 ) ) ;
#3774 =( GEOMETRIC_REPRESENTATION_CONTEXT ( 3 ) GLOBAL_UNCERTAINTY_ASSIGNED_CONTEXT ( ( #3254 ) ) GLOBAL_UNIT_ASSIGNED_CONTEXT ( ( #1202, #3458, #1536 ) ) REPRESENTATION_CONTEXT ( 'NONE', 'WORKASPACE' ) );
#3775 = ADVANCED_FACE ( 'NONE', ( #1282 ), #1726, .T. ) ;
#3776 = VERTEX_POINT ( 'NONE', #520 ) ;
#3777 = CARTESIAN_POINT ( 'NONE',  ( 0.0000000000000000000, -5.400000000000000400, 0.0000000000000000000 ) ) ;
#3778 = VERTEX_POINT ( 'NONE', #2789 ) ;
#3779 = SURFACE_STYLE_FILL_AREA ( #320 ) ;
#3780 = DIRECTION ( 'NONE',  ( 0.0000000000000000000, 0.0000000000000000000, 1.000000000000000000 ) ) ;
#3781 = DIRECTION ( 'NONE',  ( 1.000000000000000000, 0.0000000000000000000, 2.610789942346999600E-017 ) ) ;
#3782 = SURFACE_STYLE_FILL_AREA ( #1643 ) ;
#3783 =( GEOMETRIC_REPRESENTATION_CONTEXT ( 3 ) GLOBAL_UNCERTAINTY_ASSIGNED_CONTEXT ( ( #3995 ) ) GLOBAL_UNIT_ASSIGNED_CONTEXT ( ( #4026, #2170, #211 ) ) REPRESENTATION_CONTEXT ( 'NONE', 'WORKASPACE' ) );
#3784 = SURFACE_STYLE_USAGE ( .BOTH. , #1566 ) ;
#3785 = CARTESIAN_POINT ( 'NONE',  ( 0.0000000000000000000, 3.150000000000000800, 0.0000000000000000000 ) ) ;
#3786 = DIRECTION ( 'NONE',  ( -0.0000000000000000000, 1.000000000000000000, -0.0000000000000000000 ) ) ;
#3787 = ORIENTED_EDGE ( 'NONE', *, *, #2362, .F. ) ;
#3788 = ORIENTED_EDGE ( 'NONE', *, *, #3029, .F. ) ;
#3789 = CIRCLE ( 'NONE', #1435, 9.651737757881006600 ) ;
#3790 = COLOUR_RGB ( '',0.7960784313725489700, 0.8235294117647058400, 0.9372549019607843100 ) ;
#3791 = ORIENTED_EDGE ( 'NONE', *, *, #2727, .F. ) ;
#3792 = VERTEX_POINT ( 'NONE', #2464 ) ;
#3793 = DIRECTION ( 'NONE',  ( -1.224646799147350500E-016, 1.000000000000000000, -0.0000000000000000000 ) ) ;
#3794 = LINE ( 'NONE', #3744, #1256 ) ;
#3795 = CARTESIAN_POINT ( 'NONE',  ( -9.461104586674856900, -5.500000000000000900, -1.899999999999999900 ) ) ;
#3796 = CIRCLE ( 'NONE', #3142, 0.3499999999999999800 ) ;
#3797 = DIRECTION ( 'NONE',  ( 0.7071067811865474600, 0.0000000000000000000, -0.7071067811865474600 ) ) ;
#3798 = ORIENTED_EDGE ( 'NONE', *, *, #3240, .T. ) ;
#3799 = VECTOR ( 'NONE', #3986, 1000.000000000000000 ) ;
#3800 = MECHANICAL_DESIGN_GEOMETRIC_PRESENTATION_REPRESENTATION (  '', ( #3822 ), #3783 ) ;
#3801 = VECTOR ( 'NONE', #3308, 1000.000000000000000 ) ;
#3802 = CARTESIAN_POINT ( 'NONE',  ( -2.300000000000000300, -5.700000000000000200, -0.6500000000000001300 ) ) ;
#3803 = EDGE_LOOP ( 'NONE', ( #3885, #2759, #2049, #324 ) ) ;
#3804 = DIRECTION ( 'NONE',  ( -1.224646799147353200E-016, 0.0000000000000000000, -1.000000000000000000 ) ) ;
#3805 = PRESENTATION_LAYER_ASSIGNMENT (  '', '', ( #3822 ) ) ;
#3806 = VECTOR ( 'NONE', #2800, 1000.000000000000000 ) ;
#3807 = ORIENTED_EDGE ( 'NONE', *, *, #1825, .F. ) ;
#3808 =( GEOMETRIC_REPRESENTATION_CONTEXT ( 3 ) GLOBAL_UNCERTAINTY_ASSIGNED_CONTEXT ( ( #2079 ) ) GLOBAL_UNIT_ASSIGNED_CONTEXT ( ( #2429, #480, #2749 ) ) REPRESENTATION_CONTEXT ( 'NONE', 'WORKASPACE' ) );
#3809 = ORIENTED_EDGE ( 'NONE', *, *, #1369, .T. ) ;
#3810 = VECTOR ( 'NONE', #2674, 1000.000000000000000 ) ;
#3811 = CARTESIAN_POINT ( 'NONE',  ( -4.949235045178833800, -5.400000000000000400, -4.807813688941544200 ) ) ;
#3812 = EDGE_LOOP ( 'NONE', ( #2891, #184, #3889, #1172, #2731, #1195, #1799, #2792, #1082, #952 ) ) ;
#3813 = FILL_AREA_STYLE ('',( #632 ) ) ;
#3814 = DIRECTION ( 'NONE',  ( -1.000000000000000000, 0.0000000000000000000, -0.0000000000000000000 ) ) ;
#3815 = CARTESIAN_POINT ( 'NONE',  ( -2.700000000000000600, -12.50000000000000000, 0.6500000000000001300 ) ) ;
#3816 = PRESENTATION_STYLE_ASSIGNMENT (( #2108 ) ) ;
#3817 = CARTESIAN_POINT ( 'NONE',  ( 2.500000000000000400, -5.500000000000000900, 0.0000000000000000000 ) ) ;
#3818 = PRESENTATION_LAYER_ASSIGNMENT (  '', '', ( #4011 ) ) ;
#3819 =( LENGTH_UNIT ( ) NAMED_UNIT ( * ) SI_UNIT ( .MILLI., .METRE. ) );
#3820 = AXIS2_PLACEMENT_3D ( 'NONE', #3642, #1736, #3931 ) ;
#3821 = CARTESIAN_POINT ( 'NONE',  ( -4.947170607461567100, -5.400000000000000400, -5.092691133444906100 ) ) ;
#3822 = STYLED_ITEM ( 'NONE', ( #1087 ), #1535 ) ;
#3823 = DIRECTION ( 'NONE',  ( 0.0000000000000000000, 1.000000000000000000, -0.0000000000000000000 ) ) ;
#3824 = MECHANICAL_DESIGN_GEOMETRIC_PRESENTATION_REPRESENTATION (  '', ( #4069 ), #1416 ) ;
#3825 =( NAMED_UNIT ( * ) SI_UNIT ( $, .STERADIAN. ) SOLID_ANGLE_UNIT ( ) );
#3826 = VERTEX_POINT ( 'NONE', #1179 ) ;
#3827 = EDGE_LOOP ( 'NONE', ( #577, #1390, #470, #530 ) ) ;
#3828 = LINE ( 'NONE', #1070, #1297 ) ;
#3829 = ORIENTED_EDGE ( 'NONE', *, *, #1773, .F. ) ;
#3830 = FACE_OUTER_BOUND ( 'NONE', #251, .T. ) ;
#3831 = VECTOR ( 'NONE', #239, 1000.000000000000000 ) ;
#3832 = ORIENTED_EDGE ( 'NONE', *, *, #1448, .F. ) ;
#3833 = LINE ( 'NONE', #3370, #3020 ) ;
#3834 = DIRECTION ( 'NONE',  ( 0.0000000000000000000, 0.0000000000000000000, 1.000000000000000000 ) ) ;
#3835 = UNCERTAINTY_MEASURE_WITH_UNIT (LENGTH_MEASURE( 1.000000000000000100E-005 ), #1113, 'distance_accuracy_value', 'NONE');
#3836 = CARTESIAN_POINT ( 'NONE',  ( 2.500000000000000900, -5.900000000000001200, 1.387778780781445900E-016 ) ) ;
#3837 = UNCERTAINTY_MEASURE_WITH_UNIT (LENGTH_MEASURE( 1.000000000000000100E-005 ), #3048, 'distance_accuracy_value', 'NONE');
#3838 = LINE ( 'NONE', #3655, #3759 ) ;
#3839 = ORIENTED_EDGE ( 'NONE', *, *, #3286, .F. ) ;
#3840 = AXIS2_PLACEMENT_3D ( 'NONE', #3119, #1183, #3444 ) ;
#3841 = DIRECTION ( 'NONE',  ( 0.0000000000000000000, 0.0000000000000000000, 1.000000000000000000 ) ) ;
#3842 = ORIENTED_EDGE ( 'NONE', *, *, #2850, .F. ) ;
#3843 = DIRECTION ( 'NONE',  ( 1.000000000000000000, -0.0000000000000000000, 5.551115123125782100E-017 ) ) ;
#3844 = ORIENTED_EDGE ( 'NONE', *, *, #2248, .F. ) ;
#3845 = SURFACE_SIDE_STYLE ('',( #3495 ) ) ;
#3846 = FACE_OUTER_BOUND ( 'NONE', #1479, .T. ) ;
#3847 = CARTESIAN_POINT ( 'NONE',  ( -4.450000000000000200, -5.900000000000001200, 0.8999999999999992500 ) ) ;
#3848 = VERTEX_POINT ( 'NONE', #3109 ) ;
#3849 = DIRECTION ( 'NONE',  ( 0.0000000000000000000, 1.000000000000000000, 0.0000000000000000000 ) ) ;
#3850 = ADVANCED_FACE ( 'NONE', ( #957 ), #3151, .F. ) ;
#3851 = DIRECTION ( 'NONE',  ( 0.0000000000000000000, 0.0000000000000000000, -1.000000000000000000 ) ) ;
#3852 = DIRECTION ( 'NONE',  ( 0.6967845926002210800, 0.0000000000000000000, 0.7172804413302679100 ) ) ;
#3853 = ORIENTED_EDGE ( 'NONE', *, *, #3002, .T. ) ;
#3854 = DIRECTION ( 'NONE',  ( 1.000000000000000000, 0.0000000000000000000, 2.610789942346999600E-017 ) ) ;
#3855 = ORIENTED_EDGE ( 'NONE', *, *, #3214, .T. ) ;
#3856 = ORIENTED_EDGE ( 'NONE', *, *, #1591, .F. ) ;
#3857 = AXIS2_PLACEMENT_3D ( 'NONE', #1831, #4007, #2157 ) ;
#3858 = ADVANCED_FACE ( 'NONE', ( #1429 ), #1188, .F. ) ;
#3859 = CARTESIAN_POINT ( 'NONE',  ( 2.700000000000000200, -4.500000000000001800, 0.6500000000000000200 ) ) ;
#3860 = VERTEX_POINT ( 'NONE', #1526 ) ;
#3861 = MECHANICAL_DESIGN_GEOMETRIC_PRESENTATION_REPRESENTATION (  '', ( #3887 ), #2976 ) ;
#3862 = CARTESIAN_POINT ( 'NONE',  ( -9.472778987546679000, -5.300000000000001600, -1.850000000000001200 ) ) ;
#3863 = DIRECTION ( 'NONE',  ( 0.7172804413302680300, 6.221416102173101900E-015, -0.6967845926002211900 ) ) ;
#3864 = ORIENTED_EDGE ( 'NONE', *, *, #1464, .T. ) ;
#3865 = AXIS2_PLACEMENT_3D ( 'NONE', #3089, #1158, #3411 ) ;
#3866 = SURFACE_SIDE_STYLE ('',( #157 ) ) ;
#3867 = CARTESIAN_POINT ( 'NONE',  ( 0.0000000000000000000, 0.1293752051230246100, 0.0000000000000000000 ) ) ;
#3868 = AXIS2_PLACEMENT_3D ( 'NONE', #3592, #1682, #3883 ) ;
#3869 = VECTOR ( 'NONE', #2637, 1000.000000000000000 ) ;
#3870 = DIRECTION ( 'NONE',  ( 0.0000000000000000000, 1.000000000000000000, 0.0000000000000000000 ) ) ;
#3871 = CARTESIAN_POINT ( 'NONE',  ( -2.300000000000000300, -5.100000000000000500, -1.899999999999999900 ) ) ;
#3872 = ADVANCED_FACE ( 'NONE', ( #1979 ), #2545, .F. ) ;
#3873 = CIRCLE ( 'NONE', #1785, 0.1000000000000001400 ) ;
#3874 = CARTESIAN_POINT ( 'NONE',  ( -2.700000000000000600, -9.000000000000001800, -0.6500000000000001300 ) ) ;
#3875 = DIRECTION ( 'NONE',  ( 0.0000000000000000000, 0.0000000000000000000, -1.000000000000000000 ) ) ;
#3876 = CARTESIAN_POINT ( 'NONE',  ( -4.807813688941522800, -5.400000000000000400, -4.949235045178851600 ) ) ;
#3877 = COLOUR_RGB ( '',0.7960784313725489700, 0.8235294117647058400, 0.9372549019607843100 ) ;
#3878 = LINE ( 'NONE', #2130, #3799 ) ;
#3879 = CARTESIAN_POINT ( 'NONE',  ( -2.299999999999998500, -5.900000000000001200, -0.7000000000000002900 ) ) ;
#3880 = VERTEX_POINT ( 'NONE', #3460 ) ;
#3881 = DIRECTION ( 'NONE',  ( 0.0000000000000000000, 0.0000000000000000000, -1.000000000000000000 ) ) ;
#3882 = VECTOR ( 'NONE', #3621, 1000.000000000000000 ) ;
#3883 = DIRECTION ( 'NONE',  ( 1.000000000000000000, 0.0000000000000000000, 2.610789942346999000E-017 ) ) ;
#3884 = ORIENTED_EDGE ( 'NONE', *, *, #2932, .T. ) ;
#3885 = ORIENTED_EDGE ( 'NONE', *, *, #2867, .T. ) ;
#3886 = CARTESIAN_POINT ( 'NONE',  ( 0.0000000000000000000, 0.1293752051230246100, -8.199999999999999300 ) ) ;
#3887 = STYLED_ITEM ( 'NONE', ( #3335 ), #3637 ) ;
#3888 = VECTOR ( 'NONE', #835, 1000.000000000000000 ) ;
#3889 = ORIENTED_EDGE ( 'NONE', *, *, #1651, .F. ) ;
#3890 = UNCERTAINTY_MEASURE_WITH_UNIT (LENGTH_MEASURE( 1.000000000000000100E-005 ), #2733, 'distance_accuracy_value', 'NONE');
#3891 = ORIENTED_EDGE ( 'NONE', *, *, #2457, .T. ) ;
#3892 = AXIS2_PLACEMENT_3D ( 'NONE', #631, #613, #291 ) ;
#3893 = CARTESIAN_POINT ( 'NONE',  ( -4.450000000000000200, -4.900000000000001200, -0.8999999999999999100 ) ) ;
#3894 = CIRCLE ( 'NONE', #1594, 8.199999999999999300 ) ;
#3895 = CARTESIAN_POINT ( 'NONE',  ( -2.300000000000000300, -12.15000000000000000, -0.05000000000000050900 ) ) ;
#3896 = ORIENTED_EDGE ( 'NONE', *, *, #1247, .F. ) ;
#3897 =( GEOMETRIC_REPRESENTATION_CONTEXT ( 3 ) GLOBAL_UNCERTAINTY_ASSIGNED_CONTEXT ( ( #2696 ) ) GLOBAL_UNIT_ASSIGNED_CONTEXT ( ( #1048, #3309, #1392 ) ) REPRESENTATION_CONTEXT ( 'NONE', 'WORKASPACE' ) );
#3898 = PLANE ( 'NONE',  #3315 ) ;
#3899 = TOROIDAL_SURFACE ( 'NONE', #1289, 0.2000000000000000100, 0.1000000000000000100 ) ;
#3900 = PRESENTATION_STYLE_ASSIGNMENT (( #742 ) ) ;
#3901 = DIRECTION ( 'NONE',  ( 0.0000000000000000000, -1.000000000000000000, 0.0000000000000000000 ) ) ;
#3902 = DIRECTION ( 'NONE',  ( -0.0000000000000000000, -1.000000000000000000, -0.0000000000000000000 ) ) ;
#3903 = ADVANCED_FACE ( 'NONE', ( #3337 ), #3668, .F. ) ;
#3904 = COLOUR_RGB ( '',0.7960784313725489700, 0.8235294117647058400, 0.9372549019607843100 ) ;
#3905 = DIRECTION ( 'NONE',  ( 0.0000000000000000000, 0.0000000000000000000, -1.000000000000000000 ) ) ;
#3906 =( NAMED_UNIT ( * ) SI_UNIT ( $, .STERADIAN. ) SOLID_ANGLE_UNIT ( ) );
#3907 = CARTESIAN_POINT ( 'NONE',  ( -8.021436534415164200E-016, -5.400000000000000400, -6.499999999999999100 ) ) ;
#3908 = DIRECTION ( 'NONE',  ( 0.0000000000000000000, 1.000000000000000000, 0.0000000000000000000 ) ) ;
#3909 = PLANE ( 'NONE',  #3675 ) ;
#3910 = SURFACE_STYLE_FILL_AREA ( #2022 ) ;
#3911 = FILL_AREA_STYLE_COLOUR ( '', #611 ) ;
#3912 = ORIENTED_EDGE ( 'NONE', *, *, #3214, .F. ) ;
#3913 = AXIS2_PLACEMENT_3D ( 'NONE', #2458, #516, #2784 ) ;
#3914 = FACE_OUTER_BOUND ( 'NONE', #3568, .T. ) ;
#3915 = LINE ( 'NONE', #3815, #2270 ) ;
#3916 = PRESENTATION_LAYER_ASSIGNMENT (  '', '', ( #3989 ) ) ;
#3917 = ORIENTED_EDGE ( 'NONE', *, *, #1080, .F. ) ;
#3918 = CIRCLE ( 'NONE', #380, 0.1000000000000001400 ) ;
#3919 = COLOUR_RGB ( '',0.7960784313725489700, 0.8235294117647058400, 0.9372549019607843100 ) ;
#3920 = DIRECTION ( 'NONE',  ( 0.0000000000000000000, 0.0000000000000000000, 1.000000000000000000 ) ) ;
#3921 = SURFACE_STYLE_USAGE ( .BOTH. , #1716 ) ;
#3922 = LINE ( 'NONE', #1221, #2276 ) ;
#3923 = ORIENTED_EDGE ( 'NONE', *, *, #2035, .F. ) ;
#3924 = DIRECTION ( 'NONE',  ( 0.0000000000000000000, -1.000000000000000000, 0.0000000000000000000 ) ) ;
#3925 = DIRECTION ( 'NONE',  ( 0.0000000000000000000, 1.000000000000000000, 1.951563910473908200E-016 ) ) ;
#3926 =( NAMED_UNIT ( * ) SI_UNIT ( $, .STERADIAN. ) SOLID_ANGLE_UNIT ( ) );
#3927 = ADVANCED_FACE ( 'NONE', ( #2296 ), #1456, .F. ) ;
#3928 = SURFACE_SIDE_STYLE ('',( #2561 ) ) ;
#3929 = SURFACE_STYLE_USAGE ( .BOTH. , #1732 ) ;
#3930 = ORIENTED_EDGE ( 'NONE', *, *, #2757, .T. ) ;
#3931 = DIRECTION ( 'NONE',  ( 1.000000000000000000, 0.0000000000000000000, 5.551115123125781500E-017 ) ) ;
#3932 = SURFACE_STYLE_FILL_AREA ( #2728 ) ;
#3933 = AXIS2_PLACEMENT_3D ( 'NONE', #894, #1556, #250 ) ;
#3934 = VERTEX_POINT ( 'NONE', #1784 ) ;
#3935 = FILL_AREA_STYLE ('',( #84 ) ) ;
#3936 = MECHANICAL_DESIGN_GEOMETRIC_PRESENTATION_REPRESENTATION (  '', ( #3989 ), #3808 ) ;
#3937 =( GEOMETRIC_REPRESENTATION_CONTEXT ( 3 ) GLOBAL_UNCERTAINTY_ASSIGNED_CONTEXT ( ( #621 ) ) GLOBAL_UNIT_ASSIGNED_CONTEXT ( ( #2378, #431, #2705 ) ) REPRESENTATION_CONTEXT ( 'NONE', 'WORKASPACE' ) );
#3938 =( NAMED_UNIT ( * ) SI_UNIT ( $, .STERADIAN. ) SOLID_ANGLE_UNIT ( ) );
#3939 = SURFACE_STYLE_FILL_AREA ( #1766 ) ;
#3940 = UNCERTAINTY_MEASURE_WITH_UNIT (LENGTH_MEASURE( 1.000000000000000100E-005 ), #770, 'distance_accuracy_value', 'NONE');
#3941 = CARTESIAN_POINT ( 'NONE',  ( -9.461104586674856900, -5.100000000000000500, 1.900000000000004400 ) ) ;
#3942 = SURFACE_STYLE_FILL_AREA ( #718 ) ;
#3943 = DIRECTION ( 'NONE',  ( 0.0000000000000000000, 1.000000000000000000, 0.0000000000000000000 ) ) ;
#3944 = DIRECTION ( 'NONE',  ( -1.000000000000000000, 0.0000000000000000000, -8.491440303904563400E-017 ) ) ;
#3945 = ORIENTED_EDGE ( 'NONE', *, *, #2836, .F. ) ;
#3946 = UNCERTAINTY_MEASURE_WITH_UNIT (LENGTH_MEASURE( 1.000000000000000100E-005 ), #1185, 'distance_accuracy_value', 'NONE');
#3947 = SURFACE_STYLE_USAGE ( .BOTH. , #1755 ) ;
#3948 = SURFACE_STYLE_USAGE ( .BOTH. , #1413 ) ;
#3949 = VERTEX_POINT ( 'NONE', #3982 ) ;
#3950 = SURFACE_SIDE_STYLE ('',( #3293 ) ) ;
#3951 = FILL_AREA_STYLE ('',( #2805 ) ) ;
#3952 = CARTESIAN_POINT ( 'NONE',  ( 2.299999999999999800, -11.45000000000000100, 0.05000000000000035000 ) ) ;
#3953 = FILL_AREA_STYLE ('',( #2578 ) ) ;
#3954 = SURFACE_SIDE_STYLE ('',( #432 ) ) ;
#3955 = CARTESIAN_POINT ( 'NONE',  ( -4.878524367060178300, -5.400000000000000400, 4.878524367060197900 ) ) ;
#3956 =( GEOMETRIC_REPRESENTATION_CONTEXT ( 3 ) GLOBAL_UNCERTAINTY_ASSIGNED_CONTEXT ( ( #3561 ) ) GLOBAL_UNIT_ASSIGNED_CONTEXT ( ( #2395, #451, #2722 ) ) REPRESENTATION_CONTEXT ( 'NONE', 'WORKASPACE' ) );
#3957 =( NAMED_UNIT ( * ) SI_UNIT ( $, .STERADIAN. ) SOLID_ANGLE_UNIT ( ) );
#3958 = SURFACE_STYLE_FILL_AREA ( #3191 ) ;
#3959 = CIRCLE ( 'NONE', #2350, 0.3500000000000000300 ) ;
#3960 = EDGE_LOOP ( 'NONE', ( #2811, #2562 ) ) ;
#3961 = MECHANICAL_DESIGN_GEOMETRIC_PRESENTATION_REPRESENTATION (  '', ( #3992 ), #3937 ) ;
#3962 = AXIS2_PLACEMENT_3D ( 'NONE', #448, #2721, #780 ) ;
#3963 =( NAMED_UNIT ( * ) PLANE_ANGLE_UNIT ( ) SI_UNIT ( $, .RADIAN. ) );
#3964 = ORIENTED_EDGE ( 'NONE', *, *, #2825, .T. ) ;
#3965 = DIRECTION ( 'NONE',  ( 0.0000000000000000000, 0.0000000000000000000, -1.000000000000000000 ) ) ;
#3966 = PLANE ( 'NONE',  #690 ) ;
#3967 = FACE_OUTER_BOUND ( 'NONE', #3562, .T. ) ;
#3968 = SURFACE_SIDE_STYLE ('',( #2994 ) ) ;
#3969 = VERTEX_POINT ( 'NONE', #1473 ) ;
#3970 = FILL_AREA_STYLE ('',( #3684 ) ) ;
#3971 = SURFACE_STYLE_USAGE ( .BOTH. , #483 ) ;
#3972 = FILL_AREA_STYLE_COLOUR ( '', #2534 ) ;
#3973 = DIRECTION ( 'NONE',  ( -1.000000000000000000, 0.0000000000000000000, -3.652832005128304900E-016 ) ) ;
#3974 = ORIENTED_EDGE ( 'NONE', *, *, #3037, .F. ) ;
#3975 =( NAMED_UNIT ( * ) PLANE_ANGLE_UNIT ( ) SI_UNIT ( $, .RADIAN. ) );
#3976 = LINE ( 'NONE', #2656, #599 ) ;
#3977 = OPEN_SHELL ( 'NONE', ( #3273, #818, #3447, #3903, #2594, #3345, #3211, #895, #1644, #2146, #1045 ) ) ;
#3978 = CIRCLE ( 'NONE', #565, 0.3500000000000000300 ) ;
#3979 = ORIENTED_EDGE ( 'NONE', *, *, #3271, .F. ) ;
#3980 = ORIENTED_EDGE ( 'NONE', *, *, #2985, .T. ) ;
#3981 = SURFACE_STYLE_USAGE ( .BOTH. , #1798 ) ;
#3982 = CARTESIAN_POINT ( 'NONE',  ( -9.469222269053037900, -4.900000000000001200, -1.850000000000001200 ) ) ;
#3983 = LINE ( 'NONE', #3886, #2251 ) ;
#3984 = ORIENTED_EDGE ( 'NONE', *, *, #3297, .F. ) ;
#3985 = COLOUR_RGB ( '',1.000000000000000000, 1.000000000000000000, 1.000000000000000000 ) ;
#3986 = DIRECTION ( 'NONE',  ( 0.0000000000000000000, -1.000000000000000000, 0.0000000000000000000 ) ) ;
#3987 =( NAMED_UNIT ( * ) SI_UNIT ( $, .STERADIAN. ) SOLID_ANGLE_UNIT ( ) );
#3988 = PRESENTATION_LAYER_ASSIGNMENT (  '', '', ( #3992 ) ) ;
#3989 = STYLED_ITEM ( 'NONE', ( #664 ), #3927 ) ;
#3990 = CARTESIAN_POINT ( 'NONE',  ( 2.299999999999999800, -4.500000000000001800, 0.6500000000000000200 ) ) ;
#3991 = TOROIDAL_SURFACE ( 'NONE', #532, 9.799999999999998900, 0.5999999999999999800 ) ;
#3992 = STYLED_ITEM ( 'NONE', ( #4012 ), #1489 ) ;
#3993 = DIRECTION ( 'NONE',  ( 1.000000000000000000, 0.0000000000000000000, -0.0000000000000000000 ) ) ;
#3994 = AXIS2_PLACEMENT_3D ( 'NONE', #3754, #3046, #1105 ) ;
#3995 = UNCERTAINTY_MEASURE_WITH_UNIT (LENGTH_MEASURE( 1.000000000000000100E-005 ), #4026, 'distance_accuracy_value', 'NONE');
#3996 = DIRECTION ( 'NONE',  ( -0.0000000000000000000, 1.951563910473908200E-016, -1.000000000000000000 ) ) ;
#3997 = CARTESIAN_POINT ( 'NONE',  ( -9.675883622731150900, -5.032169795250137400, 1.850000000000000100 ) ) ;
#3998 =( NAMED_UNIT ( * ) SI_UNIT ( $, .STERADIAN. ) SOLID_ANGLE_UNIT ( ) );
#3999 =( NAMED_UNIT ( * ) SI_UNIT ( $, .STERADIAN. ) SOLID_ANGLE_UNIT ( ) );
#4000 = VERTEX_POINT ( 'NONE', #2127 ) ;
#4001 = UNCERTAINTY_MEASURE_WITH_UNIT (LENGTH_MEASURE( 1.000000000000000100E-005 ), #2391, 'distance_accuracy_value', 'NONE');
#4002 = VERTEX_POINT ( 'NONE', #3683 ) ;
#4003 = CIRCLE ( 'NONE', #48, 0.8999999999999996900 ) ;
#4004 = CIRCLE ( 'NONE', #3407, 0.6249999999999998900 ) ;
#4005 = CARTESIAN_POINT ( 'NONE',  ( 2.299999999999999800, -10.00000000000000200, 0.4000000000000000800 ) ) ;
#4006 = CIRCLE ( 'NONE', #2151, 9.799999999999998900 ) ;
#4007 = DIRECTION ( 'NONE',  ( 0.0000000000000000000, -1.000000000000000000, 0.0000000000000000000 ) ) ;
#4008 = ORIENTED_EDGE ( 'NONE', *, *, #2576, .T. ) ;
#4009 = DIRECTION ( 'NONE',  ( 0.0000000000000000000, -1.000000000000000000, 0.0000000000000000000 ) ) ;
#4010 = CIRCLE ( 'NONE', #3892, 0.1999999999999996500 ) ;
#4011 = STYLED_ITEM ( 'NONE', ( #3748 ), #1045 ) ;
#4012 = PRESENTATION_STYLE_ASSIGNMENT (( #88 ) ) ;
#4013 = DIRECTION ( 'NONE',  ( 0.0000000000000000000, -0.9701425001453318800, 0.2425356250363330200 ) ) ;
#4014 = FACE_OUTER_BOUND ( 'NONE', #1279, .T. ) ;
#4015 = SURFACE_STYLE_USAGE ( .BOTH. , #1836 ) ;
#4016 = AXIS2_PLACEMENT_3D ( 'NONE', #160, #2452, #501 ) ;
#4017 = DIRECTION ( 'NONE',  ( 0.0000000000000000000, 0.0000000000000000000, -1.000000000000000000 ) ) ;
#4018 = ORIENTED_EDGE ( 'NONE', *, *, #2569, .T. ) ;
#4019 = AXIS2_PLACEMENT_3D ( 'NONE', #2779, #1345, #143 ) ;
#4020 = CARTESIAN_POINT ( 'NONE',  ( 2.700000000000000200, -10.00000000000000200, 0.4000000000000000800 ) ) ;
#4021 = COLOUR_RGB ( '',0.7960784313725489700, 0.8235294117647058400, 0.9372549019607843100 ) ;
#4022 = PRESENTATION_LAYER_ASSIGNMENT (  '', '', ( #4060 ) ) ;
#4023 = ORIENTED_EDGE ( 'NONE', *, *, #2453, .T. ) ;
#4024 = CARTESIAN_POINT ( 'NONE',  ( -9.522809339392695800, -4.900000000000001200, -1.850000000000001400 ) ) ;
#4025 = FACE_OUTER_BOUND ( 'NONE', #435, .T. ) ;
#4026 =( LENGTH_UNIT ( ) NAMED_UNIT ( * ) SI_UNIT ( .MILLI., .METRE. ) );
#4027 = CARTESIAN_POINT ( 'NONE',  ( 0.0000000000000000000, -5.400000000000000400, 0.0000000000000000000 ) ) ;
#4028 = DIRECTION ( 'NONE',  ( 0.0000000000000000000, 0.9701425001453319900, -0.2425356250363328000 ) ) ;
#4029 = DIRECTION ( 'NONE',  ( -1.000000000000000000, -0.0000000000000000000, -0.0000000000000000000 ) ) ;
#4030 = SURFACE_STYLE_USAGE ( .BOTH. , #1849 ) ;
#4031 = FILL_AREA_STYLE_COLOUR ( '', #3919 ) ;
#4032 = ORIENTED_EDGE ( 'NONE', *, *, #2856, .F. ) ;
#4033 = FILL_AREA_STYLE ('',( #2472 ) ) ;
#4034 = DIRECTION ( 'NONE',  ( 1.000000000000000000, -0.0000000000000000000, 1.224646799147353200E-016 ) ) ;
#4035 = ORIENTED_EDGE ( 'NONE', *, *, #2194, .T. ) ;
#4036 = DIRECTION ( 'NONE',  ( 0.0000000000000000000, 1.000000000000000000, 0.0000000000000000000 ) ) ;
#4037 = ADVANCED_FACE ( 'NONE', ( #1983 ), #3694, .F. ) ;
#4038 = DIRECTION ( 'NONE',  ( 0.0000000000000000000, 0.0000000000000000000, 1.000000000000000000 ) ) ;
#4039 =( NAMED_UNIT ( * ) PLANE_ANGLE_UNIT ( ) SI_UNIT ( $, .RADIAN. ) );
#4040 = AXIS2_PLACEMENT_3D ( 'NONE', #3777, #3480, #2222 ) ;
#4041 = DIRECTION ( 'NONE',  ( 0.0000000000000000000, 0.0000000000000000000, 1.000000000000000000 ) ) ;
#4042 = MECHANICAL_DESIGN_GEOMETRIC_PRESENTATION_REPRESENTATION (  '', ( #258 ), #3956 ) ;
#4043 = CYLINDRICAL_SURFACE ( 'NONE', #652, 0.1000000000000000300 ) ;
#4044 = DIRECTION ( 'NONE',  ( 0.0000000000000000000, 0.0000000000000000000, 1.000000000000000000 ) ) ;
#4045 = FACE_OUTER_BOUND ( 'NONE', #1712, .T. ) ;
#4046 = PRODUCT_RELATED_PRODUCT_CATEGORY ( 'part', '', ( #141 ) ) ;
#4047 = SURFACE_STYLE_FILL_AREA ( #3071 ) ;
#4048 = FACE_OUTER_BOUND ( 'NONE', #1676, .T. ) ;
#4049 = CIRCLE ( 'NONE', #2753, 0.5750000000000004000 ) ;
#4050 = FILL_AREA_STYLE ('',( #1542 ) ) ;
#4051 = VERTEX_POINT ( 'NONE', #495 ) ;
#4052 = ORIENTED_EDGE ( 'NONE', *, *, #1288, .T. ) ;
#4053 = VECTOR ( 'NONE', #146, 1000.000000000000100 ) ;
#4054 = CARTESIAN_POINT ( 'NONE',  ( -2.300000000000000300, -5.500000000000000900, -1.899999999999999900 ) ) ;
#4055 = FACE_OUTER_BOUND ( 'NONE', #1671, .T. ) ;
#4056 = PRODUCT_CONTEXT ( 'NONE', #2520, 'mechanical' ) ;
#4057 = STYLED_ITEM ( 'NONE', ( #686 ), #1414 ) ;
#4058 = B_SPLINE_CURVE_WITH_KNOTS ( 'NONE', 3,
 ( #2538, #586, #2858, #913, #3177, #1245 ),
 .UNSPECIFIED., .F., .F.,
 ( 4, 2, 4 ),
 ( 1.734723475976807100E-018, 0.0001585412620632188300, 0.0003170825241264359300 ),
 .UNSPECIFIED. ) ;
#4059 = CARTESIAN_POINT ( 'NONE',  ( -4.949235045178834700, -5.500000000000000900, -4.807813688941543300 ) ) ;
#4060 = STYLED_ITEM ( 'NONE', ( #1669 ), #3903 ) ;
#4061 = ADVANCED_FACE ( 'NONE', ( #3394 ), #3899, .T. ) ;
#4062 = CARTESIAN_POINT ( 'NONE',  ( -2.300000000000000300, -5.700000000000000200, 0.6500000000000003600 ) ) ;
#4063 =( NAMED_UNIT ( * ) PLANE_ANGLE_UNIT ( ) SI_UNIT ( $, .RADIAN. ) );
#4064 = ORIENTED_EDGE ( 'NONE', *, *, #2150, .T. ) ;
#4065 = DIRECTION ( 'NONE',  ( 0.0000000000000000000, 0.0000000000000000000, 1.000000000000000000 ) ) ;
#4066 = AXIS2_PLACEMENT_3D ( 'NONE', #3234, #2591, #312 ) ;
#4067 = DIRECTION ( 'NONE',  ( -0.7071067811865475700, 0.0000000000000000000, -0.7071067811865475700 ) ) ;
#4068 = ADVANCED_FACE ( 'NONE', ( #3098 ), #3537, .T. ) ;
#4069 = STYLED_ITEM ( 'NONE', ( #401 ), #3775 ) ;
#4070 = ORIENTED_EDGE ( 'NONE', *, *, #2899, .T. ) ;
#4071 = LINE ( 'NONE', #3085, #704 ) ;
#4072 = EDGE_LOOP ( 'NONE', ( #863, #440, #2212, #497 ) ) ;
#4073 = PRODUCT_DEFINITION_FORMATION_WITH_SPECIFIED_SOURCE ( 'ANY', '', #141, .NOT_KNOWN. ) ;
#4074 = ORIENTED_EDGE ( 'NONE', *, *, #1596, .F. ) ;
#4075 = VERTEX_POINT ( 'NONE', #2492 ) ;
#4076 = CARTESIAN_POINT ( 'NONE',  ( -2.100000000000000500, -5.100000000000000500, -0.6828640358836497400 ) ) ;
#4077 = ORIENTED_EDGE ( 'NONE', *, *, #1660, .F. ) ;
#4078 = CARTESIAN_POINT ( 'NONE',  ( 0.0000000000000000000, -5.399999999999999500, 0.0000000000000000000 ) ) ;
#4079 = CARTESIAN_POINT ( 'NONE',  ( -4.737079716246686400, -5.400000000000000400, -4.595658360009393200 ) ) ;
#4080 = PRESENTATION_LAYER_ASSIGNMENT (  '', '', ( #2718 ) ) ;
#4081 = STYLED_ITEM ( 'NONE', ( #1 ), #1079 ) ;
#4082 = FACE_OUTER_BOUND ( 'NONE', #3260, .T. ) ;
#4083 = MECHANICAL_DESIGN_GEOMETRIC_PRESENTATION_REPRESENTATION (  '', ( #4060 ), #4086 ) ;
#4084 = AXIS2_PLACEMENT_3D ( 'NONE', #1399, #1071, #1057 ) ;
#4085 = PLANE ( 'NONE',  #3197 ) ;
#4086 =( GEOMETRIC_REPRESENTATION_CONTEXT ( 3 ) GLOBAL_UNCERTAINTY_ASSIGNED_CONTEXT ( ( #2834 ) ) GLOBAL_UNIT_ASSIGNED_CONTEXT ( ( #2414, #463, #2738 ) ) REPRESENTATION_CONTEXT ( 'NONE', 'WORKASPACE' ) );
#4087 = ADVANCED_FACE ( 'NONE', ( #2799 ), #1628, .F. ) ;
#4088 = VERTEX_POINT ( 'NONE', #550 ) ;
#4089 = CARTESIAN_POINT ( 'NONE',  ( -4.595658360009376300, -5.400000000000000400, -4.537079716246703100 ) ) ;
#4090 = LINE ( 'NONE', #558, #1602 ) ;
#4091 = ORIENTED_EDGE ( 'NONE', *, *, #3053, .T. ) ;
#4092 = VECTOR ( 'NONE', #1055, 1000.000000000000000 ) ;
#4093 = CIRCLE ( 'NONE', #1614, 7.100000000000002300 ) ;
#4094 =( GEOMETRIC_REPRESENTATION_CONTEXT ( 3 ) GLOBAL_UNCERTAINTY_ASSIGNED_CONTEXT ( ( #2529 ) ) GLOBAL_UNIT_ASSIGNED_CONTEXT ( ( #3468, #3767, #1872 ) ) REPRESENTATION_CONTEXT ( 'NONE', 'WORKASPACE' ) );
#4095 = DIRECTION ( 'NONE',  ( -1.000000000000000000, 0.0000000000000000000, 0.0000000000000000000 ) ) ;
#4096 = LINE ( 'NONE', #1657, #1605 ) ;
#4097 = DIRECTION ( 'NONE',  ( -0.0000000000000000000, -1.000000000000000000, -0.0000000000000000000 ) ) ;
#4098 = PRESENTATION_STYLE_ASSIGNMENT (( #3673 ) ) ;
#4099 = ORIENTED_EDGE ( 'NONE', *, *, #2815, .F. ) ;
#4100 = SURFACE_STYLE_FILL_AREA ( #1984 ) ;
#4101 =( NAMED_UNIT ( * ) SI_UNIT ( $, .STERADIAN. ) SOLID_ANGLE_UNIT ( ) );
#4102 = AXIS2_PLACEMENT_3D ( 'NONE', #754, #1073, #3577 ) ;
#4103 = SURFACE_STYLE_USAGE ( .BOTH. , #4118 ) ;
#4104 = DIRECTION ( 'NONE',  ( -0.6967845926002166300, 0.0000000000000000000, -0.7172804413302722400 ) ) ;
#4105 = PRESENTATION_LAYER_ASSIGNMENT (  '', '', ( #258 ) ) ;
#4106 = VECTOR ( 'NONE', #3336, 999.9999999999998900 ) ;
#4107 = UNCERTAINTY_MEASURE_WITH_UNIT (LENGTH_MEASURE( 1.000000000000000100E-005 ), #2091, 'distance_accuracy_value', 'NONE');
#4108 = PRESENTATION_STYLE_ASSIGNMENT (( #2172 ) ) ;
#4109 = DIRECTION ( 'NONE',  ( 0.0000000000000000000, -1.000000000000000000, 0.0000000000000000000 ) ) ;
#4110 = SURFACE_STYLE_FILL_AREA ( #2590 ) ;
#4111 = UNCERTAINTY_MEASURE_WITH_UNIT (LENGTH_MEASURE( 1.000000000000000100E-005 ), #701, 'distance_accuracy_value', 'NONE');
#4112 = ORIENTED_EDGE ( 'NONE', *, *, #2880, .F. ) ;
#4113 = ORIENTED_EDGE ( 'NONE', *, *, #1445, .F. ) ;
#4114 = UNCERTAINTY_MEASURE_WITH_UNIT (LENGTH_MEASURE( 1.000000000000000100E-005 ), #1986, 'distance_accuracy_value', 'NONE');
#4115 = VERTEX_POINT ( 'NONE', #2192 ) ;
#4116 = CARTESIAN_POINT ( 'NONE',  ( 0.0000000000000000000, -5.500000000000000900, 0.0000000000000000000 ) ) ;
#4117 = ORIENTED_EDGE ( 'NONE', *, *, #2669, .T. ) ;
#4118 = SURFACE_SIDE_STYLE ('',( #2368 ) ) ;
#4119 = FACE_OUTER_BOUND ( 'NONE', #2198, .T. ) ;
#4120 = CARTESIAN_POINT ( 'NONE',  ( 2.700000000000000200, -11.80000000000000100, -0.04999999999999969700 ) ) ;
#4121 = COLOUR_RGB ( '',0.7960784313725489700, 0.8235294117647058400, 0.9372549019607843100 ) ;
#4122 = DIRECTION ( 'NONE',  ( 0.0000000000000000000, 1.000000000000000000, 0.0000000000000000000 ) ) ;
#4123 = VERTEX_POINT ( 'NONE', #2510 ) ;
#4124 = VERTEX_POINT ( 'NONE', #225 ) ;
#4125 =( GEOMETRIC_REPRESENTATION_CONTEXT ( 3 ) GLOBAL_UNCERTAINTY_ASSIGNED_CONTEXT ( ( #2169 ) ) GLOBAL_UNIT_ASSIGNED_CONTEXT ( ( #667, #648, #635 ) ) REPRESENTATION_CONTEXT ( 'NONE', 'WORKASPACE' ) );
#4126 = PRESENTATION_LAYER_ASSIGNMENT (  '', '', ( #2372 ) ) ;
#4127 = FILL_AREA_STYLE ('',( #3288 ) ) ;
#4128 = CARTESIAN_POINT ( 'NONE',  ( 0.0000000000000000000, -5.299999999999999800, 0.0000000000000000000 ) ) ;
#4129 = AXIS2_PLACEMENT_3D ( 'NONE', #3756, #3462, #3143 ) ;
#4130 =( LENGTH_UNIT ( ) NAMED_UNIT ( * ) SI_UNIT ( .MILLI., .METRE. ) );
#4131 = VERTEX_POINT ( 'NONE', #560 ) ;
#4132 = LINE ( 'NONE', #1450, #781 ) ;
#4133 = CIRCLE ( 'NONE', #2730, 0.3500000000000000300 ) ;
#4134 = CARTESIAN_POINT ( 'NONE',  ( 8.300000000000000700, -9.000000000000001800, 0.6500000000000000200 ) ) ;
#4135 = MECHANICAL_DESIGN_GEOMETRIC_PRESENTATION_REPRESENTATION (  '', ( #2718 ), #1631 ) ;
#4136 = DIRECTION ( 'NONE',  ( -0.0000000000000000000, -1.000000000000000000, -0.0000000000000000000 ) ) ;
ENDSEC;
END-ISO-10303-21;
