ISO-10303-21;
HEADER;
FILE_DESCRIPTION (( 'STEP AP214' ),
    '1' );
FILE_NAME ('VO618A-3X017T.STEP',
    '2025-08-01T14:14:08',
    ( 'LENOVO' ),
    ( '' ),
    'SwSTEP 2.0',
    'SolidWorks 2021',
    '' );
FILE_SCHEMA (( 'AUTOMOTIVE_DESIGN' ));
ENDSEC;

DATA;
#1 = CARTESIAN_POINT ( 'NONE',  ( -4.498455125287073031, 5.963111948670274387E-16, -1.870000000000000107 ) ) ;
#2 = LINE ( 'NONE', #1261, #868 ) ;
#3 = DIRECTION ( 'NONE',  ( 1.000000000000000000, 0.000000000000000000, 0.000000000000000000 ) ) ;
#4 = CARTESIAN_POINT ( 'NONE',  ( 3.250000000000000444, 2.625000000000000444, 1.869999999999999885 ) ) ;
#5 = EDGE_CURVE ( 'NONE', #1103, #2169, #624, .T. ) ;
#6 = ORIENTED_EDGE ( 'NONE', *, *, #1698, .T. ) ;
#7 = VECTOR ( 'NONE', #1915, 1000.000000000000114 ) ;
#8 = CARTESIAN_POINT ( 'NONE',  ( 4.498455125287073031, 0.2500000000000007772, -1.870000000000000107 ) ) ;
#9 = CARTESIAN_POINT ( 'NONE',  ( -3.551544874712927236, 1.487500000000000266, -1.870000000000000107 ) ) ;
#10 = DIRECTION ( 'NONE',  ( 0.000000000000000000, 0.000000000000000000, 1.000000000000000000 ) ) ;
#11 = DIRECTION ( 'NONE',  ( 0.000000000000000000, -1.000000000000000000, -0.000000000000000000 ) ) ;
#12 =( GEOMETRIC_REPRESENTATION_CONTEXT ( 3 ) GLOBAL_UNCERTAINTY_ASSIGNED_CONTEXT ( ( #1597 ) ) GLOBAL_UNIT_ASSIGNED_CONTEXT ( ( #854, #1641, #1168 ) ) REPRESENTATION_CONTEXT ( 'NONE', 'WORKASPACE' ) );
#13 = CARTESIAN_POINT ( 'NONE',  ( -3.551544874712927236, 2.290019124028289443, -1.520000000000000018 ) ) ;
#14 = DIRECTION ( 'NONE',  ( 1.000000000000000000, 0.000000000000000000, 0.000000000000000000 ) ) ;
#15 = EDGE_LOOP ( 'NONE', ( #201, #563, #227, #2312, #768, #2204, #2493, #559 ) ) ;
#16 = LINE ( 'NONE', #710, #839 ) ;
#17 = CARTESIAN_POINT ( 'NONE',  ( 3.875567154789244739, 2.375000000000002220, -1.520000000000000018 ) ) ;
#18 = VECTOR ( 'NONE', #1092, 1000.000000000000000 ) ;
#19 =( NAMED_UNIT ( * ) SI_UNIT ( $, .STERADIAN. ) SOLID_ANGLE_UNIT ( ) );
#20 = VERTEX_POINT ( 'NONE', #1165 ) ;
#21 = PLANE ( 'NONE',  #1814 ) ;
#22 = FACE_OUTER_BOUND ( 'NONE', #2210, .T. ) ;
#23 = CARTESIAN_POINT ( 'NONE',  ( 3.849875429003992267, 1.487500000000000266, 1.869999999999999885 ) ) ;
#24 = AXIS2_PLACEMENT_3D ( 'NONE', #2244, #1422, #2514 ) ;
#25 = PLANE ( 'NONE',  #2580 ) ;
#26 = VECTOR ( 'NONE', #2451, 1000.000000000000000 ) ;
#27 = DIRECTION ( 'NONE',  ( 0.000000000000000000, -0.000000000000000000, 1.000000000000000000 ) ) ;
#28 = DIRECTION ( 'NONE',  ( 1.000000000000000000, 0.000000000000000000, 0.000000000000000000 ) ) ;
#29 = VECTOR ( 'NONE', #444, 1000.000000000000000 ) ;
#30 = EDGE_CURVE ( 'NONE', #525, #776, #1534, .T. ) ;
#31 = PLANE ( 'NONE',  #1519 ) ;
#32 = DIRECTION ( 'NONE',  ( 0.000000000000000000, 0.000000000000000000, 1.000000000000000000 ) ) ;
#33 = CIRCLE ( 'NONE', #1703, 0.3349808759717113338 ) ;
#34 = EDGE_CURVE ( 'NONE', #1177, #1327, #1496, .T. ) ;
#35 = ADVANCED_FACE ( 'NONE', ( #696 ), #2395, .T. ) ;
#36 = PLANE ( 'NONE',  #344 ) ;
#37 = CARTESIAN_POINT ( 'NONE',  ( -4.498455125287073031, 0.2500000000000007772, 1.869999999999999885 ) ) ;
#38 = AXIS2_PLACEMENT_3D ( 'NONE', #1099, #270, #715 ) ;
#39 = ORIENTED_EDGE ( 'NONE', *, *, #1652, .T. ) ;
#40 = CARTESIAN_POINT ( 'NONE',  ( -3.633745678312121363, 2.311577815281844028, 1.520000000000000018 ) ) ;
#41 = CIRCLE ( 'NONE', #373, 0.3500000000000000333 ) ;
#42 = CARTESIAN_POINT ( 'NONE',  ( 3.633745678312121363, 2.311577815281844028, -1.520000000000000018 ) ) ;
#43 = LINE ( 'NONE', #1041, #1764 ) ;
#44 = CARTESIAN_POINT ( 'NONE',  ( 3.249999999999997780, 2.625000000000000444, -2.290000000000002700 ) ) ;
#45 = CARTESIAN_POINT ( 'NONE',  ( -3.250000000000000444, 2.625000000000000444, -0.6700000000000002620 ) ) ;
#46 = VECTOR ( 'NONE', #283, 1000.000000000000114 ) ;
#47 = SURFACE_STYLE_USAGE ( .BOTH. , #62 ) ;
#48 = LINE ( 'NONE', #2048, #1769 ) ;
#49 = CARTESIAN_POINT ( 'NONE',  ( 3.250000000000000444, 2.375000000000000444, -1.520000000000000018 ) ) ;
#50 = VECTOR ( 'NONE', #1763, 1000.000000000000000 ) ;
#51 = DIRECTION ( 'NONE',  ( 0.000000000000000000, 0.000000000000000000, 1.000000000000000000 ) ) ;
#52 = AXIS2_PLACEMENT_3D ( 'NONE', #2218, #1967, #2374 ) ;
#53 = DIRECTION ( 'NONE',  ( -1.000000000000000000, 1.864348255189607975E-16, 0.000000000000000000 ) ) ;
#54 = DIRECTION ( 'NONE',  ( -0.000000000000000000, -0.000000000000000000, -1.000000000000000000 ) ) ;
#55 = CARTESIAN_POINT ( 'NONE',  ( -4.498455125287073031, 5.963111948670274387E-16, -0.6700000000000002620 ) ) ;
#56 = EDGE_CURVE ( 'NONE', #326, #2130, #1527, .T. ) ;
#57 = LINE ( 'NONE', #622, #930 ) ;
#58 = DIRECTION ( 'NONE',  ( -3.787605842744118123E-16, -0.000000000000000000, -1.000000000000000000 ) ) ;
#59 = DIRECTION ( 'NONE',  ( -0.2536887388726300485, -0.9672859059084932820, 0.000000000000000000 ) ) ;
#60 = VECTOR ( 'NONE', #838, 1000.000000000000000 ) ;
#61 = EDGE_CURVE ( 'NONE', #599, #2291, #2354, .T. ) ;
#62 = SURFACE_SIDE_STYLE ('',( #818 ) ) ;
#63 = LINE ( 'NONE', #2061, #889 ) ;
#64 = AXIS2_PLACEMENT_3D ( 'NONE', #1039, #1334, #1546 ) ;
#65 = SURFACE_STYLE_FILL_AREA ( #1628 ) ;
#66 = AXIS2_PLACEMENT_3D ( 'NONE', #496, #713, #1186 ) ;
#67 = VECTOR ( 'NONE', #164, 1000.000000000000000 ) ;
#68 = DIRECTION ( 'NONE',  ( -0.000000000000000000, 0.000000000000000000, -1.000000000000000000 ) ) ;
#69 = CIRCLE ( 'NONE', #450, 0.3349808759717113338 ) ;
#70 =( NAMED_UNIT ( * ) PLANE_ANGLE_UNIT ( ) SI_UNIT ( $, .RADIAN. ) );
#71 = DIRECTION ( 'NONE',  ( -1.000000000000000000, 0.000000000000000000, 0.000000000000000000 ) ) ;
#72 = SURFACE_STYLE_FILL_AREA ( #2103 ) ;
#73 = DIRECTION ( 'NONE',  ( -0.000000000000000000, 1.000000000000000000, -0.000000000000000000 ) ) ;
#74 = CIRCLE ( 'NONE', #1878, 0.3349808759717113338 ) ;
#75 = VECTOR ( 'NONE', #831, 1000.000000000000000 ) ;
#76 = DIRECTION ( 'NONE',  ( 1.000000000000000000, 0.000000000000000000, 0.000000000000000000 ) ) ;
#77 = LINE ( 'NONE', #840, #80 ) ;
#78 = CARTESIAN_POINT ( 'NONE',  ( -4.174432845210755971, 0.2499999999999995282, 0.6700000000000000400 ) ) ;
#79 = LINE ( 'NONE', #1280, #50 ) ;
#80 = VECTOR ( 'NONE', #1810, 1000.000000000000000 ) ;
#81 = CARTESIAN_POINT ( 'NONE',  ( -4.498455125287073031, 5.963111948670274387E-16, -0.6700000000000002620 ) ) ;
#82 = PLANE ( 'NONE',  #1932 ) ;
#83 = LINE ( 'NONE', #45, #100 ) ;
#84 = EDGE_CURVE ( 'NONE', #2146, #481, #1486, .T. ) ;
#85 = VECTOR ( 'NONE', #353, 1000.000000000000000 ) ;
#86 = APPLICATION_PROTOCOL_DEFINITION ( 'draft international standard', 'automotive_design', 1998, #2019 ) ;
#87 = CARTESIAN_POINT ( 'NONE',  ( 5.080000000000000071, 0.2500000000000008882, -0.6700000000000002620 ) ) ;
#88 = VECTOR ( 'NONE', #604, 1000.000000000000000 ) ;
#89 = VECTOR ( 'NONE', #242, 1000.000000000000114 ) ;
#90 = DIRECTION ( 'NONE',  ( 0.000000000000000000, -0.000000000000000000, -1.000000000000000000 ) ) ;
#91 = EDGE_CURVE ( 'NONE', #2156, #1438, #2394, .T. ) ;
#92 = VECTOR ( 'NONE', #1316, 1000.000000000000000 ) ;
#93 = DIRECTION ( 'NONE',  ( 1.000000000000000000, -0.000000000000000000, -0.000000000000000000 ) ) ;
#94 = FACE_OUTER_BOUND ( 'NONE', #447, .T. ) ;
#95 = DIRECTION ( 'NONE',  ( 0.2536887388726299930, -0.9672859059084932820, 0.000000000000000000 ) ) ;
#96 = ADVANCED_FACE ( 'NONE', ( #2400 ), #1840, .F. ) ;
#97 = VECTOR ( 'NONE', #2183, 1000.000000000000000 ) ;
#98 = EDGE_CURVE ( 'NONE', #1455, #1302, #1549, .T. ) ;
#99 = DIRECTION ( 'NONE',  ( -1.000000000000000000, 0.000000000000000000, 0.000000000000000000 ) ) ;
#100 = VECTOR ( 'NONE', #1634, 1000.000000000000000 ) ;
#101 = LINE ( 'NONE', #564, #92 ) ;
#102 = CARTESIAN_POINT ( 'NONE',  ( 3.249999999999999556, 2.625000000000000444, 2.290000000000000036 ) ) ;
#103 = MANIFOLD_SOLID_BREP ( 'Cut-Extrude3[1]', #1366 ) ;
#104 = LINE ( 'NONE', #2467, #129 ) ;
#105 = LINE ( 'NONE', #17, #89 ) ;
#106 = DIRECTION ( 'NONE',  ( -1.000000000000000000, 0.000000000000000000, 0.000000000000000000 ) ) ;
#107 = LINE ( 'NONE', #1587, #979 ) ;
#108 = FACE_OUTER_BOUND ( 'NONE', #2352, .T. ) ;
#109 = CARTESIAN_POINT ( 'NONE',  ( -3.250000000000000444, 2.625000000000000444, -0.6700000000000002620 ) ) ;
#110 = CIRCLE ( 'NONE', #234, 0.3349808759717113338 ) ;
#111 = LINE ( 'NONE', #1017, #984 ) ;
#112 = FACE_OUTER_BOUND ( 'NONE', #597, .T. ) ;
#113 = DIRECTION ( 'NONE',  ( 0.9672859059084932820, -0.2536887388726299930, 0.000000000000000000 ) ) ;
#114 = AXIS2_PLACEMENT_3D ( 'NONE', #655, #1231, #1673 ) ;
#115 = LINE ( 'NONE', #2360, #965 ) ;
#116 = DIRECTION ( 'NONE',  ( 1.000000000000000000, 0.000000000000000000, 0.000000000000000000 ) ) ;
#117 = LINE ( 'NONE', #879, #1016 ) ;
#118 = ADVANCED_FACE ( 'NONE', ( #955 ), #570, .T. ) ;
#119 =( LENGTH_UNIT ( ) NAMED_UNIT ( * ) SI_UNIT ( .MILLI., .METRE. ) );
#120 = EDGE_CURVE ( 'NONE', #2291, #1441, #1822, .T. ) ;
#121 = LINE ( 'NONE', #2392, #1918 ) ;
#122 = DIRECTION ( 'NONE',  ( -1.000000000000000000, -0.000000000000000000, 2.001604010742470255E-16 ) ) ;
#123 = EDGE_CURVE ( 'NONE', #1320, #1275, #115, .T. ) ;
#124 = DIRECTION ( 'NONE',  ( -0.2536887388726300485, -0.9672859059084932820, 0.000000000000000000 ) ) ;
#125 = FACE_OUTER_BOUND ( 'NONE', #2300, .T. ) ;
#126 = VECTOR ( 'NONE', #2339, 1000.000000000000000 ) ;
#127 = CARTESIAN_POINT ( 'NONE',  ( 3.000540018403254017, 4.399999999999999467, 2.040540018403254496 ) ) ;
#128 = CARTESIAN_POINT ( 'NONE',  ( 3.249999999999997780, 2.625000000000000444, -2.290000000000002700 ) ) ;
#129 = VECTOR ( 'NONE', #661, 1000.000000000000000 ) ;
#130 = AXIS2_PLACEMENT_3D ( 'NONE', #102, #295, #1506 ) ;
#131 = FACE_OUTER_BOUND ( 'NONE', #339, .T. ) ;
#132 = LINE ( 'NONE', #2177, #168 ) ;
#133 = CARTESIAN_POINT ( 'NONE',  ( 3.250000000000000444, 2.625000000000000444, -1.520000000000000018 ) ) ;
#134 = CIRCLE ( 'NONE', #736, 0.3349808759717113338 ) ;
#135 = AXIS2_PLACEMENT_3D ( 'NONE', #2327, #320, #1373 ) ;
#136 = LINE ( 'NONE', #1825, #163 ) ;
#137 = DIRECTION ( 'NONE',  ( 0.000000000000000000, -1.000000000000000000, -0.000000000000000000 ) ) ;
#138 = AXIS2_PLACEMENT_3D ( 'NONE', #585, #2336, #1362 ) ;
#139 = LINE ( 'NONE', #2220, #999 ) ;
#140 = PLANE ( 'NONE',  #1601 ) ;
#141 = CARTESIAN_POINT ( 'NONE',  ( -5.080000000000000071, 0.2500000000000008882, 1.869999999999999885 ) ) ;
#142 = DIRECTION ( 'NONE',  ( -0.2536887388726298820, 0.9672859059084932820, 0.000000000000000000 ) ) ;
#143 = EDGE_CURVE ( 'NONE', #2323, #446, #952, .T. ) ;
#144 = CARTESIAN_POINT ( 'NONE',  ( 3.551544874712927236, 2.290019124028289443, 1.520000000000000018 ) ) ;
#145 = ADVANCED_FACE ( 'NONE', ( #125 ), #1951, .F. ) ;
#146 = CIRCLE ( 'NONE', #268, 0.3500000000000000333 ) ;
#147 = PLANE ( 'NONE',  #2263 ) ;
#148 = CARTESIAN_POINT ( 'NONE',  ( 4.174432845210755971, 0.2499999999999995282, 1.869999999999999885 ) ) ;
#149 = EDGE_CURVE ( 'NONE', #1899, #548, #960, .T. ) ;
#150 = ORIENTED_EDGE ( 'NONE', *, *, #396, .F. ) ;
#151 = AXIS2_PLACEMENT_3D ( 'NONE', #399, #1211, #2016 ) ;
#152 = LINE ( 'NONE', #2420, #988 ) ;
#153 =( NAMED_UNIT ( * ) PLANE_ANGLE_UNIT ( ) SI_UNIT ( $, .RADIAN. ) );
#154 = AXIS2_PLACEMENT_3D ( 'NONE', #1182, #1806, #397 ) ;
#155 = FACE_OUTER_BOUND ( 'NONE', #520, .T. ) ;
#156 = DIRECTION ( 'NONE',  ( 0.000000000000000000, 0.000000000000000000, -1.000000000000000000 ) ) ;
#157 = VECTOR ( 'NONE', #1990, 1000.000000000000000 ) ;
#158 = DIRECTION ( 'NONE',  ( 0.9672859059084933930, 0.2536887388726299375, 0.000000000000000000 ) ) ;
#159 = ORIENTED_EDGE ( 'NONE', *, *, #587, .F. ) ;
#160 = LINE ( 'NONE', #600, #1841 ) ;
#161 = CARTESIAN_POINT ( 'NONE',  ( 4.498455125287073031, 0.3349808759717117779, -1.870000000000000107 ) ) ;
#162 = ADVANCED_FACE ( 'NONE', ( #94 ), #862, .F. ) ;
#163 = VECTOR ( 'NONE', #1999, 1000.000000000000000 ) ;
#164 = DIRECTION ( 'NONE',  ( 1.000000000000000000, -0.000000000000000000, -0.000000000000000000 ) ) ;
#165 = VERTEX_POINT ( 'NONE', #1444 ) ;
#166 = EDGE_CURVE ( 'NONE', #1337, #421, #1836, .T. ) ;
#167 = FILL_AREA_STYLE_COLOUR ( '', #2407 ) ;
#168 = VECTOR ( 'NONE', #209, 1000.000000000000000 ) ;
#169 = ORIENTED_EDGE ( 'NONE', *, *, #2231, .T. ) ;
#170 = CARTESIAN_POINT ( 'NONE',  ( -3.875567154789244739, 2.375000000000002220, -1.870000000000000107 ) ) ;
#171 = EDGE_CURVE ( 'NONE', #1427, #2189, #994, .T. ) ;
#172 = DIRECTION ( 'NONE',  ( 0.000000000000000000, 0.000000000000000000, 1.000000000000000000 ) ) ;
#173 = LINE ( 'NONE', #837, #1006 ) ;
#174 = CARTESIAN_POINT ( 'NONE',  ( 4.416254321687880235, 0.3134221847181571929, 0.6700000000000000400 ) ) ;
#175 = VERTEX_POINT ( 'NONE', #2246 ) ;
#176 = EDGE_CURVE ( 'NONE', #2087, #2484, #104, .T. ) ;
#177 = ORIENTED_EDGE ( 'NONE', *, *, #593, .T. ) ;
#178 = LINE ( 'NONE', #1268, #126 ) ;
#179 = DIRECTION ( 'NONE',  ( 0.000000000000000000, 0.000000000000000000, -1.000000000000000000 ) ) ;
#180 = DIRECTION ( 'NONE',  ( 0.000000000000000000, 0.000000000000000000, 1.000000000000000000 ) ) ;
#181 = ADVANCED_FACE ( 'NONE', ( #1859 ), #1237, .F. ) ;
#182 = EDGE_LOOP ( 'NONE', ( #2475, #1295, #2176, #2163 ) ) ;
#183 = CARTESIAN_POINT ( 'NONE',  ( 3.551544874712927236, 2.375000000000000444, 1.869999999999999885 ) ) ;
#184 = DIRECTION ( 'NONE',  ( 0.2536887388726300485, -0.9672859059084932820, 0.000000000000000000 ) ) ;
#185 = CARTESIAN_POINT ( 'NONE',  ( 5.080000000000000071, 0.2500000000000008882, 1.869999999999999885 ) ) ;
#186 = ORIENTED_EDGE ( 'NONE', *, *, #1138, .T. ) ;
#187 = AXIS2_PLACEMENT_3D ( 'NONE', #1741, #1931, #2513 ) ;
#188 = LINE ( 'NONE', #2137, #1077 ) ;
#189 = ORIENTED_EDGE ( 'NONE', *, *, #828, .T. ) ;
#190 = PRESENTATION_STYLE_ASSIGNMENT (( #2043 ) ) ;
#191 = EDGE_CURVE ( 'NONE', #1888, #1583, #969, .T. ) ;
#192 = EDGE_LOOP ( 'NONE', ( #1409, #177, #439, #470, #1096, #1914 ) ) ;
#193 = CARTESIAN_POINT ( 'NONE',  ( 3.875567154789244739, 2.375000000000002220, 1.869999999999999885 ) ) ;
#194 = COLOUR_RGB ( '',0.8000000000000000444, 0.8196078431372548767, 0.9333333333333333481 ) ;
#195 = EDGE_CURVE ( 'NONE', #1441, #465, #974, .T. ) ;
#196 = EDGE_LOOP ( 'NONE', ( #581, #515, #552, #2277 ) ) ;
#197 = DIRECTION ( 'NONE',  ( 0.000000000000000000, 0.000000000000000000, 1.000000000000000000 ) ) ;
#198 = FACE_OUTER_BOUND ( 'NONE', #2126, .T. ) ;
#199 = EDGE_CURVE ( 'NONE', #1978, #175, #107, .T. ) ;
#200 = CARTESIAN_POINT ( 'NONE',  ( -4.108330554291065972, 1.487500000000000266, -0.6700000000000002620 ) ) ;
#201 = ORIENTED_EDGE ( 'NONE', *, *, #1926, .F. ) ;
#202 = CARTESIAN_POINT ( 'NONE',  ( 3.551544874712927236, 2.290019124028289443, -0.6700000000000002620 ) ) ;
#203 = DIRECTION ( 'NONE',  ( -0.000000000000000000, -0.000000000000000000, -1.000000000000000000 ) ) ;
#204 = ORIENTED_EDGE ( 'NONE', *, *, #2519, .T. ) ;
#205 = CARTESIAN_POINT ( 'NONE',  ( -5.080000000000000071, 1.487500000000000266, -1.870000000000000107 ) ) ;
#206 = LINE ( 'NONE', #865, #237 ) ;
#207 = ORIENTED_EDGE ( 'NONE', *, *, #1652, .F. ) ;
#208 = CARTESIAN_POINT ( 'NONE',  ( 3.249999999999997780, 2.625000000000000444, -2.290000000000002700 ) ) ;
#209 = DIRECTION ( 'NONE',  ( 0.000000000000000000, -0.000000000000000000, -1.000000000000000000 ) ) ;
#210 = DIRECTION ( 'NONE',  ( -1.864348255189607729E-16, -1.000000000000000000, 0.000000000000000000 ) ) ;
#211 = VECTOR ( 'NONE', #1034, 1000.000000000000000 ) ;
#212 = EDGE_CURVE ( 'NONE', #1014, #460, #111, .T. ) ;
#213 = DIRECTION ( 'NONE',  ( 0.000000000000000000, -0.000000000000000000, 1.000000000000000000 ) ) ;
#214 = EDGE_LOOP ( 'NONE', ( #2122, #338, #1219, #477 ) ) ;
#215 = DIRECTION ( 'NONE',  ( 0.000000000000000000, 1.000000000000000000, 0.000000000000000000 ) ) ;
#216 = ADVANCED_FACE ( 'NONE', ( #1844 ), #1451, .F. ) ;
#217 = VERTEX_POINT ( 'NONE', #2445 ) ;
#218 = EDGE_CURVE ( 'NONE', #506, #401, #1850, .T. ) ;
#219 = DIRECTION ( 'NONE',  ( -1.000000000000000000, 0.000000000000000000, 0.000000000000000000 ) ) ;
#220 = FACE_OUTER_BOUND ( 'NONE', #1281, .T. ) ;
#221 = DIRECTION ( 'NONE',  ( 0.000000000000000000, 1.000000000000000000, 0.000000000000000000 ) ) ;
#222 = EDGE_LOOP ( 'NONE', ( #2557, #1675, #1407, #2256 ) ) ;
#223 = CARTESIAN_POINT ( 'NONE',  ( -3.551544874712927236, 2.625000000000000444, -0.6700000000000002620 ) ) ;
#224 = CARTESIAN_POINT ( 'NONE',  ( 0.000000000000000000, 0.5999999999999996447, 0.000000000000000000 ) ) ;
#225 = EDGE_CURVE ( 'NONE', #2323, #499, #1853, .T. ) ;
#226 = FACE_OUTER_BOUND ( 'NONE', #1297, .T. ) ;
#227 = ORIENTED_EDGE ( 'NONE', *, *, #1842, .F. ) ;
#228 = DIRECTION ( 'NONE',  ( 0.000000000000000000, 1.000000000000000000, -0.000000000000000000 ) ) ;
#229 = CARTESIAN_POINT ( 'NONE',  ( 3.633745678312121363, 2.311577815281844028, -0.6700000000000002620 ) ) ;
#230 = LINE ( 'NONE', #2129, #1090 ) ;
#231 = AXIS2_PLACEMENT_3D ( 'NONE', #1086, #215, #2004 ) ;
#232 = DIRECTION ( 'NONE',  ( 0.1391731009600657432, -0.9902680687415703620, 0.000000000000000000 ) ) ;
#234 = AXIS2_PLACEMENT_3D ( 'NONE', #2346, #1704, #1890 ) ;
#233 = CARTESIAN_POINT ( 'NONE',  ( 5.080000000000000071, 5.963111948670274387E-16, 1.869999999999999885 ) ) ;
#235 = ORIENTED_EDGE ( 'NONE', *, *, #2578, .T. ) ;
#236 = CARTESIAN_POINT ( 'NONE',  ( 5.080000000000000071, 0.2500000000000008882, -0.6700000000000002620 ) ) ;
#237 = VECTOR ( 'NONE', #2331, 1000.000000000000114 ) ;
#238 = ORIENTED_EDGE ( 'NONE', *, *, #2149, .T. ) ;
#239 = DIRECTION ( 'NONE',  ( 0.000000000000000000, 1.000000000000000000, 0.000000000000000000 ) ) ;
#240 = ADVANCED_FACE ( 'NONE', ( #929 ), #1642, .F. ) ;
#241 = CIRCLE ( 'NONE', #151, 0.08498087597171108398 ) ;
#242 = DIRECTION ( 'NONE',  ( -0.2536887388726299930, 0.9672859059084932820, 0.000000000000000000 ) ) ;
#243 = ORIENTED_EDGE ( 'NONE', *, *, #937, .T. ) ;
#244 = DIRECTION ( 'NONE',  ( -0.2536887388726299930, -0.9672859059084932820, 0.000000000000000000 ) ) ;
#245 = DIRECTION ( 'NONE',  ( -0.000000000000000000, -0.000000000000000000, -1.000000000000000000 ) ) ;
#246 = VECTOR ( 'NONE', #249, 1000.000000000000000 ) ;
#247 = ORIENTED_EDGE ( 'NONE', *, *, #2000, .T. ) ;
#248 = DIRECTION ( 'NONE',  ( -1.000000000000000000, 0.000000000000000000, -0.000000000000000000 ) ) ;
#249 = DIRECTION ( 'NONE',  ( 0.1378445374916289490, -0.9808148484639890308, 0.1378445374916288935 ) ) ;
#250 = EDGE_CURVE ( 'NONE', #2184, #2209, #1791, .T. ) ;
#251 = DIRECTION ( 'NONE',  ( -1.000000000000000000, 0.000000000000000000, 0.000000000000000000 ) ) ;
#252 =( NAMED_UNIT ( * ) SI_UNIT ( $, .STERADIAN. ) SOLID_ANGLE_UNIT ( ) );
#253 = ORIENTED_EDGE ( 'NONE', *, *, #694, .F. ) ;
#254 = CARTESIAN_POINT ( 'NONE',  ( 3.249999999999997780, 2.625000000000000444, -2.290000000000002700 ) ) ;
#255 = EDGE_CURVE ( 'NONE', #2139, #1380, #934, .T. ) ;
#256 = ORIENTED_EDGE ( 'NONE', *, *, #1550, .T. ) ;
#257 = CARTESIAN_POINT ( 'NONE',  ( -4.498455125287073031, 0.3349808759717117779, 1.869999999999999885 ) ) ;
#258 = LINE ( 'NONE', #443, #246 ) ;
#259 = CARTESIAN_POINT ( 'NONE',  ( -5.080000000000000071, 0.2500000000000008882, 1.869999999999999885 ) ) ;
#260 = EDGE_CURVE ( 'NONE', #637, #2260, #1776, .T. ) ;
#261 = ORIENTED_EDGE ( 'NONE', *, *, #2573, .T. ) ;
#262 = PLANE ( 'NONE',  #330 ) ;
#263 = AXIS2_PLACEMENT_3D ( 'NONE', #1233, #411, #859 ) ;
#264 = DIRECTION ( 'NONE',  ( -0.000000000000000000, -1.000000000000000000, -0.000000000000000000 ) ) ;
#265 = UNCERTAINTY_MEASURE_WITH_UNIT (LENGTH_MEASURE( 1.000000000000000082E-05 ), #2001, 'distance_accuracy_value', 'NONE');
#266 = ORIENTED_EDGE ( 'NONE', *, *, #290, .F. ) ;
#267 = CARTESIAN_POINT ( 'NONE',  ( -5.080000000000000071, 2.625000000000000444, 1.520000000000000018 ) ) ;
#268 = AXIS2_PLACEMENT_3D ( 'NONE', #1221, #1799, #32 ) ;
#269 = CARTESIAN_POINT ( 'NONE',  ( -2.149999999999999911, 4.349999999999999645, -1.190000000000002389 ) ) ;
#270 = DIRECTION ( 'NONE',  ( 0.000000000000000000, -0.000000000000000000, 1.000000000000000000 ) ) ;
#271 = DIRECTION ( 'NONE',  ( -0.000000000000000000, -0.000000000000000000, -1.000000000000000000 ) ) ;
#272 = ORIENTED_EDGE ( 'NONE', *, *, #1385, .F. ) ;
#273 = DIRECTION ( 'NONE',  ( 1.000000000000000000, 0.000000000000000000, 0.000000000000000000 ) ) ;
#274 = DIRECTION ( 'NONE',  ( 0.2536887388726298820, 0.9672859059084932820, -0.000000000000000000 ) ) ;
#275 = ORIENTED_EDGE ( 'NONE', *, *, #1507, .F. ) ;
#276 = DIRECTION ( 'NONE',  ( 0.000000000000000000, 1.000000000000000000, -0.000000000000000000 ) ) ;
#277 = ORIENTED_EDGE ( 'NONE', *, *, #2173, .F. ) ;
#278 = CARTESIAN_POINT ( 'NONE',  ( 3.875567154789244739, 2.375000000000002220, 1.520000000000000018 ) ) ;
#279 = CARTESIAN_POINT ( 'NONE',  ( -2.149999999999999911, 4.399999999999999467, -0.8400000000000024114 ) ) ;
#280 = ORIENTED_EDGE ( 'NONE', *, *, #883, .F. ) ;
#281 = DIRECTION ( 'NONE',  ( -1.000000000000000000, 0.000000000000000000, 0.000000000000000000 ) ) ;
#282 = EDGE_CURVE ( 'NONE', #2040, #2071, #1759, .T. ) ;
#283 = DIRECTION ( 'NONE',  ( 0.2536887388726298820, 0.9672859059084932820, -0.000000000000000000 ) ) ;
#284 = PLANE ( 'NONE',  #697 ) ;
#285 = ORIENTED_EDGE ( 'NONE', *, *, #212, .T. ) ;
#286 = CARTESIAN_POINT ( 'NONE',  ( 5.080000000000000071, 5.963111948670274387E-16, 1.869999999999999885 ) ) ;
#287 = DIRECTION ( 'NONE',  ( -1.000000000000000000, 0.000000000000000000, 0.000000000000000000 ) ) ;
#288 = EDGE_LOOP ( 'NONE', ( #1194, #1210, #322, #2097 ) ) ;
#289 = DIRECTION ( 'NONE',  ( 0.000000000000000000, 1.000000000000000000, 0.000000000000000000 ) ) ;
#290 = EDGE_CURVE ( 'NONE', #453, #2166, #33, .T. ) ;
#291 = CARTESIAN_POINT ( 'NONE',  ( -3.551544874712927236, 2.375000000000000444, -0.6700000000000002620 ) ) ;
#292 = AXIS2_PLACEMENT_3D ( 'NONE', #1375, #1775, #1591 ) ;
#293 = ORIENTED_EDGE ( 'NONE', *, *, #883, .T. ) ;
#294 = DIRECTION ( 'NONE',  ( -0.000000000000000000, -0.000000000000000000, -1.000000000000000000 ) ) ;
#295 = DIRECTION ( 'NONE',  ( 0.9902680687415703620, 0.1391731009600657432, -3.750745123048505783E-16 ) ) ;
#296 = ORIENTED_EDGE ( 'NONE', *, *, #1045, .T. ) ;
#297 = CARTESIAN_POINT ( 'NONE',  ( -5.080000000000000071, 5.963111948670274387E-16, 0.6700000000000000400 ) ) ;
#298 = ORIENTED_EDGE ( 'NONE', *, *, #1395, .F. ) ;
#299 = CARTESIAN_POINT ( 'NONE',  ( -3.551544874712927236, 2.290019124028289443, -0.6700000000000002620 ) ) ;
#300 = MANIFOLD_SOLID_BREP ( 'Cut-Extrude3[4]', #1657 ) ;
#301 = ORIENTED_EDGE ( 'NONE', *, *, #166, .F. ) ;
#302 = EDGE_CURVE ( 'NONE', #2243, #1592, #891, .T. ) ;
#303 = ORIENTED_EDGE ( 'NONE', *, *, #2050, .T. ) ;
#304 = CARTESIAN_POINT ( 'NONE',  ( 3.551544874712927236, 2.625000000000000444, -0.6700000000000002620 ) ) ;
#305 = EDGE_LOOP ( 'NONE', ( #1318, #906, #2234, #482 ) ) ;
#306 = DIRECTION ( 'NONE',  ( 0.000000000000000000, -0.000000000000000000, -1.000000000000000000 ) ) ;
#307 = EDGE_CURVE ( 'NONE', #2141, #446, #1761, .T. ) ;
#308 = VERTEX_POINT ( 'NONE', #855 ) ;
#309 = DIRECTION ( 'NONE',  ( -1.000000000000000000, 0.000000000000000000, 0.000000000000000000 ) ) ;
#310 = CLOSED_SHELL ( 'NONE', ( #1870, #2078, #2065, #2289, #911, #1623, #1128, #35, #1905, #1321, #2469, #1278, #1911, #2574, #118, #510, #1807 ) ) ;
#311 = EDGE_CURVE ( 'NONE', #2189, #334, #1785, .T. ) ;
#312 = VERTEX_POINT ( 'NONE', #1052 ) ;
#313 = CARTESIAN_POINT ( 'NONE',  ( -4.108330554291066861, 1.487500000000000044, -1.520000000000000018 ) ) ;
#314 = CARTESIAN_POINT ( 'NONE',  ( -3.633745678312121363, 2.311577815281844028, -1.520000000000000018 ) ) ;
#315 = ORIENTED_EDGE ( 'NONE', *, *, #2031, .F. ) ;
#316 = EDGE_CURVE ( 'NONE', #2035, #1389, #903, .T. ) ;
#317 = CARTESIAN_POINT ( 'NONE',  ( -3.250000000000000444, 2.625000000000000444, -0.6700000000000002620 ) ) ;
#318 = AXIS2_PLACEMENT_3D ( 'NONE', #1653, #1852, #1232 ) ;
#319 = ORIENTED_EDGE ( 'NONE', *, *, #1000, .F. ) ;
#320 = DIRECTION ( 'NONE',  ( -0.000000000000000000, -0.000000000000000000, -1.000000000000000000 ) ) ;
#321 = VERTEX_POINT ( 'NONE', #1370 ) ;
#322 = ORIENTED_EDGE ( 'NONE', *, *, #311, .F. ) ;
#323 = DIRECTION ( 'NONE',  ( 0.000000000000000000, 0.000000000000000000, 1.000000000000000000 ) ) ;
#324 = EDGE_LOOP ( 'NONE', ( #2535, #1144, #285, #2270 ) ) ;
#325 = CARTESIAN_POINT ( 'NONE',  ( 3.250000000000000444, 2.625000000000000444, 1.520000000000000018 ) ) ;
#326 = VERTEX_POINT ( 'NONE', #1610 ) ;
#327 =( NAMED_UNIT ( * ) SI_UNIT ( $, .STERADIAN. ) SOLID_ANGLE_UNIT ( ) );
#328 = DIRECTION ( 'NONE',  ( 0.000000000000000000, 0.000000000000000000, 1.000000000000000000 ) ) ;
#329 = CARTESIAN_POINT ( 'NONE',  ( -3.250000000000000444, 2.625000000000000444, -2.290000000000001368 ) ) ;
#330 = AXIS2_PLACEMENT_3D ( 'NONE', #890, #2217, #1271 ) ;
#331 = ORIENTED_EDGE ( 'NONE', *, *, #260, .F. ) ;
#332 = ADVANCED_FACE ( 'NONE', ( #912 ), #519, .F. ) ;
#333 = DIRECTION ( 'NONE',  ( -1.000000000000000000, -0.000000000000000000, 2.001604010742470009E-16 ) ) ;
#334 = VERTEX_POINT ( 'NONE', #544 ) ;
#335 = DIRECTION ( 'NONE',  ( 0.000000000000000000, 0.9902680687415703620, -0.1391731009600657432 ) ) ;
#336 = EDGE_CURVE ( 'NONE', #2072, #506, #1771, .T. ) ;
#337 = DIRECTION ( 'NONE',  ( 1.000000000000000000, 0.000000000000000000, 0.000000000000000000 ) ) ;
#338 = ORIENTED_EDGE ( 'NONE', *, *, #968, .F. ) ;
#339 = EDGE_LOOP ( 'NONE', ( #1896, #1392, #1518, #664, #894, #1726, #2174, #2199, #488, #2264, #1036, #1336 ) ) ;
#340 = EDGE_CURVE ( 'NONE', #1205, #2138, #921, .T. ) ;
#341 = VERTEX_POINT ( 'NONE', #325 ) ;
#342 = DIRECTION ( 'NONE',  ( 0.1391731009600657432, 0.9902680687415703620, 0.000000000000000000 ) ) ;
#343 = DIRECTION ( 'NONE',  ( 1.000000000000000000, 0.000000000000000000, -0.000000000000000000 ) ) ;
#344 = AXIS2_PLACEMENT_3D ( 'NONE', #2153, #2202, #1640 ) ;
#345 = VERTEX_POINT ( 'NONE', #1466 ) ;
#346 = AXIS2_PLACEMENT_3D ( 'NONE', #1485, #902, #2063 ) ;
#347 = ORIENTED_EDGE ( 'NONE', *, *, #282, .F. ) ;
#348 = DIRECTION ( 'NONE',  ( -0.2536887388726300485, -0.9672859059084932820, 0.000000000000000000 ) ) ;
#349 = ORIENTED_EDGE ( 'NONE', *, *, #1104, .F. ) ;
#350 = ADVANCED_FACE ( 'NONE', ( #1731 ), #1294, .F. ) ;
#351 = DIRECTION ( 'NONE',  ( 0.000000000000000000, 0.000000000000000000, -1.000000000000000000 ) ) ;
#352 = ORIENTED_EDGE ( 'NONE', *, *, #823, .F. ) ;
#353 = DIRECTION ( 'NONE',  ( 0.000000000000000000, -0.000000000000000000, -1.000000000000000000 ) ) ;
#354 = VERTEX_POINT ( 'NONE', #2070 ) ;
#355 = DIRECTION ( 'NONE',  ( 1.000000000000000000, -1.864348255189607729E-16, 0.000000000000000000 ) ) ;
#356 = PRODUCT_DEFINITION_FORMATION_WITH_SPECIFIED_SOURCE ( 'ANY', '', #2036, .NOT_KNOWN. ) ;
#357 = VERTEX_POINT ( 'NONE', #1134 ) ;
#358 = DIRECTION ( 'NONE',  ( -1.000000000000000000, 0.000000000000000000, 0.000000000000000000 ) ) ;
#359 = EDGE_CURVE ( 'NONE', #2087, #1075, #101, .T. ) ;
#360 = FILL_AREA_STYLE ('',( #167 ) ) ;
#361 = VERTEX_POINT ( 'NONE', #497 ) ;
#362 = VERTEX_POINT ( 'NONE', #2333 ) ;
#363 = CARTESIAN_POINT ( 'NONE',  ( -4.498455125287073031, 0.3349808759717117779, 1.869999999999999885 ) ) ;
#364 = EDGE_CURVE ( 'NONE', #1983, #453, #977, .T. ) ;
#365 = VERTEX_POINT ( 'NONE', #2566 ) ;
#366 = CARTESIAN_POINT ( 'NONE',  ( -5.080000000000000071, 0.2500000000000008882, -0.6700000000000002620 ) ) ;
#367 = CARTESIAN_POINT ( 'NONE',  ( -5.080000000000000071, 1.487500000000000266, 1.520000000000000018 ) ) ;
#368 = ORIENTED_EDGE ( 'NONE', *, *, #1267, .T. ) ;
#369 = EDGE_CURVE ( 'NONE', #1185, #2026, #941, .T. ) ;
#370 = AXIS2_PLACEMENT_3D ( 'NONE', #1195, #1627, #627 ) ;
#371 = VERTEX_POINT ( 'NONE', #761 ) ;
#372 = DIRECTION ( 'NONE',  ( 0.2536887388726300485, -0.9672859059084932820, 0.000000000000000000 ) ) ;
#373 = AXIS2_PLACEMENT_3D ( 'NONE', #658, #221, #1062 ) ;
#374 = DIRECTION ( 'NONE',  ( -1.000000000000000000, 0.000000000000000000, 0.000000000000000000 ) ) ;
#375 = VERTEX_POINT ( 'NONE', #1906 ) ;
#376 = ORIENTED_EDGE ( 'NONE', *, *, #5, .F. ) ;
#377 = DIRECTION ( 'NONE',  ( -0.000000000000000000, -0.000000000000000000, -1.000000000000000000 ) ) ;
#378 = VERTEX_POINT ( 'NONE', #1118 ) ;
#379 = DIRECTION ( 'NONE',  ( 1.000000000000000000, -0.000000000000000000, -0.000000000000000000 ) ) ;
#380 = ORIENTED_EDGE ( 'NONE', *, *, #1748, .F. ) ;
#381 = CARTESIAN_POINT ( 'NONE',  ( 3.249999999999997780, 2.375000000000000444, -2.290000000000002700 ) ) ;
#382 = AXIS2_PLACEMENT_3D ( 'NONE', #1258, #448, #232 ) ;
#383 = EDGE_LOOP ( 'NONE', ( #2229, #2221, #647, #408 ) ) ;
#384 = PLANE ( 'NONE',  #114 ) ;
#385 = CARTESIAN_POINT ( 'NONE',  ( 3.633745678312121363, 2.311577815281844028, -0.6700000000000002620 ) ) ;
#386 = VERTEX_POINT ( 'NONE', #1528 ) ;
#387 = CLOSED_SHELL ( 'NONE', ( #1854, #2060, #2093, #2383 ) ) ;
#388 = CARTESIAN_POINT ( 'NONE',  ( -3.000540018403254905, 0.5999999999999996447, 2.290000000000001368 ) ) ;
#389 = VERTEX_POINT ( 'NONE', #2315 ) ;
#390 = ADVANCED_FACE ( 'NONE', ( #1839 ), #946, .F. ) ;
#391 = PLANE ( 'NONE',  #1193 ) ;
#392 = EDGE_CURVE ( 'NONE', #625, #2116, #964, .T. ) ;
#393 = ORIENTED_EDGE ( 'NONE', *, *, #1107, .T. ) ;
#394 = DIRECTION ( 'NONE',  ( 0.000000000000000000, 0.9902680687415703620, 0.1391731009600657432 ) ) ;
#395 = ORIENTED_EDGE ( 'NONE', *, *, #1801, .F. ) ;
#396 = EDGE_CURVE ( 'NONE', #2484, #538, #1834, .T. ) ;
#397 = DIRECTION ( 'NONE',  ( 1.000000000000000000, 0.000000000000000000, 0.000000000000000000 ) ) ;
#398 = ORIENTED_EDGE ( 'NONE', *, *, #1629, .T. ) ;
#399 = CARTESIAN_POINT ( 'NONE',  ( 4.498455125287073031, 0.3349808759717117779, 1.869999999999999885 ) ) ;
#400 = CARTESIAN_POINT ( 'NONE',  ( 3.249999999999999556, 2.375000000000000444, 2.290000000000000036 ) ) ;
#401 = VERTEX_POINT ( 'NONE', #2502 ) ;
#402 = EDGE_CURVE ( 'NONE', #2021, #1441, #110, .T. ) ;
#403 = PLANE ( 'NONE',  #1755 ) ;
#404 = CARTESIAN_POINT ( 'NONE',  ( 3.875567154789244739, 2.375000000000002220, -0.6700000000000002620 ) ) ;
#405 = ORIENTED_EDGE ( 'NONE', *, *, #195, .T. ) ;
#406 = AXIS2_PLACEMENT_3D ( 'NONE', #2022, #657, #1220 ) ;
#407 = CARTESIAN_POINT ( 'NONE',  ( -3.551544874712927236, 2.625000000000000444, -1.520000000000000018 ) ) ;
#408 = ORIENTED_EDGE ( 'NONE', *, *, #438, .F. ) ;
#409 = CARTESIAN_POINT ( 'NONE',  ( -3.633745678312121363, 2.311577815281844028, -1.520000000000000018 ) ) ;
#410 = VERTEX_POINT ( 'NONE', #2055 ) ;
#411 = DIRECTION ( 'NONE',  ( -0.000000000000000000, -0.000000000000000000, -1.000000000000000000 ) ) ;
#412 = ORIENTED_EDGE ( 'NONE', *, *, #1310, .F. ) ;
#413 = ORIENTED_EDGE ( 'NONE', *, *, #2136, .F. ) ;
#414 = CARTESIAN_POINT ( 'NONE',  ( -3.875567154789244739, 2.375000000000002220, -1.520000000000000018 ) ) ;
#415 = EDGE_LOOP ( 'NONE', ( #2370, #558, #1904, #2241, #872, #1326 ) ) ;
#416 = EDGE_LOOP ( 'NONE', ( #452, #1079, #1386, #588 ) ) ;
#417 = CARTESIAN_POINT ( 'NONE',  ( 4.498455125287073031, 0.3349808759717117779, 1.869999999999999885 ) ) ;
#418 = ORIENTED_EDGE ( 'NONE', *, *, #1715, .F. ) ;
#419 = CARTESIAN_POINT ( 'NONE',  ( -4.498455125287073031, 5.963111948670274387E-16, -0.6700000000000002620 ) ) ;
#420 = FILL_AREA_STYLE_COLOUR ( '', #900 ) ;
#421 = VERTEX_POINT ( 'NONE', #297 ) ;
#422 = CARTESIAN_POINT ( 'NONE',  ( -3.250000000000000444, 2.625000000000000444, 2.290000000000001368 ) ) ;
#423 = AXIS2_PLACEMENT_3D ( 'NONE', #1821, #1784, #1766 ) ;
#424 = CARTESIAN_POINT ( 'NONE',  ( 3.551544874712927236, 2.625000000000000444, 1.869999999999999885 ) ) ;
#425 = ORIENTED_EDGE ( 'NONE', *, *, #307, .F. ) ;
#426 = ORIENTED_EDGE ( 'NONE', *, *, #191, .T. ) ;
#427 = EDGE_LOOP ( 'NONE', ( #1383, #1341, #413, #2062 ) ) ;
#428 = ORIENTED_EDGE ( 'NONE', *, *, #823, .T. ) ;
#429 = EDGE_CURVE ( 'NONE', #483, #308, #949, .T. ) ;
#430 = ORIENTED_EDGE ( 'NONE', *, *, #1968, .T. ) ;
#431 = ORIENTED_EDGE ( 'NONE', *, *, #1354, .T. ) ;
#432 = CARTESIAN_POINT ( 'NONE',  ( -5.080000000000000071, 0.2500000000000008882, 0.6700000000000000400 ) ) ;
#433 = EDGE_LOOP ( 'NONE', ( #376, #2102 ) ) ;
#434 = EDGE_LOOP ( 'NONE', ( #1394, #1356, #1663, #2084 ) ) ;
#435 = VERTEX_POINT ( 'NONE', #633 ) ;
#436 = CARTESIAN_POINT ( 'NONE',  ( 3.249999999999997780, 4.399999999999999467, -2.040540018403257161 ) ) ;
#437 = ORIENTED_EDGE ( 'NONE', *, *, #1057, .T. ) ;
#438 = EDGE_CURVE ( 'NONE', #1313, #1348, #1802, .T. ) ;
#439 = ORIENTED_EDGE ( 'NONE', *, *, #1838, .T. ) ;
#440 = EDGE_LOOP ( 'NONE', ( #2261, #296, #808, #1963, #609, #575 ) ) ;
#441 = DIRECTION ( 'NONE',  ( 1.982124538103326710E-16, 0.1391731009600657432, 0.9902680687415702510 ) ) ;
#442 = EDGE_LOOP ( 'NONE', ( #412, #1605, #1498, #746, #1303, #2466, #2095, #454 ) ) ;
#443 = CARTESIAN_POINT ( 'NONE',  ( 3.249999999999999556, 2.625000000000000444, 2.290000000000000036 ) ) ;
#444 = DIRECTION ( 'NONE',  ( -0.000000000000000000, -0.000000000000000000, 1.000000000000000000 ) ) ;
#445 = AXIS2_PLACEMENT_3D ( 'NONE', #614, #1608, #1861 ) ;
#446 = VERTEX_POINT ( 'NONE', #2205 ) ;
#447 = EDGE_LOOP ( 'NONE', ( #2250, #2245, #1956, #275, #811, #787, #556, #1115 ) ) ;
#448 = DIRECTION ( 'NONE',  ( -0.9902680687415703620, -0.1391731009600657432, 0.000000000000000000 ) ) ;
#450 = AXIS2_PLACEMENT_3D ( 'NONE', #1564, #1612, #1977 ) ;
#449 = PLANE ( 'NONE',  #2151 ) ;
#451 = DIRECTION ( 'NONE',  ( -1.000000000000000000, 0.000000000000000000, 0.000000000000000000 ) ) ;
#452 = ORIENTED_EDGE ( 'NONE', *, *, #1698, .F. ) ;
#453 = VERTEX_POINT ( 'NONE', #2426 ) ;
#454 = ORIENTED_EDGE ( 'NONE', *, *, #61, .F. ) ;
#455 = ORIENTED_EDGE ( 'NONE', *, *, #1107, .F. ) ;
#456 = PLANE ( 'NONE',  #2528 ) ;
#457 = VERTEX_POINT ( 'NONE', #2587 ) ;
#458 = VERTEX_POINT ( 'NONE', #40 ) ;
#459 = ORIENTED_EDGE ( 'NONE', *, *, #1343, .T. ) ;
#460 = VERTEX_POINT ( 'NONE', #2387 ) ;
#461 = DIRECTION ( 'NONE',  ( 0.000000000000000000, -1.000000000000000000, 0.000000000000000000 ) ) ;
#462 = DIRECTION ( 'NONE',  ( -0.000000000000000000, -0.000000000000000000, -1.000000000000000000 ) ) ;
#463 = ORIENTED_EDGE ( 'NONE', *, *, #1619, .T. ) ;
#464 = ORIENTED_EDGE ( 'NONE', *, *, #1192, .F. ) ;
#465 = VERTEX_POINT ( 'NONE', #174 ) ;
#466 = ORIENTED_EDGE ( 'NONE', *, *, #1240, .F. ) ;
#467 = DIRECTION ( 'NONE',  ( 0.000000000000000000, -0.000000000000000000, -1.000000000000000000 ) ) ;
#468 = EDGE_CURVE ( 'NONE', #1331, #2454, #69, .T. ) ;
#469 = DIRECTION ( 'NONE',  ( 0.000000000000000000, -1.000000000000000000, 0.000000000000000000 ) ) ;
#470 = ORIENTED_EDGE ( 'NONE', *, *, #2434, .F. ) ;
#471 = ORIENTED_EDGE ( 'NONE', *, *, #1459, .F. ) ;
#472 = ORIENTED_EDGE ( 'NONE', *, *, #676, .F. ) ;
#473 = DIRECTION ( 'NONE',  ( -0.000000000000000000, 1.000000000000000000, -0.000000000000000000 ) ) ;
#474 = ORIENTED_EDGE ( 'NONE', *, *, #392, .T. ) ;
#475 = EDGE_LOOP ( 'NONE', ( #1286, #1384, #2106, #2167 ) ) ;
#476 = CARTESIAN_POINT ( 'NONE',  ( -4.498455125287073031, 0.2500000000000007772, -0.6700000000000002620 ) ) ;
#477 = ORIENTED_EDGE ( 'NONE', *, *, #805, .T. ) ;
#478 = EDGE_LOOP ( 'NONE', ( #2265, #2124, #498, #463 ) ) ;
#479 = EDGE_CURVE ( 'NONE', #1178, #217, #1809, .T. ) ;
#480 = DIRECTION ( 'NONE',  ( 0.000000000000000000, -0.000000000000000000, -1.000000000000000000 ) ) ;
#481 = VERTEX_POINT ( 'NONE', #995 ) ;
#482 = ORIENTED_EDGE ( 'NONE', *, *, #878, .T. ) ;
#483 = VERTEX_POINT ( 'NONE', #381 ) ;
#484 = ORIENTED_EDGE ( 'NONE', *, *, #1754, .T. ) ;
#485 = CARTESIAN_POINT ( 'NONE',  ( -2.149999999999999911, 4.399999999999999467, -1.190000000000002389 ) ) ;
#486 = EDGE_CURVE ( 'NONE', #1978, #378, #74, .T. ) ;
#487 = CARTESIAN_POINT ( 'NONE',  ( -3.875567154789244739, 2.375000000000002220, -0.6700000000000002620 ) ) ;
#488 = ORIENTED_EDGE ( 'NONE', *, *, #1004, .F. ) ;
#489 = EDGE_LOOP ( 'NONE', ( #528, #1255, #2171, #2186 ) ) ;
#490 = EDGE_LOOP ( 'NONE', ( #1159, #301, #820, #2030 ) ) ;
#491 = ORIENTED_EDGE ( 'NONE', *, *, #120, .F. ) ;
#492 = CARTESIAN_POINT ( 'NONE',  ( -3.250000000000000444, 2.625000000000000444, 0.6700000000000000400 ) ) ;
#493 = EDGE_LOOP ( 'NONE', ( #572, #1353, #2272, #554, #2259, #2391 ) ) ;
#494 = MECHANICAL_DESIGN_GEOMETRIC_PRESENTATION_REPRESENTATION (  '', ( #780 ), #860 ) ;
#495 = ORIENTED_EDGE ( 'NONE', *, *, #2317, .T. ) ;
#496 = CARTESIAN_POINT ( 'NONE',  ( -4.498455125287073031, 0.3349808759717117779, -0.6700000000000002620 ) ) ;
#497 = CARTESIAN_POINT ( 'NONE',  ( -3.250000000000000444, 2.375000000000000444, 0.6700000000000000400 ) ) ;
#498 = ORIENTED_EDGE ( 'NONE', *, *, #1004, .T. ) ;
#499 = VERTEX_POINT ( 'NONE', #857 ) ;
#500 = CARTESIAN_POINT ( 'NONE',  ( 5.080000000000000071, 0.2500000000000008882, 1.869999999999999885 ) ) ;
#501 = CARTESIAN_POINT ( 'NONE',  ( 5.080000000000000071, 0.2500000000000008882, -1.870000000000000107 ) ) ;
#502 = VERTEX_POINT ( 'NONE', #1946 ) ;
#503 = UNCERTAINTY_MEASURE_WITH_UNIT (LENGTH_MEASURE( 1.000000000000000082E-05 ), #2347, 'distance_accuracy_value', 'NONE');
#504 = ORIENTED_EDGE ( 'NONE', *, *, #2516, .F. ) ;
#505 = CARTESIAN_POINT ( 'NONE',  ( -2.149999999999999911, 3.360050506338832843, -1.190000000000002389 ) ) ;
#506 = VERTEX_POINT ( 'NONE', #595 ) ;
#507 = ORIENTED_EDGE ( 'NONE', *, *, #307, .T. ) ;
#508 = DIRECTION ( 'NONE',  ( 0.000000000000000000, 0.000000000000000000, 1.000000000000000000 ) ) ;
#509 = ORIENTED_EDGE ( 'NONE', *, *, #359, .T. ) ;
#510 = ADVANCED_FACE ( 'NONE', ( #944 ), #1815, .F. ) ;
#511 = ORIENTED_EDGE ( 'NONE', *, *, #1947, .F. ) ;
#512 = CARTESIAN_POINT ( 'NONE',  ( 4.174432845210755971, 0.2499999999999995282, 0.6700000000000000400 ) ) ;
#513 = DIRECTION ( 'NONE',  ( 1.000000000000000000, -0.000000000000000000, -0.000000000000000000 ) ) ;
#514 = ORIENTED_EDGE ( 'NONE', *, *, #1024, .F. ) ;
#515 = ORIENTED_EDGE ( 'NONE', *, *, #486, .T. ) ;
#516 = CARTESIAN_POINT ( 'NONE',  ( 3.551544874712927236, 2.290019124028289443, -0.6700000000000002620 ) ) ;
#517 = EDGE_CURVE ( 'NONE', #20, #2105, #77, .T. ) ;
#518 = ORIENTED_EDGE ( 'NONE', *, *, #30, .F. ) ;
#519 = PLANE ( 'NONE',  #38 ) ;
#520 = EDGE_LOOP ( 'NONE', ( #674, #395, #1364, #1372, #546, #1576, #2144, #1358 ) ) ;
#521 = ORIENTED_EDGE ( 'NONE', *, *, #61, .T. ) ;
#522 = ORIENTED_EDGE ( 'NONE', *, *, #1981, .F. ) ;
#523 = CARTESIAN_POINT ( 'NONE',  ( -4.498455125287073031, 0.3349808759717117779, -0.6700000000000002620 ) ) ;
#524 = DIRECTION ( 'NONE',  ( -0.000000000000000000, -1.000000000000000000, -0.000000000000000000 ) ) ;
#525 = VERTEX_POINT ( 'NONE', #1959 ) ;
#526 = ORIENTED_EDGE ( 'NONE', *, *, #2485, .F. ) ;
#527 = DIRECTION ( 'NONE',  ( -0.000000000000000000, -0.000000000000000000, -1.000000000000000000 ) ) ;
#528 = ORIENTED_EDGE ( 'NONE', *, *, #907, .F. ) ;
#529 = ORIENTED_EDGE ( 'NONE', *, *, #468, .T. ) ;
#530 = ADVANCED_FACE ( 'NONE', ( #958 ), #403, .F. ) ;
#531 = ORIENTED_EDGE ( 'NONE', *, *, #686, .T. ) ;
#532 = EDGE_CURVE ( 'NONE', #386, #1262, #1689, .T. ) ;
#533 = ORIENTED_EDGE ( 'NONE', *, *, #1081, .F. ) ;
#534 = DIRECTION ( 'NONE',  ( 0.000000000000000000, 0.000000000000000000, 1.000000000000000000 ) ) ;
#535 = VERTEX_POINT ( 'NONE', #1352 ) ;
#536 = CARTESIAN_POINT ( 'NONE',  ( 4.498455125287073031, 5.963111948670274387E-16, -0.6700000000000002620 ) ) ;
#537 = ORIENTED_EDGE ( 'NONE', *, *, #1146, .T. ) ;
#538 = VERTEX_POINT ( 'NONE', #1794 ) ;
#539 = AXIS2_PLACEMENT_3D ( 'NONE', #329, #833, #1961 ) ;
#540 =( NAMED_UNIT ( * ) SI_UNIT ( $, .STERADIAN. ) SOLID_ANGLE_UNIT ( ) );
#541 = ORIENTED_EDGE ( 'NONE', *, *, #963, .T. ) ;
#542 = DIRECTION ( 'NONE',  ( 0.000000000000000000, 1.000000000000000000, -0.000000000000000000 ) ) ;
#543 = ORIENTED_EDGE ( 'NONE', *, *, #2337, .F. ) ;
#544 = CARTESIAN_POINT ( 'NONE',  ( -3.000540018403254905, 4.399999999999999467, 2.040540018403255829 ) ) ;
#545 = ORIENTED_EDGE ( 'NONE', *, *, #2023, .T. ) ;
#546 = ORIENTED_EDGE ( 'NONE', *, *, #1267, .F. ) ;
#547 = ORIENTED_EDGE ( 'NONE', *, *, #571, .F. ) ;
#548 = VERTEX_POINT ( 'NONE', #2161 ) ;
#549 = ORIENTED_EDGE ( 'NONE', *, *, #694, .T. ) ;
#550 = VECTOR ( 'NONE', #1189, 1000.000000000000000 ) ;
#551 = CARTESIAN_POINT ( 'NONE',  ( 3.249999999999999556, 2.625000000000000444, 2.290000000000000036 ) ) ;
#552 = ORIENTED_EDGE ( 'NONE', *, *, #2188, .F. ) ;
#553 = PRODUCT_RELATED_PRODUCT_CATEGORY ( 'part', '', ( #2036 ) ) ;
#554 = ORIENTED_EDGE ( 'NONE', *, *, #940, .F. ) ;
#555 = DIRECTION ( 'NONE',  ( 0.000000000000000000, -1.000000000000000000, 0.000000000000000000 ) ) ;
#556 = ORIENTED_EDGE ( 'NONE', *, *, #255, .F. ) ;
#557 = ADVANCED_FACE ( 'NONE', ( #2548 ), #2405, .T. ) ;
#558 = ORIENTED_EDGE ( 'NONE', *, *, #799, .T. ) ;
#559 = ORIENTED_EDGE ( 'NONE', *, *, #1487, .F. ) ;
#560 = CARTESIAN_POINT ( 'NONE',  ( -3.250000000000000444, 2.375000000000000444, -2.290000000000001368 ) ) ;
#561 = EDGE_CURVE ( 'NONE', #499, #2141, #851, .T. ) ;
#562 = ORIENTED_EDGE ( 'NONE', *, *, #805, .F. ) ;
#563 = ORIENTED_EDGE ( 'NONE', *, *, #1166, .T. ) ;
#564 = CARTESIAN_POINT ( 'NONE',  ( 3.250000000000000444, 2.625000000000000444, -0.6700000000000002620 ) ) ;
#565 = VECTOR ( 'NONE', #58, 1000.000000000000000 ) ;
#566 = CARTESIAN_POINT ( 'NONE',  ( -3.551544874712927236, 2.625000000000000444, -0.6700000000000002620 ) ) ;
#567 = ORIENTED_EDGE ( 'NONE', *, *, #1778, .F. ) ;
#568 = ORIENTED_EDGE ( 'NONE', *, *, #2358, .T. ) ;
#569 = DIRECTION ( 'NONE',  ( -0.000000000000000000, -0.000000000000000000, -1.000000000000000000 ) ) ;
#570 = PLANE ( 'NONE',  #1767 ) ;
#571 = EDGE_CURVE ( 'NONE', #389, #175, #2570, .T. ) ;
#572 = ORIENTED_EDGE ( 'NONE', *, *, #2222, .T. ) ;
#573 = ORIENTED_EDGE ( 'NONE', *, *, #2303, .F. ) ;
#574 = DIRECTION ( 'NONE',  ( 0.000000000000000000, -0.000000000000000000, 1.000000000000000000 ) ) ;
#575 = ORIENTED_EDGE ( 'NONE', *, *, #2550, .F. ) ;
#576 = DIRECTION ( 'NONE',  ( -0.000000000000000000, -0.000000000000000000, -1.000000000000000000 ) ) ;
#577 = ORIENTED_EDGE ( 'NONE', *, *, #1482, .F. ) ;
#578 = LINE ( 'NONE', #1816, #565 ) ;
#579 = DIRECTION ( 'NONE',  ( 0.2536887388726299375, -0.9672859059084933930, 0.000000000000000000 ) ) ;
#580 = ADVANCED_FACE ( 'NONE', ( #2521 ), #25, .F. ) ;
#581 = ORIENTED_EDGE ( 'NONE', *, *, #2303, .T. ) ;
#582 = EDGE_LOOP ( 'NONE', ( #1293, #507, #1304, #1323, #2045, #491 ) ) ;
#583 = AXIS2_PLACEMENT_3D ( 'NONE', #942, #959, #172 ) ;
#584 = ORIENTED_EDGE ( 'NONE', *, *, #1875, .T. ) ;
#585 = CARTESIAN_POINT ( 'NONE',  ( -2.149999999999999911, 4.399999999999999467, -1.190000000000002389 ) ) ;
#586 = CARTESIAN_POINT ( 'NONE',  ( -3.250000000000000444, 2.625000000000000444, 1.869999999999999885 ) ) ;
#587 = EDGE_CURVE ( 'NONE', #1302, #2433, #2446, .T. ) ;
#588 = ORIENTED_EDGE ( 'NONE', *, *, #2485, .T. ) ;
#589 = DIRECTION ( 'NONE',  ( -0.2536887388726299375, -0.9672859059084933930, 0.000000000000000000 ) ) ;
#590 = ORIENTED_EDGE ( 'NONE', *, *, #2109, .T. ) ;
#591 = CARTESIAN_POINT ( 'NONE',  ( 4.108330554291065972, 1.487500000000000044, -1.520000000000000018 ) ) ;
#592 = ORIENTED_EDGE ( 'NONE', *, *, #2140, .T. ) ;
#593 = EDGE_CURVE ( 'NONE', #1243, #375, #735, .T. ) ;
#594 = LINE ( 'NONE', #1881, #2266 ) ;
#595 = CARTESIAN_POINT ( 'NONE',  ( -3.849875429003992267, 1.487500000000000266, -1.870000000000000107 ) ) ;
#596 = DIRECTION ( 'NONE',  ( -3.787605842744118616E-16, 0.000000000000000000, -1.000000000000000000 ) ) ;
#597 = EDGE_LOOP ( 'NONE', ( #1636, #1130, #1462, #1633 ) ) ;
#598 = VECTOR ( 'NONE', #2458, 1000.000000000000000 ) ;
#599 = VERTEX_POINT ( 'NONE', #617 ) ;
#600 = CARTESIAN_POINT ( 'NONE',  ( -3.250000000000000444, 2.625000000000000444, -0.6700000000000002620 ) ) ;
#601 = VECTOR ( 'NONE', #2237, 1000.000000000000000 ) ;
#602 = AXIS2_PLACEMENT_3D ( 'NONE', #858, #2185, #2483 ) ;
#603 = ORIENTED_EDGE ( 'NONE', *, *, #364, .F. ) ;
#604 = DIRECTION ( 'NONE',  ( 1.000000000000000000, 0.000000000000000000, 0.000000000000000000 ) ) ;
#605 = DIRECTION ( 'NONE',  ( -1.000000000000000000, 0.000000000000000000, 0.000000000000000000 ) ) ;
#606 = ORIENTED_EDGE ( 'NONE', *, *, #30, .T. ) ;
#607 = PLANE ( 'NONE',  #898 ) ;
#608 = CARTESIAN_POINT ( 'NONE',  ( -3.250000000000000444, 2.625000000000000444, -1.520000000000000018 ) ) ;
#609 = ORIENTED_EDGE ( 'NONE', *, *, #1981, .T. ) ;
#610 = DIRECTION ( 'NONE',  ( 1.000000000000000000, 0.000000000000000000, 0.000000000000000000 ) ) ;
#611 = AXIS2_PLACEMENT_3D ( 'NONE', #485, #1472, #534 ) ;
#612 = CARTESIAN_POINT ( 'NONE',  ( -2.149999999999999911, 4.399999999999999467, -1.190000000000002389 ) ) ;
#613 = ADVANCED_FACE ( 'NONE', ( #1536 ), #284, .F. ) ;
#614 = CARTESIAN_POINT ( 'NONE',  ( 3.551544874712927236, 2.290019124028289443, -0.6700000000000002620 ) ) ;
#615 = EDGE_CURVE ( 'NONE', #361, #460, #1523, .T. ) ;
#616 = DIRECTION ( 'NONE',  ( 1.000000000000000000, 0.000000000000000000, -0.000000000000000000 ) ) ;
#617 = CARTESIAN_POINT ( 'NONE',  ( 3.551544874712927236, 2.625000000000000444, 1.520000000000000018 ) ) ;
#618 = EDGE_CURVE ( 'NONE', #1202, #165, #675, .T. ) ;
#619 = CARTESIAN_POINT ( 'NONE',  ( 3.250000000000000444, 2.375000000000000444, -0.6700000000000002620 ) ) ;
#620 = AXIS2_PLACEMENT_3D ( 'NONE', #269, #692, #1477 ) ;
#621 = DIRECTION ( 'NONE',  ( 0.000000000000000000, 0.000000000000000000, 1.000000000000000000 ) ) ;
#622 = CARTESIAN_POINT ( 'NONE',  ( -2.149999999999999911, 3.360050506338832843, -1.540000000000002478 ) ) ;
#623 = PRESENTATION_LAYER_ASSIGNMENT (  '', '', ( #774 ) ) ;
#624 = CIRCLE ( 'NONE', #2463, 0.3500000000000000333 ) ;
#625 = VERTEX_POINT ( 'NONE', #1647 ) ;
#626 = ORIENTED_EDGE ( 'NONE', *, *, #532, .T. ) ;
#627 = DIRECTION ( 'NONE',  ( -1.000000000000000000, 0.000000000000000000, 0.000000000000000000 ) ) ;
#628 = UNCERTAINTY_MEASURE_WITH_UNIT (LENGTH_MEASURE( 1.000000000000000082E-05 ), #1242, 'distance_accuracy_value', 'NONE');
#629 = DIRECTION ( 'NONE',  ( 0.9672859059084933930, 0.2536887388726299375, 0.000000000000000000 ) ) ;
#630 = CARTESIAN_POINT ( 'NONE',  ( -4.498455125287073031, 0.3349808759717117779, 0.6700000000000000400 ) ) ;
#631 = ADVANCED_FACE ( 'NONE', ( #719 ), #2520, .F. ) ;
#632 = EDGE_LOOP ( 'NONE', ( #2478, #2288, #1993, #2551 ) ) ;
#633 = CARTESIAN_POINT ( 'NONE',  ( 3.875567154789244739, 2.375000000000002220, -1.520000000000000018 ) ) ;
#634 = CARTESIAN_POINT ( 'NONE',  ( 4.416254321687880235, 0.3134221847181571929, -0.6700000000000002620 ) ) ;
#635 = AXIS2_PLACEMENT_3D ( 'NONE', #881, #1846, #2046 ) ;
#636 = CARTESIAN_POINT ( 'NONE',  ( -3.551544874712927236, 2.375000000000000444, 0.6700000000000000400 ) ) ;
#637 = VERTEX_POINT ( 'NONE', #1215 ) ;
#638 = DIRECTION ( 'NONE',  ( 0.2536887388726299375, 0.9672859059084933930, 0.000000000000000000 ) ) ;
#639 = EDGE_CURVE ( 'NONE', #1262, #371, #2382, .T. ) ;
#640 = DIRECTION ( 'NONE',  ( 1.000000000000000000, 0.000000000000000000, -0.000000000000000000 ) ) ;
#641 = EDGE_CURVE ( 'NONE', #2147, #2440, #2371, .T. ) ;
#642 = VECTOR ( 'NONE', #1892, 1000.000000000000114 ) ;
#643 = CARTESIAN_POINT ( 'NONE',  ( -3.551544874712927236, 2.290019124028289443, -0.6700000000000002620 ) ) ;
#644 = EDGE_CURVE ( 'NONE', #2035, #1262, #1590, .T. ) ;
#645 = VECTOR ( 'NONE', #2172, 1000.000000000000000 ) ;
#646 = DIRECTION ( 'NONE',  ( 0.000000000000000000, -0.000000000000000000, -1.000000000000000000 ) ) ;
#647 = ORIENTED_EDGE ( 'NONE', *, *, #907, .T. ) ;
#648 = CARTESIAN_POINT ( 'NONE',  ( -5.080000000000000071, 1.487500000000000266, -1.520000000000000018 ) ) ;
#649 = DIRECTION ( 'NONE',  ( 1.000000000000000000, -1.864348255189607729E-16, 0.000000000000000000 ) ) ;
#650 = PLANE ( 'NONE',  #382 ) ;
#651 = EDGE_CURVE ( 'NONE', #1389, #371, #659, .T. ) ;
#652 = DIRECTION ( 'NONE',  ( 0.000000000000000000, -0.000000000000000000, -1.000000000000000000 ) ) ;
#653 = FACE_OUTER_BOUND ( 'NONE', #1187, .T. ) ;
#654 = ADVANCED_FACE ( 'NONE', ( #2418 ), #1453, .F. ) ;
#655 = CARTESIAN_POINT ( 'NONE',  ( -3.551544874712927236, 2.290019124028289443, -0.6700000000000002620 ) ) ;
#656 = VECTOR ( 'NONE', #1102, 1000.000000000000000 ) ;
#657 = DIRECTION ( 'NONE',  ( 0.000000000000000000, 0.000000000000000000, 1.000000000000000000 ) ) ;
#658 = CARTESIAN_POINT ( 'NONE',  ( -2.149999999999999911, 4.399999999999999467, -1.190000000000002389 ) ) ;
#659 = LINE ( 'NONE', #884, #2439 ) ;
#660 = DIRECTION ( 'NONE',  ( -1.000000000000000000, 0.000000000000000000, 0.000000000000000000 ) ) ;
#661 = DIRECTION ( 'NONE',  ( 1.000000000000000000, 0.000000000000000000, 0.000000000000000000 ) ) ;
#662 = LINE ( 'NONE', #476, #1515 ) ;
#663 = FACE_OUTER_BOUND ( 'NONE', #1342, .T. ) ;
#664 = ORIENTED_EDGE ( 'NONE', *, *, #2492, .F. ) ;
#665 = CYLINDRICAL_SURFACE ( 'NONE', #1399, 0.3349808759717113338 ) ;
#666 = LINE ( 'NONE', #759, #748 ) ;
#667 = VECTOR ( 'NONE', #804, 1000.000000000000000 ) ;
#668 = EDGE_CURVE ( 'NONE', #2026, #308, #2468, .T. ) ;
#669 = CARTESIAN_POINT ( 'NONE',  ( 3.551544874712927236, 2.375000000000000444, -1.520000000000000018 ) ) ;
#670 = VECTOR ( 'NONE', #981, 1000.000000000000000 ) ;
#671 = CARTESIAN_POINT ( 'NONE',  ( -2.149999999999999911, 4.349999999999999645, -1.540000000000002478 ) ) ;
#672 = VECTOR ( 'NONE', #461, 1000.000000000000000 ) ;
#673 = COLOUR_RGB ( '',0.8000000000000000444, 0.8196078431372548767, 0.9333333333333333481 ) ;
#674 = ORIENTED_EDGE ( 'NONE', *, *, #143, .F. ) ;
#675 = CIRCLE ( 'NONE', #861, 0.3349808759717113338 ) ;
#676 = EDGE_CURVE ( 'NONE', #599, #2021, #723, .T. ) ;
#677 = LINE ( 'NONE', #1857, #1530 ) ;
#678 = DIRECTION ( 'NONE',  ( 0.000000000000000000, 0.000000000000000000, 1.000000000000000000 ) ) ;
#679 = CARTESIAN_POINT ( 'NONE',  ( -4.498455125287073031, 0.3349808759717117779, -1.870000000000000107 ) ) ;
#680 = LINE ( 'NONE', #536, #779 ) ;
#681 = CARTESIAN_POINT ( 'NONE',  ( 3.849875429003992267, 1.487500000000000266, -1.870000000000000107 ) ) ;
#682 = ORIENTED_EDGE ( 'NONE', *, *, #1240, .T. ) ;
#683 = VECTOR ( 'NONE', #1200, 1000.000000000000000 ) ;
#684 =( NAMED_UNIT ( * ) SI_UNIT ( $, .STERADIAN. ) SOLID_ANGLE_UNIT ( ) );
#685 = LINE ( 'NONE', #2453, #2376 ) ;
#686 = EDGE_CURVE ( 'NONE', #481, #1365, #1514, .T. ) ;
#687 = VECTOR ( 'NONE', #576, 1000.000000000000000 ) ;
#688 = DIRECTION ( 'NONE',  ( 0.000000000000000000, 0.000000000000000000, 1.000000000000000000 ) ) ;
#689 = SURFACE_STYLE_FILL_AREA ( #360 ) ;
#690 = VECTOR ( 'NONE', #1877, 1000.000000000000000 ) ;
#691 = LINE ( 'NONE', #1, #2404 ) ;
#692 = DIRECTION ( 'NONE',  ( -0.000000000000000000, 1.000000000000000000, -0.000000000000000000 ) ) ;
#693 = DIRECTION ( 'NONE',  ( 0.000000000000000000, -0.000000000000000000, -1.000000000000000000 ) ) ;
#694 = EDGE_CURVE ( 'NONE', #1438, #1103, #747, .T. ) ;
#695 = LINE ( 'NONE', #978, #2489 ) ;
#696 = FACE_OUTER_BOUND ( 'NONE', #214, .T. ) ;
#697 = AXIS2_PLACEMENT_3D ( 'NONE', #2059, #2449, #2047 ) ;
#698 = VECTOR ( 'NONE', #678, 1000.000000000000000 ) ;
#699 = DIRECTION ( 'NONE',  ( 1.000000000000000000, -0.000000000000000000, -0.000000000000000000 ) ) ;
#700 = PRESENTATION_STYLE_ASSIGNMENT (( #1803 ) ) ;
#701 = VECTOR ( 'NONE', #95, 1000.000000000000114 ) ;
#702 = VECTOR ( 'NONE', #2325, 1000.000000000000000 ) ;
#703 = CARTESIAN_POINT ( 'NONE',  ( -3.250000000000000444, 2.375000000000000444, -1.520000000000000018 ) ) ;
#704 = FACE_OUTER_BOUND ( 'NONE', #1509, .T. ) ;
#705 = CARTESIAN_POINT ( 'NONE',  ( -4.416254321687880235, 0.3134221847181571929, 1.869999999999999885 ) ) ;
#706 = VECTOR ( 'NONE', #652, 1000.000000000000000 ) ;
#707 = CARTESIAN_POINT ( 'NONE',  ( -2.149999999999999911, 4.349999999999999645, -1.540000000000002478 ) ) ;
#708 = LINE ( 'NONE', #1520, #769 ) ;
#709 = FACE_OUTER_BOUND ( 'NONE', #1446, .T. ) ;
#710 = CARTESIAN_POINT ( 'NONE',  ( 3.250000000000000444, 2.375000000000000444, 0.6700000000000000400 ) ) ;
#711 = FACE_OUTER_BOUND ( 'NONE', #1125, .T. ) ;
#712 = FACE_OUTER_BOUND ( 'NONE', #475, .T. ) ;
#713 = DIRECTION ( 'NONE',  ( -0.000000000000000000, -0.000000000000000000, -1.000000000000000000 ) ) ;
#714 = PRESENTATION_LAYER_ASSIGNMENT (  '', '', ( #1889 ) ) ;
#715 = DIRECTION ( 'NONE',  ( 1.000000000000000000, 0.000000000000000000, -0.000000000000000000 ) ) ;
#716 = VECTOR ( 'NONE', #1228, 1000.000000000000000 ) ;
#717 = EDGE_LOOP ( 'NONE', ( #2121, #537, #150, #2248 ) ) ;
#718 = CARTESIAN_POINT ( 'NONE',  ( -3.250000000000000444, 2.625000000000000444, 0.6700000000000000400 ) ) ;
#719 = FACE_OUTER_BOUND ( 'NONE', #2242, .T. ) ;
#720 = CARTESIAN_POINT ( 'NONE',  ( -4.108330554291066861, 1.487500000000000044, 1.520000000000000018 ) ) ;
#721 = CYLINDRICAL_SURFACE ( 'NONE', #2332, 0.3349808759717113338 ) ;
#722 = DIRECTION ( 'NONE',  ( 0.000000000000000000, 1.000000000000000000, 0.000000000000000000 ) ) ;
#723 = LINE ( 'NONE', #424, #1571 ) ;
#724 = VERTEX_POINT ( 'NONE', #669 ) ;
#725 = LINE ( 'NONE', #2348, #656 ) ;
#726 = CARTESIAN_POINT ( 'NONE',  ( -3.250000000000000444, 2.625000000000000444, -2.290000000000001368 ) ) ;
#727 = LINE ( 'NONE', #2448, #2417 ) ;
#728 = ORIENTED_EDGE ( 'NONE', *, *, #2133, .T. ) ;
#729 = EDGE_CURVE ( 'NONE', #365, #2130, #1579, .T. ) ;
#730 = ADVANCED_FACE ( 'NONE', ( #2459 ), #665, .T. ) ;
#731 = CARTESIAN_POINT ( 'NONE',  ( -2.149999999999999911, 4.399999999999999467, -1.540000000000002478 ) ) ;
#732 = FACE_OUTER_BOUND ( 'NONE', #2110, .T. ) ;
#733 = CARTESIAN_POINT ( 'NONE',  ( 4.498455125287073031, 0.3349808759717117779, -0.6700000000000002620 ) ) ;
#734 = ORIENTED_EDGE ( 'NONE', *, *, #1661, .T. ) ;
#735 = LINE ( 'NONE', #200, #670 ) ;
#736 = AXIS2_PLACEMENT_3D ( 'NONE', #417, #377, #1426 ) ;
#737 = CIRCLE ( 'NONE', #2098, 0.3349808759717113338 ) ;
#738 = ADVANCED_FACE ( 'NONE', ( #1551 ), #449, .F. ) ;
#739 = LINE ( 'NONE', #1917, #2464 ) ;
#740 = ORIENTED_EDGE ( 'NONE', *, *, #149, .T. ) ;
#741 = DIRECTION ( 'NONE',  ( -0.000000000000000000, -0.000000000000000000, -1.000000000000000000 ) ) ;
#742 = ORIENTED_EDGE ( 'NONE', *, *, #615, .F. ) ;
#743 = CARTESIAN_POINT ( 'NONE',  ( -4.498455125287073031, 0.3349808759717117779, -1.870000000000000107 ) ) ;
#744 = FACE_OUTER_BOUND ( 'NONE', #582, .T. ) ;
#745 = DIRECTION ( 'NONE',  ( 1.000000000000000000, 0.000000000000000000, 0.000000000000000000 ) ) ;
#746 = ORIENTED_EDGE ( 'NONE', *, *, #1057, .F. ) ;
#747 = LINE ( 'NONE', #2536, #690 ) ;
#748 = VECTOR ( 'NONE', #93, 1000.000000000000000 ) ;
#749 = CARTESIAN_POINT ( 'NONE',  ( -3.633745678312121363, 2.311577815281844028, -0.6700000000000002620 ) ) ;
#750 = ORIENTED_EDGE ( 'NONE', *, *, #2057, .T. ) ;
#751 = DIRECTION ( 'NONE',  ( 0.000000000000000000, -0.000000000000000000, -1.000000000000000000 ) ) ;
#752 = LINE ( 'NONE', #141, #672 ) ;
#753 = DIRECTION ( 'NONE',  ( 1.000000000000000000, 0.000000000000000000, 0.000000000000000000 ) ) ;
#754 = ORIENTED_EDGE ( 'NONE', *, *, #1083, .T. ) ;
#755 = AXIS2_PLACEMENT_3D ( 'NONE', #1461, #11, #1429 ) ;
#756 = VECTOR ( 'NONE', #271, 1000.000000000000000 ) ;
#757 = ORIENTED_EDGE ( 'NONE', *, *, #123, .T. ) ;
#758 = ADVANCED_FACE ( 'NONE', ( #653 ), #2279, .F. ) ;
#759 = CARTESIAN_POINT ( 'NONE',  ( -5.080000000000000071, 1.487500000000000266, -1.520000000000000018 ) ) ;
#760 = LINE ( 'NONE', #2011, #1609 ) ;
#761 = CARTESIAN_POINT ( 'NONE',  ( 4.498455125287073031, 5.963111948670274387E-16, 0.6700000000000000400 ) ) ;
#762 = FACE_OUTER_BOUND ( 'NONE', #1191, .T. ) ;
#763 = ORIENTED_EDGE ( 'NONE', *, *, #1594, .F. ) ;
#764 = CIRCLE ( 'NONE', #24, 0.3500000000000000333 ) ;
#765 = EDGE_CURVE ( 'NONE', #2454, #457, #1501, .T. ) ;
#766 = CARTESIAN_POINT ( 'NONE',  ( -4.174432845210755971, 0.2499999999999995282, -1.870000000000000107 ) ) ;
#767 = FACE_OUTER_BOUND ( 'NONE', #2108, .T. ) ;
#768 = ORIENTED_EDGE ( 'NONE', *, *, #250, .F. ) ;
#769 = VECTOR ( 'NONE', #957, 1000.000000000000000 ) ;
#770 = DIRECTION ( 'NONE',  ( 0.000000000000000000, -0.000000000000000000, -1.000000000000000000 ) ) ;
#771 = EDGE_CURVE ( 'NONE', #1320, #2147, #2375, .T. ) ;
#772 = FACE_OUTER_BOUND ( 'NONE', #442, .T. ) ;
#773 = CARTESIAN_POINT ( 'NONE',  ( 5.080000000000000071, 0.2500000000000008882, -0.6700000000000002620 ) ) ;
#774 = STYLED_ITEM ( 'NONE', ( #1798 ), #300 ) ;
#775 = FACE_OUTER_BOUND ( 'NONE', #182, .T. ) ;
#776 = VERTEX_POINT ( 'NONE', #2088 ) ;
#777 = CARTESIAN_POINT ( 'NONE',  ( -5.080000000000000071, 1.487500000000000266, 1.520000000000000018 ) ) ;
#778 = CYLINDRICAL_SURFACE ( 'NONE', #2368, 0.3349808759717113338 ) ;
#779 = VECTOR ( 'NONE', #1742, 1000.000000000000000 ) ;
#780 = STYLED_ITEM ( 'NONE', ( #1781 ), #1330 ) ;
#781 = DIRECTION ( 'NONE',  ( 0.000000000000000000, 0.000000000000000000, 1.000000000000000000 ) ) ;
#782 = ORIENTED_EDGE ( 'NONE', *, *, #1869, .T. ) ;
#783 = PLANE ( 'NONE',  #1301 ) ;
#784 = LINE ( 'NONE', #1757, #1568 ) ;
#785 = VECTOR ( 'NONE', #810, 1000.000000000000000 ) ;
#786 = VECTOR ( 'NONE', #1417, 1000.000000000000000 ) ;
#787 = ORIENTED_EDGE ( 'NONE', *, *, #2358, .F. ) ;
#788 = ADVANCED_FACE ( 'NONE', ( #1497 ), #2402, .F. ) ;
#789 = CARTESIAN_POINT ( 'NONE',  ( -5.080000000000000071, 5.963111948670274387E-16, 1.869999999999999885 ) ) ;
#790 = DIRECTION ( 'NONE',  ( 0.000000000000000000, 0.000000000000000000, -1.000000000000000000 ) ) ;
#791 = EDGE_LOOP ( 'NONE', ( #2013, #1412, #763, #2504 ) ) ;
#792 = CARTESIAN_POINT ( 'NONE',  ( -3.633745678312121363, 2.311577815281844028, 1.520000000000000018 ) ) ;
#793 = LINE ( 'NONE', #223, #2497 ) ;
#794 = ORIENTED_EDGE ( 'NONE', *, *, #517, .F. ) ;
#795 = DIRECTION ( 'NONE',  ( -0.000000000000000000, -0.000000000000000000, -1.000000000000000000 ) ) ;
#796 = CARTESIAN_POINT ( 'NONE',  ( 5.080000000000000071, 0.2500000000000008882, -1.870000000000000107 ) ) ;
#797 = EDGE_CURVE ( 'NONE', #2291, #2141, #1529, .T. ) ;
#798 = VECTOR ( 'NONE', #638, 999.9999999999998863 ) ;
#799 = EDGE_CURVE ( 'NONE', #312, #2524, #2414, .T. ) ;
#800 = LINE ( 'NONE', #2436, #847 ) ;
#801 = ORIENTED_EDGE ( 'NONE', *, *, #853, .T. ) ;
#802 = CARTESIAN_POINT ( 'NONE',  ( -5.080000000000000071, 2.625000000000000444, 1.520000000000000018 ) ) ;
#803 = CARTESIAN_POINT ( 'NONE',  ( 3.000540018403252240, 0.5999999999999996447, -2.040540018403257161 ) ) ;
#804 = DIRECTION ( 'NONE',  ( 0.000000000000000000, -0.000000000000000000, -1.000000000000000000 ) ) ;
#805 = EDGE_CURVE ( 'NONE', #1427, #1185, #2423, .T. ) ;
#806 = MECHANICAL_DESIGN_GEOMETRIC_PRESENTATION_REPRESENTATION (  '', ( #1357 ), #2319 ) ;
#807 = CYLINDRICAL_SURFACE ( 'NONE', #318, 0.3349808759717113338 ) ;
#808 = ORIENTED_EDGE ( 'NONE', *, *, #2474, .F. ) ;
#809 = DIRECTION ( 'NONE',  ( -1.000000000000000000, 0.000000000000000000, -0.000000000000000000 ) ) ;
#810 = DIRECTION ( 'NONE',  ( 0.000000000000000000, -1.000000000000000000, 0.000000000000000000 ) ) ;
#811 = ORIENTED_EDGE ( 'NONE', *, *, #1948, .F. ) ;
#812 = LINE ( 'NONE', #492, #1716 ) ;
#813 = CARTESIAN_POINT ( 'NONE',  ( 3.000540018403252684, 4.399999999999999467, -2.040540018403257161 ) ) ;
#814 = CIRCLE ( 'NONE', #1783, 0.08498087597171108398 ) ;
#815 = AXIS2_PLACEMENT_3D ( 'NONE', #1558, #1638, #2584 ) ;
#816 = ORIENTED_EDGE ( 'NONE', *, *, #834, .T. ) ;
#817 = VECTOR ( 'NONE', #1289, 1000.000000000000000 ) ;
#818 = SURFACE_STYLE_FILL_AREA ( #1460 ) ;
#819 = DIRECTION ( 'NONE',  ( -1.000000000000000000, 0.000000000000000000, 0.000000000000000000 ) ) ;
#820 = ORIENTED_EDGE ( 'NONE', *, *, #2109, .F. ) ;
#821 = ADVANCED_FACE ( 'NONE', ( #711 ), #1439, .F. ) ;
#822 = CARTESIAN_POINT ( 'NONE',  ( 3.633745678312121363, 2.311577815281844028, -0.6700000000000002620 ) ) ;
#823 = EDGE_CURVE ( 'NONE', #2040, #308, #594, .T. ) ;
#824 = CIRCLE ( 'NONE', #1464, 0.3349808759717113338 ) ;
#825 = DIRECTION ( 'NONE',  ( 0.000000000000000000, 1.000000000000000000, 0.000000000000000000 ) ) ;
#826 = EDGE_LOOP ( 'NONE', ( #1738, #2318, #549, #2175 ) ) ;
#827 = CYLINDRICAL_SURFACE ( 'NONE', #1121, 0.08498087597171108398 ) ;
#828 = EDGE_CURVE ( 'NONE', #1202, #1328, #2313, .T. ) ;
#829 = FACE_OUTER_BOUND ( 'NONE', #196, .T. ) ;
#830 = ORIENTED_EDGE ( 'NONE', *, *, #1926, .T. ) ;
#831 = DIRECTION ( 'NONE',  ( 0.000000000000000000, -1.000000000000000000, 0.000000000000000000 ) ) ;
#832 = LINE ( 'NONE', #1524, #817 ) ;
#833 = DIRECTION ( 'NONE',  ( -0.9902680687415703620, 0.1391731009600657432, 0.000000000000000000 ) ) ;
#834 = EDGE_CURVE ( 'NONE', #2101, #1185, #578, .T. ) ;
#835 = DIRECTION ( 'NONE',  ( 0.000000000000000000, 1.000000000000000000, 0.000000000000000000 ) ) ;
#836 = EDGE_LOOP ( 'NONE', ( #2295, #1018, #1435, #189 ) ) ;
#837 = CARTESIAN_POINT ( 'NONE',  ( 4.498455125287073031, 5.963111948670274387E-16, -1.870000000000000107 ) ) ;
#838 = DIRECTION ( 'NONE',  ( -1.000000000000000000, 0.000000000000000000, 0.000000000000000000 ) ) ;
#839 = VECTOR ( 'NONE', #961, 1000.000000000000000 ) ;
#840 = CARTESIAN_POINT ( 'NONE',  ( -4.498455125287073031, 0.2500000000000007772, 0.6700000000000000400 ) ) ;
#841 = DIRECTION ( 'NONE',  ( -0.000000000000000000, 0.000000000000000000, -1.000000000000000000 ) ) ;
#842 = FACE_OUTER_BOUND ( 'NONE', #1283, .T. ) ;
#843 = ADVANCED_FACE ( 'NONE', ( #2296 ), #2286, .F. ) ;
#844 = PRODUCT_DEFINITION ( 'UNKNOWN', '', #356, #1027 ) ;
#845 = VECTOR ( 'NONE', #1936, 1000.000000000000114 ) ;
#846 = CARTESIAN_POINT ( 'NONE',  ( -4.174432845210755971, 0.2499999999999995282, -0.6700000000000002620 ) ) ;
#847 = VECTOR ( 'NONE', #1681, 1000.000000000000000 ) ;
#848 = DIRECTION ( 'NONE',  ( -1.000000000000000000, 0.000000000000000000, 0.000000000000000000 ) ) ;
#849 = LINE ( 'NONE', #560, #882 ) ;
#850 = AXIS2_PLACEMENT_3D ( 'NONE', #971, #835, #180 ) ;
#851 = LINE ( 'NONE', #367, #1651 ) ;
#852 = CARTESIAN_POINT ( 'NONE',  ( -3.250000000000000444, 2.375000000000000444, 2.290000000000001368 ) ) ;
#853 = EDGE_CURVE ( 'NONE', #1260, #389, #2361, .T. ) ;
#854 =( LENGTH_UNIT ( ) NAMED_UNIT ( * ) SI_UNIT ( .MILLI., .METRE. ) );
#855 = CARTESIAN_POINT ( 'NONE',  ( -3.250000000000000444, 2.375000000000000444, -2.290000000000001368 ) ) ;
#856 = CIRCLE ( 'NONE', #1727, 0.08498087597171108398 ) ;
#857 = CARTESIAN_POINT ( 'NONE',  ( 3.849875429003992267, 1.487500000000000266, 1.520000000000000018 ) ) ;
#858 = CARTESIAN_POINT ( 'NONE',  ( -3.633745678312121363, 2.311577815281844028, -0.6700000000000002620 ) ) ;
#859 = DIRECTION ( 'NONE',  ( -1.000000000000000000, 0.000000000000000000, 0.000000000000000000 ) ) ;
#860 =( GEOMETRIC_REPRESENTATION_CONTEXT ( 3 ) GLOBAL_UNCERTAINTY_ASSIGNED_CONTEXT ( ( #503 ) ) GLOBAL_UNIT_ASSIGNED_CONTEXT ( ( #2347, #153, #327 ) ) REPRESENTATION_CONTEXT ( 'NONE', 'WORKASPACE' ) );
#861 = AXIS2_PLACEMENT_3D ( 'NONE', #523, #2297, #106 ) ;
#862 = PLANE ( 'NONE',  #2541 ) ;
#863 = VECTOR ( 'NONE', #2085, 1000.000000000000000 ) ;
#864 = ORIENTED_EDGE ( 'NONE', *, *, #91, .T. ) ;
#865 = CARTESIAN_POINT ( 'NONE',  ( -3.633745678312121363, 2.311577815281844028, -0.6700000000000002620 ) ) ;
#866 = SURFACE_STYLE_USAGE ( .BOTH. , #1666 ) ;
#867 =( LENGTH_UNIT ( ) NAMED_UNIT ( * ) SI_UNIT ( .MILLI., .METRE. ) );
#868 = VECTOR ( 'NONE', #1631, 1000.000000000000000 ) ;
#869 = DIRECTION ( 'NONE',  ( 0.000000000000000000, -0.000000000000000000, -1.000000000000000000 ) ) ;
#870 = AXIS2_PLACEMENT_3D ( 'NONE', #1253, #462, #99 ) ;
#871 = DIRECTION ( 'NONE',  ( -2.001604010742470255E-16, 0.000000000000000000, -1.000000000000000000 ) ) ;
#872 = ORIENTED_EDGE ( 'NONE', *, *, #1476, .T. ) ;
#873 = EDGE_CURVE ( 'NONE', #165, #2072, #2302, .T. ) ;
#874 = CARTESIAN_POINT ( 'NONE',  ( -4.498455125287073031, 0.3349808759717117779, -0.6700000000000002620 ) ) ;
#875 = FACE_OUTER_BOUND ( 'NONE', #717, .T. ) ;
#876 =( NAMED_UNIT ( * ) PLANE_ANGLE_UNIT ( ) SI_UNIT ( $, .RADIAN. ) );
#877 = ADVANCED_FACE ( 'NONE', ( #1445 ), #31, .F. ) ;
#878 = EDGE_CURVE ( 'NONE', #2225, #2040, #2324, .T. ) ;
#879 = CARTESIAN_POINT ( 'NONE',  ( -3.250000000000000444, 2.375000000000000444, -0.6700000000000002620 ) ) ;
#880 = PLANE ( 'NONE',  #887 ) ;
#881 = CARTESIAN_POINT ( 'NONE',  ( 0.000000000000000000, 0.000000000000000000, 0.000000000000000000 ) ) ;
#882 = VECTOR ( 'NONE', #688, 1000.000000000000000 ) ;
#883 = EDGE_CURVE ( 'NONE', #1983, #1685, #1679, .T. ) ;
#884 = CARTESIAN_POINT ( 'NONE',  ( 4.498455125287073031, 5.963111948670274387E-16, 1.869999999999999885 ) ) ;
#885 = PRESENTATION_LAYER_ASSIGNMENT (  '', '', ( #2281 ) ) ;
#886 = CYLINDRICAL_SURFACE ( 'NONE', #2239, 0.08498087597171108398 ) ;
#887 = AXIS2_PLACEMENT_3D ( 'NONE', #648, #1873, #1665 ) ;
#888 = CARTESIAN_POINT ( 'NONE',  ( -3.250000000000000444, 2.625000000000000444, 2.290000000000001368 ) ) ;
#889 = VECTOR ( 'NONE', #1136, 1000.000000000000000 ) ;
#890 = CARTESIAN_POINT ( 'NONE',  ( -3.250000000000000444, 2.625000000000000444, -2.290000000000001368 ) ) ;
#891 = LINE ( 'NONE', #400, #1753 ) ;
#892 = FACE_OUTER_BOUND ( 'NONE', #1259, .T. ) ;
#893 = DIRECTION ( 'NONE',  ( 1.000000000000000000, -0.000000000000000000, -0.000000000000000000 ) ) ;
#894 = ORIENTED_EDGE ( 'NONE', *, *, #1029, .F. ) ;
#895 = VECTOR ( 'NONE', #53, 1000.000000000000000 ) ;
#896 = DIRECTION ( 'NONE',  ( -1.000000000000000000, 1.864348255189607975E-16, 0.000000000000000000 ) ) ;
#897 = LINE ( 'NONE', #1201, #947 ) ;
#898 = AXIS2_PLACEMENT_3D ( 'NONE', #1772, #1944, #335 ) ;
#899 = DIRECTION ( 'NONE',  ( -1.000000000000000000, 0.000000000000000000, 0.000000000000000000 ) ) ;
#900 = COLOUR_RGB ( '',0.8000000000000000444, 0.8196078431372548767, 0.9333333333333333481 ) ;
#901 = EDGE_CURVE ( 'NONE', #401, #2080, #1635, .T. ) ;
#902 = DIRECTION ( 'NONE',  ( 1.000000000000000000, 0.000000000000000000, -0.000000000000000000 ) ) ;
#903 = LINE ( 'NONE', #2477, #1768 ) ;
#904 = CARTESIAN_POINT ( 'NONE',  ( -3.875567154789244739, 2.375000000000002220, 1.869999999999999885 ) ) ;
#905 = CARTESIAN_POINT ( 'NONE',  ( 3.551544874712927236, 2.375000000000000444, 1.520000000000000018 ) ) ;
#906 = ORIENTED_EDGE ( 'NONE', *, *, #2031, .T. ) ;
#907 = EDGE_CURVE ( 'NONE', #341, #1348, #2534, .T. ) ;
#908 = VECTOR ( 'NONE', #1972, 1000.000000000000000 ) ;
#909 = DIRECTION ( 'NONE',  ( -0.000000000000000000, 0.000000000000000000, 1.000000000000000000 ) ) ;
#910 = LINE ( 'NONE', #432, #75 ) ;
#911 = ADVANCED_FACE ( 'NONE', ( #2560 ), #456, .F. ) ;
#912 = FACE_OUTER_BOUND ( 'NONE', #1181, .T. ) ;
#913 = EDGE_CURVE ( 'NONE', #1292, #1331, #1697, .T. ) ;
#914 = LINE ( 'NONE', #2427, #1800 ) ;
#916 = CARTESIAN_POINT ( 'NONE',  ( -4.498455125287073031, 0.3349808759717117779, 1.869999999999999885 ) ) ;
#915 = AXIS2_PLACEMENT_3D ( 'NONE', #1108, #113, #1723 ) ;
#917 = DIRECTION ( 'NONE',  ( -0.000000000000000000, -0.000000000000000000, -1.000000000000000000 ) ) ;
#918 = ADVANCED_FACE ( 'NONE', ( #842 ), #807, .T. ) ;
#919 = DIRECTION ( 'NONE',  ( 2.001604010742470255E-16, -0.000000000000000000, 1.000000000000000000 ) ) ;
#920 = LINE ( 'NONE', #1481, #1828 ) ;
#921 = LINE ( 'NONE', #148, #1779 ) ;
#922 = CIRCLE ( 'NONE', #1819, 0.3500000000000000333 ) ;
#923 = DIRECTION ( 'NONE',  ( -0.000000000000000000, 0.000000000000000000, -1.000000000000000000 ) ) ;
#924 = DIRECTION ( 'NONE',  ( -0.000000000000000000, -0.000000000000000000, -1.000000000000000000 ) ) ;
#925 = CARTESIAN_POINT ( 'NONE',  ( 4.498455125287073031, 0.3349808759717117779, -0.6700000000000002620 ) ) ;
#926 = CIRCLE ( 'NONE', #263, 0.08498087597171108398 ) ;
#927 = EDGE_CURVE ( 'NONE', #2195, #2164, #1606, .T. ) ;
#928 = CARTESIAN_POINT ( 'NONE',  ( -3.633745678312121363, 2.311577815281844028, -1.870000000000000107 ) ) ;
#929 = FACE_OUTER_BOUND ( 'NONE', #434, .T. ) ;
#930 = VECTOR ( 'NONE', #1440, 1000.000000000000000 ) ;
#931 = DIRECTION ( 'NONE',  ( 0.2536887388726299930, 0.9672859059084932820, 0.000000000000000000 ) ) ;
#932 = ADVANCED_FACE ( 'NONE', ( #762 ), #1676, .F. ) ;
#933 = CARTESIAN_POINT ( 'NONE',  ( -4.498455125287073031, 5.963111948670274387E-16, 0.6700000000000000400 ) ) ;
#934 = LINE ( 'NONE', #2422, #895 ) ;
#935 = CARTESIAN_POINT ( 'NONE',  ( 4.416254321687880235, 0.3134221847181571929, 1.869999999999999885 ) ) ;
#936 = FACE_OUTER_BOUND ( 'NONE', #2275, .T. ) ;
#937 = EDGE_CURVE ( 'NONE', #2440, #2111, #1611, .T. ) ;
#938 = DIRECTION ( 'NONE',  ( -0.000000000000000000, -0.000000000000000000, -1.000000000000000000 ) ) ;
#939 = LINE ( 'NONE', #802, #956 ) ;
#940 = EDGE_CURVE ( 'NONE', #2125, #326, #2364, .T. ) ;
#941 = LINE ( 'NONE', #1491, #972 ) ;
#942 = CARTESIAN_POINT ( 'NONE',  ( 3.250000000000000444, 2.375000000000000444, -0.6700000000000002620 ) ) ;
#943 = CARTESIAN_POINT ( 'NONE',  ( 4.498455125287073031, 0.3349808759717117779, -0.6700000000000002620 ) ) ;
#944 = FACE_OUTER_BOUND ( 'NONE', #826, .T. ) ;
#945 = AXIS2_PLACEMENT_3D ( 'NONE', #363, #2378, #605 ) ;
#946 = PLANE ( 'NONE',  #1008 ) ;
#947 = VECTOR ( 'NONE', #699, 1000.000000000000000 ) ;
#948 = CARTESIAN_POINT ( 'NONE',  ( 4.498455125287073031, 0.3349808759717117779, 1.869999999999999885 ) ) ;
#949 = LINE ( 'NONE', #1156, #97 ) ;
#950 = CARTESIAN_POINT ( 'NONE',  ( 3.250000000000000444, 2.375000000000000444, 0.6700000000000000400 ) ) ;
#951 = DIRECTION ( 'NONE',  ( 1.000000000000000000, 0.000000000000000000, 0.000000000000000000 ) ) ;
#952 = LINE ( 'NONE', #1151, #88 ) ;
#953 = FACE_BOUND ( 'NONE', #433, .T. ) ;
#954 = ADVANCED_FACE ( 'NONE', ( #2334 ), #1284, .F. ) ;
#955 = FACE_OUTER_BOUND ( 'NONE', #305, .T. ) ;
#956 = VECTOR ( 'NONE', #1495, 1000.000000000000000 ) ;
#957 = DIRECTION ( 'NONE',  ( -0.000000000000000000, -0.000000000000000000, -1.000000000000000000 ) ) ;
#958 = FACE_OUTER_BOUND ( 'NONE', #2145, .T. ) ;
#959 = DIRECTION ( 'NONE',  ( 0.000000000000000000, 1.000000000000000000, 0.000000000000000000 ) ) ;
#960 = LINE ( 'NONE', #1405, #1831 ) ;
#961 = DIRECTION ( 'NONE',  ( -1.000000000000000000, 0.000000000000000000, 0.000000000000000000 ) ) ;
#962 = COLOUR_RGB ( '',1.000000000000000000, 1.000000000000000000, 1.000000000000000000 ) ;
#963 = EDGE_CURVE ( 'NONE', #2169, #1103, #2431, .T. ) ;
#964 = LINE ( 'NONE', #1874, #1797 ) ;
#965 = VECTOR ( 'NONE', #790, 1000.000000000000000 ) ;
#966 = VECTOR ( 'NONE', #372, 1000.000000000000114 ) ;
#967 = VECTOR ( 'NONE', #1396, 1000.000000000000000 ) ;
#968 = EDGE_CURVE ( 'NONE', #2189, #2026, #1654, .T. ) ;
#969 = CIRCLE ( 'NONE', #2510, 0.08498087597171108398 ) ;
#970 = FACE_OUTER_BOUND ( 'NONE', #2216, .T. ) ;
#971 = CARTESIAN_POINT ( 'NONE',  ( -2.149999999999999911, 4.349999999999999645, -1.190000000000002389 ) ) ;
#972 = VECTOR ( 'NONE', #122, 1000.000000000000000 ) ;
#973 = EDGE_CURVE ( 'NONE', #2440, #20, #2558, .T. ) ;
#974 = LINE ( 'NONE', #1035, #1804 ) ;
#975 = FACE_OUTER_BOUND ( 'NONE', #416, .T. ) ;
#976 = DIRECTION ( 'NONE',  ( 0.000000000000000000, 1.000000000000000000, 0.000000000000000000 ) ) ;
#977 = LINE ( 'NONE', #2293, #1829 ) ;
#978 = CARTESIAN_POINT ( 'NONE',  ( 3.551544874712927236, 2.375000000000000444, -0.6700000000000002620 ) ) ;
#979 = VECTOR ( 'NONE', #379, 1000.000000000000000 ) ;
#980 = PRESENTATION_LAYER_ASSIGNMENT (  '', '', ( #780 ) ) ;
#981 = DIRECTION ( 'NONE',  ( 0.000000000000000000, 0.000000000000000000, -1.000000000000000000 ) ) ;
#982 = FACE_OUTER_BOUND ( 'NONE', #2074, .T. ) ;
#983 = AXIS2_PLACEMENT_3D ( 'NONE', #500, #899, #2320 ) ;
#984 = VECTOR ( 'NONE', #2157, 1000.000000000000000 ) ;
#985 = CYLINDRICAL_SURFACE ( 'NONE', #1198, 0.08498087597171108398 ) ;
#986 = CARTESIAN_POINT ( 'NONE',  ( 3.875567154789244739, 2.375000000000002220, 1.869999999999999885 ) ) ;
#987 = VECTOR ( 'NONE', #245, 1000.000000000000000 ) ;
#988 = VECTOR ( 'NONE', #646, 1000.000000000000000 ) ;
#989 = VECTOR ( 'NONE', #1862, 1000.000000000000000 ) ;
#990 = DIRECTION ( 'NONE',  ( 0.000000000000000000, 1.000000000000000000, 0.000000000000000000 ) ) ;
#991 =( NAMED_UNIT ( * ) SI_UNIT ( $, .STERADIAN. ) SOLID_ANGLE_UNIT ( ) );
#992 = CARTESIAN_POINT ( 'NONE',  ( -4.416254321687880235, 0.3134221847181571929, -0.6700000000000002620 ) ) ;
#993 = MECHANICAL_DESIGN_GEOMETRIC_PRESENTATION_REPRESENTATION (  '', ( #2386 ), #1578 ) ;
#994 = LINE ( 'NONE', #436, #1827 ) ;
#995 = CARTESIAN_POINT ( 'NONE',  ( -5.080000000000000071, 5.963111948670274387E-16, -0.6700000000000002620 ) ) ;
#996 = LINE ( 'NONE', #49, #1866 ) ;
#997 = ADVANCED_FACE ( 'NONE', ( #875 ), #778, .T. ) ;
#998 = DIRECTION ( 'NONE',  ( 1.982124538103326710E-16, -0.1391731009600657432, 0.9902680687415702510 ) ) ;
#999 = VECTOR ( 'NONE', #1789, 1000.000000000000000 ) ;
#1000 = EDGE_CURVE ( 'NONE', #308, #354, #849, .T. ) ;
#1001 = DIRECTION ( 'NONE',  ( -0.000000000000000000, -0.000000000000000000, -1.000000000000000000 ) ) ;
#1002 = LINE ( 'NONE', #1818, #1913 ) ;
#1003 = DIRECTION ( 'NONE',  ( 0.000000000000000000, 0.000000000000000000, 1.000000000000000000 ) ) ;
#1004 = EDGE_CURVE ( 'NONE', #1178, #625, #1733, .T. ) ;
#1005 = DIRECTION ( 'NONE',  ( 0.000000000000000000, -0.000000000000000000, -1.000000000000000000 ) ) ;
#1006 = VECTOR ( 'NONE', #1209, 1000.000000000000000 ) ;
#1007 = DIRECTION ( 'NONE',  ( 0.1378445374916289490, 0.9808148484639890308, 0.1378445374916288935 ) ) ;
#1008 = AXIS2_PLACEMENT_3D ( 'NONE', #2533, #1938, #2100 ) ;
#1009 = LINE ( 'NONE', #267, #1871 ) ;
#1010 = CIRCLE ( 'NONE', #2284, 0.3349808759717113338 ) ;
#1011 = CYLINDRICAL_SURFACE ( 'NONE', #2525, 0.08498087597171108398 ) ;
#1012 = DIRECTION ( 'NONE',  ( 0.000000000000000000, -0.000000000000000000, -1.000000000000000000 ) ) ;
#1013 =( GEOMETRIC_REPRESENTATION_CONTEXT ( 3 ) GLOBAL_UNCERTAINTY_ASSIGNED_CONTEXT ( ( #2301 ) ) GLOBAL_UNIT_ASSIGNED_CONTEXT ( ( #867, #1479, #1690 ) ) REPRESENTATION_CONTEXT ( 'NONE', 'WORKASPACE' ) );
#1014 = VERTEX_POINT ( 'NONE', #1919 ) ;
#1015 = CARTESIAN_POINT ( 'NONE',  ( -5.080000000000000071, 1.487500000000000266, 1.520000000000000018 ) ) ;
#1016 = VECTOR ( 'NONE', #1463, 1000.000000000000000 ) ;
#1017 = CARTESIAN_POINT ( 'NONE',  ( -3.250000000000000444, 2.625000000000000444, 1.869999999999999885 ) ) ;
#1018 = ORIENTED_EDGE ( 'NONE', *, *, #873, .F. ) ;
#1019 = EDGE_CURVE ( 'NONE', #481, #1202, #2556, .T. ) ;
#1020 = CARTESIAN_POINT ( 'NONE',  ( 5.080000000000000071, 0.2500000000000008882, 0.6700000000000000400 ) ) ;
#1021 = LINE ( 'NONE', #852, #157 ) ;
#1022 = CARTESIAN_POINT ( 'NONE',  ( 3.551544874712927236, 2.290019124028289443, -1.520000000000000018 ) ) ;
#1023 = ORIENTED_EDGE ( 'NONE', *, *, #1411, .F. ) ;
#1024 = EDGE_CURVE ( 'NONE', #460, #525, #812, .T. ) ;
#1025 = FACE_OUTER_BOUND ( 'NONE', #493, .T. ) ;
#1026 = DIRECTION ( 'NONE',  ( -0.1378445374916289212, 0.9808148484639890308, -0.1378445374916288935 ) ) ;
#1027 = PRODUCT_DEFINITION_CONTEXT ( 'detailed design', #2019, 'design' ) ;
#1028 = CARTESIAN_POINT ( 'NONE',  ( 4.498455125287073031, 5.963111948670274387E-16, 1.869999999999999885 ) ) ;
#1029 = EDGE_CURVE ( 'NONE', #1274, #2125, #2585, .T. ) ;
#1030 = DIRECTION ( 'NONE',  ( -1.982124538103327203E-16, 0.1391731009600657432, -0.9902680687415703620 ) ) ;
#1031 = EDGE_LOOP ( 'NONE', ( #1306, #1544, #728, #740, #2388, #2168 ) ) ;
#1032 = DIRECTION ( 'NONE',  ( 0.000000000000000000, -0.9902680687415702510, 0.1391731009600657432 ) ) ;
#1033 = VECTOR ( 'NONE', #1005, 1000.000000000000000 ) ;
#1034 = DIRECTION ( 'NONE',  ( -0.000000000000000000, -0.000000000000000000, -1.000000000000000000 ) ) ;
#1035 = CARTESIAN_POINT ( 'NONE',  ( 3.875567154789244739, 2.375000000000002220, 0.6700000000000000400 ) ) ;
#1036 = ORIENTED_EDGE ( 'NONE', *, *, #1744, .F. ) ;
#1037 = CARTESIAN_POINT ( 'NONE',  ( -3.551544874712927236, 2.290019124028289443, -1.520000000000000018 ) ) ;
#1038 = PRODUCT_DEFINITION_SHAPE ( 'NONE', 'NONE',  #844 ) ;
#1039 = CARTESIAN_POINT ( 'NONE',  ( -3.551544874712927236, 2.290019124028289443, 1.869999999999999885 ) ) ;
#1040 = LINE ( 'NONE', #2476, #1930 ) ;
#1041 = CARTESIAN_POINT ( 'NONE',  ( 3.250000000000000444, 2.625000000000000444, 1.520000000000000018 ) ) ;
#1042 = DIRECTION ( 'NONE',  ( -1.000000000000000000, 0.000000000000000000, 2.001604010742470255E-16 ) ) ;
#1043 = CARTESIAN_POINT ( 'NONE',  ( 5.080000000000000071, 0.2500000000000008882, 1.869999999999999885 ) ) ;
#1044 = ORIENTED_EDGE ( 'NONE', *, *, #199, .F. ) ;
#1045 = EDGE_CURVE ( 'NONE', #321, #410, #1693, .T. ) ;
#1046 = VECTOR ( 'NONE', #59, 1000.000000000000114 ) ;
#1047 = CARTESIAN_POINT ( 'NONE',  ( -3.551544874712927236, 2.290019124028289443, -1.870000000000000107 ) ) ;
#1048 = MANIFOLD_SOLID_BREP ( 'Cut-Extrude3[3]', #2236 ) ;
#1049 = CARTESIAN_POINT ( 'NONE',  ( 3.249999999999999556, 2.375000000000000444, 2.290000000000000036 ) ) ;
#1050 = LINE ( 'NONE', #2372, #1046 ) ;
#1051 = EDGE_CURVE ( 'NONE', #2147, #502, #1739, .T. ) ;
#1052 = CARTESIAN_POINT ( 'NONE',  ( 4.108330554291065972, 1.487500000000000488, -1.870000000000000107 ) ) ;
#1053 = ADVANCED_FACE ( 'NONE', ( #1712 ), #2582, .F. ) ;
#1054 = CARTESIAN_POINT ( 'NONE',  ( -3.551544874712927236, 2.625000000000000444, 1.869999999999999885 ) ) ;
#1055 = CARTESIAN_POINT ( 'NONE',  ( 4.498455125287073031, 5.963111948670274387E-16, 0.6700000000000000400 ) ) ;
#1056 = FACE_OUTER_BOUND ( 'NONE', #2160, .T. ) ;
#1057 = EDGE_CURVE ( 'NONE', #1899, #2282, #856, .T. ) ;
#1058 = CARTESIAN_POINT ( 'NONE',  ( -4.498455125287073031, 5.963111948670274387E-16, 1.869999999999999885 ) ) ;
#1059 = ORIENTED_EDGE ( 'NONE', *, *, #2434, .T. ) ;
#1060 = LINE ( 'NONE', #792, #1942 ) ;
#1061 = CARTESIAN_POINT ( 'NONE',  ( -3.250000000000000444, 2.625000000000000444, -0.6700000000000002620 ) ) ;
#1062 = DIRECTION ( 'NONE',  ( 0.000000000000000000, 0.000000000000000000, 1.000000000000000000 ) ) ;
#1063 = MECHANICAL_DESIGN_GEOMETRIC_PRESENTATION_REPRESENTATION (  '', ( #2281 ), #12 ) ;
#1064 = ORIENTED_EDGE ( 'NONE', *, *, #1019, .F. ) ;
#1065 = AXIS2_PLACEMENT_3D ( 'NONE', #948, #1949, #3 ) ;
#1066 = FACE_OUTER_BOUND ( 'NONE', #2206, .T. ) ;
#1067 = CARTESIAN_POINT ( 'NONE',  ( 3.875567154789244739, 2.375000000000002220, -0.6700000000000002620 ) ) ;
#1068 = FACE_OUTER_BOUND ( 'NONE', #2287, .T. ) ;
#1069 = PLANE ( 'NONE',  #2403 ) ;
#1070 = CARTESIAN_POINT ( 'NONE',  ( -3.633745678312121363, 2.311577815281844028, 1.869999999999999885 ) ) ;
#1071 = CARTESIAN_POINT ( 'NONE',  ( -3.551544874712927236, 2.290019124028289443, 0.6700000000000000400 ) ) ;
#1072 = ORIENTED_EDGE ( 'NONE', *, *, #1395, .T. ) ;
#1073 = DIRECTION ( 'NONE',  ( -1.000000000000000000, 0.000000000000000000, 0.000000000000000000 ) ) ;
#1074 = AXIS2_PLACEMENT_3D ( 'NONE', #2538, #569, #951 ) ;
#1075 = VERTEX_POINT ( 'NONE', #1116 ) ;
#1076 = CARTESIAN_POINT ( 'NONE',  ( -5.080000000000000071, 0.2500000000000008882, 1.869999999999999885 ) ) ;
#1077 = VECTOR ( 'NONE', #1980, 1000.000000000000114 ) ;
#1078 = CARTESIAN_POINT ( 'NONE',  ( 4.498455125287073031, 0.3349808759717117779, -1.870000000000000107 ) ) ;
#1079 = ORIENTED_EDGE ( 'NONE', *, *, #1661, .F. ) ;
#1080 =( NAMED_UNIT ( * ) PLANE_ANGLE_UNIT ( ) SI_UNIT ( $, .RADIAN. ) );
#1081 = EDGE_CURVE ( 'NONE', #2343, #1313, #16, .T. ) ;
#1082 = VECTOR ( 'NONE', #1367, 1000.000000000000000 ) ;
#1083 = EDGE_CURVE ( 'NONE', #1075, #1327, #2505, .T. ) ;
#1084 = DIRECTION ( 'NONE',  ( -1.000000000000000000, 0.000000000000000000, 0.000000000000000000 ) ) ;
#1085 = LINE ( 'NONE', #619, #1117 ) ;
#1086 = CARTESIAN_POINT ( 'NONE',  ( 4.498455125287073031, 5.963111948670274387E-16, -0.6700000000000002620 ) ) ;
#1087 = AXIS2_PLACEMENT_3D ( 'NONE', #1780, #1340, #2298 ) ;
#1088 = DIRECTION ( 'NONE',  ( 0.000000000000000000, -0.000000000000000000, -1.000000000000000000 ) ) ;
#1089 = ORIENTED_EDGE ( 'NONE', *, *, #1875, .F. ) ;
#1090 = VECTOR ( 'NONE', #1585, 1000.000000000000000 ) ;
#1091 = AXIS2_PLACEMENT_3D ( 'NONE', #2321, #137, #1360 ) ;
#1092 = DIRECTION ( 'NONE',  ( -0.000000000000000000, -0.000000000000000000, -1.000000000000000000 ) ) ;
#1093 = CARTESIAN_POINT ( 'NONE',  ( -2.149999999999999911, 4.349999999999999645, -1.540000000000002478 ) ) ;
#1094 = FACE_OUTER_BOUND ( 'NONE', #2170, .T. ) ;
#1095 = CARTESIAN_POINT ( 'NONE',  ( -3.000540018403254905, 4.399999999999999467, -2.040540018403255829 ) ) ;
#1096 = ORIENTED_EDGE ( 'NONE', *, *, #765, .F. ) ;
#1097 = DIRECTION ( 'NONE',  ( 1.000000000000000000, 0.000000000000000000, 0.000000000000000000 ) ) ;
#1098 = SURFACE_STYLE_FILL_AREA ( #1465 ) ;
#1099 = CARTESIAN_POINT ( 'NONE',  ( -5.080000000000000071, 1.487500000000000266, -1.520000000000000018 ) ) ;
#1100 = ORIENTED_EDGE ( 'NONE', *, *, #873, .T. ) ;
#1101 = DIRECTION ( 'NONE',  ( -1.000000000000000000, 0.000000000000000000, 0.000000000000000000 ) ) ;
#1102 = DIRECTION ( 'NONE',  ( 3.787605842744118616E-16, -0.000000000000000000, 1.000000000000000000 ) ) ;
#1103 = VERTEX_POINT ( 'NONE', #279 ) ;
#1104 = EDGE_CURVE ( 'NONE', #334, #1257, #832, .T. ) ;
#1105 = VECTOR ( 'NONE', #348, 1000.000000000000114 ) ;
#1106 = ADVANCED_FACE ( 'NONE', ( #1660 ), #827, .F. ) ;
#1107 = EDGE_CURVE ( 'NONE', #2071, #483, #2569, .T. ) ;
#1108 = CARTESIAN_POINT ( 'NONE',  ( -3.875567154789244739, 2.375000000000002220, 1.869999999999999885 ) ) ;
#1109 = DIRECTION ( 'NONE',  ( -1.000000000000000000, 0.000000000000000000, 0.000000000000000000 ) ) ;
#1110 = ORIENTED_EDGE ( 'NONE', *, *, #1119, .F. ) ;
#1111 = CYLINDRICAL_SURFACE ( 'NONE', #1319, 0.3500000000000000333 ) ;
#1112 = CARTESIAN_POINT ( 'NONE',  ( -2.149999999999999911, 4.349999999999999645, -0.8400000000000024114 ) ) ;
#1113 = EDGE_CURVE ( 'NONE', #2138, #548, #1730, .T. ) ;
#1114 = ADVANCED_FACE ( 'NONE', ( #1671 ), #1684, .F. ) ;
#1115 = ORIENTED_EDGE ( 'NONE', *, *, #1317, .F. ) ;
#1116 = CARTESIAN_POINT ( 'NONE',  ( 3.250000000000000444, 2.625000000000000444, -1.520000000000000018 ) ) ;
#1117 = VECTOR ( 'NONE', #287, 1000.000000000000000 ) ;
#1118 = CARTESIAN_POINT ( 'NONE',  ( -3.875567154789244739, 2.375000000000002220, -1.520000000000000018 ) ) ;
#1119 = EDGE_CURVE ( 'NONE', #1185, #483, #2588, .T. ) ;
#1120 = ORIENTED_EDGE ( 'NONE', *, *, #486, .F. ) ;
#1121 = AXIS2_PLACEMENT_3D ( 'NONE', #1887, #2269, #753 ) ;
#1122 = LINE ( 'NONE', #2223, #1923 ) ;
#1123 = CARTESIAN_POINT ( 'NONE',  ( -4.416254321687880235, 0.3134221847181571929, -1.870000000000000107 ) ) ;
#1124 = CARTESIAN_POINT ( 'NONE',  ( -3.250000000000000444, 2.625000000000000444, -2.290000000000001368 ) ) ;
#1125 = EDGE_LOOP ( 'NONE', ( #1363, #545, #2367, #1269, #2192, #2182, #6, #1378 ) ) ;
#1126 = ORIENTED_EDGE ( 'NONE', *, *, #615, .T. ) ;
#1127 = VECTOR ( 'NONE', #2029, 1000.000000000000114 ) ;
#1128 = ADVANCED_FACE ( 'NONE', ( #2547 ), #1902, .T. ) ;
#1129 = CARTESIAN_POINT ( 'NONE',  ( 5.080000000000000071, 5.963111948670274387E-16, -1.870000000000000107 ) ) ;
#1130 = ORIENTED_EDGE ( 'NONE', *, *, #2337, .T. ) ;
#1131 = DIRECTION ( 'NONE',  ( 1.000000000000000000, -0.000000000000000000, -0.000000000000000000 ) ) ;
#1132 = CIRCLE ( 'NONE', #66, 0.08498087597171108398 ) ;
#1133 = EDGE_CURVE ( 'NONE', #1592, #483, #2, .T. ) ;
#1134 = CARTESIAN_POINT ( 'NONE',  ( 3.250000000000000444, 2.375000000000000444, 1.520000000000000018 ) ) ;
#1135 = ORIENTED_EDGE ( 'NONE', *, *, #901, .F. ) ;
#1136 = DIRECTION ( 'NONE',  ( 0.000000000000000000, -1.000000000000000000, 0.000000000000000000 ) ) ;
#1137 = EDGE_LOOP ( 'NONE', ( #466, #331, #1488, #1361 ) ) ;
#1138 = EDGE_CURVE ( 'NONE', #724, #1227, #814, .T. ) ;
#1139 = UNCERTAINTY_MEASURE_WITH_UNIT (LENGTH_MEASURE( 1.000000000000000082E-05 ), #1711, 'distance_accuracy_value', 'NONE');
#1140 = ORIENTED_EDGE ( 'NONE', *, *, #1456, .F. ) ;
#1141 = CARTESIAN_POINT ( 'NONE',  ( 4.108330554291065972, 1.487500000000000044, 1.520000000000000018 ) ) ;
#1142 = EDGE_CURVE ( 'NONE', #2156, #2169, #1677, .T. ) ;
#1143 = DIRECTION ( 'NONE',  ( -0.000000000000000000, 0.000000000000000000, -1.000000000000000000 ) ) ;
#1144 = ORIENTED_EDGE ( 'NONE', *, *, #1725, .T. ) ;
#1145 = DIRECTION ( 'NONE',  ( 1.000000000000000000, 0.000000000000000000, 0.000000000000000000 ) ) ;
#1146 = EDGE_CURVE ( 'NONE', #435, #538, #824, .T. ) ;
#1147 = AXIS2_PLACEMENT_3D ( 'NONE', #916, #741, #1101 ) ;
#1148 = ORIENTED_EDGE ( 'NONE', *, *, #729, .F. ) ;
#1149 = CARTESIAN_POINT ( 'NONE',  ( 3.250000000000000444, 2.625000000000000444, -0.6700000000000002620 ) ) ;
#1150 = ORIENTED_EDGE ( 'NONE', *, *, #91, .F. ) ;
#1151 = CARTESIAN_POINT ( 'NONE',  ( 3.551544874712927236, 1.487500000000000266, 1.869999999999999885 ) ) ;
#1152 = ORIENTED_EDGE ( 'NONE', *, *, #1019, .T. ) ;
#1153 = FILL_AREA_STYLE_COLOUR ( '', #194 ) ;
#1154 = AXIS2_PLACEMENT_3D ( 'NONE', #1793, #1332, #2384 ) ;
#1155 = DIRECTION ( 'NONE',  ( -0.000000000000000000, -0.000000000000000000, -1.000000000000000000 ) ) ;
#1156 = CARTESIAN_POINT ( 'NONE',  ( -3.250000000000000444, 2.375000000000000444, -2.290000000000001368 ) ) ;
#1157 = AXIS2_PLACEMENT_3D ( 'NONE', #586, #374, #1003 ) ;
#1158 = DIRECTION ( 'NONE',  ( -0.000000000000000000, -0.000000000000000000, -1.000000000000000000 ) ) ;
#1159 = ORIENTED_EDGE ( 'NONE', *, *, #1349, .T. ) ;
#1160 = ADVANCED_FACE ( 'NONE', ( #1683 ), #886, .F. ) ;
#1161 = PLANE ( 'NONE',  #1087 ) ;
#1162 = EDGE_CURVE ( 'NONE', #357, #341, #43, .T. ) ;
#1163 = DIRECTION ( 'NONE',  ( 0.2536887388726300485, -0.9672859059084932820, 0.000000000000000000 ) ) ;
#1164 = ORIENTED_EDGE ( 'NONE', *, *, #2550, .T. ) ;
#1165 = CARTESIAN_POINT ( 'NONE',  ( -4.498455125287073031, 0.2500000000000007772, 0.6700000000000000400 ) ) ;
#1166 = EDGE_CURVE ( 'NONE', #1275, #321, #897, .T. ) ;
#1167 = ORIENTED_EDGE ( 'NONE', *, *, #364, .T. ) ;
#1168 =( NAMED_UNIT ( * ) SI_UNIT ( $, .STERADIAN. ) SOLID_ANGLE_UNIT ( ) );
#1169 = CARTESIAN_POINT ( 'NONE',  ( 4.108330554291065972, 1.487500000000000266, 1.869999999999999885 ) ) ;
#1170 = DIRECTION ( 'NONE',  ( 1.000000000000000000, 0.000000000000000000, 0.000000000000000000 ) ) ;
#1171 = ORIENTED_EDGE ( 'NONE', *, *, #2278, .T. ) ;
#1172 = AXIS2_PLACEMENT_3D ( 'NONE', #1015, #1447, #248 ) ;
#1173 = CARTESIAN_POINT ( 'NONE',  ( 4.416254321687880235, 0.3134221847181571929, -0.6700000000000002620 ) ) ;
#1174 = CARTESIAN_POINT ( 'NONE',  ( -4.498455125287073031, 5.963111948670274387E-16, 1.869999999999999885 ) ) ;
#1175 = ORIENTED_EDGE ( 'NONE', *, *, #913, .T. ) ;
#1176 = CARTESIAN_POINT ( 'NONE',  ( -3.551544874712927236, 2.290019124028289443, -0.6700000000000002620 ) ) ;
#1177 = VERTEX_POINT ( 'NONE', #1830 ) ;
#1178 = VERTEX_POINT ( 'NONE', #634 ) ;
#1179 =( LENGTH_UNIT ( ) NAMED_UNIT ( * ) SI_UNIT ( .MILLI., .METRE. ) );
#1180 = ADVANCED_FACE ( 'NONE', ( #892 ), #1413, .F. ) ;
#1181 = EDGE_LOOP ( 'NONE', ( #1023, #567, #1584, #1404, #207, #1414, #204, #2233 ) ) ;
#1182 = CARTESIAN_POINT ( 'NONE',  ( 3.551544874712927236, 2.290019124028289443, 1.869999999999999885 ) ) ;
#1183 = AXIS2_PLACEMENT_3D ( 'NONE', #128, #2359, #1752 ) ;
#1184 = VERTEX_POINT ( 'NONE', #1436 ) ;
#1185 = VERTEX_POINT ( 'NONE', #254 ) ;
#1186 = DIRECTION ( 'NONE',  ( -1.000000000000000000, 0.000000000000000000, 0.000000000000000000 ) ) ;
#1187 = EDGE_LOOP ( 'NONE', ( #159, #1388, #2152, #734 ) ) ;
#1188 = EDGE_CURVE ( 'NONE', #2282, #357, #914, .T. ) ;
#1189 = DIRECTION ( 'NONE',  ( -0.000000000000000000, -0.000000000000000000, -1.000000000000000000 ) ) ;
#1190 = CARTESIAN_POINT ( 'NONE',  ( 3.875567154789244739, 2.375000000000002220, -1.870000000000000107 ) ) ;
#1191 = EDGE_LOOP ( 'NONE', ( #2470, #757, #830, #238, #1969, #1452 ) ) ;
#1192 = EDGE_CURVE ( 'NONE', #1888, #1227, #48, .T. ) ;
#1193 = AXIS2_PLACEMENT_3D ( 'NONE', #4, #640, #1403 ) ;
#1194 = ORIENTED_EDGE ( 'NONE', *, *, #1223, .T. ) ;
#1195 = CARTESIAN_POINT ( 'NONE',  ( 3.551544874712927236, 2.290019124028289443, 0.6700000000000000400 ) ) ;
#1196 = DIRECTION ( 'NONE',  ( 0.000000000000000000, -0.000000000000000000, -1.000000000000000000 ) ) ;
#1197 = ADVANCED_FACE ( 'NONE', ( #975 ), #1471, .F. ) ;
#1198 = AXIS2_PLACEMENT_3D ( 'NONE', #1176, #938, #1109 ) ;
#1199 = EDGE_LOOP ( 'NONE', ( #568, #2200, #1382, #592 ) ) ;
#1200 = DIRECTION ( 'NONE',  ( 0.000000000000000000, -1.000000000000000000, 0.000000000000000000 ) ) ;
#1201 = CARTESIAN_POINT ( 'NONE',  ( -5.080000000000000071, 1.487500000000000266, 1.520000000000000018 ) ) ;
#1202 = VERTEX_POINT ( 'NONE', #55 ) ;
#1203 = CARTESIAN_POINT ( 'NONE',  ( 3.250000000000000444, 2.625000000000000444, 1.869999999999999885 ) ) ;
#1204 = PLANE ( 'NONE',  #1667 ) ;
#1205 = VERTEX_POINT ( 'NONE', #1879 ) ;
#1206 = CARTESIAN_POINT ( 'NONE',  ( 3.633745678312121363, 2.311577815281844028, -1.870000000000000107 ) ) ;
#1207 = STYLED_ITEM ( 'NONE', ( #2457 ), #2581 ) ;
#1208 = ORIENTED_EDGE ( 'NONE', *, *, #1625, .F. ) ;
#1209 = DIRECTION ( 'NONE',  ( -1.000000000000000000, 0.000000000000000000, 0.000000000000000000 ) ) ;
#1210 = ORIENTED_EDGE ( 'NONE', *, *, #2050, .F. ) ;
#1211 = DIRECTION ( 'NONE',  ( -0.000000000000000000, 0.000000000000000000, 1.000000000000000000 ) ) ;
#1212 = DIRECTION ( 'NONE',  ( 0.000000000000000000, 0.000000000000000000, -1.000000000000000000 ) ) ;
#1213 = EDGE_CURVE ( 'NONE', #2116, #1302, #1813, .T. ) ;
#1214 = ORIENTED_EDGE ( 'NONE', *, *, #1385, .T. ) ;
#1215 = CARTESIAN_POINT ( 'NONE',  ( 4.498455125287073031, 0.2500000000000007772, 1.869999999999999885 ) ) ;
#1216 = ORIENTED_EDGE ( 'NONE', *, *, #2077, .F. ) ;
#1217 = DIRECTION ( 'NONE',  ( 1.000000000000000000, 0.000000000000000000, 0.000000000000000000 ) ) ;
#1218 = EDGE_CURVE ( 'NONE', #2116, #2150, #920, .T. ) ;
#1219 = ORIENTED_EDGE ( 'NONE', *, *, #171, .F. ) ;
#1220 = DIRECTION ( 'NONE',  ( -1.000000000000000000, 0.000000000000000000, 0.000000000000000000 ) ) ;
#1221 = CARTESIAN_POINT ( 'NONE',  ( -2.149999999999999911, 4.349999999999999645, -1.190000000000002389 ) ) ;
#1222 = ORIENTED_EDGE ( 'NONE', *, *, #1133, .F. ) ;
#1223 = EDGE_CURVE ( 'NONE', #2026, #1560, #1773, .T. ) ;
#1224 = CARTESIAN_POINT ( 'NONE',  ( -3.551544874712927236, 2.375000000000000444, 1.520000000000000018 ) ) ;
#1225 = DIRECTION ( 'NONE',  ( 0.000000000000000000, 0.000000000000000000, 1.000000000000000000 ) ) ;
#1226 = AXIS2_PLACEMENT_3D ( 'NONE', #925, #306, #2039 ) ;
#1227 = VERTEX_POINT ( 'NONE', #42 ) ;
#1228 = DIRECTION ( 'NONE',  ( -0.000000000000000000, -1.000000000000000000, -0.000000000000000000 ) ) ;
#1229 = EDGE_LOOP ( 'NONE', ( #1350, #2181, #474, #2380 ) ) ;
#1230 = DIRECTION ( 'NONE',  ( 0.000000000000000000, 0.000000000000000000, -1.000000000000000000 ) ) ;
#1231 = DIRECTION ( 'NONE',  ( 0.000000000000000000, 0.000000000000000000, 1.000000000000000000 ) ) ;
#1232 = DIRECTION ( 'NONE',  ( 1.000000000000000000, 0.000000000000000000, 0.000000000000000000 ) ) ;
#1233 = CARTESIAN_POINT ( 'NONE',  ( -4.498455125287073031, 0.3349808759717117779, 0.6700000000000000400 ) ) ;
#1234 = AXIS2_PLACEMENT_3D ( 'NONE', #1124, #919, #1324 ) ;
#1235 = VERTEX_POINT ( 'NONE', #404 ) ;
#1236 = DIRECTION ( 'NONE',  ( -0.000000000000000000, -0.000000000000000000, -1.000000000000000000 ) ) ;
#1237 = PLANE ( 'NONE',  #755 ) ;
#1238 = ORIENTED_EDGE ( 'NONE', *, *, #639, .F. ) ;
#1239 = CARTESIAN_POINT ( 'NONE',  ( -3.250000000000000444, 2.375000000000000444, 1.869999999999999885 ) ) ;
#1240 = EDGE_CURVE ( 'NONE', #2260, #386, #1747, .T. ) ;
#1241 = DIRECTION ( 'NONE',  ( 0.000000000000000000, 1.000000000000000000, -0.000000000000000000 ) ) ;
#1242 =( LENGTH_UNIT ( ) NAMED_UNIT ( * ) SI_UNIT ( .MILLI., .METRE. ) );
#1243 = VERTEX_POINT ( 'NONE', #313 ) ;
#1244 = CARTESIAN_POINT ( 'NONE',  ( 3.849875429003992267, 1.487500000000000266, -0.6700000000000002620 ) ) ;
#1245 = ORIENTED_EDGE ( 'NONE', *, *, #2194, .T. ) ;
#1246 = EDGE_CURVE ( 'NONE', #421, #453, #1777, .T. ) ;
#1247 = ORIENTED_EDGE ( 'NONE', *, *, #2578, .F. ) ;
#1248 = CARTESIAN_POINT ( 'NONE',  ( 3.875567154789244739, 2.375000000000002220, 1.520000000000000018 ) ) ;
#1249 = DIRECTION ( 'NONE',  ( 0.000000000000000000, 0.000000000000000000, 1.000000000000000000 ) ) ;
#1250 = EDGE_CURVE ( 'NONE', #2111, #2105, #79, .T. ) ;
#1251 = DIRECTION ( 'NONE',  ( -0.2536887388726299375, 0.9672859059084933930, 0.000000000000000000 ) ) ;
#1252 = EDGE_LOOP ( 'NONE', ( #2196, #1502, #2230, #2033 ) ) ;
#1253 = CARTESIAN_POINT ( 'NONE',  ( -3.551544874712927236, 2.290019124028289443, 1.869999999999999885 ) ) ;
#1254 = FILL_AREA_STYLE_COLOUR ( '', #1708 ) ;
#1255 = ORIENTED_EDGE ( 'NONE', *, *, #1310, .T. ) ;
#1256 = DIRECTION ( 'NONE',  ( 0.000000000000000000, 0.000000000000000000, 1.000000000000000000 ) ) ;
#1257 = VERTEX_POINT ( 'NONE', #127 ) ;
#1258 = CARTESIAN_POINT ( 'NONE',  ( -3.250000000000000444, 2.375000000000000444, 2.290000000000001368 ) ) ;
#1259 = EDGE_LOOP ( 'NONE', ( #2219, #1359, #1937, #1639, #1613, #1100 ) ) ;
#1260 = VERTEX_POINT ( 'NONE', #2583 ) ;
#1261 = CARTESIAN_POINT ( 'NONE',  ( 3.249999999999997780, 2.375000000000000444, -2.290000000000002700 ) ) ;
#1262 = VERTEX_POINT ( 'NONE', #2537 ) ;
#1263 = AXIS2_PLACEMENT_3D ( 'NONE', #777, #351, #809 ) ;
#1264 = EDGE_LOOP ( 'NONE', ( #2193, #437, #398, #418 ) ) ;
#1265 = VERTEX_POINT ( 'NONE', #1123 ) ;
#1266 = DIRECTION ( 'NONE',  ( -1.000000000000000000, 1.864348255189607975E-16, 0.000000000000000000 ) ) ;
#1267 = EDGE_CURVE ( 'NONE', #1431, #2035, #63, .T. ) ;
#1268 = CARTESIAN_POINT ( 'NONE',  ( -3.250000000000000444, 2.375000000000000444, -0.6700000000000002620 ) ) ;
#1269 = ORIENTED_EDGE ( 'NONE', *, *, #2310, .T. ) ;
#1270 = ADVANCED_FACE ( 'NONE', ( #1833 ), #1950, .F. ) ;
#1271 = DIRECTION ( 'NONE',  ( 0.000000000000000000, 0.000000000000000000, -1.000000000000000000 ) ) ;
#1272 = DIRECTION ( 'NONE',  ( 0.000000000000000000, -1.000000000000000000, -0.000000000000000000 ) ) ;
#1273 = EDGE_CURVE ( 'NONE', #2211, #2195, #922, .T. ) ;
#1274 = VERTEX_POINT ( 'NONE', #2522 ) ;
#1275 = VERTEX_POINT ( 'NONE', #720 ) ;
#1276 = ORIENTED_EDGE ( 'NONE', *, *, #2396, .F. ) ;
#1277 = DIRECTION ( 'NONE',  ( -0.000000000000000000, -0.000000000000000000, -1.000000000000000000 ) ) ;
#1278 = ADVANCED_FACE ( 'NONE', ( #22 ), #1574, .T. ) ;
#1279 = CARTESIAN_POINT ( 'NONE',  ( -5.080000000000000071, 5.963111948670274387E-16, -0.6700000000000002620 ) ) ;
#1280 = CARTESIAN_POINT ( 'NONE',  ( -5.080000000000000071, 0.2500000000000008882, 1.869999999999999885 ) ) ;
#1281 = EDGE_LOOP ( 'NONE', ( #2328, #547, #1415, #543, #1135, #2518, #2307, #1120 ) ) ;
#1282 = AXIS2_PLACEMENT_3D ( 'NONE', #1391, #441, #1032 ) ;
#1283 = EDGE_LOOP ( 'NONE', ( #511, #526, #1398, #1338 ) ) ;
#1284 = PLANE ( 'NONE',  #346 ) ;
#1285 = PLANE ( 'NONE',  #187 ) ;
#1286 = ORIENTED_EDGE ( 'NONE', *, *, #2057, .F. ) ;
#1287 = ORIENTED_EDGE ( 'NONE', *, *, #302, .F. ) ;
#1288 = CARTESIAN_POINT ( 'NONE',  ( -5.080000000000000071, 0.2500000000000008882, -1.870000000000000107 ) ) ;
#1289 = DIRECTION ( 'NONE',  ( 1.000000000000000000, -0.000000000000000000, -2.001604010742470009E-16 ) ) ;
#1290 = ORIENTED_EDGE ( 'NONE', *, *, #438, .T. ) ;
#1291 = ADVANCED_FACE ( 'NONE', ( #936 ), #1161, .F. ) ;
#1292 = VERTEX_POINT ( 'NONE', #109 ) ;
#1293 = ORIENTED_EDGE ( 'NONE', *, *, #797, .T. ) ;
#1294 = PLANE ( 'NONE',  #2398 ) ;
#1295 = ORIENTED_EDGE ( 'NONE', *, *, #2519, .F. ) ;
#1296 = ORIENTED_EDGE ( 'NONE', *, *, #1113, .T. ) ;
#1297 = EDGE_LOOP ( 'NONE', ( #169, #864 ) ) ;
#1298 = CARTESIAN_POINT ( 'NONE',  ( 0.000000000000000000, 4.399999999999999467, 0.000000000000000000 ) ) ;
#1299 = ORIENTED_EDGE ( 'NONE', *, *, #1929, .T. ) ;
#1300 = ORIENTED_EDGE ( 'NONE', *, *, #644, .T. ) ;
#1301 = AXIS2_PLACEMENT_3D ( 'NONE', #2099, #998, #2564 ) ;
#1302 = VERTEX_POINT ( 'NONE', #501 ) ;
#1303 = ORIENTED_EDGE ( 'NONE', *, *, #2133, .F. ) ;
#1304 = ORIENTED_EDGE ( 'NONE', *, *, #2104, .T. ) ;
#1305 = DIRECTION ( 'NONE',  ( 1.000000000000000000, 0.000000000000000000, -0.000000000000000000 ) ) ;
#1306 = ORIENTED_EDGE ( 'NONE', *, *, #1801, .T. ) ;
#1307 = ORIENTED_EDGE ( 'NONE', *, *, #1188, .T. ) ;
#1308 = CARTESIAN_POINT ( 'NONE',  ( 3.551544874712927236, 2.375000000000000444, 0.6700000000000000400 ) ) ;
#1309 = EDGE_LOOP ( 'NONE', ( #2561, #2299, #1247, #1691 ) ) ;
#1310 = EDGE_CURVE ( 'NONE', #341, #599, #939, .T. ) ;
#1311 = ORIENTED_EDGE ( 'NONE', *, *, #34, .T. ) ;
#1312 = ORIENTED_EDGE ( 'NONE', *, *, #1081, .T. ) ;
#1313 = VERTEX_POINT ( 'NONE', #950 ) ;
#1314 = EDGE_LOOP ( 'NONE', ( #742, #2292, #2542, #522, #266, #1572, #2268, #794, #272, #577, #518, #514 ) ) ;
#1315 = VERTEX_POINT ( 'NONE', #1322 ) ;
#1316 = DIRECTION ( 'NONE',  ( 0.000000000000000000, -0.000000000000000000, -1.000000000000000000 ) ) ;
#1317 = EDGE_CURVE ( 'NONE', #1265, #2139, #1820, .T. ) ;
#1318 = ORIENTED_EDGE ( 'NONE', *, *, #282, .T. ) ;
#1319 = AXIS2_PLACEMENT_3D ( 'NONE', #2379, #976, #10 ) ;
#1320 = VERTEX_POINT ( 'NONE', #1719 ) ;
#1321 = ADVANCED_FACE ( 'NONE', ( #953, #1751 ), #2089, .T. ) ;
#1322 = CARTESIAN_POINT ( 'NONE',  ( -3.875567154789244739, 2.375000000000002220, 1.520000000000000018 ) ) ;
#1323 = ORIENTED_EDGE ( 'NONE', *, *, #1867, .T. ) ;
#1324 = DIRECTION ( 'NONE',  ( 1.000000000000000000, 0.000000000000000000, -2.001604010742470255E-16 ) ) ;
#1325 = AXIS2_PLACEMENT_3D ( 'NONE', #419, #1241, #51 ) ;
#1326 = ORIENTED_EDGE ( 'NONE', *, *, #479, .T. ) ;
#1327 = VERTEX_POINT ( 'NONE', #2357 ) ;
#1328 = VERTEX_POINT ( 'NONE', #2073 ) ;
#1329 = EDGE_LOOP ( 'NONE', ( #235, #1994, #1478, #1680 ) ) ;
#1330 = MANIFOLD_SOLID_BREP ( 'Boss-Extrude7', #387 ) ;
#1331 = VERTEX_POINT ( 'NONE', #566 ) ;
#1332 = DIRECTION ( 'NONE',  ( 0.000000000000000000, 1.000000000000000000, 0.000000000000000000 ) ) ;
#1333 = ORIENTED_EDGE ( 'NONE', *, *, #302, .T. ) ;
#1334 = DIRECTION ( 'NONE',  ( 0.000000000000000000, 0.000000000000000000, 1.000000000000000000 ) ) ;
#1335 = EDGE_LOOP ( 'NONE', ( #2067, #1299, #2201, #2135 ) ) ;
#1336 = ORIENTED_EDGE ( 'NONE', *, *, #176, .F. ) ;
#1337 = VERTEX_POINT ( 'NONE', #789 ) ;
#1338 = ORIENTED_EDGE ( 'NONE', *, *, #940, .T. ) ;
#1339 = ORIENTED_EDGE ( 'NONE', *, *, #913, .F. ) ;
#1340 = DIRECTION ( 'NONE',  ( 0.000000000000000000, 1.000000000000000000, 0.000000000000000000 ) ) ;
#1341 = ORIENTED_EDGE ( 'NONE', *, *, #1390, .T. ) ;
#1342 = EDGE_LOOP ( 'NONE', ( #2178, #455, #347, #428 ) ) ;
#1343 = EDGE_CURVE ( 'NONE', #465, #2260, #1805, .T. ) ;
#1344 = ORIENTED_EDGE ( 'NONE', *, *, #639, .T. ) ;
#1345 = DIRECTION ( 'NONE',  ( 0.000000000000000000, 1.000000000000000000, 0.000000000000000000 ) ) ;
#1346 = ORIENTED_EDGE ( 'NONE', *, *, #225, .F. ) ;
#1347 = CLOSED_SHELL ( 'NONE', ( #954, #2330, #997, #1467, #1053, #1114, #758, #1197, #918, #1745, #1160, #2517, #1517, #821, #332, #877 ) ) ;
#1348 = VERTEX_POINT ( 'NONE', #2460 ) ;
#1349 = EDGE_CURVE ( 'NONE', #2105, #421, #910, .T. ) ;
#1350 = ORIENTED_EDGE ( 'NONE', *, *, #98, .F. ) ;
#1351 = DIRECTION ( 'NONE',  ( 0.2536887388726298820, 0.9672859059084932820, -0.000000000000000000 ) ) ;
#1352 = CARTESIAN_POINT ( 'NONE',  ( -2.149999999999999911, 4.399999999999999467, -1.540000000000002478 ) ) ;
#1353 = ORIENTED_EDGE ( 'NONE', *, *, #729, .T. ) ;
#1354 = EDGE_CURVE ( 'NONE', #535, #2164, #41, .T. ) ;
#1355 = DIRECTION ( 'NONE',  ( 1.000000000000000000, -0.000000000000000000, -0.000000000000000000 ) ) ;
#1356 = ORIENTED_EDGE ( 'NONE', *, *, #1250, .F. ) ;
#1357 = STYLED_ITEM ( 'NONE', ( #1724 ), #1048 ) ;
#1358 = ORIENTED_EDGE ( 'NONE', *, *, #2104, .F. ) ;
#1359 = ORIENTED_EDGE ( 'NONE', *, *, #218, .T. ) ;
#1360 = DIRECTION ( 'NONE',  ( -0.000000000000000000, 0.000000000000000000, -1.000000000000000000 ) ) ;
#1361 = ORIENTED_EDGE ( 'NONE', *, *, #2396, .T. ) ;
#1362 = DIRECTION ( 'NONE',  ( 0.000000000000000000, -0.000000000000000000, 1.000000000000000000 ) ) ;
#1363 = ORIENTED_EDGE ( 'NONE', *, *, #56, .T. ) ;
#1364 = ORIENTED_EDGE ( 'NONE', *, *, #1694, .F. ) ;
#1365 = VERTEX_POINT ( 'NONE', #2143 ) ;
#1366 = CLOSED_SHELL ( 'NONE', ( #1371, #1270, #1567, #2142, #788, #613, #631, #1291, #1979, #580, #1106, #1598, #1728, #1400, #2409, #1762 ) ) ;
#1367 = DIRECTION ( 'NONE',  ( 0.000000000000000000, -1.000000000000000000, 0.000000000000000000 ) ) ;
#1368 = ORIENTED_EDGE ( 'NONE', *, *, #123, .F. ) ;
#1369 = EDGE_LOOP ( 'NONE', ( #1381, #2274, #1670, #243, #590, #2512, #293, #1437 ) ) ;
#1370 = CARTESIAN_POINT ( 'NONE',  ( -3.849875429003992267, 1.487500000000000266, 1.520000000000000018 ) ) ;
#1371 = ADVANCED_FACE ( 'NONE', ( #1788 ), #391, .F. ) ;
#1372 = ORIENTED_EDGE ( 'NONE', *, *, #316, .F. ) ;
#1373 = DIRECTION ( 'NONE',  ( -1.000000000000000000, 0.000000000000000000, 0.000000000000000000 ) ) ;
#1374 = ORIENTED_EDGE ( 'NONE', *, *, #1246, .T. ) ;
#1375 = CARTESIAN_POINT ( 'NONE',  ( -2.149999999999999911, 4.349999999999999645, -1.190000000000002389 ) ) ;
#1376 = ORIENTED_EDGE ( 'NONE', *, *, #1045, .F. ) ;
#1377 = AXIS2_PLACEMENT_3D ( 'NONE', #2090, #1782, #1554 ) ;
#1378 = ORIENTED_EDGE ( 'NONE', *, *, #1947, .T. ) ;
#1379 = CARTESIAN_POINT ( 'NONE',  ( 3.250000000000000444, 2.625000000000000444, 0.6700000000000000400 ) ) ;
#1380 = VERTEX_POINT ( 'NONE', #2009 ) ;
#1381 = ORIENTED_EDGE ( 'NONE', *, *, #2429, .F. ) ;
#1382 = ORIENTED_EDGE ( 'NONE', *, *, #84, .F. ) ;
#1383 = ORIENTED_EDGE ( 'NONE', *, *, #1273, .F. ) ;
#1384 = ORIENTED_EDGE ( 'NONE', *, *, #651, .F. ) ;
#1385 = EDGE_CURVE ( 'NONE', #502, #20, #926, .T. ) ;
#1386 = ORIENTED_EDGE ( 'NONE', *, *, #1952, .T. ) ;
#1387 = DIRECTION ( 'NONE',  ( 0.000000000000000000, -1.000000000000000000, 0.000000000000000000 ) ) ;
#1388 = ORIENTED_EDGE ( 'NONE', *, *, #1213, .F. ) ;
#1389 = VERTEX_POINT ( 'NONE', #1028 ) ;
#1390 = EDGE_CURVE ( 'NONE', #2211, #535, #57, .T. ) ;
#1391 = CARTESIAN_POINT ( 'NONE',  ( -3.250000000000000444, 2.625000000000000444, 2.290000000000001368 ) ) ;
#1392 = ORIENTED_EDGE ( 'NONE', *, *, #1895, .F. ) ;
#1393 = ORIENTED_EDGE ( 'NONE', *, *, #828, .F. ) ;
#1394 = ORIENTED_EDGE ( 'NONE', *, *, #517, .T. ) ;
#1395 = EDGE_CURVE ( 'NONE', #1292, #175, #83, .T. ) ;
#1396 = DIRECTION ( 'NONE',  ( 0.000000000000000000, 1.000000000000000000, 0.000000000000000000 ) ) ;
#1397 = ORIENTED_EDGE ( 'NONE', *, *, #1459, .T. ) ;
#1398 = ORIENTED_EDGE ( 'NONE', *, *, #1029, .T. ) ;
#1399 = AXIS2_PLACEMENT_3D ( 'NONE', #1493, #2254, #1669 ) ;
#1400 = ADVANCED_FACE ( 'NONE', ( #970 ), #1204, .F. ) ;
#1401 = DIRECTION ( 'NONE',  ( 0.1378445374916288657, -0.9808148484639890308, -0.1378445374916289490 ) ) ;
#1402 = ORIENTED_EDGE ( 'NONE', *, *, #1778, .T. ) ;
#1403 = DIRECTION ( 'NONE',  ( 0.000000000000000000, 0.000000000000000000, 1.000000000000000000 ) ) ;
#1404 = ORIENTED_EDGE ( 'NONE', *, *, #1138, .F. ) ;
#1405 = CARTESIAN_POINT ( 'NONE',  ( 3.633745678312121363, 2.311577815281844028, 1.869999999999999885 ) ) ;
#1406 = ORIENTED_EDGE ( 'NONE', *, *, #2140, .F. ) ;
#1407 = ORIENTED_EDGE ( 'NONE', *, *, #1847, .T. ) ;
#1408 = DIRECTION ( 'NONE',  ( 1.000000000000000000, 0.000000000000000000, -0.000000000000000000 ) ) ;
#1409 = ORIENTED_EDGE ( 'NONE', *, *, #2180, .T. ) ;
#1410 = DIRECTION ( 'NONE',  ( 0.000000000000000000, 0.000000000000000000, 1.000000000000000000 ) ) ;
#1411 = EDGE_CURVE ( 'NONE', #2524, #435, #105, .T. ) ;
#1412 = ORIENTED_EDGE ( 'NONE', *, *, #218, .F. ) ;
#1413 = PLANE ( 'NONE',  #602 ) ;
#1414 = ORIENTED_EDGE ( 'NONE', *, *, #1083, .F. ) ;
#1415 = ORIENTED_EDGE ( 'NONE', *, *, #853, .F. ) ;
#1416 = EDGE_CURVE ( 'NONE', #312, #217, #1823, .T. ) ;
#1417 = DIRECTION ( 'NONE',  ( 0.000000000000000000, -0.000000000000000000, -1.000000000000000000 ) ) ;
#1418 = ADVANCED_FACE ( 'NONE', ( #982 ), #1011, .F. ) ;
#1419 = DIRECTION ( 'NONE',  ( -0.2536887388726299930, 0.9672859059084932820, 0.000000000000000000 ) ) ;
#1420 = EDGE_LOOP ( 'NONE', ( #1072, #1044, #573, #1339 ) ) ;
#1421 = ORIENTED_EDGE ( 'NONE', *, *, #2568, .F. ) ;
#1422 = DIRECTION ( 'NONE',  ( 0.000000000000000000, 1.000000000000000000, 0.000000000000000000 ) ) ;
#1423 = DIRECTION ( 'NONE',  ( -0.2536887388726298820, 0.9672859059084932820, 0.000000000000000000 ) ) ;
#1424 = EDGE_CURVE ( 'NONE', #2101, #1592, #1002, .T. ) ;
#1425 = ORIENTED_EDGE ( 'NONE', *, *, #618, .T. ) ;
#1426 = DIRECTION ( 'NONE',  ( 1.000000000000000000, 0.000000000000000000, 0.000000000000000000 ) ) ;
#1427 = VERTEX_POINT ( 'NONE', #813 ) ;
#1428 = SURFACE_SIDE_STYLE ('',( #1098 ) ) ;
#1429 = DIRECTION ( 'NONE',  ( 0.000000000000000000, 0.000000000000000000, -1.000000000000000000 ) ) ;
#1430 = AXIS2_PLACEMENT_3D ( 'NONE', #1298, #2335, #2123 ) ;
#1431 = VERTEX_POINT ( 'NONE', #1043 ) ;
#1432 = FILL_AREA_STYLE ('',( #1864 ) ) ;
#1434 = CARTESIAN_POINT ( 'NONE',  ( -3.250000000000000444, 2.625000000000000444, -2.290000000000001368 ) ) ;
#1433 = AXIS2_PLACEMENT_3D ( 'NONE', #257, #621, #219 ) ;
#1435 = ORIENTED_EDGE ( 'NONE', *, *, #618, .F. ) ;
#1436 = CARTESIAN_POINT ( 'NONE',  ( -3.250000000000000444, 2.375000000000000444, -0.6700000000000002620 ) ) ;
#1437 = ORIENTED_EDGE ( 'NONE', *, *, #2474, .T. ) ;
#1438 = VERTEX_POINT ( 'NONE', #1995 ) ;
#1439 = PLANE ( 'NONE',  #406 ) ;
#1440 = DIRECTION ( 'NONE',  ( 0.000000000000000000, 1.000000000000000000, 0.000000000000000000 ) ) ;
#1441 = VERTEX_POINT ( 'NONE', #1458 ) ;
#1442 = ORIENTED_EDGE ( 'NONE', *, *, #1166, .F. ) ;
#1443 = CARTESIAN_POINT ( 'NONE',  ( 3.000540018403253573, 0.5999999999999996447, 2.040540018403254496 ) ) ;
#1444 = CARTESIAN_POINT ( 'NONE',  ( -4.174432845210755971, 0.2499999999999995282, -0.6700000000000002620 ) ) ;
#1445 = FACE_OUTER_BOUND ( 'NONE', #2038, .T. ) ;
#1446 = EDGE_LOOP ( 'NONE', ( #1397, #2227 ) ) ;
#1447 = DIRECTION ( 'NONE',  ( 0.000000000000000000, 0.000000000000000000, -1.000000000000000000 ) ) ;
#1448 = ORIENTED_EDGE ( 'NONE', *, *, #1625, .T. ) ;
#1449 = DIRECTION ( 'NONE',  ( 1.000000000000000000, -0.000000000000000000, -0.000000000000000000 ) ) ;
#1450 = AXIS2_PLACEMENT_3D ( 'NONE', #366, #616, #68 ) ;
#1451 = PLANE ( 'NONE',  #1450 ) ;
#1452 = ORIENTED_EDGE ( 'NONE', *, *, #1051, .F. ) ;
#1453 = PLANE ( 'NONE',  #1632 ) ;
#1454 = DIRECTION ( 'NONE',  ( 1.000000000000000000, 0.000000000000000000, 0.000000000000000000 ) ) ;
#1455 = VERTEX_POINT ( 'NONE', #2191 ) ;
#1456 = EDGE_CURVE ( 'NONE', #1184, #1292, #160, .T. ) ;
#1457 = VECTOR ( 'NONE', #76, 1000.000000000000000 ) ;
#1458 = CARTESIAN_POINT ( 'NONE',  ( 3.875567154789244739, 2.375000000000002220, 0.6700000000000000400 ) ) ;
#1459 = EDGE_CURVE ( 'NONE', #2195, #2211, #146, .T. ) ;
#1460 = FILL_AREA_STYLE ('',( #1489 ) ) ;
#1461 = CARTESIAN_POINT ( 'NONE',  ( -5.080000000000000071, 1.487500000000000266, 1.870000000000000107 ) ) ;
#1462 = ORIENTED_EDGE ( 'NONE', *, *, #2341, .F. ) ;
#1463 = DIRECTION ( 'NONE',  ( 1.000000000000000000, -0.000000000000000000, -0.000000000000000000 ) ) ;
#1464 = AXIS2_PLACEMENT_3D ( 'NONE', #1022, #27, #1454 ) ;
#1465 = FILL_AREA_STYLE ('',( #1153 ) ) ;
#1466 = CARTESIAN_POINT ( 'NONE',  ( -3.551544874712927236, 2.625000000000000444, 1.520000000000000018 ) ) ;
#1467 = ADVANCED_FACE ( 'NONE', ( #1883 ), #2238, .F. ) ;
#1468 = ORIENTED_EDGE ( 'NONE', *, *, #84, .T. ) ;
#1469 = APPLICATION_CONTEXT ( 'automotive_design' ) ;
#1470 = DIRECTION ( 'NONE',  ( 1.000000000000000000, 0.000000000000000000, -0.000000000000000000 ) ) ;
#1471 = PLANE ( 'NONE',  #231 ) ;
#1472 = DIRECTION ( 'NONE',  ( 0.000000000000000000, 1.000000000000000000, 0.000000000000000000 ) ) ;
#1473 = CARTESIAN_POINT ( 'NONE',  ( -3.000540018403254905, 0.5999999999999996447, 2.040540018403255829 ) ) ;
#1474 = SURFACE_STYLE_USAGE ( .BOTH. , #2329 ) ;
#1475 = PLANE ( 'NONE',  #1701 ) ;
#1476 = EDGE_CURVE ( 'NONE', #1235, #1178, #121, .T. ) ;
#1477 = DIRECTION ( 'NONE',  ( 0.000000000000000000, 0.000000000000000000, 1.000000000000000000 ) ) ;
#1478 = ORIENTED_EDGE ( 'NONE', *, *, #1424, .F. ) ;
#1479 =( NAMED_UNIT ( * ) PLANE_ANGLE_UNIT ( ) SI_UNIT ( $, .RADIAN. ) );
#1480 = CARTESIAN_POINT ( 'NONE',  ( -3.875567154789244739, 2.375000000000002220, -0.6700000000000002620 ) ) ;
#1481 = CARTESIAN_POINT ( 'NONE',  ( 5.080000000000000071, 0.2500000000000008882, -0.6700000000000002620 ) ) ;
#1482 = EDGE_CURVE ( 'NONE', #776, #502, #1050, .T. ) ;
#1483 = VECTOR ( 'NONE', #1423, 1000.000000000000114 ) ;
#1484 = CARTESIAN_POINT ( 'NONE',  ( -3.250000000000000444, 2.375000000000000444, 1.869999999999999885 ) ) ;
#1485 = CARTESIAN_POINT ( 'NONE',  ( 3.250000000000000444, 2.625000000000000444, -0.6700000000000002620 ) ) ;
#1486 = LINE ( 'NONE', #1581, #2363 ) ;
#1487 = EDGE_CURVE ( 'NONE', #1315, #345, #1010, .T. ) ;
#1488 = ORIENTED_EDGE ( 'NONE', *, *, #2345, .T. ) ;
#1489 = FILL_AREA_STYLE_COLOUR ( '', #1656 ) ;
#1490 = CARTESIAN_POINT ( 'NONE',  ( 3.249999999999997780, 2.375000000000000444, -2.290000000000002700 ) ) ;
#1491 = CARTESIAN_POINT ( 'NONE',  ( -3.250000000000000444, 2.625000000000000444, -2.290000000000001368 ) ) ;
#1492 = VECTOR ( 'NONE', #1266, 1000.000000000000000 ) ;
#1493 = CARTESIAN_POINT ( 'NONE',  ( -4.498455125287073031, 0.3349808759717117779, -0.6700000000000002620 ) ) ;
#1494 = ADVANCED_FACE ( 'NONE', ( #112 ), #985, .F. ) ;
#1495 = DIRECTION ( 'NONE',  ( 1.000000000000000000, -0.000000000000000000, -0.000000000000000000 ) ) ;
#1496 = LINE ( 'NONE', #1622, #667 ) ;
#1497 = FACE_OUTER_BOUND ( 'NONE', #1252, .T. ) ;
#1498 = ORIENTED_EDGE ( 'NONE', *, *, #1188, .F. ) ;
#1499 = EDGE_CURVE ( 'NONE', #1184, #389, #178, .T. ) ;
#1500 = ADVANCED_FACE ( 'NONE', ( #1863 ), #140, .F. ) ;
#1501 = LINE ( 'NONE', #1480, #1505 ) ;
#1502 = ORIENTED_EDGE ( 'NONE', *, *, #1867, .F. ) ;
#1503 = CARTESIAN_POINT ( 'NONE',  ( -5.080000000000000071, 0.2500000000000008882, -0.6700000000000002620 ) ) ;
#1504 = PLANE ( 'NONE',  #1154 ) ;
#1505 = VECTOR ( 'NONE', #124, 1000.000000000000114 ) ;
#1506 = DIRECTION ( 'NONE',  ( -0.1391731009600657432, 0.9902680687415703620, 0.000000000000000000 ) ) ;
#1507 = EDGE_CURVE ( 'NONE', #1328, #2072, #1907, .T. ) ;
#1508 = VECTOR ( 'NONE', #1163, 1000.000000000000114 ) ;
#1509 = EDGE_LOOP ( 'NONE', ( #319, #352, #2049, #1448 ) ) ;
#1510 = DIRECTION ( 'NONE',  ( 0.000000000000000000, -0.000000000000000000, -1.000000000000000000 ) ) ;
#1511 = VECTOR ( 'NONE', #473, 1000.000000000000000 ) ;
#1512 = FILL_AREA_STYLE_COLOUR ( '', #962 ) ;
#1513 = CARTESIAN_POINT ( 'NONE',  ( -4.498455125287073031, 0.2500000000000007772, -0.6700000000000002620 ) ) ;
#1514 = LINE ( 'NONE', #1279, #756 ) ;
#1515 = VECTOR ( 'NONE', #2257, 1000.000000000000000 ) ;
#1516 = AXIS2_PLACEMENT_3D ( 'NONE', #1843, #1561, #156 ) ;
#1517 = ADVANCED_FACE ( 'NONE', ( #131 ), #1882, .T. ) ;
#1518 = ORIENTED_EDGE ( 'NONE', *, *, #191, .F. ) ;
#1519 = AXIS2_PLACEMENT_3D ( 'NONE', #205, #1835, #480 ) ;
#1520 = CARTESIAN_POINT ( 'NONE',  ( -5.080000000000000071, 0.2500000000000008882, -0.6700000000000002620 ) ) ;
#1521 = LINE ( 'NONE', #1746, #1586 ) ;
#1522 = CARTESIAN_POINT ( 'NONE',  ( -3.633745678312121363, 2.311577815281844028, 1.869999999999999885 ) ) ;
#1523 = LINE ( 'NONE', #718, #1511 ) ;
#1524 = CARTESIAN_POINT ( 'NONE',  ( -3.250000000000000444, 4.399999999999999467, 2.040540018403255829 ) ) ;
#1525 = VECTOR ( 'NONE', #343, 1000.000000000000000 ) ;
#1526 = LINE ( 'NONE', #185, #1588 ) ;
#1527 = LINE ( 'NONE', #1206, #1483 ) ;
#1528 = CARTESIAN_POINT ( 'NONE',  ( 5.080000000000000071, 0.2500000000000008882, 0.6700000000000000400 ) ) ;
#1529 = LINE ( 'NONE', #1248, #701 ) ;
#1530 = VECTOR ( 'NONE', #513, 1000.000000000000000 ) ;
#1531 = AXIS2_PLACEMENT_3D ( 'NONE', #1868, #2496, #2559 ) ;
#1532 = DIRECTION ( 'NONE',  ( -1.000000000000000000, 0.000000000000000000, 0.000000000000000000 ) ) ;
#1533 = FACE_OUTER_BOUND ( 'NONE', #1909, .T. ) ;
#1534 = CIRCLE ( 'NONE', #423, 0.3349808759717113338 ) ;
#1535 = CARTESIAN_POINT ( 'NONE',  ( -3.250000000000000444, 2.375000000000000444, 2.290000000000001368 ) ) ;
#1536 = FACE_OUTER_BOUND ( 'NONE', #1137, .T. ) ;
#1537 = CIRCLE ( 'NONE', #1074, 0.3349808759717113338 ) ;
#1538 = AXIS2_PLACEMENT_3D ( 'NONE', #1900, #1236, #2529 ) ;
#1539 = VECTOR ( 'NONE', #1230, 1000.000000000000000 ) ;
#1540 = LINE ( 'NONE', #1379, #2488 ) ;
#1541 = CARTESIAN_POINT ( 'NONE',  ( -3.551544874712927236, 2.290019124028289443, 1.869999999999999885 ) ) ;
#1542 = VECTOR ( 'NONE', #2365, 1000.000000000000000 ) ;
#1543 = EDGE_CURVE ( 'NONE', #1988, #361, #139, .T. ) ;
#1544 = ORIENTED_EDGE ( 'NONE', *, *, #225, .T. ) ;
#1545 = VECTOR ( 'NONE', #2020, 1000.000000000000000 ) ;
#1546 = DIRECTION ( 'NONE',  ( 1.000000000000000000, 0.000000000000000000, -0.000000000000000000 ) ) ;
#1547 = FACE_OUTER_BOUND ( 'NONE', #1973, .T. ) ;
#1548 = LINE ( 'NONE', #992, #687 ) ;
#1549 = LINE ( 'NONE', #8, #645 ) ;
#1550 = EDGE_CURVE ( 'NONE', #2107, #1184, #117, .T. ) ;
#1551 = FACE_OUTER_BOUND ( 'NONE', #1314, .T. ) ;
#1552 = LINE ( 'NONE', #414, #1596 ) ;
#1553 = CARTESIAN_POINT ( 'NONE',  ( 3.249999999999997780, 2.375000000000000444, -2.290000000000002700 ) ) ;
#1554 = DIRECTION ( 'NONE',  ( -1.000000000000000000, 0.000000000000000000, 0.000000000000000000 ) ) ;
#1555 = VECTOR ( 'NONE', #1401, 1000.000000000000114 ) ;
#1556 = AXIS2_PLACEMENT_3D ( 'NONE', #1553, #1910, #342 ) ;
#1557 = VECTOR ( 'NONE', #2309, 1000.000000000000000 ) ;
#1558 = CARTESIAN_POINT ( 'NONE',  ( 3.551544874712927236, 2.290019124028289443, 1.520000000000000018 ) ) ;
#1559 = LINE ( 'NONE', #1933, #2406 ) ;
#1560 = VERTEX_POINT ( 'NONE', #2028 ) ;
#1561 = DIRECTION ( 'NONE',  ( 0.000000000000000000, -1.000000000000000000, -0.000000000000000000 ) ) ;
#1562 = FACE_OUTER_BOUND ( 'NONE', #2208, .T. ) ;
#1563 = ORIENTED_EDGE ( 'NONE', *, *, #316, .T. ) ;
#1564 = CARTESIAN_POINT ( 'NONE',  ( -3.551544874712927236, 2.290019124028289443, -0.6700000000000002620 ) ) ;
#1565 = ORIENTED_EDGE ( 'NONE', *, *, #166, .T. ) ;
#1566 = FACE_OUTER_BOUND ( 'NONE', #1941, .T. ) ;
#1567 = ADVANCED_FACE ( 'NONE', ( #1056 ), #1876, .T. ) ;
#1568 = VECTOR ( 'NONE', #1155, 1000.000000000000000 ) ;
#1569 = ORIENTED_EDGE ( 'NONE', *, *, #644, .F. ) ;
#1570 = MECHANICAL_DESIGN_GEOMETRIC_PRESENTATION_REPRESENTATION (  '', ( #1207 ), #2377 ) ;
#1571 = VECTOR ( 'NONE', #869, 1000.000000000000000 ) ;
#1572 = ORIENTED_EDGE ( 'NONE', *, *, #1246, .F. ) ;
#1573 = LINE ( 'NONE', #1535, #2385 ) ;
#1574 = PLANE ( 'NONE',  #1556 ) ;
#1575 = LINE ( 'NONE', #1288, #2399 ) ;
#1576 = ORIENTED_EDGE ( 'NONE', *, *, #2345, .F. ) ;
#1577 = CARTESIAN_POINT ( 'NONE',  ( -5.080000000000000071, 0.2500000000000008882, 0.6700000000000000400 ) ) ;
#1578 =( GEOMETRIC_REPRESENTATION_CONTEXT ( 3 ) GLOBAL_UNCERTAINTY_ASSIGNED_CONTEXT ( ( #2042 ) ) GLOBAL_UNIT_ASSIGNED_CONTEXT ( ( #1179, #2437, #19 ) ) REPRESENTATION_CONTEXT ( 'NONE', 'WORKASPACE' ) );
#1579 = LINE ( 'NONE', #1244, #1539 ) ;
#1580 = FACE_OUTER_BOUND ( 'NONE', #490, .T. ) ;
#1581 = CARTESIAN_POINT ( 'NONE',  ( -5.080000000000000071, 0.2500000000000008882, -0.6700000000000002620 ) ) ;
#1582 = SURFACE_STYLE_FILL_AREA ( #1432 ) ;
#1583 = VERTEX_POINT ( 'NONE', #2249 ) ;
#1584 = ORIENTED_EDGE ( 'NONE', *, *, #2222, .F. ) ;
#1585 = DIRECTION ( 'NONE',  ( -0.000000000000000000, -0.000000000000000000, -1.000000000000000000 ) ) ;
#1586 = VECTOR ( 'NONE', #309, 1000.000000000000000 ) ;
#1587 = CARTESIAN_POINT ( 'NONE',  ( -5.080000000000000071, 2.625000000000000444, -1.520000000000000018 ) ) ;
#1588 = VECTOR ( 'NONE', #2158, 1000.000000000000000 ) ;
#1589 = ORIENTED_EDGE ( 'NONE', *, *, #143, .T. ) ;
#1590 = LINE ( 'NONE', #233, #706 ) ;
#1591 = DIRECTION ( 'NONE',  ( 0.000000000000000000, 0.000000000000000000, 1.000000000000000000 ) ) ;
#1592 = VERTEX_POINT ( 'NONE', #1049 ) ;
#1593 = LINE ( 'NONE', #1484, #2393 ) ;
#1594 = EDGE_CURVE ( 'NONE', #375, #506, #1845, .T. ) ;
#1595 = ORIENTED_EDGE ( 'NONE', *, *, #651, .T. ) ;
#1596 = VECTOR ( 'NONE', #244, 1000.000000000000114 ) ;
#1597 = UNCERTAINTY_MEASURE_WITH_UNIT (LENGTH_MEASURE( 1.000000000000000082E-05 ), #854, 'distance_accuracy_value', 'NONE');
#1598 = ADVANCED_FACE ( 'NONE', ( #108 ), #36, .F. ) ;
#1599 = DIRECTION ( 'NONE',  ( -0.000000000000000000, 0.000000000000000000, 1.000000000000000000 ) ) ;
#1600 = CYLINDRICAL_SURFACE ( 'NONE', #135, 0.3349808759717113338 ) ;
#1601 = AXIS2_PLACEMENT_3D ( 'NONE', #317, #555, #770 ) ;
#1602 = ORIENTED_EDGE ( 'NONE', *, *, #561, .F. ) ;
#1603 = VECTOR ( 'NONE', #924, 1000.000000000000000 ) ;
#1604 = VECTOR ( 'NONE', #1351, 1000.000000000000114 ) ;
#1605 = ORIENTED_EDGE ( 'NONE', *, *, #1162, .F. ) ;
#1606 = LINE ( 'NONE', #1695, #2491 ) ;
#1607 = ORIENTED_EDGE ( 'NONE', *, *, #1948, .T. ) ;
#1608 = DIRECTION ( 'NONE',  ( 0.000000000000000000, 0.000000000000000000, 1.000000000000000000 ) ) ;
#1609 = VECTOR ( 'NONE', #2066, 999.9999999999998863 ) ;
#1610 = CARTESIAN_POINT ( 'NONE',  ( 4.174432845210755971, 0.2499999999999995282, -1.870000000000000107 ) ) ;
#1611 = LINE ( 'NONE', #1710, #1492 ) ;
#1612 = DIRECTION ( 'NONE',  ( 0.000000000000000000, 0.000000000000000000, 1.000000000000000000 ) ) ;
#1613 = ORIENTED_EDGE ( 'NONE', *, *, #1869, .F. ) ;
#1614 = LINE ( 'NONE', #1067, #1674 ) ;
#1615 = VECTOR ( 'NONE', #795, 1000.000000000000000 ) ;
#1616 = LINE ( 'NONE', #1965, #2416 ) ;
#1617 = DIRECTION ( 'NONE',  ( -0.000000000000000000, -1.000000000000000000, -0.000000000000000000 ) ) ;
#1618 = VECTOR ( 'NONE', #2226, 1000.000000000000000 ) ;
#1619 = EDGE_CURVE ( 'NONE', #625, #1455, #152, .T. ) ;
#1620 = CIRCLE ( 'NONE', #2351, 0.08498087597171108398 ) ;
#1621 = ORIENTED_EDGE ( 'NONE', *, *, #2023, .F. ) ;
#1622 = CARTESIAN_POINT ( 'NONE',  ( 3.250000000000000444, 2.375000000000000444, -0.6700000000000002620 ) ) ;
#1623 = ADVANCED_FACE ( 'NONE', ( #1891 ), #1664, .T. ) ;
#1624 = LINE ( 'NONE', #822, #2430 ) ;
#1625 = EDGE_CURVE ( 'NONE', #2225, #354, #1021, .T. ) ;
#1626 = ORIENTED_EDGE ( 'NONE', *, *, #2568, .T. ) ;
#1627 = DIRECTION ( 'NONE',  ( -0.000000000000000000, 0.000000000000000000, 1.000000000000000000 ) ) ;
#1628 = FILL_AREA_STYLE ('',( #420 ) ) ;
#1629 = EDGE_CURVE ( 'NONE', #2282, #2343, #1851, .T. ) ;
#1630 = DIRECTION ( 'NONE',  ( 0.000000000000000000, 0.000000000000000000, 1.000000000000000000 ) ) ;
#1631 = DIRECTION ( 'NONE',  ( -3.787605842744118123E-16, -0.000000000000000000, -1.000000000000000000 ) ) ;
#1632 = AXIS2_PLACEMENT_3D ( 'NONE', #2228, #2481, #931 ) ;
#1633 = ORIENTED_EDGE ( 'NONE', *, *, #2082, .F. ) ;
#1634 = DIRECTION ( 'NONE',  ( -0.000000000000000000, -0.000000000000000000, -1.000000000000000000 ) ) ;
#1635 = LINE ( 'NONE', #409, #798 ) ;
#1636 = ORIENTED_EDGE ( 'NONE', *, *, #2424, .T. ) ;
#1637 = CARTESIAN_POINT ( 'NONE',  ( 4.498455125287073031, 0.2500000000000007772, 0.6700000000000000400 ) ) ;
#1638 = DIRECTION ( 'NONE',  ( 0.000000000000000000, 0.000000000000000000, -1.000000000000000000 ) ) ;
#1639 = ORIENTED_EDGE ( 'NONE', *, *, #2424, .F. ) ;
#1640 = DIRECTION ( 'NONE',  ( 0.000000000000000000, 0.000000000000000000, 1.000000000000000000 ) ) ;
#1641 =( NAMED_UNIT ( * ) PLANE_ANGLE_UNIT ( ) SI_UNIT ( $, .RADIAN. ) );
#1642 = PLANE ( 'NONE',  #1920 ) ;
#1643 = ADVANCED_FACE ( 'NONE', ( #1856 ), #1898, .F. ) ;
#1644 = SURFACE_STYLE_USAGE ( .BOTH. , #2480 ) ;
#1645 = AXIS2_PLACEMENT_3D ( 'NONE', #505, #722, #328 ) ;
#1646 = PRESENTATION_STYLE_ASSIGNMENT (( #47 ) ) ;
#1647 = CARTESIAN_POINT ( 'NONE',  ( 4.498455125287073031, 0.2500000000000007772, -0.6700000000000002620 ) ) ;
#1648 = ORIENTED_EDGE ( 'NONE', *, *, #1133, .T. ) ;
#1649 = DIRECTION ( 'NONE',  ( -0.000000000000000000, 1.000000000000000000, 0.000000000000000000 ) ) ;
#1650 = DIRECTION ( 'NONE',  ( 1.000000000000000000, 0.000000000000000000, 0.000000000000000000 ) ) ;
#1651 = VECTOR ( 'NONE', #1758, 1000.000000000000000 ) ;
#1652 = EDGE_CURVE ( 'NONE', #1327, #724, #996, .T. ) ;
#1653 = CARTESIAN_POINT ( 'NONE',  ( 4.498455125287073031, 0.3349808759717117779, -0.6700000000000002620 ) ) ;
#1654 = LINE ( 'NONE', #726, #7 ) ;
#1655 = CARTESIAN_POINT ( 'NONE',  ( 3.551544874712927236, 2.290019124028289443, 0.6700000000000000400 ) ) ;
#1656 = COLOUR_RGB ( '',0.2509803921568627416, 0.2509803921568627416, 0.2509803921568627416 ) ;
#1657 = CLOSED_SHELL ( 'NONE', ( #530, #1500, #2316, #654, #1418, #1924, #216, #1832, #730, #1180, #1494, #843, #2014, #162, #1787, #390 ) ) ;
#1658 = PLANE ( 'NONE',  #1531 ) ;
#1659 = CARTESIAN_POINT ( 'NONE',  ( -5.080000000000000071, 5.963111948670274387E-16, 1.869999999999999885 ) ) ;
#1660 = FACE_OUTER_BOUND ( 'NONE', #1264, .T. ) ;
#1661 = EDGE_CURVE ( 'NONE', #2150, #2433, #132, .T. ) ;
#1662 = SHAPE_DEFINITION_REPRESENTATION ( #1038, #2581 ) ;
#1663 = ORIENTED_EDGE ( 'NONE', *, *, #937, .F. ) ;
#1664 = PLANE ( 'NONE',  #1282 ) ;
#1665 = DIRECTION ( 'NONE',  ( 1.000000000000000000, 0.000000000000000000, -0.000000000000000000 ) ) ;
#1666 = SURFACE_SIDE_STYLE ('',( #65 ) ) ;
#1667 = AXIS2_PLACEMENT_3D ( 'NONE', #1655, #1855, #2212 ) ;
#1668 = CYLINDRICAL_SURFACE ( 'NONE', #870, 0.08498087597171108398 ) ;
#1669 = DIRECTION ( 'NONE',  ( -1.000000000000000000, 0.000000000000000000, 0.000000000000000000 ) ) ;
#1670 = ORIENTED_EDGE ( 'NONE', *, *, #641, .T. ) ;
#1671 = FACE_OUTER_BOUND ( 'NONE', #1229, .T. ) ;
#1672 = ADVANCED_FACE ( 'NONE', ( #1860 ), #21, .F. ) ;
#1673 = DIRECTION ( 'NONE',  ( 1.000000000000000000, 0.000000000000000000, -0.000000000000000000 ) ) ;
#1674 = VECTOR ( 'NONE', #2465, 1000.000000000000000 ) ;
#1675 = ORIENTED_EDGE ( 'NONE', *, *, #250, .T. ) ;
#1676 = PLANE ( 'NONE',  #915 ) ;
#1677 = LINE ( 'NONE', #671, #2552 ) ;
#1678 = CARTESIAN_POINT ( 'NONE',  ( 3.875567154789244739, 2.375000000000002220, -0.6700000000000002620 ) ) ;
#1679 = CIRCLE ( 'NONE', #1433, 0.3349808759717113338 ) ;
#1680 = ORIENTED_EDGE ( 'NONE', *, *, #1721, .F. ) ;
#1681 = DIRECTION ( 'NONE',  ( 0.000000000000000000, -0.000000000000000000, -1.000000000000000000 ) ) ;
#1682 = AXIS2_PLACEMENT_3D ( 'NONE', #1078, #1885, #116 ) ;
#1683 = FACE_OUTER_BOUND ( 'NONE', #2258, .T. ) ;
#1684 = PLANE ( 'NONE',  #2555 ) ;
#1685 = VERTEX_POINT ( 'NONE', #2472 ) ;
#1686 = DIRECTION ( 'NONE',  ( -0.000000000000000000, -0.000000000000000000, -1.000000000000000000 ) ) ;
#1687 = PLANE ( 'NONE',  #1516 ) ;
#1688 = AXIS2_PLACEMENT_3D ( 'NONE', #259, #1305, #923 ) ;
#1689 = LINE ( 'NONE', #1020, #785 ) ;
#1690 =( NAMED_UNIT ( * ) SI_UNIT ( $, .STERADIAN. ) SOLID_ANGLE_UNIT ( ) );
#1691 = ORIENTED_EDGE ( 'NONE', *, *, #1223, .F. ) ;
#1692 = DIRECTION ( 'NONE',  ( 0.000000000000000000, -0.000000000000000000, -1.000000000000000000 ) ) ;
#1693 = LINE ( 'NONE', #2068, #2563 ) ;
#1694 = EDGE_CURVE ( 'NONE', #1389, #1205, #134, .T. ) ;
#1695 = CARTESIAN_POINT ( 'NONE',  ( -2.149999999999999911, 3.360050506338832843, -0.8400000000000024114 ) ) ;
#1696 = PLANE ( 'NONE',  #1688 ) ;
#1697 = LINE ( 'NONE', #1061, #2530 ) ;
#1698 = EDGE_CURVE ( 'NONE', #2433, #362, #173, .T. ) ;
#1699 = DIRECTION ( 'NONE',  ( -0.000000000000000000, -0.000000000000000000, -1.000000000000000000 ) ) ;
#1700 = VECTOR ( 'NONE', #1272, 1000.000000000000000 ) ;
#1701 = AXIS2_PLACEMENT_3D ( 'NONE', #2041, #1256, #281 ) ;
#1702 = DIRECTION ( 'NONE',  ( -0.000000000000000000, -0.000000000000000000, 1.000000000000000000 ) ) ;
#1703 = AXIS2_PLACEMENT_3D ( 'NONE', #630, #1410, #2224 ) ;
#1704 = DIRECTION ( 'NONE',  ( -0.000000000000000000, -0.000000000000000000, -1.000000000000000000 ) ) ;
#1705 = CIRCLE ( 'NONE', #1538, 0.08498087597171108398 ) ;
#1706 = CARTESIAN_POINT ( 'NONE',  ( -3.875567154789244739, 2.375000000000002220, 1.869999999999999885 ) ) ;
#1707 = DIRECTION ( 'NONE',  ( 0.000000000000000000, -1.000000000000000000, 0.000000000000000000 ) ) ;
#1708 = COLOUR_RGB ( '',0.8000000000000000444, 0.8196078431372548767, 0.9333333333333333481 ) ;
#1709 = VECTOR ( 'NONE', #825, 1000.000000000000000 ) ;
#1710 = CARTESIAN_POINT ( 'NONE',  ( -4.498455125287073031, 0.2500000000000007772, 1.869999999999999885 ) ) ;
#1711 =( LENGTH_UNIT ( ) NAMED_UNIT ( * ) SI_UNIT ( .MILLI., .METRE. ) );
#1712 = FACE_OUTER_BOUND ( 'NONE', #478, .T. ) ;
#1713 = ADVANCED_FACE ( 'NONE', ( #1886 ), #2015, .F. ) ;
#1714 = CARTESIAN_POINT ( 'NONE',  ( 3.249999999999997780, 2.625000000000000444, -2.290000000000002700 ) ) ;
#1715 = EDGE_CURVE ( 'NONE', #548, #2343, #1894, .T. ) ;
#1716 = VECTOR ( 'NONE', #1872, 1000.000000000000000 ) ;
#1717 = CARTESIAN_POINT ( 'NONE',  ( -3.250000000000000444, 2.625000000000000444, 1.869999999999999885 ) ) ;
#1718 = DIRECTION ( 'NONE',  ( 0.000000000000000000, 0.000000000000000000, 1.000000000000000000 ) ) ;
#1719 = CARTESIAN_POINT ( 'NONE',  ( -4.108330554291065972, 1.487500000000000488, 1.869999999999999885 ) ) ;
#1720 = VECTOR ( 'NONE', #2096, 1000.000000000000114 ) ;
#1721 = EDGE_CURVE ( 'NONE', #1560, #2101, #136, .T. ) ;
#1722 = CARTESIAN_POINT ( 'NONE',  ( -3.000540018403254905, 0.5999999999999996447, -2.040540018403255829 ) ) ;
#1723 = DIRECTION ( 'NONE',  ( 0.2536887388726299930, 0.9672859059084932820, 0.000000000000000000 ) ) ;
#1724 = PRESENTATION_STYLE_ASSIGNMENT (( #1474 ) ) ;
#1725 = EDGE_CURVE ( 'NONE', #345, #1014, #1009, .T. ) ;
#1726 = ORIENTED_EDGE ( 'NONE', *, *, #1952, .F. ) ;
#1727 = AXIS2_PLACEMENT_3D ( 'NONE', #144, #1702, #2532 ) ;
#1728 = ADVANCED_FACE ( 'NONE', ( #155 ), #1475, .T. ) ;
#1729 = DIRECTION ( 'NONE',  ( 1.000000000000000000, 1.864348255189607975E-16, 0.000000000000000000 ) ) ;
#1730 = LINE ( 'NONE', #1743, #845 ) ;
#1731 = FACE_OUTER_BOUND ( 'NONE', #324, .T. ) ;
#1732 = DIRECTION ( 'NONE',  ( 1.864348255189607729E-16, -1.000000000000000000, 0.000000000000000000 ) ) ;
#1733 = CIRCLE ( 'NONE', #1786, 0.08498087597171108398 ) ;
#1734 = CARTESIAN_POINT ( 'NONE',  ( 3.551544874712927236, 2.625000000000000444, -0.6700000000000002620 ) ) ;
#1735 = SURFACE_SIDE_STYLE ('',( #72 ) ) ;
#1736 = CARTESIAN_POINT ( 'NONE',  ( -3.250000000000000444, 2.625000000000000444, -2.290000000000001368 ) ) ;
#1737 = CARTESIAN_POINT ( 'NONE',  ( 3.633745678312121363, 2.311577815281844028, 1.520000000000000018 ) ) ;
#1738 = ORIENTED_EDGE ( 'NONE', *, *, #1142, .F. ) ;
#1739 = LINE ( 'NONE', #2546, #863 ) ;
#1740 = AXIS2_PLACEMENT_3D ( 'NONE', #208, #1030, #394 ) ;
#1741 = CARTESIAN_POINT ( 'NONE',  ( 3.875567154789244739, 2.375000000000002220, 1.869999999999999885 ) ) ;
#1742 = DIRECTION ( 'NONE',  ( 0.000000000000000000, -0.000000000000000000, -1.000000000000000000 ) ) ;
#1743 = CARTESIAN_POINT ( 'NONE',  ( 3.633745678312121363, 2.311577815281844028, 0.6700000000000000400 ) ) ;
#1744 = EDGE_CURVE ( 'NONE', #2484, #1235, #1901, .T. ) ;
#1745 = ADVANCED_FACE ( 'NONE', ( #1025 ), #82, .F. ) ;
#1746 = CARTESIAN_POINT ( 'NONE',  ( 4.498455125287073031, 5.963111948670274387E-16, -0.6700000000000002620 ) ) ;
#1747 = LINE ( 'NONE', #1848, #26 ) ;
#1748 = EDGE_CURVE ( 'NONE', #2243, #2225, #1040, .T. ) ;
#1749 = VECTOR ( 'NONE', #1196, 1000.000000000000000 ) ;
#1750 = DIRECTION ( 'NONE',  ( 0.000000000000000000, 0.000000000000000000, 1.000000000000000000 ) ) ;
#1751 = FACE_OUTER_BOUND ( 'NONE', #1335, .T. ) ;
#1752 = DIRECTION ( 'NONE',  ( 3.787605842744118123E-16, 0.000000000000000000, 1.000000000000000000 ) ) ;
#1753 = VECTOR ( 'NONE', #1007, 1000.000000000000000 ) ;
#1754 = EDGE_CURVE ( 'NONE', #1257, #2101, #258, .T. ) ;
#1755 = AXIS2_PLACEMENT_3D ( 'NONE', #2576, #2003, #1630 ) ;
#1756 = VECTOR ( 'NONE', #1212, 1000.000000000000000 ) ;
#1757 = CARTESIAN_POINT ( 'NONE',  ( -3.551544874712927236, 2.375000000000000444, -0.6700000000000002620 ) ) ;
#1758 = DIRECTION ( 'NONE',  ( 1.000000000000000000, -0.000000000000000000, -0.000000000000000000 ) ) ;
#1759 = LINE ( 'NONE', #1826, #1795 ) ;
#1760 = MANIFOLD_SOLID_BREP ( 'Cut-Extrude3[2]', #1347 ) ;
#1761 = LINE ( 'NONE', #1169, #908 ) ;
#1762 = ADVANCED_FACE ( 'NONE', ( #1928 ), #1687, .F. ) ;
#1763 = DIRECTION ( 'NONE',  ( -0.000000000000000000, -0.000000000000000000, -1.000000000000000000 ) ) ;
#1764 = VECTOR ( 'NONE', #1649, 1000.000000000000000 ) ;
#1765 = DIRECTION ( 'NONE',  ( 1.000000000000000000, 0.000000000000000000, -2.001604010742470255E-16 ) ) ;
#1766 = DIRECTION ( 'NONE',  ( 1.000000000000000000, 0.000000000000000000, 0.000000000000000000 ) ) ;
#1767 = AXIS2_PLACEMENT_3D ( 'NONE', #224, #2197, #1987 ) ;
#1768 = VECTOR ( 'NONE', #251, 1000.000000000000000 ) ;
#1769 = VECTOR ( 'NONE', #1692, 1000.000000000000000 ) ;
#1770 = DIRECTION ( 'NONE',  ( 0.2536887388726299375, -0.9672859059084933930, 0.000000000000000000 ) ) ;
#1771 = LINE ( 'NONE', #928, #46 ) ;
#1772 = CARTESIAN_POINT ( 'NONE',  ( -3.250000000000000444, 2.375000000000000444, -2.290000000000001368 ) ) ;
#1773 = LINE ( 'NONE', #1893, #1808 ) ;
#1774 = EDGE_CURVE ( 'NONE', #1014, #2184, #1939, .T. ) ;
#1775 = DIRECTION ( 'NONE',  ( -0.000000000000000000, 1.000000000000000000, -0.000000000000000000 ) ) ;
#1776 = LINE ( 'NONE', #2017, #1749 ) ;
#1777 = LINE ( 'NONE', #933, #67 ) ;
#1778 = EDGE_CURVE ( 'NONE', #365, #2524, #1976, .T. ) ;
#1779 = VECTOR ( 'NONE', #1510, 1000.000000000000000 ) ;
#1780 = CARTESIAN_POINT ( 'NONE',  ( 4.498455125287073031, 5.963111948670274387E-16, 1.869999999999999885 ) ) ;
#1781 = PRESENTATION_STYLE_ASSIGNMENT (( #1925 ) ) ;
#1782 = DIRECTION ( 'NONE',  ( -0.000000000000000000, -0.000000000000000000, 1.000000000000000000 ) ) ;
#1783 = AXIS2_PLACEMENT_3D ( 'NONE', #2255, #841, #1217 ) ;
#1784 = DIRECTION ( 'NONE',  ( 0.000000000000000000, 0.000000000000000000, 1.000000000000000000 ) ) ;
#1785 = LINE ( 'NONE', #2252, #29 ) ;
#1786 = AXIS2_PLACEMENT_3D ( 'NONE', #733, #909, #2344 ) ;
#1787 = ADVANCED_FACE ( 'NONE', ( #220 ), #880, .F. ) ;
#1788 = FACE_OUTER_BOUND ( 'NONE', #383, .T. ) ;
#1789 = DIRECTION ( 'NONE',  ( 1.000000000000000000, -0.000000000000000000, -0.000000000000000000 ) ) ;
#1790 = PLANE ( 'NONE',  #1325 ) ;
#1791 = LINE ( 'NONE', #1792, #60 ) ;
#1792 = CARTESIAN_POINT ( 'NONE',  ( -3.250000000000000444, 2.375000000000000444, 1.520000000000000018 ) ) ;
#1793 = CARTESIAN_POINT ( 'NONE',  ( -2.149999999999999911, 4.349999999999999645, -1.190000000000002389 ) ) ;
#1794 = CARTESIAN_POINT ( 'NONE',  ( 3.551544874712928124, 2.625000000000000444, -1.520000000000000018 ) ) ;
#1795 = VECTOR ( 'NONE', #1991, 1000.000000000000000 ) ;
#1796 = VECTOR ( 'NONE', #2507, 1000.000000000000000 ) ;
#1797 = VECTOR ( 'NONE', #2044, 1000.000000000000000 ) ;
#1798 = PRESENTATION_STYLE_ASSIGNMENT (( #866 ) ) ;
#1799 = DIRECTION ( 'NONE',  ( -0.000000000000000000, -1.000000000000000000, -0.000000000000000000 ) ) ;
#1800 = VECTOR ( 'NONE', #451, 1000.000000000000000 ) ;
#1801 = EDGE_CURVE ( 'NONE', #1205, #2323, #1985, .T. ) ;
#1802 = LINE ( 'NONE', #2134, #967 ) ;
#1803 = SURFACE_STYLE_USAGE ( .BOTH. , #2012 ) ;
#1804 = VECTOR ( 'NONE', #184, 1000.000000000000114 ) ;
#1805 = CIRCLE ( 'NONE', #2034, 0.08498087597171108398 ) ;
#1806 = DIRECTION ( 'NONE',  ( 0.000000000000000000, -0.000000000000000000, -1.000000000000000000 ) ) ;
#1807 = ADVANCED_FACE ( 'NONE', ( #226 ), #1069, .T. ) ;
#1808 = VECTOR ( 'NONE', #2207, 1000.000000000000000 ) ;
#1809 = LINE ( 'NONE', #1173, #85 ) ;
#1810 = DIRECTION ( 'NONE',  ( -1.000000000000000000, 1.864348255189607975E-16, 0.000000000000000000 ) ) ;
#1811 = EDGE_CURVE ( 'NONE', #1685, #2166, #230, .T. ) ;
#1812 = PLANE ( 'NONE',  #2355 ) ;
#1813 = LINE ( 'NONE', #236, #1796 ) ;
#1814 = AXIS2_PLACEMENT_3D ( 'NONE', #1239, #228, #197 ) ;
#1815 = CYLINDRICAL_SURFACE ( 'NONE', #292, 0.3500000000000000333 ) ;
#1816 = CARTESIAN_POINT ( 'NONE',  ( 3.249999999999997780, 2.625000000000000444, -2.290000000000002700 ) ) ;
#1817 = VECTOR ( 'NONE', #1012, 1000.000000000000000 ) ;
#1818 = CARTESIAN_POINT ( 'NONE',  ( 3.249999999999999556, 2.625000000000000444, 2.290000000000000036 ) ) ;
#1819 = AXIS2_PLACEMENT_3D ( 'NONE', #2567, #524, #1750 ) ;
#1820 = CIRCLE ( 'NONE', #2366, 0.08498087597171108398 ) ;
#1821 = CARTESIAN_POINT ( 'NONE',  ( -3.551544874712927236, 2.290019124028289443, 0.6700000000000000400 ) ) ;
#1822 = LINE ( 'NONE', #193, #1817 ) ;
#1823 = LINE ( 'NONE', #1190, #966 ) ;
#1824 = VECTOR ( 'NONE', #1922, 1000.000000000000000 ) ;
#1825 = CARTESIAN_POINT ( 'NONE',  ( -3.250000000000000444, 2.625000000000000444, 2.290000000000001368 ) ) ;
#1826 = CARTESIAN_POINT ( 'NONE',  ( -3.250000000000000444, 0.5999999999999996447, -2.040540018403255829 ) ) ;
#1827 = VECTOR ( 'NONE', #1858, 1000.000000000000000 ) ;
#1828 = VECTOR ( 'NONE', #1707, 1000.000000000000000 ) ;
#1829 = VECTOR ( 'NONE', #1277, 1000.000000000000000 ) ;
#1830 = CARTESIAN_POINT ( 'NONE',  ( 3.250000000000000444, 2.375000000000000444, -0.6700000000000002620 ) ) ;
#1831 = VECTOR ( 'NONE', #1997, 1000.000000000000000 ) ;
#1832 = ADVANCED_FACE ( 'NONE', ( #198 ), #1790, .F. ) ;
#1833 = FACE_OUTER_BOUND ( 'NONE', #489, .T. ) ;
#1834 = LINE ( 'NONE', #1734, #1824 ) ;
#1835 = DIRECTION ( 'NONE',  ( 0.000000000000000000, -1.000000000000000000, 0.000000000000000000 ) ) ;
#1836 = LINE ( 'NONE', #1659, #987 ) ;
#1837 = CARTESIAN_POINT ( 'NONE',  ( -3.551544874712927236, 2.290019124028289443, 1.520000000000000018 ) ) ;
#1838 = EDGE_CURVE ( 'NONE', #375, #1265, #1989, .T. ) ;
#1839 = FACE_OUTER_BOUND ( 'NONE', #791, .T. ) ;
#1840 = PLANE ( 'NONE',  #52 ) ;
#1841 = VECTOR ( 'NONE', #1984, 1000.000000000000000 ) ;
#1842 = EDGE_CURVE ( 'NONE', #458, #321, #1060, .T. ) ;
#1843 = CARTESIAN_POINT ( 'NONE',  ( -5.080000000000000071, 1.487500000000000266, 1.870000000000000107 ) ) ;
#1844 = FACE_OUTER_BOUND ( 'NONE', #1199, .T. ) ;
#1845 = LINE ( 'NONE', #9, #1880 ) ;
#1846 = DIRECTION ( 'NONE',  ( 0.000000000000000000, 0.000000000000000000, 1.000000000000000000 ) ) ;
#1847 = EDGE_CURVE ( 'NONE', #2209, #1988, #1966, .T. ) ;
#1848 = CARTESIAN_POINT ( 'NONE',  ( 4.498455125287073031, 0.2500000000000007772, 0.6700000000000000400 ) ) ;
#1849 = PRESENTATION_LAYER_ASSIGNMENT (  '', '', ( #1357 ) ) ;
#1850 = LINE ( 'NONE', #2179, #989 ) ;
#1851 = LINE ( 'NONE', #183, #1033 ) ;
#1852 = DIRECTION ( 'NONE',  ( 0.000000000000000000, -0.000000000000000000, -1.000000000000000000 ) ) ;
#1853 = LINE ( 'NONE', #23, #1756 ) ;
#1854 = ADVANCED_FACE ( 'NONE', ( #1970 ), #1111, .T. ) ;
#1855 = DIRECTION ( 'NONE',  ( 0.000000000000000000, 0.000000000000000000, 1.000000000000000000 ) ) ;
#1856 = FACE_OUTER_BOUND ( 'NONE', #2117, .T. ) ;
#1857 = CARTESIAN_POINT ( 'NONE',  ( -4.498455125287073031, 5.963111948670274387E-16, 1.869999999999999885 ) ) ;
#1858 = DIRECTION ( 'NONE',  ( -1.000000000000000000, -0.000000000000000000, 2.001604010742470502E-16 ) ) ;
#1859 = FACE_OUTER_BOUND ( 'NONE', #2128, .T. ) ;
#1860 = FACE_OUTER_BOUND ( 'NONE', #222, .T. ) ;
#1861 = DIRECTION ( 'NONE',  ( -1.000000000000000000, 0.000000000000000000, 0.000000000000000000 ) ) ;
#1862 = DIRECTION ( 'NONE',  ( 0.000000000000000000, 0.000000000000000000, 1.000000000000000000 ) ) ;
#1863 = FACE_OUTER_BOUND ( 'NONE', #1420, .T. ) ;
#1864 = FILL_AREA_STYLE_COLOUR ( '', #673 ) ;
#1865 = EDGE_CURVE ( 'NONE', #2091, #637, #241, .T. ) ;
#1866 = VECTOR ( 'NONE', #1408, 1000.000000000000000 ) ;
#1867 = EDGE_CURVE ( 'NONE', #2091, #465, #1122, .T. ) ;
#1868 = CARTESIAN_POINT ( 'NONE',  ( 3.250000000000000444, 2.625000000000000444, -0.6700000000000002620 ) ) ;
#1869 = EDGE_CURVE ( 'NONE', #165, #2162, #206, .T. ) ;
#1870 = ADVANCED_FACE ( 'NONE', ( #1068 ), #1934, .F. ) ;
#1871 = VECTOR ( 'NONE', #893, 1000.000000000000000 ) ;
#1872 = DIRECTION ( 'NONE',  ( -1.000000000000000000, 0.000000000000000000, 0.000000000000000000 ) ) ;
#1873 = DIRECTION ( 'NONE',  ( 0.000000000000000000, -0.000000000000000000, 1.000000000000000000 ) ) ;
#1874 = CARTESIAN_POINT ( 'NONE',  ( 4.498455125287073031, 0.2500000000000007772, -0.6700000000000002620 ) ) ;
#1875 = EDGE_CURVE ( 'NONE', #457, #2056, #1132, .T. ) ;
#1876 = CYLINDRICAL_SURFACE ( 'NONE', #154, 0.3349808759717113338 ) ;
#1878 = AXIS2_PLACEMENT_3D ( 'NONE', #13, #213, #337 ) ;
#1877 = DIRECTION ( 'NONE',  ( -0.000000000000000000, 1.000000000000000000, -0.000000000000000000 ) ) ;
#1879 = CARTESIAN_POINT ( 'NONE',  ( 4.174432845210755971, 0.2499999999999995282, 1.869999999999999885 ) ) ;
#1880 = VECTOR ( 'NONE', #2442, 1000.000000000000000 ) ;
#1881 = CARTESIAN_POINT ( 'NONE',  ( -3.250000000000000444, 2.375000000000000444, -2.290000000000001368 ) ) ;
#1882 = PLANE ( 'NONE',  #445 ) ;
#1883 = FACE_OUTER_BOUND ( 'NONE', #415, .T. ) ;
#1884 = CARTESIAN_POINT ( 'NONE',  ( -4.498455125287073031, 0.2500000000000007772, -1.870000000000000107 ) ) ;
#1885 = DIRECTION ( 'NONE',  ( -0.000000000000000000, 0.000000000000000000, 1.000000000000000000 ) ) ;
#1886 = FACE_OUTER_BOUND ( 'NONE', #15, .T. ) ;
#1887 = CARTESIAN_POINT ( 'NONE',  ( 3.551544874712927236, 2.290019124028289443, 1.869999999999999885 ) ) ;
#1888 = VERTEX_POINT ( 'NONE', #385 ) ;
#1889 = STYLED_ITEM ( 'NONE', ( #1646 ), #2306 ) ;
#1890 = DIRECTION ( 'NONE',  ( -1.000000000000000000, 0.000000000000000000, 0.000000000000000000 ) ) ;
#1891 = FACE_OUTER_BOUND ( 'NONE', #2018, .T. ) ;
#1892 = DIRECTION ( 'NONE',  ( -0.2536887388726300485, -0.9672859059084932820, 0.000000000000000000 ) ) ;
#1893 = CARTESIAN_POINT ( 'NONE',  ( -3.250000000000000444, 2.625000000000000444, -2.290000000000001368 ) ) ;
#1894 = CIRCLE ( 'NONE', #370, 0.08498087597171108398 ) ;
#1895 = EDGE_CURVE ( 'NONE', #1583, #1177, #1085, .T. ) ;
#1896 = ORIENTED_EDGE ( 'NONE', *, *, #2194, .F. ) ;
#1897 = DIRECTION ( 'NONE',  ( 0.000000000000000000, -0.000000000000000000, -1.000000000000000000 ) ) ;
#1898 = CYLINDRICAL_SURFACE ( 'NONE', #945, 0.08498087597171108398 ) ;
#1899 = VERTEX_POINT ( 'NONE', #1737 ) ;
#1900 = CARTESIAN_POINT ( 'NONE',  ( -3.551544874712927236, 2.290019124028289443, 0.6700000000000000400 ) ) ;
#1901 = CIRCLE ( 'NONE', #2086, 0.3349808759717113338 ) ;
#1902 = PLANE ( 'NONE',  #130 ) ;
#1903 = AXIS2_PLACEMENT_3D ( 'NONE', #643, #294, #660 ) ;
#1904 = ORIENTED_EDGE ( 'NONE', *, *, #1411, .T. ) ;
#1905 = ADVANCED_FACE ( 'NONE', ( #1982 ), #2455, .T. ) ;
#1906 = CARTESIAN_POINT ( 'NONE',  ( -4.108330554291065972, 1.487500000000000266, -1.870000000000000107 ) ) ;
#1907 = CIRCLE ( 'NONE', #1935, 0.3349808759717113338 ) ;
#1908 = DIRECTION ( 'NONE',  ( 0.000000000000000000, 0.000000000000000000, -1.000000000000000000 ) ) ;
#1909 = EDGE_LOOP ( 'NONE', ( #2314, #2461, #280, #1167 ) ) ;
#1910 = DIRECTION ( 'NONE',  ( 0.9902680687415703620, -0.1391731009600657432, -3.750745123048505783E-16 ) ) ;
#1911 = ADVANCED_FACE ( 'NONE', ( #1066 ), #783, .T. ) ;
#1912 = PLANE ( 'NONE',  #1234 ) ;
#1913 = VECTOR ( 'NONE', #1617, 1000.000000000000000 ) ;
#1914 = ORIENTED_EDGE ( 'NONE', *, *, #2188, .T. ) ;
#1915 = DIRECTION ( 'NONE',  ( -0.1378445374916289212, -0.9808148484639890308, -0.1378445374916288935 ) ) ;
#1916 = CARTESIAN_POINT ( 'NONE',  ( 3.633745678312121363, 2.311577815281844028, 1.520000000000000018 ) ) ;
#1917 = CARTESIAN_POINT ( 'NONE',  ( 4.498455125287073031, 0.2500000000000007772, 1.869999999999999885 ) ) ;
#1918 = VECTOR ( 'NONE', #1964, 1000.000000000000114 ) ;
#1919 = CARTESIAN_POINT ( 'NONE',  ( -3.250000000000000444, 2.625000000000000444, 1.520000000000000018 ) ) ;
#1920 = AXIS2_PLACEMENT_3D ( 'NONE', #37, #210, #649 ) ;
#1921 = ORIENTED_EDGE ( 'NONE', *, *, #1317, .T. ) ;
#1922 = DIRECTION ( 'NONE',  ( 0.000000000000000000, -0.000000000000000000, -1.000000000000000000 ) ) ;
#1923 = VECTOR ( 'NONE', #2444, 1000.000000000000000 ) ;
#1924 = ADVANCED_FACE ( 'NONE', ( #1094 ), #1812, .F. ) ;
#1925 = SURFACE_STYLE_USAGE ( .BOTH. , #1735 ) ;
#1926 = EDGE_CURVE ( 'NONE', #1275, #1315, #188, .T. ) ;
#1927 = PLANE ( 'NONE',  #138 ) ;
#1928 = FACE_OUTER_BOUND ( 'NONE', #2127, .T. ) ;
#1929 = EDGE_CURVE ( 'NONE', #1257, #1427, #1940, .T. ) ;
#1930 = VECTOR ( 'NONE', #333, 1000.000000000000000 ) ;
#1931 = DIRECTION ( 'NONE',  ( -0.9672859059084932820, -0.2536887388726299930, 0.000000000000000000 ) ) ;
#1932 = AXIS2_PLACEMENT_3D ( 'NONE', #229, #629, #1770 ) ;
#1933 = CARTESIAN_POINT ( 'NONE',  ( -3.551544874712927236, 1.487500000000000266, 1.869999999999999885 ) ) ;
#1934 = CYLINDRICAL_SURFACE ( 'NONE', #620, 0.3500000000000000333 ) ;
#1935 = AXIS2_PLACEMENT_3D ( 'NONE', #679, #1249, #2527 ) ;
#1936 = DIRECTION ( 'NONE',  ( -0.2536887388726298820, 0.9672859059084932820, 0.000000000000000000 ) ) ;
#1937 = ORIENTED_EDGE ( 'NONE', *, *, #901, .T. ) ;
#1938 = DIRECTION ( 'NONE',  ( 0.000000000000000000, -1.000000000000000000, 0.000000000000000000 ) ) ;
#1939 = LINE ( 'NONE', #2154, #1082 ) ;
#1940 = LINE ( 'NONE', #2389, #1945 ) ;
#1941 = EDGE_LOOP ( 'NONE', ( #2304, #1175, #529, #2285, #584, #1626, #1468, #1152, #1425, #782, #1992, #256 ) ) ;
#1942 = VECTOR ( 'NONE', #589, 999.9999999999998863 ) ;
#1943 = ORIENTED_EDGE ( 'NONE', *, *, #1895, .T. ) ;
#1944 = DIRECTION ( 'NONE',  ( -1.982124538103327203E-16, -0.1391731009600657432, -0.9902680687415703620 ) ) ;
#1945 = VECTOR ( 'NONE', #596, 1000.000000000000000 ) ;
#1946 = CARTESIAN_POINT ( 'NONE',  ( -4.416254321687880235, 0.3134221847181571929, 0.6700000000000000400 ) ) ;
#1947 = EDGE_CURVE ( 'NONE', #362, #326, #737, .T. ) ;
#1948 = EDGE_CURVE ( 'NONE', #1365, #1328, #691, .T. ) ;
#1949 = DIRECTION ( 'NONE',  ( 0.000000000000000000, -0.000000000000000000, -1.000000000000000000 ) ) ;
#1950 = PLANE ( 'NONE',  #1091 ) ;
#1951 = PLANE ( 'NONE',  #1157 ) ;
#1952 = EDGE_CURVE ( 'NONE', #2150, #1274, #1521, .T. ) ;
#1953 = ORIENTED_EDGE ( 'NONE', *, *, #571, .T. ) ;
#1954 = AXIS2_PLACEMENT_3D ( 'NONE', #2262, #276, #2490 ) ;
#1955 = VECTOR ( 'NONE', #1449, 1000.000000000000000 ) ;
#1956 = ORIENTED_EDGE ( 'NONE', *, *, #336, .F. ) ;
#1957 = ADVANCED_FACE ( 'NONE', ( #2411 ), #147, .F. ) ;
#1958 = PLANE ( 'NONE',  #583 ) ;
#1959 = CARTESIAN_POINT ( 'NONE',  ( -3.551544874712927236, 2.625000000000000444, 0.6700000000000000400 ) ) ;
#1960 = ORIENTED_EDGE ( 'NONE', *, *, #799, .F. ) ;
#1961 = DIRECTION ( 'NONE',  ( -0.1391731009600657432, -0.9902680687415703620, 0.000000000000000000 ) ) ;
#1962 = UNCERTAINTY_MEASURE_WITH_UNIT (LENGTH_MEASURE( 1.000000000000000082E-05 ), #119, 'distance_accuracy_value', 'NONE');
#1963 = ORIENTED_EDGE ( 'NONE', *, *, #1811, .T. ) ;
#1964 = DIRECTION ( 'NONE',  ( 0.2536887388726300485, -0.9672859059084932820, 0.000000000000000000 ) ) ;
#1965 = CARTESIAN_POINT ( 'NONE',  ( -3.250000000000000444, 2.625000000000000444, 2.290000000000001368 ) ) ;
#1966 = LINE ( 'NONE', #1971, #211 ) ;
#1967 = DIRECTION ( 'NONE',  ( -0.9672859059084933930, 0.2536887388726299375, 0.000000000000000000 ) ) ;
#1968 = EDGE_CURVE ( 'NONE', #1348, #2021, #1540, .T. ) ;
#1969 = ORIENTED_EDGE ( 'NONE', *, *, #1482, .T. ) ;
#1970 = FACE_OUTER_BOUND ( 'NONE', #427, .T. ) ;
#1971 = CARTESIAN_POINT ( 'NONE',  ( -3.551544874712927236, 2.375000000000000444, 1.869999999999999885 ) ) ;
#1972 = DIRECTION ( 'NONE',  ( 0.000000000000000000, 0.000000000000000000, 1.000000000000000000 ) ) ;
#1973 = EDGE_LOOP ( 'NONE', ( #2120, #431 ) ) ;
#1974 = CARTESIAN_POINT ( 'NONE',  ( -4.498455125287073031, 0.2500000000000007772, 1.869999999999999885 ) ) ;
#1975 = EDGE_CURVE ( 'NONE', #1243, #401, #666, .T. ) ;
#1976 = LINE ( 'NONE', #2571, #1955 ) ;
#1977 = DIRECTION ( 'NONE',  ( 1.000000000000000000, 0.000000000000000000, 0.000000000000000000 ) ) ;
#1978 = VERTEX_POINT ( 'NONE', #407 ) ;
#1979 = ADVANCED_FACE ( 'NONE', ( #712 ), #721, .T. ) ;
#1980 = DIRECTION ( 'NONE',  ( 0.2536887388726299930, 0.9672859059084932820, 0.000000000000000000 ) ) ;
#1981 = EDGE_CURVE ( 'NONE', #2166, #2159, #685, .T. ) ;
#1982 = FACE_OUTER_BOUND ( 'NONE', #288, .T. ) ;
#1983 = VERTEX_POINT ( 'NONE', #1058 ) ;
#1984 = DIRECTION ( 'NONE',  ( -0.000000000000000000, 1.000000000000000000, -0.000000000000000000 ) ) ;
#1985 = LINE ( 'NONE', #2350, #1127 ) ;
#1986 = AXIS2_PLACEMENT_3D ( 'NONE', #1678, #2432, #1419 ) ;
#1987 = DIRECTION ( 'NONE',  ( 0.000000000000000000, -0.000000000000000000, -1.000000000000000000 ) ) ;
#1988 = VERTEX_POINT ( 'NONE', #636 ) ;
#1989 = LINE ( 'NONE', #170, #1105 ) ;
#1990 = DIRECTION ( 'NONE',  ( -0.1378445374916288935, 0.9808148484639890308, 0.1378445374916289490 ) ) ;
#1991 = DIRECTION ( 'NONE',  ( 1.000000000000000000, -0.000000000000000000, -2.001604010742470502E-16 ) ) ;
#1992 = ORIENTED_EDGE ( 'NONE', *, *, #2082, .T. ) ;
#1993 = ORIENTED_EDGE ( 'NONE', *, *, #668, .F. ) ;
#1994 = ORIENTED_EDGE ( 'NONE', *, *, #2077, .T. ) ;
#1995 = CARTESIAN_POINT ( 'NONE',  ( -2.149999999999999911, 4.349999999999999645, -0.8400000000000024114 ) ) ;
#1996 = AXIS2_PLACEMENT_3D ( 'NONE', #299, #527, #745 ) ;
#1997 = DIRECTION ( 'NONE',  ( 0.000000000000000000, -0.000000000000000000, -1.000000000000000000 ) ) ;
#1998 = EDGE_LOOP ( 'NONE', ( #2006, #2554, #1164, #1171 ) ) ;
#1999 = DIRECTION ( 'NONE',  ( 1.000000000000000000, 0.000000000000000000, -2.001604010742470255E-16 ) ) ;
#2000 = EDGE_CURVE ( 'NONE', #2056, #2139, #662, .T. ) ;
#2001 =( LENGTH_UNIT ( ) NAMED_UNIT ( * ) SI_UNIT ( .MILLI., .METRE. ) );
#2002 = EDGE_LOOP ( 'NONE', ( #816, #562, #2369, #484 ) ) ;
#2003 = DIRECTION ( 'NONE',  ( -1.000000000000000000, 0.000000000000000000, 0.000000000000000000 ) ) ;
#2004 = DIRECTION ( 'NONE',  ( 0.000000000000000000, 0.000000000000000000, 1.000000000000000000 ) ) ;
#2005 = EDGE_CURVE ( 'NONE', #2184, #361, #1593, .T. ) ;
#2006 = ORIENTED_EDGE ( 'NONE', *, *, #1847, .F. ) ;
#2007 = CARTESIAN_POINT ( 'NONE',  ( 3.551544874712927236, 1.487500000000000266, -1.870000000000000107 ) ) ;
#2008 = ORIENTED_EDGE ( 'NONE', *, *, #1142, .T. ) ;
#2009 = CARTESIAN_POINT ( 'NONE',  ( -5.080000000000000071, 0.2500000000000008882, -1.870000000000000107 ) ) ;
#2010 = AXIS2_PLACEMENT_3D ( 'NONE', #1541, #2094, #2113 ) ;
#2011 = CARTESIAN_POINT ( 'NONE',  ( 3.633745678312121363, 2.311577815281844028, -1.520000000000000018 ) ) ;
#2012 = SURFACE_SIDE_STYLE ('',( #689 ) ) ;
#2013 = ORIENTED_EDGE ( 'NONE', *, *, #1975, .T. ) ;
#2014 = ADVANCED_FACE ( 'NONE', ( #1566 ), #384, .T. ) ;
#2015 = PLANE ( 'NONE',  #1172 ) ;
#2016 = DIRECTION ( 'NONE',  ( 1.000000000000000000, 0.000000000000000000, 0.000000000000000000 ) ) ;
#2017 = CARTESIAN_POINT ( 'NONE',  ( 4.498455125287073031, 0.2500000000000007772, 1.869999999999999885 ) ) ;
#2018 = EDGE_LOOP ( 'NONE', ( #2322, #2545, #349, #303 ) ) ;
#2019 = APPLICATION_CONTEXT ( 'automotive_design' ) ;
#2020 = DIRECTION ( 'NONE',  ( -0.000000000000000000, -1.000000000000000000, -0.000000000000000000 ) ) ;
#2021 = VERTEX_POINT ( 'NONE', #2486 ) ;
#2022 = CARTESIAN_POINT ( 'NONE',  ( 3.551544874712927236, 2.290019124028289443, -1.870000000000000107 ) ) ;
#2023 = EDGE_CURVE ( 'NONE', #2130, #312, #2499, .T. ) ;
#2024 = CARTESIAN_POINT ( 'NONE',  ( 3.250000000000000444, 2.625000000000000444, -0.6700000000000002620 ) ) ;
#2025 = DIRECTION ( 'NONE',  ( 1.000000000000000000, 0.000000000000000000, -0.000000000000000000 ) ) ;
#2026 = VERTEX_POINT ( 'NONE', #1736 ) ;
#2027 = EDGE_CURVE ( 'NONE', #2209, #458, #2441, .T. ) ;
#2028 = CARTESIAN_POINT ( 'NONE',  ( -3.250000000000000444, 2.625000000000000444, 2.290000000000001368 ) ) ;
#2029 = DIRECTION ( 'NONE',  ( -0.2536887388726298820, 0.9672859059084932820, 0.000000000000000000 ) ) ;
#2030 = ORIENTED_EDGE ( 'NONE', *, *, #1250, .T. ) ;
#2031 = EDGE_CURVE ( 'NONE', #2071, #2243, #725, .T. ) ;
#2032 = DIRECTION ( 'NONE',  ( 0.000000000000000000, -0.000000000000000000, -1.000000000000000000 ) ) ;
#2033 = ORIENTED_EDGE ( 'NONE', *, *, #260, .T. ) ;
#2034 = AXIS2_PLACEMENT_3D ( 'NONE', #2415, #1599, #610 ) ;
#2035 = VERTEX_POINT ( 'NONE', #286 ) ;
#2036 = PRODUCT ( 'VO618A-3X017T', 'VO618A-3X017T', '', ( #2506 ) ) ;
#2037 = CARTESIAN_POINT ( 'NONE',  ( -3.250000000000000444, 2.375000000000000444, 1.520000000000000018 ) ) ;
#2038 = EDGE_LOOP ( 'NONE', ( #1621, #1148, #1402, #1960 ) ) ;
#2039 = DIRECTION ( 'NONE',  ( 1.000000000000000000, 0.000000000000000000, 0.000000000000000000 ) ) ;
#2040 = VERTEX_POINT ( 'NONE', #1722 ) ;
#2041 = CARTESIAN_POINT ( 'NONE',  ( 3.551544874712927236, 2.290019124028289443, 1.869999999999999885 ) ) ;
#2042 = UNCERTAINTY_MEASURE_WITH_UNIT (LENGTH_MEASURE( 1.000000000000000082E-05 ), #1179, 'distance_accuracy_value', 'NONE');
#2043 = SURFACE_STYLE_USAGE ( .BOTH. , #1428 ) ;
#2044 = DIRECTION ( 'NONE',  ( 1.000000000000000000, 1.864348255189607975E-16, 0.000000000000000000 ) ) ;
#2045 = ORIENTED_EDGE ( 'NONE', *, *, #195, .F. ) ;
#2046 = DIRECTION ( 'NONE',  ( 1.000000000000000000, 0.000000000000000000, 0.000000000000000000 ) ) ;
#2047 = DIRECTION ( 'NONE',  ( -1.000000000000000000, -1.864348255189607729E-16, 0.000000000000000000 ) ) ;
#2048 = CARTESIAN_POINT ( 'NONE',  ( 3.633745678312121363, 2.311577815281844028, -0.6700000000000002620 ) ) ;
#2049 = ORIENTED_EDGE ( 'NONE', *, *, #878, .F. ) ;
#2050 = EDGE_CURVE ( 'NONE', #334, #1560, #1616, .T. ) ;
#2051 = CARTESIAN_POINT ( 'NONE',  ( -4.498455125287073031, 5.963111948670274387E-16, -0.6700000000000002620 ) ) ;
#2052 = ORIENTED_EDGE ( 'NONE', *, *, #973, .F. ) ;
#2053 = ORIENTED_EDGE ( 'NONE', *, *, #532, .F. ) ;
#2054 = CARTESIAN_POINT ( 'NONE',  ( 4.498455125287073031, 0.2500000000000007772, -0.6700000000000002620 ) ) ;
#2055 = CARTESIAN_POINT ( 'NONE',  ( -3.849875429003992267, 1.487500000000000266, 1.870000000000000107 ) ) ;
#2056 = VERTEX_POINT ( 'NONE', #1513 ) ;
#2057 = EDGE_CURVE ( 'NONE', #371, #2138, #1537, .T. ) ;
#2059 = CARTESIAN_POINT ( 'NONE',  ( 4.498455125287073031, 0.2500000000000007772, 1.869999999999999885 ) ) ;
#2058 = AXIS2_PLACEMENT_3D ( 'NONE', #87, #1084, #1908 ) ;
#2060 = ADVANCED_FACE ( 'NONE', ( #1562 ), #2425, .T. ) ;
#2061 = CARTESIAN_POINT ( 'NONE',  ( 5.080000000000000071, 0.2500000000000008882, 1.869999999999999885 ) ) ;
#2062 = ORIENTED_EDGE ( 'NONE', *, *, #927, .F. ) ;
#2063 = DIRECTION ( 'NONE',  ( 0.000000000000000000, 0.000000000000000000, 1.000000000000000000 ) ) ;
#2064 = ORIENTED_EDGE ( 'NONE', *, *, #402, .F. ) ;
#2065 = ADVANCED_FACE ( 'NONE', ( #2390 ), #1912, .F. ) ;
#2066 = DIRECTION ( 'NONE',  ( 0.2536887388726299375, -0.9672859059084933930, -0.000000000000000000 ) ) ;
#2067 = ORIENTED_EDGE ( 'NONE', *, *, #1104, .T. ) ;
#2068 = CARTESIAN_POINT ( 'NONE',  ( -3.849875429003992267, 1.487500000000000266, 1.869999999999999885 ) ) ;
#2069 =( GEOMETRIC_REPRESENTATION_CONTEXT ( 3 ) GLOBAL_UNCERTAINTY_ASSIGNED_CONTEXT ( ( #1139 ) ) GLOBAL_UNIT_ASSIGNED_CONTEXT ( ( #1711, #876, #684 ) ) REPRESENTATION_CONTEXT ( 'NONE', 'WORKASPACE' ) );
#2070 = CARTESIAN_POINT ( 'NONE',  ( -3.250000000000000444, 2.375000000000000444, 2.290000000000001368 ) ) ;
#2071 = VERTEX_POINT ( 'NONE', #803 ) ;
#2072 = VERTEX_POINT ( 'NONE', #766 ) ;
#2073 = CARTESIAN_POINT ( 'NONE',  ( -4.498455125287073031, 5.963111948670274387E-16, -1.870000000000000107 ) ) ;
#2074 = EDGE_LOOP ( 'NONE', ( #1921, #2240, #1089, #1059 ) ) ;
#2075 = PLANE ( 'NONE',  #1183 ) ;
#2076 = ORIENTED_EDGE ( 'NONE', *, *, #1390, .F. ) ;
#2077 = EDGE_CURVE ( 'NONE', #354, #1592, #1573, .T. ) ;
#2078 = ADVANCED_FACE ( 'NONE', ( #732 ), #2075, .F. ) ;
#2079 = CARTESIAN_POINT ( 'NONE',  ( -4.498455125287073031, 0.2500000000000007772, 1.869999999999999885 ) ) ;
#2080 = VERTEX_POINT ( 'NONE', #314 ) ;
#2081 = CARTESIAN_POINT ( 'NONE',  ( 4.174432845210755971, 0.2499999999999995282, -0.6700000000000002620 ) ) ;
#2082 = EDGE_CURVE ( 'NONE', #2162, #2107, #2471, .T. ) ;
#2083 = DIRECTION ( 'NONE',  ( 0.000000000000000000, -1.000000000000000000, 0.000000000000000000 ) ) ;
#2084 = ORIENTED_EDGE ( 'NONE', *, *, #973, .T. ) ;
#2085 = DIRECTION ( 'NONE',  ( -0.000000000000000000, -0.000000000000000000, -1.000000000000000000 ) ) ;
#2086 = AXIS2_PLACEMENT_3D ( 'NONE', #2273, #1686, #2501 ) ;
#2087 = VERTEX_POINT ( 'NONE', #1149 ) ;
#2088 = CARTESIAN_POINT ( 'NONE',  ( -3.875567154789244739, 2.375000000000002220, 0.6700000000000000400 ) ) ;
#2089 = PLANE ( 'NONE',  #1430 ) ;
#2090 = CARTESIAN_POINT ( 'NONE',  ( -3.551544874712927236, 2.290019124028289443, 1.520000000000000018 ) ) ;
#2091 = VERTEX_POINT ( 'NONE', #935 ) ;
#2092 = CARTESIAN_POINT ( 'NONE',  ( -3.633745678312121363, 2.311577815281844028, 0.6700000000000000400 ) ) ;
#2093 = ADVANCED_FACE ( 'NONE', ( #1547 ), #1927, .T. ) ;
#2094 = DIRECTION ( 'NONE',  ( -0.000000000000000000, -0.000000000000000000, -1.000000000000000000 ) ) ;
#2095 = ORIENTED_EDGE ( 'NONE', *, *, #797, .F. ) ;
#2096 = DIRECTION ( 'NONE',  ( 0.1378445374916288657, 0.9808148484639890308, -0.1378445374916289490 ) ) ;
#2097 = ORIENTED_EDGE ( 'NONE', *, *, #968, .T. ) ;
#2098 = AXIS2_PLACEMENT_3D ( 'NONE', #161, #1158, #28 ) ;
#2099 = CARTESIAN_POINT ( 'NONE',  ( 3.249999999999999556, 2.375000000000000444, 2.290000000000000036 ) ) ;
#2100 = DIRECTION ( 'NONE',  ( 0.000000000000000000, -0.000000000000000000, -1.000000000000000000 ) ) ;
#2101 = VERTEX_POINT ( 'NONE', #551 ) ;
#2102 = ORIENTED_EDGE ( 'NONE', *, *, #963, .F. ) ;
#2103 = FILL_AREA_STYLE ('',( #1512 ) ) ;
#2104 = EDGE_CURVE ( 'NONE', #446, #2091, #2419, .T. ) ;
#2105 = VERTEX_POINT ( 'NONE', #1577 ) ;
#2106 = ORIENTED_EDGE ( 'NONE', *, *, #1694, .T. ) ;
#2107 = VERTEX_POINT ( 'NONE', #291 ) ;
#2108 = EDGE_LOOP ( 'NONE', ( #1311, #39, #504, #1943 ) ) ;
#2109 = EDGE_CURVE ( 'NONE', #2111, #1337, #752, .T. ) ;
#2110 = EDGE_LOOP ( 'NONE', ( #2447, #1648, #1110, #2531 ) ) ;
#2111 = VERTEX_POINT ( 'NONE', #1076 ) ;
#2112 =( GEOMETRIC_REPRESENTATION_CONTEXT ( 3 ) GLOBAL_UNCERTAINTY_ASSIGNED_CONTEXT ( ( #265 ) ) GLOBAL_UNIT_ASSIGNED_CONTEXT ( ( #2001, #2381, #991 ) ) REPRESENTATION_CONTEXT ( 'NONE', 'WORKASPACE' ) );
#2113 = DIRECTION ( 'NONE',  ( -1.000000000000000000, 0.000000000000000000, 0.000000000000000000 ) ) ;
#2114 = EDGE_LOOP ( 'NONE', ( #2338, #801, #2539, #2247 ) ) ;
#2115 = MECHANICAL_DESIGN_GEOMETRIC_PRESENTATION_REPRESENTATION (  '', ( #774 ), #2112 ) ;
#2116 = VERTEX_POINT ( 'NONE', #773 ) ;
#2117 = EDGE_LOOP ( 'NONE', ( #1214, #2052, #2349, #2356 ) ) ;
#2118 = ADVANCED_FACE ( 'NONE', ( #1580 ), #1696, .F. ) ;
#2119 = CARTESIAN_POINT ( 'NONE',  ( -4.498455125287073031, 0.2500000000000007772, -0.6700000000000002620 ) ) ;
#2120 = ORIENTED_EDGE ( 'NONE', *, *, #2136, .T. ) ;
#2121 = ORIENTED_EDGE ( 'NONE', *, *, #2271, .T. ) ;
#2122 = ORIENTED_EDGE ( 'NONE', *, *, #369, .T. ) ;
#2123 = DIRECTION ( 'NONE',  ( 0.000000000000000000, -0.000000000000000000, 1.000000000000000000 ) ) ;
#2124 = ORIENTED_EDGE ( 'NONE', *, *, #479, .F. ) ;
#2125 = VERTEX_POINT ( 'NONE', #2081 ) ;
#2126 = EDGE_LOOP ( 'NONE', ( #1607, #1393, #1064, #531 ) ) ;
#2127 = EDGE_LOOP ( 'NONE', ( #1602, #1346, #1589, #425 ) ) ;
#2128 = EDGE_LOOP ( 'NONE', ( #2290, #1376, #1442, #1368 ) ) ;
#2129 = CARTESIAN_POINT ( 'NONE',  ( -4.174432845210755971, 0.2499999999999995282, 1.869999999999999885 ) ) ;
#2130 = VERTEX_POINT ( 'NONE', #681 ) ;
#2131 = CARTESIAN_POINT ( 'NONE',  ( -5.080000000000000071, 2.625000000000000444, -1.520000000000000018 ) ) ;
#2132 = ORIENTED_EDGE ( 'NONE', *, *, #34, .F. ) ;
#2133 = EDGE_CURVE ( 'NONE', #499, #1899, #2456, .T. ) ;
#2134 = CARTESIAN_POINT ( 'NONE',  ( 3.250000000000000444, 2.625000000000000444, 0.6700000000000000400 ) ) ;
#2135 = ORIENTED_EDGE ( 'NONE', *, *, #311, .T. ) ;
#2136 = EDGE_CURVE ( 'NONE', #2164, #535, #2428, .T. ) ;
#2137 = CARTESIAN_POINT ( 'NONE',  ( -3.875567154789244739, 2.375000000000002220, 1.520000000000000018 ) ) ;
#2138 = VERTEX_POINT ( 'NONE', #512 ) ;
#2139 = VERTEX_POINT ( 'NONE', #1884 ) ;
#2140 = EDGE_CURVE ( 'NONE', #2146, #1380, #708, .T. ) ;
#2141 = VERTEX_POINT ( 'NONE', #1141 ) ;
#2142 = ADVANCED_FACE ( 'NONE', ( #744 ), #1285, .F. ) ;
#2143 = CARTESIAN_POINT ( 'NONE',  ( -5.080000000000000071, 5.963111948670274387E-16, -1.870000000000000107 ) ) ;
#2144 = ORIENTED_EDGE ( 'NONE', *, *, #1865, .F. ) ;
#2145 = EDGE_LOOP ( 'NONE', ( #2215, #1953, #298, #1140 ) ) ;
#2146 = VERTEX_POINT ( 'NONE', #1503 ) ;
#2147 = VERTEX_POINT ( 'NONE', #705 ) ;
#2148 = DIRECTION ( 'NONE',  ( 0.000000000000000000, 0.000000000000000000, 1.000000000000000000 ) ) ;
#2149 = EDGE_CURVE ( 'NONE', #1315, #776, #2397, .T. ) ;
#2150 = VERTEX_POINT ( 'NONE', #2543 ) ;
#2151 = AXIS2_PLACEMENT_3D ( 'NONE', #1071, #1718, #1470 ) ;
#2152 = ORIENTED_EDGE ( 'NONE', *, *, #1218, .T. ) ;
#2153 = CARTESIAN_POINT ( 'NONE',  ( 3.250000000000000444, 2.375000000000000444, 1.869999999999999885 ) ) ;
#2154 = CARTESIAN_POINT ( 'NONE',  ( -3.250000000000000444, 2.625000000000000444, 1.520000000000000018 ) ) ;
#2155 = EDGE_LOOP ( 'NONE', ( #2498, #2283, #261, #606 ) ) ;
#2156 = VERTEX_POINT ( 'NONE', #1093 ) ;
#2157 = DIRECTION ( 'NONE',  ( -0.000000000000000000, -0.000000000000000000, -1.000000000000000000 ) ) ;
#2158 = DIRECTION ( 'NONE',  ( 0.000000000000000000, -0.000000000000000000, -1.000000000000000000 ) ) ;
#2159 = VERTEX_POINT ( 'NONE', #2092 ) ;
#2160 = EDGE_LOOP ( 'NONE', ( #472, #521, #2165, #2064 ) ) ;
#2161 = CARTESIAN_POINT ( 'NONE',  ( 3.633745678312121363, 2.311577815281844028, 0.6700000000000000400 ) ) ;
#2162 = VERTEX_POINT ( 'NONE', #749 ) ;
#2163 = ORIENTED_EDGE ( 'NONE', *, *, #176, .T. ) ;
#2164 = VERTEX_POINT ( 'NONE', #2340 ) ;
#2165 = ORIENTED_EDGE ( 'NONE', *, *, #120, .T. ) ;
#2166 = VERTEX_POINT ( 'NONE', #78 ) ;
#2167 = ORIENTED_EDGE ( 'NONE', *, *, #340, .T. ) ;
#2168 = ORIENTED_EDGE ( 'NONE', *, *, #340, .F. ) ;
#2169 = VERTEX_POINT ( 'NONE', #731 ) ;
#2170 = EDGE_LOOP ( 'NONE', ( #2294, #1406, #1421, #247 ) ) ;
#2171 = ORIENTED_EDGE ( 'NONE', *, *, #676, .T. ) ;
#2172 = DIRECTION ( 'NONE',  ( 1.000000000000000000, 1.864348255189607975E-16, 0.000000000000000000 ) ) ;
#2173 = EDGE_CURVE ( 'NONE', #1337, #1983, #677, .T. ) ;
#2174 = ORIENTED_EDGE ( 'NONE', *, *, #1218, .F. ) ;
#2175 = ORIENTED_EDGE ( 'NONE', *, *, #5, .T. ) ;
#2176 = ORIENTED_EDGE ( 'NONE', *, *, #359, .F. ) ;
#2177 = CARTESIAN_POINT ( 'NONE',  ( 5.080000000000000071, 5.963111948670274387E-16, -0.6700000000000002620 ) ) ;
#2178 = ORIENTED_EDGE ( 'NONE', *, *, #429, .F. ) ;
#2179 = CARTESIAN_POINT ( 'NONE',  ( -3.849875429003992267, 1.487500000000000266, -0.6700000000000002620 ) ) ;
#2180 = EDGE_CURVE ( 'NONE', #378, #1243, #1552, .T. ) ;
#2181 = ORIENTED_EDGE ( 'NONE', *, *, #1619, .F. ) ;
#2182 = ORIENTED_EDGE ( 'NONE', *, *, #587, .T. ) ;
#2183 = DIRECTION ( 'NONE',  ( -1.000000000000000000, -0.000000000000000000, 2.001604010742470255E-16 ) ) ;
#2184 = VERTEX_POINT ( 'NONE', #2037 ) ;
#2185 = DIRECTION ( 'NONE',  ( -0.9672859059084933930, 0.2536887388726299375, 0.000000000000000000 ) ) ;
#2186 = ORIENTED_EDGE ( 'NONE', *, *, #1968, .F. ) ;
#2187 = ORIENTED_EDGE ( 'NONE', *, *, #1354, .F. ) ;
#2188 = EDGE_CURVE ( 'NONE', #2454, #378, #2479, .T. ) ;
#2189 = VERTEX_POINT ( 'NONE', #1095 ) ;
#2190 = CARTESIAN_POINT ( 'NONE',  ( 4.108330554291065972, 1.487500000000000266, -0.6700000000000002620 ) ) ;
#2191 = CARTESIAN_POINT ( 'NONE',  ( 4.498455125287073031, 0.2500000000000007772, -1.870000000000000107 ) ) ;
#2192 = ORIENTED_EDGE ( 'NONE', *, *, #98, .T. ) ;
#2193 = ORIENTED_EDGE ( 'NONE', *, *, #149, .F. ) ;
#2194 = EDGE_CURVE ( 'NONE', #1177, #2087, #2494, .T. ) ;
#2195 = VERTEX_POINT ( 'NONE', #1112 ) ;
#2196 = ORIENTED_EDGE ( 'NONE', *, *, #1343, .F. ) ;
#2197 = DIRECTION ( 'NONE',  ( 0.000000000000000000, -1.000000000000000000, 0.000000000000000000 ) ) ;
#2198 = AXIS2_PLACEMENT_3D ( 'NONE', #2526, #289, #508 ) ;
#2199 = ORIENTED_EDGE ( 'NONE', *, *, #392, .F. ) ;
#2200 = ORIENTED_EDGE ( 'NONE', *, *, #686, .F. ) ;
#2201 = ORIENTED_EDGE ( 'NONE', *, *, #171, .T. ) ;
#2202 = DIRECTION ( 'NONE',  ( 0.000000000000000000, 1.000000000000000000, 0.000000000000000000 ) ) ;
#2203 = CARTESIAN_POINT ( 'NONE',  ( 3.551544874712927236, 2.290019124028289443, -0.6700000000000002620 ) ) ;
#2204 = ORIENTED_EDGE ( 'NONE', *, *, #1774, .F. ) ;
#2205 = CARTESIAN_POINT ( 'NONE',  ( 4.108330554291065972, 1.487500000000000266, 1.870000000000000107 ) ) ;
#2206 = EDGE_LOOP ( 'NONE', ( #1216, #1208, #380, #1333 ) ) ;
#2207 = DIRECTION ( 'NONE',  ( 0.000000000000000000, 0.000000000000000000, 1.000000000000000000 ) ) ;
#2208 = EDGE_LOOP ( 'NONE', ( #2076, #471, #2579, #2187 ) ) ;
#2209 = VERTEX_POINT ( 'NONE', #1224 ) ;
#2210 = EDGE_LOOP ( 'NONE', ( #1222, #1287, #315, #393 ) ) ;
#2211 = VERTEX_POINT ( 'NONE', #707 ) ;
#2212 = DIRECTION ( 'NONE',  ( -1.000000000000000000, 0.000000000000000000, 0.000000000000000000 ) ) ;
#2213 = ORIENTED_EDGE ( 'NONE', *, *, #1715, .T. ) ;
#2214 = MECHANICAL_DESIGN_GEOMETRIC_PRESENTATION_REPRESENTATION (  '', ( #1889 ), #2069 ) ;
#2215 = ORIENTED_EDGE ( 'NONE', *, *, #1499, .T. ) ;
#2216 = EDGE_LOOP ( 'NONE', ( #1290, #430, #2235, #405, #459, #682, #626, #1344, #750, #1296, #2213, #1312 ) ) ;
#2217 = DIRECTION ( 'NONE',  ( 1.000000000000000000, 0.000000000000000000, 0.000000000000000000 ) ) ;
#2218 = CARTESIAN_POINT ( 'NONE',  ( -3.633745678312121363, 2.311577815281844028, 1.869999999999999885 ) ) ;
#2219 = ORIENTED_EDGE ( 'NONE', *, *, #336, .T. ) ;
#2220 = CARTESIAN_POINT ( 'NONE',  ( -3.250000000000000444, 2.375000000000000444, 0.6700000000000000400 ) ) ;
#2221 = ORIENTED_EDGE ( 'NONE', *, *, #1162, .T. ) ;
#2222 = EDGE_CURVE ( 'NONE', #1227, #365, #760, .T. ) ;
#2223 = CARTESIAN_POINT ( 'NONE',  ( 4.416254321687880235, 0.3134221847181571929, 1.869999999999999885 ) ) ;
#2224 = DIRECTION ( 'NONE',  ( -1.000000000000000000, 0.000000000000000000, 0.000000000000000000 ) ) ;
#2225 = VERTEX_POINT ( 'NONE', #1473 ) ;
#2226 = DIRECTION ( 'NONE',  ( -0.000000000000000000, -0.000000000000000000, -1.000000000000000000 ) ) ;
#2227 = ORIENTED_EDGE ( 'NONE', *, *, #1273, .T. ) ;
#2228 = CARTESIAN_POINT ( 'NONE',  ( -3.875567154789244739, 2.375000000000002220, -0.6700000000000002620 ) ) ;
#2229 = ORIENTED_EDGE ( 'NONE', *, *, #2317, .F. ) ;
#2230 = ORIENTED_EDGE ( 'NONE', *, *, #1865, .T. ) ;
#2231 = EDGE_CURVE ( 'NONE', #1438, #2156, #764, .T. ) ;
#2232 = CARTESIAN_POINT ( 'NONE',  ( 4.498455125287073031, 0.3349808759717117779, 1.869999999999999885 ) ) ;
#2233 = ORIENTED_EDGE ( 'NONE', *, *, #1146, .F. ) ;
#2234 = ORIENTED_EDGE ( 'NONE', *, *, #1748, .T. ) ;
#2235 = ORIENTED_EDGE ( 'NONE', *, *, #402, .T. ) ;
#2236 = CLOSED_SHELL ( 'NONE', ( #145, #350, #2503, #932, #1643, #240, #2118, #1957, #2362, #96, #2308, #1672, #557, #738, #1713, #181 ) ) ;
#2237 = DIRECTION ( 'NONE',  ( -0.000000000000000000, -0.000000000000000000, -1.000000000000000000 ) ) ;
#2238 = PLANE ( 'NONE',  #1986 ) ;
#2239 = AXIS2_PLACEMENT_3D ( 'NONE', #202, #90, #273 ) ;
#2240 = ORIENTED_EDGE ( 'NONE', *, *, #2000, .F. ) ;
#2241 = ORIENTED_EDGE ( 'NONE', *, *, #2271, .F. ) ;
#2242 = EDGE_LOOP ( 'NONE', ( #2053, #1276, #368, #1300 ) ) ;
#2243 = VERTEX_POINT ( 'NONE', #1443 ) ;
#2244 = CARTESIAN_POINT ( 'NONE',  ( -2.149999999999999911, 4.349999999999999645, -1.190000000000002389 ) ) ;
#2245 = ORIENTED_EDGE ( 'NONE', *, *, #1594, .T. ) ;
#2246 = CARTESIAN_POINT ( 'NONE',  ( -3.250000000000000444, 2.625000000000000444, -1.520000000000000018 ) ) ;
#2247 = ORIENTED_EDGE ( 'NONE', *, *, #1550, .F. ) ;
#2248 = ORIENTED_EDGE ( 'NONE', *, *, #1744, .T. ) ;
#2249 = CARTESIAN_POINT ( 'NONE',  ( 3.551544874712927236, 2.375000000000000444, -0.6700000000000002620 ) ) ;
#2250 = ORIENTED_EDGE ( 'NONE', *, *, #1838, .F. ) ;
#2251 = CARTESIAN_POINT ( 'NONE',  ( -2.149999999999999911, 4.349999999999999645, -1.190000000000002389 ) ) ;
#2252 = CARTESIAN_POINT ( 'NONE',  ( -3.000540018403254905, 4.399999999999999467, -2.290000000000001368 ) ) ;
#2253 = ORIENTED_EDGE ( 'NONE', *, *, #212, .F. ) ;
#2254 = DIRECTION ( 'NONE',  ( -0.000000000000000000, -0.000000000000000000, -1.000000000000000000 ) ) ;
#2255 = CARTESIAN_POINT ( 'NONE',  ( 3.551544874712927236, 2.290019124028289443, -1.520000000000000018 ) ) ;
#2256 = ORIENTED_EDGE ( 'NONE', *, *, #1543, .T. ) ;
#2257 = DIRECTION ( 'NONE',  ( -0.000000000000000000, -0.000000000000000000, -1.000000000000000000 ) ) ;
#2258 = EDGE_LOOP ( 'NONE', ( #2413, #186, #464, #426 ) ) ;
#2259 = ORIENTED_EDGE ( 'NONE', *, *, #2492, .T. ) ;
#2260 = VERTEX_POINT ( 'NONE', #1637 ) ;
#2261 = ORIENTED_EDGE ( 'NONE', *, *, #1842, .T. ) ;
#2262 = CARTESIAN_POINT ( 'NONE',  ( -3.250000000000000444, 2.375000000000000444, -0.6700000000000002620 ) ) ;
#2263 = AXIS2_PLACEMENT_3D ( 'NONE', #1174, #542, #323 ) ;
#2264 = ORIENTED_EDGE ( 'NONE', *, *, #1476, .F. ) ;
#2265 = ORIENTED_EDGE ( 'NONE', *, *, #2310, .F. ) ;
#2266 = VECTOR ( 'NONE', #1026, 1000.000000000000114 ) ;
#2267 = CARTESIAN_POINT ( 'NONE',  ( 3.849875429003992267, 1.487500000000000266, 1.869999999999999885 ) ) ;
#2268 = ORIENTED_EDGE ( 'NONE', *, *, #1349, .F. ) ;
#2269 = DIRECTION ( 'NONE',  ( 0.000000000000000000, -0.000000000000000000, -1.000000000000000000 ) ) ;
#2270 = ORIENTED_EDGE ( 'NONE', *, *, #1024, .T. ) ;
#2271 = EDGE_CURVE ( 'NONE', #1235, #435, #1614, .T. ) ;
#2272 = ORIENTED_EDGE ( 'NONE', *, *, #56, .F. ) ;
#2273 = CARTESIAN_POINT ( 'NONE',  ( 3.551544874712927236, 2.290019124028289443, -0.6700000000000002620 ) ) ;
#2274 = ORIENTED_EDGE ( 'NONE', *, *, #771, .T. ) ;
#2275 = EDGE_LOOP ( 'NONE', ( #1238, #1569, #1563, #1595 ) ) ;
#2276 = APPLICATION_PROTOCOL_DEFINITION ( 'draft international standard', 'automotive_design', 1998, #1469 ) ;
#2277 = ORIENTED_EDGE ( 'NONE', *, *, #468, .F. ) ;
#2278 = EDGE_CURVE ( 'NONE', #2159, #1988, #1705, .T. ) ;
#2279 = PLANE ( 'NONE',  #2058 ) ;
#2280 = ORIENTED_EDGE ( 'NONE', *, *, #1774, .T. ) ;
#2281 = STYLED_ITEM ( 'NONE', ( #190 ), #1760 ) ;
#2282 = VERTEX_POINT ( 'NONE', #905 ) ;
#2283 = ORIENTED_EDGE ( 'NONE', *, *, #1487, .T. ) ;
#2284 = AXIS2_PLACEMENT_3D ( 'NONE', #1837, #179, #358 ) ;
#2285 = ORIENTED_EDGE ( 'NONE', *, *, #765, .T. ) ;
#2286 = PLANE ( 'NONE',  #1954 ) ;
#2287 = EDGE_LOOP ( 'NONE', ( #1150, #2008, #541, #253 ) ) ;
#2288 = ORIENTED_EDGE ( 'NONE', *, *, #429, .T. ) ;
#2289 = ADVANCED_FACE ( 'NONE', ( #2549 ), #262, .F. ) ;
#2290 = ORIENTED_EDGE ( 'NONE', *, *, #2429, .T. ) ;
#2291 = VERTEX_POINT ( 'NONE', #278 ) ;
#2292 = ORIENTED_EDGE ( 'NONE', *, *, #1543, .F. ) ;
#2293 = CARTESIAN_POINT ( 'NONE',  ( -4.498455125287073031, 5.963111948670274387E-16, 1.869999999999999885 ) ) ;
#2294 = ORIENTED_EDGE ( 'NONE', *, *, #255, .T. ) ;
#2295 = ORIENTED_EDGE ( 'NONE', *, *, #1507, .T. ) ;
#2296 = FACE_OUTER_BOUND ( 'NONE', #2114, .T. ) ;
#2297 = DIRECTION ( 'NONE',  ( 0.000000000000000000, 0.000000000000000000, 1.000000000000000000 ) ) ;
#2298 = DIRECTION ( 'NONE',  ( 0.000000000000000000, 0.000000000000000000, 1.000000000000000000 ) ) ;
#2299 = ORIENTED_EDGE ( 'NONE', *, *, #1000, .T. ) ;
#2300 = EDGE_LOOP ( 'NONE', ( #2253, #2280, #2487, #1126 ) ) ;
#2301 = UNCERTAINTY_MEASURE_WITH_UNIT (LENGTH_MEASURE( 1.000000000000000082E-05 ), #867, 'distance_accuracy_value', 'NONE');
#2302 = LINE ( 'NONE', #846, #601 ) ;
#2303 = EDGE_CURVE ( 'NONE', #1331, #1978, #793, .T. ) ;
#2304 = ORIENTED_EDGE ( 'NONE', *, *, #1456, .T. ) ;
#2305 = CARTESIAN_POINT ( 'NONE',  ( 4.174432845210755971, 0.2499999999999995282, -0.6700000000000002620 ) ) ;
#2306 = MANIFOLD_SOLID_BREP ( 'Cut-Extrude4', #310 ) ;
#2307 = ORIENTED_EDGE ( 'NONE', *, *, #2180, .F. ) ;
#2308 = ADVANCED_FACE ( 'NONE', ( #2515 ), #1668, .F. ) ;
#2309 = DIRECTION ( 'NONE',  ( 0.000000000000000000, 1.000000000000000000, 0.000000000000000000 ) ) ;
#2310 = EDGE_CURVE ( 'NONE', #217, #1455, #2511, .T. ) ;
#2311 = DIRECTION ( 'NONE',  ( -1.000000000000000000, -1.864348255189607729E-16, 0.000000000000000000 ) ) ;
#2312 = ORIENTED_EDGE ( 'NONE', *, *, #2027, .F. ) ;
#2313 = LINE ( 'NONE', #2051, #550 ) ;
#2314 = ORIENTED_EDGE ( 'NONE', *, *, #290, .T. ) ;
#2315 = CARTESIAN_POINT ( 'NONE',  ( -3.250000000000000444, 2.375000000000000444, -1.520000000000000018 ) ) ;
#2316 = ADVANCED_FACE ( 'NONE', ( #829 ), #2523, .T. ) ;
#2317 = EDGE_CURVE ( 'NONE', #357, #1313, #800, .T. ) ;
#2318 = ORIENTED_EDGE ( 'NONE', *, *, #2231, .F. ) ;
#2320 = DIRECTION ( 'NONE',  ( 0.000000000000000000, 0.000000000000000000, -1.000000000000000000 ) ) ;
#2319 =( GEOMETRIC_REPRESENTATION_CONTEXT ( 3 ) GLOBAL_UNCERTAINTY_ASSIGNED_CONTEXT ( ( #1962 ) ) GLOBAL_UNIT_ASSIGNED_CONTEXT ( ( #119, #1080, #540 ) ) REPRESENTATION_CONTEXT ( 'NONE', 'WORKASPACE' ) );
#2321 = CARTESIAN_POINT ( 'NONE',  ( 3.250000000000000444, 2.625000000000000444, 1.869999999999999885 ) ) ;
#2322 = ORIENTED_EDGE ( 'NONE', *, *, #1721, .T. ) ;
#2323 = VERTEX_POINT ( 'NONE', #2267 ) ;
#2324 = LINE ( 'NONE', #388, #598 ) ;
#2325 = DIRECTION ( 'NONE',  ( -0.000000000000000000, -0.000000000000000000, -1.000000000000000000 ) ) ;
#2326 = VECTOR ( 'NONE', #1897, 1000.000000000000000 ) ;
#2327 = CARTESIAN_POINT ( 'NONE',  ( -4.498455125287073031, 0.3349808759717117779, 1.869999999999999885 ) ) ;
#2328 = ORIENTED_EDGE ( 'NONE', *, *, #199, .T. ) ;
#2329 = SURFACE_SIDE_STYLE ('',( #2577 ) ) ;
#2330 = ADVANCED_FACE ( 'NONE', ( #775 ), #1658, .F. ) ;
#2331 = DIRECTION ( 'NONE',  ( 0.2536887388726298820, 0.9672859059084932820, -0.000000000000000000 ) ) ;
#2332 = AXIS2_PLACEMENT_3D ( 'NONE', #2232, #1088, #1650 ) ;
#2333 = CARTESIAN_POINT ( 'NONE',  ( 4.498455125287073031, 5.963111948670274387E-16, -1.870000000000000107 ) ) ;
#2334 = FACE_OUTER_BOUND ( 'NONE', #2452, .T. ) ;
#2335 = DIRECTION ( 'NONE',  ( 0.000000000000000000, 1.000000000000000000, 0.000000000000000000 ) ) ;
#2336 = DIRECTION ( 'NONE',  ( 0.000000000000000000, 1.000000000000000000, 0.000000000000000000 ) ) ;
#2337 = EDGE_CURVE ( 'NONE', #2080, #1260, #1620, .T. ) ;
#2338 = ORIENTED_EDGE ( 'NONE', *, *, #2341, .T. ) ;
#2339 = DIRECTION ( 'NONE',  ( -0.000000000000000000, -0.000000000000000000, -1.000000000000000000 ) ) ;
#2340 = CARTESIAN_POINT ( 'NONE',  ( -2.149999999999999911, 4.399999999999999467, -0.8400000000000024114 ) ) ;
#2341 = EDGE_CURVE ( 'NONE', #2107, #1260, #784, .T. ) ;
#2342 = CARTESIAN_POINT ( 'NONE',  ( -3.875567154789244739, 2.375000000000002220, -0.6700000000000002620 ) ) ;
#2343 = VERTEX_POINT ( 'NONE', #1308 ) ;
#2344 = DIRECTION ( 'NONE',  ( 1.000000000000000000, 0.000000000000000000, 0.000000000000000000 ) ) ;
#2345 = EDGE_CURVE ( 'NONE', #637, #1431, #739, .T. ) ;
#2346 = CARTESIAN_POINT ( 'NONE',  ( 3.551544874712927236, 2.290019124028289443, 0.6700000000000000400 ) ) ;
#2347 =( LENGTH_UNIT ( ) NAMED_UNIT ( * ) SI_UNIT ( .MILLI., .METRE. ) );
#2348 = CARTESIAN_POINT ( 'NONE',  ( 3.000540018403252240, 0.5999999999999996447, -2.290000000000002700 ) ) ;
#2349 = ORIENTED_EDGE ( 'NONE', *, *, #641, .F. ) ;
#2350 = CARTESIAN_POINT ( 'NONE',  ( 3.633745678312121363, 2.311577815281844028, 1.869999999999999885 ) ) ;
#2351 = AXIS2_PLACEMENT_3D ( 'NONE', #1037, #1143, #1170 ) ;
#2352 = EDGE_LOOP ( 'NONE', ( #2373, #1307, #495, #533 ) ) ;
#2353 = CARTESIAN_POINT ( 'NONE',  ( 3.633745678312121363, 2.311577815281844028, 1.869999999999999885 ) ) ;
#2354 = CIRCLE ( 'NONE', #815, 0.3349808759717113338 ) ;
#2355 = AXIS2_PLACEMENT_3D ( 'NONE', #2119, #2410, #355 ) ;
#2356 = ORIENTED_EDGE ( 'NONE', *, *, #1051, .T. ) ;
#2357 = CARTESIAN_POINT ( 'NONE',  ( 3.250000000000000444, 2.375000000000000444, -1.520000000000000018 ) ) ;
#2358 = EDGE_CURVE ( 'NONE', #1380, #1365, #1575, .T. ) ;
#2359 = DIRECTION ( 'NONE',  ( -1.000000000000000000, 0.000000000000000000, 3.787605842744118123E-16 ) ) ;
#2360 = CARTESIAN_POINT ( 'NONE',  ( -4.108330554291065972, 1.487500000000000266, 1.869999999999999885 ) ) ;
#2361 = LINE ( 'NONE', #703, #1457 ) ;
#2362 = ADVANCED_FACE ( 'NONE', ( #1533 ), #1600, .T. ) ;
#2363 = VECTOR ( 'NONE', #1387, 1000.000000000000000 ) ;
#2364 = LINE ( 'NONE', #2305, #2326 ) ;
#2365 = DIRECTION ( 'NONE',  ( 1.000000000000000000, -0.000000000000000000, -0.000000000000000000 ) ) ;
#2366 = AXIS2_PLACEMENT_3D ( 'NONE', #743, #917, #1532 ) ;
#2367 = ORIENTED_EDGE ( 'NONE', *, *, #1416, .T. ) ;
#2368 = AXIS2_PLACEMENT_3D ( 'NONE', #516, #467, #1097 ) ;
#2369 = ORIENTED_EDGE ( 'NONE', *, *, #1929, .F. ) ;
#2370 = ORIENTED_EDGE ( 'NONE', *, *, #1416, .F. ) ;
#2371 = CIRCLE ( 'NONE', #1147, 0.08498087597171108398 ) ;
#2372 = CARTESIAN_POINT ( 'NONE',  ( -3.875567154789244739, 2.375000000000002220, 0.6700000000000000400 ) ) ;
#2373 = ORIENTED_EDGE ( 'NONE', *, *, #1629, .F. ) ;
#2374 = DIRECTION ( 'NONE',  ( -0.2536887388726299375, -0.9672859059084933930, 0.000000000000000000 ) ) ;
#2375 = LINE ( 'NONE', #1706, #642 ) ;
#2376 = VECTOR ( 'NONE', #274, 1000.000000000000114 ) ;
#2377 =( GEOMETRIC_REPRESENTATION_CONTEXT ( 3 ) GLOBAL_UNCERTAINTY_ASSIGNED_CONTEXT ( ( #628 ) ) GLOBAL_UNIT_ASSIGNED_CONTEXT ( ( #1242, #70, #252 ) ) REPRESENTATION_CONTEXT ( 'NONE', 'WORKASPACE' ) );
#2378 = DIRECTION ( 'NONE',  ( -0.000000000000000000, -0.000000000000000000, -1.000000000000000000 ) ) ;
#2379 = CARTESIAN_POINT ( 'NONE',  ( -2.149999999999999911, 3.360050506338832843, -1.190000000000002389 ) ) ;
#2380 = ORIENTED_EDGE ( 'NONE', *, *, #1213, .T. ) ;
#2381 =( NAMED_UNIT ( * ) PLANE_ANGLE_UNIT ( ) SI_UNIT ( $, .RADIAN. ) );
#2382 = LINE ( 'NONE', #1055, #2408 ) ;
#2383 = ADVANCED_FACE ( 'NONE', ( #709 ), #1504, .F. ) ;
#2384 = DIRECTION ( 'NONE',  ( 0.000000000000000000, -0.000000000000000000, 1.000000000000000000 ) ) ;
#2385 = VECTOR ( 'NONE', #1765, 1000.000000000000000 ) ;
#2386 = STYLED_ITEM ( 'NONE', ( #700 ), #103 ) ;
#2387 = CARTESIAN_POINT ( 'NONE',  ( -3.250000000000000444, 2.625000000000000444, 0.6700000000000000400 ) ) ;
#2388 = ORIENTED_EDGE ( 'NONE', *, *, #1113, .F. ) ;
#2389 = CARTESIAN_POINT ( 'NONE',  ( 3.000540018403254017, 4.399999999999999467, 2.290000000000000036 ) ) ;
#2390 = FACE_OUTER_BOUND ( 'NONE', #632, .T. ) ;
#2391 = ORIENTED_EDGE ( 'NONE', *, *, #1192, .T. ) ;
#2392 = CARTESIAN_POINT ( 'NONE',  ( 3.875567154789244739, 2.375000000000002220, -0.6700000000000002620 ) ) ;
#2393 = VECTOR ( 'NONE', #203, 1000.000000000000000 ) ;
#2394 = CIRCLE ( 'NONE', #850, 0.3500000000000000333 ) ;
#2395 = PLANE ( 'NONE',  #1740 ) ;
#2396 = EDGE_CURVE ( 'NONE', #1431, #386, #1526, .T. ) ;
#2397 = LINE ( 'NONE', #904, #702 ) ;
#2398 = AXIS2_PLACEMENT_3D ( 'NONE', #1717, #469, #693 ) ;
#2399 = VECTOR ( 'NONE', #2083, 1000.000000000000000 ) ;
#2400 = FACE_OUTER_BOUND ( 'NONE', #440, .T. ) ;
#2401 = DIRECTION ( 'NONE',  ( -0.000000000000000000, 0.000000000000000000, 1.000000000000000000 ) ) ;
#2402 = CYLINDRICAL_SURFACE ( 'NONE', #1065, 0.08498087597171108398 ) ;
#2403 = AXIS2_PLACEMENT_3D ( 'NONE', #2251, #990, #574 ) ;
#2404 = VECTOR ( 'NONE', #1355, 1000.000000000000000 ) ;
#2405 = PLANE ( 'NONE',  #64 ) ;
#2406 = VECTOR ( 'NONE', #2544, 1000.000000000000000 ) ;
#2407 = COLOUR_RGB ( '',0.8000000000000000444, 0.8196078431372548767, 0.9333333333333333481 ) ;
#2408 = VECTOR ( 'NONE', #71, 1000.000000000000000 ) ;
#2409 = ADVANCED_FACE ( 'NONE', ( #772 ), #2586, .F. ) ;
#2410 = DIRECTION ( 'NONE',  ( -1.864348255189607729E-16, -1.000000000000000000, 0.000000000000000000 ) ) ;
#2411 = FACE_OUTER_BOUND ( 'NONE', #2508, .T. ) ;
#2412 = CYLINDRICAL_SURFACE ( 'NONE', #2010, 0.3349808759717113338 ) ;
#2413 = ORIENTED_EDGE ( 'NONE', *, *, #2516, .T. ) ;
#2414 = LINE ( 'NONE', #2190, #698 ) ;
#2415 = CARTESIAN_POINT ( 'NONE',  ( 4.498455125287073031, 0.3349808759717117779, 0.6700000000000000400 ) ) ;
#2416 = VECTOR ( 'NONE', #2553, 1000.000000000000000 ) ;
#2417 = VECTOR ( 'NONE', #896, 1000.000000000000000 ) ;
#2418 = FACE_OUTER_BOUND ( 'NONE', #192, .T. ) ;
#2419 = LINE ( 'NONE', #986, #1508 ) ;
#2420 = CARTESIAN_POINT ( 'NONE',  ( 4.498455125287073031, 0.2500000000000007772, -0.6700000000000002620 ) ) ;
#2421 = LINE ( 'NONE', #2131, #1542 ) ;
#2422 = CARTESIAN_POINT ( 'NONE',  ( -4.498455125287073031, 0.2500000000000007772, -1.870000000000000107 ) ) ;
#2423 = LINE ( 'NONE', #44, #1555 ) ;
#2424 = EDGE_CURVE ( 'NONE', #2162, #2080, #2495, .T. ) ;
#2425 = CYLINDRICAL_SURFACE ( 'NONE', #1645, 0.3500000000000000333 ) ;
#2426 = CARTESIAN_POINT ( 'NONE',  ( -4.498455125287073031, 5.963111948670274387E-16, 0.6700000000000000400 ) ) ;
#2427 = CARTESIAN_POINT ( 'NONE',  ( 3.250000000000000444, 2.375000000000000444, 1.520000000000000018 ) ) ;
#2428 = CIRCLE ( 'NONE', #611, 0.3500000000000000333 ) ;
#2429 = EDGE_CURVE ( 'NONE', #1320, #410, #1559, .T. ) ;
#2430 = VECTOR ( 'NONE', #142, 1000.000000000000114 ) ;
#2431 = CIRCLE ( 'NONE', #2198, 0.3500000000000000333 ) ;
#2432 = DIRECTION ( 'NONE',  ( -0.9672859059084932820, -0.2536887388726299930, 0.000000000000000000 ) ) ;
#2433 = VERTEX_POINT ( 'NONE', #1129 ) ;
#2434 = EDGE_CURVE ( 'NONE', #457, #1265, #1548, .T. ) ;
#2435 = FACE_OUTER_BOUND ( 'NONE', #2155, .T. ) ;
#2436 = CARTESIAN_POINT ( 'NONE',  ( 3.250000000000000444, 2.375000000000000444, 1.869999999999999885 ) ) ;
#2437 =( NAMED_UNIT ( * ) PLANE_ANGLE_UNIT ( ) SI_UNIT ( $, .RADIAN. ) );
#2438 = AXIS2_PLACEMENT_3D ( 'NONE', #943, #2500, #1145 ) ;
#2439 = VECTOR ( 'NONE', #2032, 1000.000000000000000 ) ;
#2440 = VERTEX_POINT ( 'NONE', #1974 ) ;
#2441 = CIRCLE ( 'NONE', #1377, 0.08498087597171108398 ) ;
#2442 = DIRECTION ( 'NONE',  ( 1.000000000000000000, 0.000000000000000000, -0.000000000000000000 ) ) ;
#2443 = LINE ( 'NONE', #1070, #1618 ) ;
#2444 = DIRECTION ( 'NONE',  ( 0.000000000000000000, -0.000000000000000000, -1.000000000000000000 ) ) ;
#2445 = CARTESIAN_POINT ( 'NONE',  ( 4.416254321687880235, 0.3134221847181571929, -1.870000000000000107 ) ) ;
#2446 = LINE ( 'NONE', #796, #683 ) ;
#2447 = ORIENTED_EDGE ( 'NONE', *, *, #1424, .T. ) ;
#2448 = CARTESIAN_POINT ( 'NONE',  ( -4.498455125287073031, 0.2500000000000007772, -0.6700000000000002620 ) ) ;
#2449 = DIRECTION ( 'NONE',  ( 1.864348255189607729E-16, -1.000000000000000000, 0.000000000000000000 ) ) ;
#2450 = LINE ( 'NONE', #1522, #1604 ) ;
#2451 = DIRECTION ( 'NONE',  ( 1.000000000000000000, 1.864348255189607975E-16, 0.000000000000000000 ) ) ;
#2452 = EDGE_LOOP ( 'NONE', ( #509, #754, #2132, #1245 ) ) ;
#2453 = CARTESIAN_POINT ( 'NONE',  ( -3.633745678312121363, 2.311577815281844028, 0.6700000000000000400 ) ) ;
#2454 = VERTEX_POINT ( 'NONE', #2342 ) ;
#2455 = PLANE ( 'NONE',  #539 ) ;
#2456 = LINE ( 'NONE', #1916, #2462 ) ;
#2457 = PRESENTATION_STYLE_ASSIGNMENT (( #1644 ) ) ;
#2458 = DIRECTION ( 'NONE',  ( -0.000000000000000000, -0.000000000000000000, -1.000000000000000000 ) ) ;
#2459 = FACE_OUTER_BOUND ( 'NONE', #836, .T. ) ;
#2460 = CARTESIAN_POINT ( 'NONE',  ( 3.250000000000000444, 2.625000000000000444, 0.6700000000000000400 ) ) ;
#2461 = ORIENTED_EDGE ( 'NONE', *, *, #1811, .F. ) ;
#2462 = VECTOR ( 'NONE', #1251, 999.9999999999998863 ) ;
#2463 = AXIS2_PLACEMENT_3D ( 'NONE', #612, #1345, #2148 ) ;
#2464 = VECTOR ( 'NONE', #1729, 1000.000000000000000 ) ;
#2465 = DIRECTION ( 'NONE',  ( 0.000000000000000000, -0.000000000000000000, -1.000000000000000000 ) ) ;
#2466 = ORIENTED_EDGE ( 'NONE', *, *, #561, .T. ) ;
#2467 = CARTESIAN_POINT ( 'NONE',  ( 3.250000000000000444, 2.625000000000000444, -0.6700000000000002620 ) ) ;
#2468 = LINE ( 'NONE', #1434, #1545 ) ;
#2469 = ADVANCED_FACE ( 'NONE', ( #663 ), #607, .T. ) ;
#2470 = ORIENTED_EDGE ( 'NONE', *, *, #771, .F. ) ;
#2471 = CIRCLE ( 'NONE', #1996, 0.08498087597171108398 ) ;
#2472 = CARTESIAN_POINT ( 'NONE',  ( -4.174432845210755971, 0.2499999999999995282, 1.869999999999999885 ) ) ;
#2473 = LINE ( 'NONE', #422, #716 ) ;
#2474 = EDGE_CURVE ( 'NONE', #1685, #410, #2450, .T. ) ;
#2475 = ORIENTED_EDGE ( 'NONE', *, *, #396, .T. ) ;
#2476 = CARTESIAN_POINT ( 'NONE',  ( 3.249999999999999556, 0.5999999999999996447, 2.040540018403254496 ) ) ;
#2477 = CARTESIAN_POINT ( 'NONE',  ( 4.498455125287073031, 5.963111948670274387E-16, 1.869999999999999885 ) ) ;
#2478 = ORIENTED_EDGE ( 'NONE', *, *, #1119, .T. ) ;
#2479 = LINE ( 'NONE', #487, #1603 ) ;
#2480 = SURFACE_SIDE_STYLE ('',( #1582 ) ) ;
#2481 = DIRECTION ( 'NONE',  ( 0.9672859059084932820, -0.2536887388726299930, 0.000000000000000000 ) ) ;
#2482 = LINE ( 'NONE', #1054, #2509 ) ;
#2483 = DIRECTION ( 'NONE',  ( -0.2536887388726299375, -0.9672859059084933930, 0.000000000000000000 ) ) ;
#2484 = VERTEX_POINT ( 'NONE', #304 ) ;
#2485 = EDGE_CURVE ( 'NONE', #1274, #362, #680, .T. ) ;
#2486 = CARTESIAN_POINT ( 'NONE',  ( 3.551544874712927236, 2.625000000000000444, 0.6700000000000000400 ) ) ;
#2487 = ORIENTED_EDGE ( 'NONE', *, *, #2005, .T. ) ;
#2488 = VECTOR ( 'NONE', #14, 1000.000000000000000 ) ;
#2489 = VECTOR ( 'NONE', #751, 1000.000000000000000 ) ;
#2490 = DIRECTION ( 'NONE',  ( 0.000000000000000000, 0.000000000000000000, 1.000000000000000000 ) ) ;
#2491 = VECTOR ( 'NONE', #239, 1000.000000000000000 ) ;
#2492 = EDGE_CURVE ( 'NONE', #2125, #1888, #1624, .T. ) ;
#2493 = ORIENTED_EDGE ( 'NONE', *, *, #1725, .F. ) ;
#2494 = LINE ( 'NONE', #2024, #1557 ) ;
#2495 = LINE ( 'NONE', #2575, #1615 ) ;
#2496 = DIRECTION ( 'NONE',  ( 0.000000000000000000, -1.000000000000000000, -0.000000000000000000 ) ) ;
#2497 = VECTOR ( 'NONE', #1699, 1000.000000000000000 ) ;
#2498 = ORIENTED_EDGE ( 'NONE', *, *, #2149, .F. ) ;
#2499 = LINE ( 'NONE', #2007, #1525 ) ;
#2500 = DIRECTION ( 'NONE',  ( -0.000000000000000000, -0.000000000000000000, -1.000000000000000000 ) ) ;
#2501 = DIRECTION ( 'NONE',  ( -1.000000000000000000, 0.000000000000000000, 0.000000000000000000 ) ) ;
#2502 = CARTESIAN_POINT ( 'NONE',  ( -3.849875429003992267, 1.487500000000000266, -1.520000000000000018 ) ) ;
#2503 = ADVANCED_FACE ( 'NONE', ( #2435 ), #2412, .T. ) ;
#2504 = ORIENTED_EDGE ( 'NONE', *, *, #593, .F. ) ;
#2505 = LINE ( 'NONE', #133, #1700 ) ;
#2506 = PRODUCT_CONTEXT ( 'NONE', #1469, 'mechanical' ) ;
#2507 = DIRECTION ( 'NONE',  ( 0.000000000000000000, -0.000000000000000000, -1.000000000000000000 ) ) ;
#2508 = EDGE_LOOP ( 'NONE', ( #1374, #603, #277, #1565 ) ) ;
#2509 = VECTOR ( 'NONE', #54, 1000.000000000000000 ) ;
#2510 = AXIS2_PLACEMENT_3D ( 'NONE', #2203, #2401, #819 ) ;
#2511 = CIRCLE ( 'NONE', #1682, 0.08498087597171108398 ) ;
#2512 = ORIENTED_EDGE ( 'NONE', *, *, #2173, .T. ) ;
#2513 = DIRECTION ( 'NONE',  ( -0.2536887388726299930, 0.9672859059084932820, 0.000000000000000000 ) ) ;
#2514 = DIRECTION ( 'NONE',  ( 0.000000000000000000, 0.000000000000000000, 1.000000000000000000 ) ) ;
#2515 = FACE_OUTER_BOUND ( 'NONE', #1998, .T. ) ;
#2516 = EDGE_CURVE ( 'NONE', #1583, #724, #695, .T. ) ;
#2517 = ADVANCED_FACE ( 'NONE', ( #767 ), #1958, .F. ) ;
#2518 = ORIENTED_EDGE ( 'NONE', *, *, #1975, .F. ) ;
#2519 = EDGE_CURVE ( 'NONE', #1075, #538, #2421, .T. ) ;
#2520 = PLANE ( 'NONE',  #983 ) ;
#2521 = FACE_OUTER_BOUND ( 'NONE', #1031, .T. ) ;
#2522 = CARTESIAN_POINT ( 'NONE',  ( 4.498455125287073031, 5.963111948670274387E-16, -0.6700000000000002620 ) ) ;
#2523 = CYLINDRICAL_SURFACE ( 'NONE', #1903, 0.3349808759717113338 ) ;
#2524 = VERTEX_POINT ( 'NONE', #591 ) ;
#2525 = AXIS2_PLACEMENT_3D ( 'NONE', #874, #1001, #848 ) ;
#2526 = CARTESIAN_POINT ( 'NONE',  ( -2.149999999999999911, 4.399999999999999467, -1.190000000000002389 ) ) ;
#2527 = DIRECTION ( 'NONE',  ( -1.000000000000000000, 0.000000000000000000, 0.000000000000000000 ) ) ;
#2528 = AXIS2_PLACEMENT_3D ( 'NONE', #888, #871, #1042 ) ;
#2529 = DIRECTION ( 'NONE',  ( 1.000000000000000000, 0.000000000000000000, 0.000000000000000000 ) ) ;
#2530 = VECTOR ( 'NONE', #1073, 1000.000000000000000 ) ;
#2531 = ORIENTED_EDGE ( 'NONE', *, *, #834, .F. ) ;
#2532 = DIRECTION ( 'NONE',  ( -1.000000000000000000, 0.000000000000000000, 0.000000000000000000 ) ) ;
#2533 = CARTESIAN_POINT ( 'NONE',  ( -5.080000000000000071, 1.487500000000000266, -1.870000000000000107 ) ) ;
#2534 = LINE ( 'NONE', #1203, #786 ) ;
#2535 = ORIENTED_EDGE ( 'NONE', *, *, #2573, .F. ) ;
#2536 = CARTESIAN_POINT ( 'NONE',  ( -2.149999999999999911, 4.349999999999999645, -0.8400000000000024114 ) ) ;
#2537 = CARTESIAN_POINT ( 'NONE',  ( 5.080000000000000071, 5.963111948670274387E-16, 0.6700000000000000400 ) ) ;
#2538 = CARTESIAN_POINT ( 'NONE',  ( 4.498455125287073031, 0.3349808759717117779, 0.6700000000000000400 ) ) ;
#2539 = ORIENTED_EDGE ( 'NONE', *, *, #1499, .F. ) ;
#2540 = VECTOR ( 'NONE', #264, 1000.000000000000000 ) ;
#2541 = AXIS2_PLACEMENT_3D ( 'NONE', #1047, #1225, #2025 ) ;
#2542 = ORIENTED_EDGE ( 'NONE', *, *, #2278, .F. ) ;
#2543 = CARTESIAN_POINT ( 'NONE',  ( 5.080000000000000071, 5.963111948670274387E-16, -0.6700000000000002620 ) ) ;
#2544 = DIRECTION ( 'NONE',  ( 1.000000000000000000, 0.000000000000000000, 0.000000000000000000 ) ) ;
#2545 = ORIENTED_EDGE ( 'NONE', *, *, #1754, .F. ) ;
#2546 = CARTESIAN_POINT ( 'NONE',  ( -4.416254321687880235, 0.3134221847181571929, 1.869999999999999885 ) ) ;
#2547 = FACE_OUTER_BOUND ( 'NONE', #2002, .T. ) ;
#2548 = FACE_OUTER_BOUND ( 'NONE', #1369, .T. ) ;
#2549 = FACE_OUTER_BOUND ( 'NONE', #1309, .T. ) ;
#2550 = EDGE_CURVE ( 'NONE', #458, #2159, #2443, .T. ) ;
#2551 = ORIENTED_EDGE ( 'NONE', *, *, #369, .F. ) ;
#2552 = VECTOR ( 'NONE', #73, 1000.000000000000000 ) ;
#2553 = DIRECTION ( 'NONE',  ( -0.1378445374916288935, -0.9808148484639890308, 0.1378445374916289490 ) ) ;
#2554 = ORIENTED_EDGE ( 'NONE', *, *, #2027, .T. ) ;
#2555 = AXIS2_PLACEMENT_3D ( 'NONE', #2054, #1732, #2311 ) ;
#2556 = LINE ( 'NONE', #81, #2572 ) ;
#2557 = ORIENTED_EDGE ( 'NONE', *, *, #2005, .F. ) ;
#2558 = LINE ( 'NONE', #2079, #18 ) ;
#2559 = DIRECTION ( 'NONE',  ( -0.000000000000000000, 0.000000000000000000, -1.000000000000000000 ) ) ;
#2560 = FACE_OUTER_BOUND ( 'NONE', #1329, .T. ) ;
#2561 = ORIENTED_EDGE ( 'NONE', *, *, #668, .T. ) ;
#2562 = FILL_AREA_STYLE ('',( #1254 ) ) ;
#2563 = VECTOR ( 'NONE', #781, 1000.000000000000000 ) ;
#2564 = DIRECTION ( 'NONE',  ( 0.000000000000000000, -0.9902680687415702510, -0.1391731009600657432 ) ) ;
#2565 = PRESENTATION_LAYER_ASSIGNMENT (  '', '', ( #1207 ) ) ;
#2566 = CARTESIAN_POINT ( 'NONE',  ( 3.849875429003992267, 1.487500000000000266, -1.520000000000000018 ) ) ;
#2567 = CARTESIAN_POINT ( 'NONE',  ( -2.149999999999999911, 4.349999999999999645, -1.190000000000002389 ) ) ;
#2568 = EDGE_CURVE ( 'NONE', #2056, #2146, #727, .T. ) ;
#2569 = LINE ( 'NONE', #1490, #1720 ) ;
#2570 = LINE ( 'NONE', #608, #1709 ) ;
#2571 = CARTESIAN_POINT ( 'NONE',  ( -5.080000000000000071, 1.487500000000000266, -1.520000000000000018 ) ) ;
#2572 = VECTOR ( 'NONE', #1131, 1000.000000000000000 ) ;
#2573 = EDGE_CURVE ( 'NONE', #345, #525, #2482, .T. ) ;
#2574 = ADVANCED_FACE ( 'NONE', ( #704 ), #650, .T. ) ;
#2575 = CARTESIAN_POINT ( 'NONE',  ( -3.633745678312121363, 2.311577815281844028, -0.6700000000000002620 ) ) ;
#2576 = CARTESIAN_POINT ( 'NONE',  ( -3.250000000000000444, 2.625000000000000444, -0.6700000000000002620 ) ) ;
#2577 = SURFACE_STYLE_FILL_AREA ( #2562 ) ;
#2578 = EDGE_CURVE ( 'NONE', #1560, #354, #2473, .T. ) ;
#2579 = ORIENTED_EDGE ( 'NONE', *, *, #927, .T. ) ;
#2580 = AXIS2_PLACEMENT_3D ( 'NONE', #2353, #158, #579 ) ;
#2581 = ADVANCED_BREP_SHAPE_REPRESENTATION ( 'VO618A-3X017T', ( #103, #1760, #1048, #300, #2306, #1330, #635 ), #1013 ) ;
#2582 = CYLINDRICAL_SURFACE ( 'NONE', #1226, 0.08498087597171108398 ) ;
#2583 = CARTESIAN_POINT ( 'NONE',  ( -3.551544874712927236, 2.375000000000000444, -1.520000000000000018 ) ) ;
#2584 = DIRECTION ( 'NONE',  ( -1.000000000000000000, 0.000000000000000000, 0.000000000000000000 ) ) ;
#2585 = CIRCLE ( 'NONE', #2438, 0.3349808759717113338 ) ;
#2586 = PLANE ( 'NONE',  #1263 ) ;
#2587 = CARTESIAN_POINT ( 'NONE',  ( -4.416254321687880235, 0.3134221847181571929, -0.6700000000000002620 ) ) ;
#2588 = LINE ( 'NONE', #1714, #2540 ) ;
#2589 = PRESENTATION_LAYER_ASSIGNMENT (  '', '', ( #2386 ) ) ;
ENDSEC;
END-ISO-10303-21;
